time,bus,P_sub_kW,Q_sub_kVar
0,129,45.71919832671156,18.102891676646195
1,129,43.24607322927321,17.1242907393764
2,129,39.3796194008722,15.600718648030815
3,129,33.23601016051114,13.169174410097053
4,129,30.346897625733504,12.031897864172906
5,129,29.088205905683395,11.503338660501107
6,129,30.388186678095508,12.05513889744059
7,129,33.00288498495263,13.095423490030695
8,129,38.45725290432611,15.255751880202697
9,129,40.605633323153256,17.140092092082824
10,129,17.678204436453626,16.575044863783315
11,129,0.0,15.427895680561686
12,129,0.0,15.320579188431594
13,129,0.0,15.178811507467262
14,129,0.580970412414672,17.747813087975924
15,129,43.38762469642532,22.024259884277388
16,129,69.05121787800184,27.442741007842837
17,129,86.71332910400764,34.31072484620304
18,129,85.99934258244346,34.028527106709845
19,129,79.20651071769669,31.34263419002602
20,129,71.03303995104682,28.11348375950238
21,129,60.726738523925405,24.035545346911594
22,129,53.35740637345765,21.117187229241317
23,129,43.896539460881456,17.37682792286185
24,129,39.8859535642444,15.791725588581697
25,129,35.6747208697854,14.126155412847258
26,129,31.88755911569885,12.632826206446412
27,129,30.213475242277354,11.9723304872098
28,129,29.691310402931492,11.764797617787696
29,129,31.419476101302024,12.452389198254439
30,129,35.92025820273648,14.23466236527015
31,129,70.20027251932248,27.767044857500796
32,129,83.66319546446377,33.09256082313797
33,129,89.29699771730881,35.76845457237693
34,129,63.64068312835869,30.01276291164161
35,129,36.34108832599736,24.409557749842158
36,129,31.783758029909848,24.998239004396805
37,129,37.05904238330149,26.355892583628727
38,129,54.46451909216066,28.720816360713446
39,129,82.56629074877608,34.153959449349514
40,129,112.28481233594323,44.42205490315418
41,129,151.6820002271615,59.97227756339615
42,129,140.54989404771234,55.571446791412875
43,129,131.10362916260598,51.835750659532295
44,129,119.9529454280821,47.4320215559605
45,129,69.44912120523838,27.504709956846245
46,129,60.714325656324064,24.044404748929065
47,129,52.2136312674526,20.678968570854682
48,129,44.59740331110851,17.66765426999201
49,129,38.02345426735343,15.06482512710593
50,129,32.64860674462611,12.943938727512611
51,129,29.508815421920076,11.693791188283228
52,129,29.143795374302783,11.549494074826207
53,129,29.372905762080848,11.643466533843236
54,129,32.35924571016113,12.829464938867458
55,129,38.47795719002889,15.25004836345999
56,129,46.71917307752338,18.511789969633586
57,129,47.67713866252876,20.361081513128266
58,129,16.64375665095008,18.96492849024965
59,129,0.0,16.813632597792424
60,129,0.0,17.455923887991915
61,129,0.0,17.745421024507454
62,129,0.0,20.120237441227122
63,129,46.42825190718014,25.051513198466843
64,129,76.52047842435294,30.52338190623503
65,129,99.76617908902341,39.49352644716685
66,129,96.0228175881106,38.017508576640175
67,129,86.37722582781748,34.21338637583053
68,129,78.09271354966185,30.93799665621015
69,129,69.56068136183191,27.557843104571358
70,129,61.1548629328027,24.226421853735477
71,129,54.19506299222121,21.464251162520277
72,129,45.33704891741763,17.95297760694792
73,129,38.462318302297405,15.230138970195025
74,129,35.25130529277121,13.959887676601573
75,129,33.10888269158596,13.11199114126232
76,129,31.4533821277152,12.455388112107995
77,129,31.236369487750437,12.370748798873846
78,129,33.170975525241175,13.137641876713436
79,129,37.65533601809423,14.91918801312434
80,129,47.67803605470888,18.881556454721455
81,129,49.52696225611675,21.254177365106727
82,129,26.785810862669734,20.78228232987036
83,129,1.5978054464156344,19.84318452877229
84,129,0.0,18.604415709172013
85,129,0.0,18.435916932606837
86,129,10.042312645008877,18.719286374576022
87,129,43.02893085758441,21.99847333799982
88,129,75.3197906509655,30.12701317205357
89,129,98.19790908644066,38.870367136852394
90,129,95.93560245949462,37.97509803492427
91,129,90.10324097483746,35.66539379116963
92,129,82.70784697602451,32.739204333369784
93,129,71.82260846371946,28.430088516684954
94,129,63.50156799311435,25.135646595931586
95,129,50.03626377428105,19.81488056303471
96,129,39.13603937276022,15.509126568964776
97,129,33.53816119559028,13.292088356218478
98,129,31.60766163151507,12.527924169924907
99,129,31.776804756134425,12.593622750535388
100,129,32.32036290121343,12.811875816425784
101,129,36.012126435604586,14.276696152917271
102,129,41.89430021371976,16.6026840176807
103,129,78.55970969837145,31.072136626623415
104,129,88.72437862990523,35.09188554819685
105,129,91.39765269754108,36.88842996615372
106,129,65.64623057478158,32.0532999751361
107,129,35.26142400134091,25.945376651171284
108,129,28.03378861386463,25.235136693921135
109,129,30.04622225267184,24.814933843027163
110,129,40.18003479118093,25.305379825588215
111,129,74.31600659625559,32.30878664656275
112,129,110.16219157034612,43.606299686255376
113,129,151.92372892053285,60.06825992738361
114,129,140.95509564243613,55.73297465538455
115,129,131.8415264965509,52.13090555367965
116,129,119.22185991739909,47.14311710532474
117,129,68.32251477108997,27.054847377264764
118,129,60.08376070239052,23.794036499351204
119,129,48.987382881836794,19.407283613513307
120,129,40.22821370930885,15.937340856471208
121,129,35.26128985948063,13.968479809460463
122,129,33.64810780209382,13.330863016735028
123,129,33.00802161259497,13.07789943815782
124,129,33.64301813495629,13.327714682644462
125,129,35.59154012727106,14.101296432817541
126,129,42.152650111550116,16.70367048965842
127,129,79.19435822985221,31.323013682197782
128,129,86.20518784766773,34.146840247898794
129,129,76.06191308131116,31.346576155739577
130,129,52.41290707008517,27.626209983440198
131,129,28.992762075809253,25.18428608770432
132,129,23.532867034443683,26.188263318978265
133,129,23.027924608260975,25.101766876875775
134,129,37.15667475223228,25.523544422358693
135,129,73.95167415945636,32.90221087369669
136,129,119.83841676032725,47.48081036061088
137,129,161.54932710828973,63.87767950210263
138,129,150.99659703613355,59.705772336156485
139,129,142.49424614899908,56.34533924441976
140,129,131.36203776889488,51.94552099955038
141,129,76.73635897137387,30.397263649559108
142,129,67.85901730963317,26.88762593659353
143,129,57.27966882473012,22.69373277445573
144,129,47.42028126589304,18.78435981867416
145,129,40.369800861537186,15.989747998655716
146,129,37.151095965882064,14.715353060827534
147,129,35.58921552512828,14.09920045508659
148,129,34.302619454223304,13.589571713606166
149,129,35.09469760753703,13.901531999968764
150,129,40.481224641222724,16.03732136430877
151,129,76.54087135458099,30.269631768419348
152,129,87.88552082001289,34.782112887068436
153,129,85.07045231659305,34.511759300660756
154,129,58.76085279285803,30.22936630310036
155,129,33.950530255033584,26.09826476522411
156,129,28.808075804857225,26.43031930097341
157,129,28.99122852634406,24.982630374943103
158,129,42.926897632384,25.653332521532423
159,129,74.9958918243614,32.104060389606225
160,129,117.3113943405788,46.47061126265994
161,129,157.6032576704378,62.31105575941169
162,129,147.81051082111674,58.43958304780332
163,129,136.42268445411787,53.9365019262301
164,129,123.25292905282126,48.73037980829522
165,129,73.81242820439837,29.209612356608165
166,129,66.04461626765001,26.14073120872703
167,129,54.51129165629354,21.582355513645346
168,129,43.86486098558251,17.365431965125012
169,129,37.293678640210715,14.766025099801015
170,129,32.69583985422386,12.95111665035776
171,129,31.206859493799755,12.361476523328543
172,129,29.919897164877085,11.850573155571844
173,129,31.788548262973393,12.591423810255378
174,129,38.48331272444483,15.250074791353253
175,129,71.79711409090928,28.396144988824464
176,129,82.21335914339178,32.5507716692917
177,129,74.4276789885987,30.267536165146353
178,129,46.88593812666397,24.646736552340748
179,129,17.614662101131273,20.355336130487622
180,129,10.494429331863842,20.230912870257168
181,129,16.049418842008834,21.292384032687373
182,129,32.468319783021116,22.85949706724624
183,129,63.36498291592463,28.81701927672376
184,129,101.0696753592022,40.077986366948856
185,129,141.7318441977784,56.04898441667494
186,129,137.8940426587434,54.53100419825896
187,129,124.63889440061493,49.28993082891441
188,129,117.59011335700009,46.50281492011928
189,129,68.36808747419099,27.0867093356567
190,129,59.679108449216756,23.647996344102076
191,129,47.929305201890315,18.991434633570307
192,129,40.04553740828953,15.866279564844023
193,129,35.79143072172997,14.180297026814618
194,129,33.40936054601684,13.241114922713612
195,129,31.31256242337699,12.420460952327357
196,129,30.454780183440278,12.079153032397787
197,129,32.9235546134683,13.054875175205478
198,129,40.72880979339644,16.147782489423424
199,129,79.5908128126861,31.483073157343146
200,129,93.84801084140904,37.124785570162075
201,129,90.31362493641026,36.43795788285161
202,129,64.25986642297943,31.082409287099722
203,129,43.08994748942396,28.21896943987643
204,129,37.58938885149732,28.56924429657569
205,129,41.56997801699802,29.41751250274912
206,129,54.67221134270517,29.99659325215498
207,129,82.44961979815457,34.84994000004478
208,129,109.75984627484792,43.43770541124458
209,129,138.5961632617594,54.809507422106165
210,129,128.7694219837725,50.92568613494539
211,129,118.21635627581273,46.756028600032764
212,129,107.76196029317475,42.62401034184107
213,129,65.75739264285474,26.062780424509675
214,129,57.841042483172345,22.931655939600336
215,129,49.18887367614033,19.507517905057213
216,129,42.71129961858833,16.951940218264898
217,129,36.581965995729604,14.52599216083145
218,129,32.416738065876416,12.878649796101188
219,129,29.475115809056263,11.713731205271559
220,129,29.599185550207352,11.76046434782429
221,129,30.371093399999438,12.062128902289322
222,129,34.02146386379101,13.51752094099944
223,129,39.50254632790973,15.681544125009758
224,129,49.77137503307105,19.743502365069588
225,129,54.067249870325185,23.425667323621248
226,129,20.808063768381402,23.11573895865493
227,129,0.0,22.822415396167827
228,129,0.0,23.574171070447438
229,129,0.0,24.261142937467547
230,129,3.452024477951454,25.10994491943263
231,129,44.661694640826255,26.680242208002582
232,129,78.31085200545473,31.70216330743776
233,129,97.13357391056832,38.46126222240589
234,129,93.4806202044598,37.01867669040952
235,129,83.02940110674228,32.888035671331004
236,129,72.68336915143792,28.803615386676604
237,129,65.35546790070512,25.90630859883865
238,129,58.68887004402268,23.27030212360411
239,129,52.49816062528012,20.815546155707896
240,129,44.103961322861096,17.479487730089872
241,129,37.84031859685655,14.99126089234622
242,129,34.433877161148985,13.649520783642288
243,129,33.45878721516016,13.263002179523385
244,129,31.582771607922666,12.516956697102625
245,129,31.311064504048858,12.418753500815415
246,129,33.13278697345012,13.144519097306182
247,129,39.34467271329467,15.61912977868776
248,129,47.58818803658116,18.885234585527773
249,129,50.1733545596359,22.41400432139027
250,129,22.23460108591624,22.155885923347455
251,129,0.0,21.471022087881416
252,129,0.0,21.667237635269355
253,129,0.0,21.390156890670156
254,129,6.270232294792066,21.117681121601464
255,129,42.18551357163847,23.560820165212526
256,129,73.58466631894345,29.588174343208337
257,129,95.62449142132934,37.89800774900024
258,129,95.75572090933804,37.94876888783004
259,129,91.03098839812773,36.08039262064196
260,129,82.46912466255907,32.68842274370891
261,129,73.95109391214305,29.309164993197466
262,129,63.74823688802067,25.28247966415154
263,129,51.73969516590304,20.525997263713304
264,129,42.007678065470344,16.67732385028675
265,129,36.309392669341634,14.419427282760473
266,129,33.29765537337792,13.223353894560741
267,129,33.80759516088716,13.430651824410845
268,129,33.53805585505043,13.32411720096218
269,129,36.71444936050605,14.574930343349456
270,129,44.82321643410003,17.783181557279693
271,129,89.66517406648933,35.47036694699561
272,129,95.91827583810186,37.94416427414781
273,129,92.31323421951032,37.85442255448586
274,129,63.269674340972415,32.7464638998741
275,129,29.514183034162755,25.751041794718986
276,129,22.419069087256105,25.24018732644453
277,129,22.188084797850394,23.868961380551163
278,129,34.297266665017645,24.828793885535333
279,129,68.05312623143678,31.114233454230707
280,129,115.60889996382073,45.975588768441
281,129,154.06346496017065,60.91764204185942
282,129,153.63111751825187,60.74910793971458
283,129,141.7469420333255,56.0533627628068
284,129,131.47940126200197,51.99652060208587
285,129,76.01810108144491,30.11576681190571
286,129,67.87398124574295,26.890056034994746
287,129,55.214404969653685,21.886642322773437
288,129,44.45991308364583,17.62928972517832
289,129,38.6071898424909,15.309248297544322
290,129,35.341725346025754,14.018646139161886
291,129,35.31980732048723,14.01226624409556
292,129,34.776577426342214,13.79522083266344
293,129,36.85472102565157,14.622304219904281
294,129,42.9545048961657,17.0422988565649
295,129,82.53332772589772,32.65047681916592
296,129,86.67273538511111,34.345108225971714
297,129,67.07200946158665,28.49754928073682
298,129,36.34579399027871,22.768341580095022
299,129,4.628997539974478,17.521867095831603
300,129,0.0,15.836331558382536
301,129,0.0,14.753358471027735
302,129,11.504655588574053,17.25441154769288
303,129,46.14901838803931,23.27291830585475
304,129,96.68689751375936,38.55800158914639
305,129,149.69796031597937,59.20254451085256
306,129,146.53908989876285,57.950663818848575
307,129,141.49347405428614,55.956490363607315
308,129,130.37326409897076,51.55909358458119
309,129,78.52843631894402,31.10665770782045
310,129,68.95694630426163,27.32942649585768
311,129,56.675125188839104,22.468434075116576
312,129,45.800760887157566,18.161450777767648
313,129,42.0939183166027,16.692972225571634
314,129,39.84255006468018,15.798560077941893
315,129,38.31158658764977,15.190058384182066
316,129,36.85142098016314,14.616412031121998
317,129,39.682539682539684,15.733071873527509
318,129,48.471675257246716,19.2136592154688
319,129,91.3108037673851,36.115043831954395
320,129,99.90007148675417,39.5315783298493
321,129,89.628751092377,36.87834667995042
322,129,55.73018977560551,30.420375007225235
323,129,25.389598673946523,24.583878646937098
324,129,16.84794770583764,23.758661117602298
325,129,18.721446749886184,22.988314102858983
326,129,35.69526731850914,24.679325339638027
327,129,64.98453300519813,29.496005987355264
328,129,109.14884182102469,43.39835254124913
329,129,154.33406858961263,61.02597845868901
330,129,152.55137969818477,60.3225380056549
331,129,140.3514463514277,55.4973768299086
332,129,123.65293329695959,48.89873635749499
333,129,70.37328892475614,27.873342907553834
334,129,64.05657988604219,25.38252649290846
335,129,52.604904631028404,20.858829330528927
336,129,42.92034441067827,17.024313487782273
337,129,37.30240951249186,14.802823852863508
338,129,35.02908666310489,13.90434093079013
339,129,34.35884860270377,13.635980847811172
340,129,33.91446747213678,13.4534202283458
341,129,36.82801315963857,14.610692310617239
342,129,43.33802193617586,17.192829137668017
343,129,86.02633619264566,34.027731419824775
344,129,93.88816894160357,37.20836935602861
345,129,83.03255596096193,34.216192261784315
346,129,50.544362729642245,27.580255591076646
347,129,17.98424546352706,22.502674730812377
348,129,8.554520725986947,21.636708727428502
349,129,9.906432272337895,21.056542242306037
350,129,28.869586906164812,23.45451045897255
351,129,61.66553399580721,29.65705286334435
352,129,104.4970285079252,41.804374383813
353,129,149.28140064068884,59.04361258405461
354,129,141.86974418497655,56.1085296172038
355,129,134.58743313005073,53.22680840627643
356,129,128.00351921235276,50.62700977070515
357,129,76.12114789064961,30.162085451892764
358,129,67.17153444548885,26.620299148681678
359,129,55.12305536630535,21.848126545154972
360,129,45.62419474039814,18.08476169221112
361,129,39.14497412701223,15.520594481174516
362,129,36.518478415704436,14.48373221723116
363,129,35.12793678841675,13.941048035636674
364,129,35.959235494527064,14.26614449088482
365,129,35.49978289273881,14.088001286836326
366,129,41.50315554733197,16.46190773502492
367,129,82.4531372557189,32.62022008408876
368,129,95.04049345895638,37.6100750319087
369,129,88.2679151558321,36.227091089939286
370,129,57.524815636877946,29.867240056122046
371,129,36.88894228768547,27.847982817810347
372,129,31.151382785228776,28.349350434812777
373,129,34.0906593514525,28.763050485394743
374,129,51.07879900469925,30.707938571291287
375,129,79.0124009219717,35.00837224089129
376,129,113.3135306512294,45.179213411368586
377,129,157.09571050606286,62.135091757283476
378,129,153.96260955926522,60.896845424563615
379,129,147.416426310091,58.31400854262918
380,129,138.12708852732314,54.637994817186645
381,129,80.78661724205816,32.017740412508445
382,129,72.06733190200154,28.579654006574756
383,129,60.41627257093651,23.975981973895248
384,129,50.057442794969376,19.88416774880552
385,129,43.40291813516117,17.242608108718823
386,129,39.39718225650424,15.657165518846494
387,129,37.05737736191139,14.735822643701656
388,129,36.381559666669006,14.470990634898378
389,129,37.05804286809666,14.72459490019919
390,129,39.77632996784308,15.808119928491605
391,129,48.14583437773834,19.11713962626505
392,129,60.80360723013456,24.150828182862828
393,129,58.834040061988446,26.62738148666745
394,129,21.403257340612214,26.762045307318488
395,129,0.0,26.18406227738234
396,129,0.0,24.85853022725354
397,129,0.0,23.36705031785967
398,129,0.0,24.15447181476782
399,129,33.10483780374085,26.145403857263855
400,129,74.86775413885738,31.55698608514644
401,129,100.0916899752049,39.65116655730894
402,129,94.74756649806793,37.537986061172354
403,129,86.29663282416189,34.19217219199264
404,129,77.55872340725034,30.742085601694253
405,129,72.49705190798394,28.738101560456652
406,129,65.8188635541066,26.103214579412438
407,129,55.96589533974594,22.209046623230957
408,129,46.06409469904449,18.286354425278766
409,129,40.365303497331695,16.020215828792765
410,129,37.22847906244908,14.7815471265792
411,129,35.43560655270994,14.074078870739692
412,129,33.685169813701066,13.383429976437103
413,129,36.141044561816216,14.359834246464114
414,129,37.71060451630248,14.990506093160679
415,129,42.11651021769569,16.746732715598686
416,129,54.40114112623107,21.613463398324768
417,129,54.90793947073058,25.11368310703451
418,129,19.293502717513178,24.484049068384444
419,129,0.0,22.577920713509055
420,129,0.0,24.007015483134527
421,129,0.0,24.188075136798616
422,129,2.3885474184623945,24.9067401881584
423,129,40.376979828270265,25.66804716653288
424,129,76.55760534873579,30.799017142563578
425,129,97.46298615998583,38.625962522392946
426,129,97.1192730728454,38.48780502693802
427,129,88.14263342389594,34.94217989673673
428,129,80.7246616755144,32.0080937580439
429,129,73.26060855600147,29.036313931163313
430,129,64.4902072898006,25.58492318017691
431,129,54.71540412013809,21.705471136607127
432,129,44.34300523245227,17.59910716930914
433,129,37.70739706074622,14.974214919763847
434,129,35.009046272840294,13.906615295859977
435,129,34.75085726870475,13.805726576660497
436,129,34.54565988759839,13.719999321706856
437,129,36.376786089562074,14.440295961720047
438,129,44.06434210155652,17.479811324249514
439,129,85.27231695611448,33.72959048011877
440,129,92.03088005003579,36.40420831789407
441,129,85.72868099623321,35.921693898051544
442,129,59.19681335747029,32.66819872583025
443,129,25.6293261332452,26.443380858548167
444,129,15.394754071323291,25.034162662684203
445,129,16.241469123404073,24.081949282561034
446,129,25.552698365824966,23.710837284357694
447,129,57.07758955364639,28.642397291176493
448,129,101.40916102749031,40.86796795597814
449,129,151.13686130084858,59.76591149374619
450,129,144.5279518526945,57.15497090292923
451,129,133.54286585073538,52.816724559664564
452,129,121.28420424298625,47.971761945009796
453,129,67.78083017904635,26.8681767962761
454,129,61.31100713850657,24.303088022853416
455,129,50.143630671040995,19.89285265394358
456,129,41.68298947955407,16.55010353006005
457,129,34.902654423856205,13.859977789266884
458,129,31.695742664883397,12.591371623532577
459,129,30.73803213196058,12.216278565567517
460,129,30.297941356689506,12.040019773600779
461,129,33.4891964859132,13.30016211966892
462,129,40.91201930462418,16.23506402385779
463,129,79.04593419502604,31.273411725755338
464,129,86.39364167326846,34.260250499774074
465,129,71.36394165938498,30.13205976584579
466,129,39.70084953141395,25.590378813228067
467,129,9.958187021247511,21.85264171253567
468,129,0.0,20.63903151614719
469,129,0.0,19.935890603818915
470,129,19.800564443400503,22.895500081059986
471,129,57.415557701656184,29.418328738583778
472,129,104.54886713772638,42.05036727956314
473,129,155.81000542694312,61.621890820234405
474,129,148.29173675360607,58.64820199524925
475,129,134.76782617551208,53.29632157628128
476,129,128.91601502964534,50.98353665871931
477,129,76.3924278718342,30.25223745148122
478,129,67.1203080762588,26.59682395460037
479,129,55.74682738722814,22.10396500389862
480,129,46.8344971700958,18.56893412749293
481,129,39.79038390592393,15.780287170787325
482,129,36.35872114880456,14.423964327008857
483,129,35.17548528544623,13.952855246778043
484,129,34.63689188786745,13.74226272444885
485,129,37.258073617458365,14.780566370940923
486,129,43.17370425179945,17.120864122015085
487,129,86.23011889182308,34.104637922612255
488,129,99.51084306206681,39.36509502185158
489,129,92.17174498097336,38.42575414712428
490,129,62.27650119613415,34.47364051905998
491,129,35.70285699577269,30.81417602973568
492,129,29.295073660495774,31.14478568913506
493,129,32.25703393478341,30.835609559650152
494,129,49.8472602664215,32.63349094248766
495,129,79.22508753055979,36.93828865432042
496,129,123.37989875549482,49.272084336095226
497,129,167.19605884266642,66.11847339962316
498,129,160.1531652713426,63.33828760857692
499,129,146.96172992447032,58.12366487504292
500,129,135.2675317321328,53.50168438086244
501,129,78.52230510624025,31.11467200698812
502,129,67.14319278418657,26.635637000359626
503,129,53.570128789296234,21.27358106291251
504,129,44.39917831205875,17.643230144394035
505,129,38.57853651135912,15.325493583426853
506,129,34.840623313410646,13.852734614790245
507,129,34.18354944850677,13.60109046948373
508,129,32.107291279526606,12.772476376572122
509,129,34.77327991235413,13.839935883985074
510,129,41.89572862594915,16.653767834663068
511,129,84.31865566513963,33.368861654561364
512,129,92.8586739172772,36.829114821746444
513,129,80.0110748616234,33.57361526316246
514,129,45.62909025506556,27.257735545345774
515,129,14.018361387275746,23.21030878506762
516,129,4.255292400344501,22.482536315841838
517,129,3.4779543445822014,21.129749084171785
518,129,20.68016033935649,22.714568475716096
519,129,54.72418510075272,28.899197845135337
520,129,103.3588076641152,41.92251055213085
521,129,145.80082250279247,57.679978023564175
522,129,138.650601646102,54.85059894037765
523,129,133.22164041958828,52.70374908811826
524,129,124.43925163684,49.23275040829914
525,129,74.12588134982556,29.399075848618985
526,129,66.71967376124854,26.480071549319092
527,129,55.94035306480194,22.20704639348899
528,129,45.13472125051976,17.922508314939915
529,129,39.53615104658326,15.702856264942573
530,129,36.136118950352625,14.357911111949687
531,129,34.01542052024098,13.519752080201938
532,129,33.31170492861446,13.235873527503735
533,129,35.36640358625576,14.058309099831908
534,129,42.238318544892905,16.767410272431686
535,129,84.60800675485558,33.4764331485789
536,129,96.10691717589859,38.04755973420201
537,129,82.20119646774293,34.51405547162051
538,129,47.20447906302283,27.416241420227763
539,129,19.07351547744085,23.182594684635795
540,129,11.582251885840833,23.327462430652623
541,129,15.362821460339404,24.0977303039667
542,129,33.055588192588914,26.22690270223153
543,129,64.44442299402908,31.368939290560956
544,129,106.28581239793178,43.04808232527292
545,129,151.70143458848884,59.99329553225463
546,129,144.4813333448387,57.139767856921786
547,129,133.0792651753896,52.63331426647835
548,129,118.8296946500067,47.00146349567576
549,129,73.24520255766842,29.016245514160268
550,129,67.27728400959165,26.66785284581212
551,129,58.958528010332856,23.380151887330786
552,129,48.5545638780529,19.26369486745362
553,129,40.339169317533674,16.013243433508023
554,129,36.0465674697501,14.310941344639238
555,129,35.228756848017184,13.985408877371958
556,129,35.0996565779802,13.94012731453112
557,129,36.524472772118344,14.497556109953017
558,129,39.591446226275195,15.705084498570953
559,129,47.96488808229071,19.02028833189244
560,129,57.89568690846281,23.111774216911858
561,129,47.752842249099814,24.194083931484784
562,129,0.0,21.43678720719089
563,129,0.0,18.33976336013625
564,129,0.0,16.590618762983954
565,129,0.0,15.18852404513486
566,129,0.0,15.644099792406989
567,129,1.4609764507618195,18.640279898405552
568,129,51.78583157996286,24.666776833095028
569,129,86.37653903692666,34.24317879344162
570,129,85.58807036352079,33.92692897120845
571,129,76.84105713456546,30.467579943184546
572,129,71.6885454290157,28.432315078729356
573,129,65.3800381414662,25.93326875297687
574,129,59.006801104182216,23.409732265201036
575,129,52.25921549789447,20.739504515478547
576,129,44.52170624998075,17.675728017846417
577,129,38.663981004919634,15.349075941854856
578,129,36.854004593884326,14.632523220422879
579,129,36.93458917912551,14.67010325291137
580,129,35.71684938230035,14.179635159971879
581,129,34.46407113970196,13.693722277254551
582,129,37.51353555728798,14.903543907614687
583,129,44.25647084544693,17.57543960441912
584,129,54.1432453608337,21.76329304030973
585,129,42.77553856614347,22.382163041291758
586,129,0.0,20.609208961539885
587,129,0.0,19.852759319424045
588,129,0.0,20.59518143067817
589,129,0.0,19.78728828153655
590,129,0.0,19.84497566679452
591,129,16.860263088442906,21.677144885813444
592,129,65.74478834525621,27.865136525902606
593,129,97.03569197069939,38.43654639237761
594,129,97.07700484763748,38.447059064578056
595,129,92.00130576001087,36.439840473713204
596,129,85.62065917831774,33.92138575738277
597,129,76.72466196385486,30.392747006683756
598,129,66.48053852222091,26.340474930685104
599,129,56.546195524671106,22.40952659495308
600,129,45.76339109917882,18.1421264908659
601,129,39.847038723827666,15.804964241432527
602,129,36.25965265436548,14.38253459799027
603,129,34.41288558111566,13.648042956986288
604,129,34.22291785898324,13.569509870757726
605,129,36.13852483925584,14.330067745594057
606,129,44.34025547756093,17.57279483953036
607,129,88.0249947974221,34.81288226696533
608,129,92.96875833107521,36.87248679248352
609,129,78.20329086166922,34.00222075661361
610,129,41.44004595610795,27.66329846118859
611,129,13.362754493947193,24.301194003265827
612,129,2.592019942692758,23.004024175079003
613,129,1.6132640708406143,21.367053028073624
614,129,13.610174261931007,21.943559866377456
615,129,44.986989909457265,26.26052031270497
616,129,98.66681056741555,40.75952506707867
617,129,151.6594130169402,59.97682849022769
618,129,146.0751877413955,57.76975309857309
619,129,138.85987332952254,54.91803960524362
620,129,124.94469084653659,49.41839200001443
621,129,71.08160642361128,28.181981023290025
622,129,62.86050727446835,24.9293674070668
623,129,51.793791684794144,20.557719226011407
624,129,41.74896159062769,16.583087608618122
625,129,37.16157251862029,14.765428311815363
626,129,34.39984556817777,13.672796976921806
627,129,32.852813075226805,13.063648027594947
628,129,32.50644050311635,12.925587419371213
629,129,34.599575375629854,13.747088068937375
630,129,41.68004727729624,16.54322306080738
631,129,80.03390988681502,31.663812149254248
632,129,88.76970752394797,35.194595547649044
633,129,72.07394602879091,31.315610621846666
634,129,33.47654537586919,25.30311236780218
635,129,6.328837942628951,23.332029866054178
636,129,0.0,24.423115770827195
637,129,0.0,23.240873468741043
638,129,16.081204524066806,24.676039307537824
639,129,47.58424117154192,28.161631217052832
640,129,92.16330419885921,38.14108315656451
641,129,133.66390226559943,52.8646429526307
642,129,132.6867495578128,52.4772827067984
643,129,126.41352404012807,49.990967379725134
644,129,114.45793649446045,45.26582930715768
645,129,69.15029451604582,27.38761480449502
646,129,60.82574577967037,24.098701180398113
647,129,51.52715348301129,20.42018538995256
648,129,40.407071493508084,16.01947770727842
649,129,33.17938521009722,13.154844773012899
650,129,30.26764333721843,12.005184439117318
651,129,30.6127730562622,12.14157806752912
652,129,29.999507791007574,11.902674731284288
653,129,32.16955024772972,12.763774062420577
654,129,38.69247519460117,15.342969488051768
655,129,76.7923804477526,30.373582033074353
656,129,82.08879527086665,32.52433245760117
657,129,67.11136749889945,29.755304781173336
658,129,30.979227638265883,24.405639273191667
659,129,7.024940133582902,22.4776587613168
660,129,1.291153385942323,23.399808276027578
661,129,4.1323528933432385,23.2003232477262
662,129,16.790352517546125,22.999457721912574
663,129,48.72650724282224,27.69837952314613
664,129,96.70245919405929,39.56158103572699
665,129,135.40638237827451,53.55329440476111
666,129,129.5260951824524,51.22917006218877
667,129,118.61064475922234,46.91511053314938
668,129,111.01091034317534,43.90803637013202
669,129,68.5739118757418,27.177003439514646
670,129,58.66106408818794,23.271866561419536
671,129,50.04715961826989,19.86735827176591
672,129,40.548590262108775,16.108658009119996
673,129,34.66831533594217,13.771964590224059
674,129,32.799985068443505,13.035878913037049
675,129,31.154706762407613,12.39252158209551
676,129,30.63261653768734,12.180448907468447
677,129,32.674413108725986,12.99893950665033
678,129,40.397172915447754,16.052327927452854
679,129,79.53852115443993,31.47962658178019
680,129,85.33692921207603,33.941352949320276
681,129,68.23415298605084,30.138182313510256
682,129,32.81235847853736,24.744159129297643
683,129,3.5872630828350793,22.21518230971997
684,129,0.0,22.538308882730824
685,129,0.0,21.624394421308867
686,129,9.78759730991996,22.015107656122524
687,129,42.74106704386327,27.04370754102955
688,129,90.88391117197148,38.08934839025572
689,129,139.45325908184358,55.16677985468155
690,129,136.59658413166298,54.033070978145695
691,129,131.27944060314434,51.931496860697074
692,129,119.90226549114524,47.43486082425098
693,129,69.86005720475319,27.707250929910444
694,129,59.03013634839738,23.433845895822493
695,129,50.21037348303636,19.937658303125836
696,129,39.723327295860145,15.781356123319213
697,129,34.1845686288238,13.583072558448007
698,129,31.599539622529704,12.556792211189453
699,129,31.39010628047245,12.475167374094886
700,129,31.195519071243183,12.395980816183792
701,129,31.470127877273768,12.51027141210398
702,129,38.74878793432757,15.38238418717642
703,129,77.88303083042791,30.81374810350776
704,129,88.51964039522286,35.093500323188096
705,129,72.55028572163624,31.891040699091945
706,129,36.1220396168882,25.532784622452024
707,129,4.999501279456808,20.78318834841677
708,129,0.0,20.698503622197702
709,129,0.0,21.11129344326591
710,129,13.159992860916958,22.058737953787514
711,129,46.98959711123862,27.501414772424628
712,129,88.44618168838991,37.09476318549558
713,129,131.59880161773074,52.04167383859313
714,129,134.11041397980128,53.034400250755276
715,129,122.27686564079221,48.35968559461308
716,129,110.94689177410189,43.88177724821915
717,129,66.12109781196907,26.200881885153674
718,129,58.01296320172966,22.99748980613229
719,129,51.17207452246575,20.29028391579492
720,129,42.520221156269855,16.865040954384646
721,129,35.0954487599644,13.924860990542683
722,129,32.01669617580549,12.702258788956431
723,129,29.31751714644193,11.635450176951293
724,129,28.84941221240922,11.451579151661736
725,129,29.35073372189123,11.650845935911542
726,129,33.24051132342376,13.187081898294949
727,129,42.192845993483274,16.726424051259524
728,129,49.96236241848351,20.26595092907553
729,129,23.697443888430314,18.333655912867204
730,129,0.0,15.534420711391196
731,129,0.0,12.889953823510474
732,129,0.0,12.209757877282915
733,129,0.0,11.521900440611343
734,129,0.0,12.205988455747976
735,129,0.0,15.193968440122825
736,129,31.024721108646958,20.179467052422517
737,129,74.88953236272877,29.81007796424373
738,129,75.05912877950394,29.739277238112177
739,129,69.85798391401232,27.68349281336276
740,129,64.23489316884101,25.459894399578847
741,129,59.84737556693531,23.722356898222316
742,129,55.31961228770399,21.928272909133156
743,129,48.00626488103177,19.033259075541224
744,129,41.03931864414534,16.26712024730574
745,129,36.618462176978284,14.512953812300212
746,129,32.816653066788604,13.009175057741029
747,129,30.472098252836588,12.08481980010704
748,129,30.665905486294776,12.154538882375995
749,129,32.004857766519734,12.684887075083255
750,129,34.048781459954824,13.498458260461971
751,129,38.06210042714042,15.08811944960949
752,129,46.490220287584094,18.936199896078968
753,129,25.673162750024403,19.672853495920293
754,129,0.0,18.6871559565566
755,129,0.0,17.3881560076232
756,129,0.0,17.780559352153684
757,129,0.0,17.440875755469893
758,129,0.0,16.450075390066782
759,129,0.0,17.49488389743545
760,129,47.45830581841659,23.733073552886246
761,129,87.23205132073986,34.54450015462918
762,129,86.449460245138,34.224873444165574
763,129,82.19660059266332,32.539429530113985
764,129,74.42388715453063,29.466310323406653
765,129,66.5755925715068,26.36550064969026
766,129,55.931687421026055,22.1495969889461
767,129,47.25329134391032,18.717355150055823
768,129,37.67558863813392,14.929647998749562
769,129,33.144397018222804,13.142245356022132
770,129,30.982207688030172,12.281901686746966
771,129,30.824513488834526,12.223001716030529
772,129,30.591758526213653,12.134398233658233
773,129,33.040773643634225,13.102342689745392
774,129,40.054407307657414,15.88466954418788
775,129,75.75650191733985,29.96647432355324
776,129,78.64778709006615,31.351634721071942
777,129,51.589800638971894,25.364754533767957
778,129,10.400442875731386,18.42881533839222
779,129,0.0,16.09220271188505
780,129,0.0,16.091261110199472
781,129,0.0,15.660639772416864
782,129,0.0,16.719318225233593
783,129,23.82854142641122,21.062394210060482
784,129,76.33862544744474,33.61580433214034
785,129,137.405792431327,54.36998112879282
786,129,139.99513355356186,55.37130206514447
787,129,128.18637671315614,50.70416142962161
788,129,121.05137818849698,47.885329659316234
789,129,71.57947431402434,28.391317617178167
790,129,61.639427834943916,24.46383713256205
791,129,51.3141311768095,20.38300914035706
792,129,41.52955209667297,16.499760596270438
793,129,36.187453511523415,14.382667640901351
794,129,33.93197180823293,13.494655239680728
795,129,32.77776275926314,13.044225822265828
796,129,30.873634077142498,12.290533691049156
797,129,33.31931567254287,13.253686274454612
798,129,41.13926665004186,16.34322954259416
799,129,84.40916093110573,33.39865865861134
800,129,84.19890425382448,33.52353543574782
801,129,58.47808521966513,28.06982662875265
802,129,18.251456794679655,22.523311683884472
803,129,0.0,19.87339469227947
804,129,0.0,19.674985630733577
805,129,0.0,19.370956125318777
806,129,0.0,20.358200719660744
807,129,31.772912010275434,25.293588502462544
808,129,81.54915419981634,35.80824324387001
809,129,138.05103495727877,54.683231939101255
810,129,132.44930802743227,52.37962557021096
811,129,124.34252389730815,49.17437375725739
812,129,114.09048616113893,45.123761605231685
813,129,69.62332032933105,27.583632589814034
814,129,62.94235959133232,24.941978197547318
815,129,51.433914371131095,20.38782347860978
816,129,43.36858333488891,17.194403164412613
817,129,37.431745136633054,14.842244795367593
818,129,33.903696889037604,13.443296908012732
819,129,34.55127140366088,13.686601627240579
820,129,34.29432237243191,13.589646051290941
821,129,35.544095304302914,14.089381129335147
822,129,42.54258318251658,16.856537744534254
823,129,83.39000629010229,32.981068516708746
824,129,86.710988497817,34.68204064405363
825,129,61.30132657828824,29.668351275731926
826,129,18.21179005294482,22.79033851517271
827,129,0.0,18.523046722708234
828,129,0.0,18.71117116756169
829,129,0.0,18.62793856224217
830,129,0.0,18.60298244690258
831,129,26.701031553855614,22.58265382169944
832,129,84.50348135317043,36.515456028601804
833,129,142.66205140115673,56.45559179028746
834,129,143.92443526107712,56.92240117074246
835,129,131.70021561473533,52.08882373733273
836,129,119.27666766746015,47.17863615037632
837,129,69.40292935023606,27.51753807282678
838,129,59.720969603112906,23.685127216045665
839,129,50.590812989980805,20.078900421681467
840,129,39.91487100270419,15.850271517342467
841,129,35.030686629053065,13.919861293922635
842,129,31.831874805750004,12.655596610303316
843,129,30.848335885927725,12.263404872406968
844,129,30.124973315587056,11.974101887363382
845,129,31.13898852275554,12.37032739443747
846,129,38.402188160734596,15.244459869091559
847,129,72.4049758906169,28.651283199966652
848,129,74.35106113110024,29.899507282711415
849,129,50.67861031067267,25.693092203040635
850,129,17.665094460511455,22.669843341813298
851,129,0.0,19.53965959434172
852,129,0.0,18.584511614608424
853,129,0.0,19.261942045410223
854,129,0.0,19.54331244248697
855,129,28.674929573533348,25.181753791008564
856,129,83.9730233878484,37.43876622512263
857,129,138.224996907784,54.78592969950407
858,129,131.68015915201536,52.08659645980032
859,129,118.16845343780713,46.741684146512405
860,129,106.8434342137401,42.26452420266102
861,129,65.18547413467246,25.85285168597494
862,129,57.57830796921937,22.838189597838085
863,129,48.56950983638697,19.267294508217425
864,129,41.16052260917513,16.334476776130174
865,129,34.88876589867829,13.847690749887418
866,129,30.541481754092104,12.128379053281236
867,129,28.985210685601004,11.510974999508598
868,129,27.703088268040688,11.004206366080425
869,129,29.668996081607446,11.777746773493986
870,129,35.437769888769566,14.056638992887713
871,129,70.97416569020609,28.07415571561685
872,129,73.29829505634677,29.378829294370178
873,129,52.2513817196355,26.307761556971577
874,129,12.422849661614777,20.142904307621134
875,129,0.0,17.558854131428063
876,129,0.0,17.565775768204876
877,129,0.0,17.48010813245789
878,129,0.0,19.10865502700198
879,129,25.52761508494683,23.05309689555951
880,129,72.6945308989464,33.02137752988929
881,129,124.22738257998134,49.236452464676596
882,129,127.90646386599747,50.589292051437916
883,129,119.61792152159845,47.313558288795726
884,129,112.1043767581007,44.34491473916496
885,129,67.40531515867687,26.722193675899938
886,129,60.396834371314156,23.951077122916754
887,129,51.400889321584486,20.386383118095868
888,129,40.725926156380154,16.15587496897918
889,129,32.8332693692488,13.028411826653395
890,129,30.256351863279463,12.013370240753288
891,129,28.624868951705906,11.368555731812707
892,129,28.128337674523607,11.165410592595165
893,129,28.799961354380343,11.434303260178503
894,129,33.34362164018145,13.239266881371563
895,129,41.37723064064147,16.416683440252005
896,129,44.65952783835547,19.475265578714296
897,129,6.37686245009661,18.01399019175487
898,129,0.0,15.742629596173618
899,129,0.0,13.202800593198747
900,129,0.0,13.05951010449629
901,129,0.0,12.225452672784774
902,129,0.0,12.166333803596714
903,129,0.0,13.96076037653487
904,129,16.813518428023144,20.260410062326287
905,129,74.49345600375779,30.327881695315753
906,129,77.81764677568503,30.825945142558517
907,129,72.625233415895,28.77596620633929
908,129,66.47993638754812,26.34713675458413
909,129,57.92116607761244,22.95874912308442
910,129,52.24098357190243,20.709155852897183
911,129,45.50129068710973,18.041985400582334
912,129,38.38129771682475,15.22223689707834
913,129,32.89913267549238,13.055519410148646
914,129,30.115696715185436,11.95087196590283
915,129,28.65401769982867,11.37428813187142
916,129,27.525175536005975,10.926992530238874
917,129,29.210732018096763,11.594334330725518
918,129,32.226023894011746,12.790685579283839
919,129,38.68183800020475,15.341074256176947
920,129,44.857717308623535,19.477791225125536
921,129,9.469237333199487,20.154200567610268
922,129,0.0,19.003349827639937
923,129,0.0,17.828837458922873
924,129,0.0,17.166582952001345
925,129,0.0,16.418381884676336
926,129,0.0,16.039496810450064
927,129,0.0,16.961817012071922
928,129,28.07513782673965,21.79419866979663
929,129,84.42033529784965,33.81016853692572
930,129,89.6833925742655,35.51802514544365
931,129,82.30798524064653,32.5972831614309
932,129,75.21739435460262,29.792516731784826
933,129,69.23444581303784,27.427892228921877
934,129,59.68750730710326,23.652366630140413
935,129,47.95678538646442,19.01142031143196
936,129,40.52448716310053,16.07391657765806
937,129,33.591095138241656,13.329088602479805
938,129,31.343602312560392,12.438473926245704
939,129,31.05852912587892,12.328087601851555
940,129,30.6218806893348,12.157816049419427
941,129,33.223230591307384,13.191698012835248
942,129,39.819307857207775,15.806712858218344
943,129,78.67934549857836,31.128528728356894
944,129,76.05145343788422,30.871261942693724
945,129,41.060050372635715,24.228367232749203
946,129,0.0,17.030996721439063
947,129,0.0,13.410496791029104
948,129,0.0,12.227348444182503
949,129,0.0,10.987098353923395
950,129,0.0,12.13928448923764
951,129,0.0,14.710053983153479
952,129,52.205356285924154,26.682394747003645
953,129,129.05208860589212,51.268407783494176
954,129,133.90621442522743,52.96634896465494
955,129,124.13873463946601,49.10476670882477
956,129,112.46465195461042,44.48737926799721
957,129,66.88302465114049,26.52267668545741
958,129,55.188398883903034,21.905193929599175
959,129,46.0483942087464,18.288120004615273
960,129,39.84758947705913,15.821257804663716
961,129,34.08559421372459,13.53938699158386
962,129,31.814542101411547,12.640652241234058
963,129,31.056295357871022,12.338701757597562
964,129,29.95547122714015,11.903639834016719
965,129,32.0243423326545,12.722467560155902
966,129,37.39918594478908,14.85368554924938
967,129,74.36325160196233,29.426214314809233
968,129,69.63557795340591,28.529674764457244
969,129,35.19588226082604,22.079583969027954
970,129,0.0,14.974905749844721
971,129,0.0,11.686833386467637
972,129,0.0,10.776825397010994
973,129,0.0,10.795682131436521
974,129,0.0,12.486424904493015
975,129,-0.0005952931627335785,17.052606853426788
976,129,58.710828193440534,29.4602808781601
977,129,133.45468881168898,53.20353137330592
978,129,141.95468970023484,56.13672037127632
979,129,125.69633835545346,49.71111637796576
980,129,115.1769585020368,45.55465738707158
981,129,70.07674737275238,27.76758964409682
982,129,63.18080106945345,25.04443625685515
983,129,50.80035307214459,20.15133178584249
984,129,42.390781157156,16.816162777569318
985,129,36.77174403215844,14.596490128205282
986,129,32.367712006909244,12.857038959105488
987,129,32.025333853923144,12.707913927598913
988,129,31.64203504595875,12.55300860769798
989,129,34.6784769957047,13.753128111302424
990,129,42.132442100474066,16.704878889877897
991,129,80.45868999828798,31.827310515573103
992,129,78.99605884594152,32.48890642324658
993,129,48.05420889638867,27.457956609459266
994,129,2.6729134502225804,21.162054801991943
995,129,0.0,17.256011075893536
996,129,0.0,16.547543411279012
997,129,0.0,16.579069021225614
998,129,0.0,17.668120860954975
999,129,9.083650431886525,19.888135755046658
1000,129,64.92203815976438,31.40164933580761
1001,129,128.74268923402,51.14968605074049
1002,129,130.0018706499415,51.430259625206155
1003,129,121.95885839285125,48.249095404343954
1004,129,111.49587252710447,44.11259446009826
1005,129,64.35583711102666,25.538773224828873
1006,129,58.31345761092521,23.14028530391502
1007,129,48.593072821951466,19.297294436442503
1008,129,40.04855277120356,15.905292767522173
1009,129,36.579764895961375,14.525124763790236
1010,129,35.26928230060378,14.011762234295002
1011,129,34.238229806646814,13.601939831419163
1012,129,31.664937472900334,12.582625873653248
1013,129,34.16506029892119,13.567334061342455
1014,129,42.15441959886235,16.734160985293798
1015,129,83.62650807362115,33.088363809702
1016,129,79.19942235248101,32.615172674876305
1017,129,44.31490120982318,26.407483135489525
1018,129,1.880581264078529,21.22458203121445
1019,129,0.0,18.314297745589155
1020,129,0.0,17.3356295613986
1021,129,0.0,16.707029361682043
1022,129,0.0,16.677997968298136
1023,129,9.262413087803623,21.731525399051904
1024,129,64.3117576441874,32.357450703543165
1025,129,129.19004409799584,51.62922374045513
1026,129,134.2490552234814,53.0990113467029
1027,129,124.91021836179428,49.40460579571724
1028,129,113.09535793952818,44.73513287742049
1029,129,67.41899508042337,26.734246509514083
1030,129,61.114806352350115,24.238186984922034
1031,129,51.69068842970859,20.502010157376727
1032,129,42.867691234313554,17.008065871920127
1033,129,38.08805432050377,15.112114187378275
1034,129,34.25881078329596,13.597540608727341
1035,129,32.93689991453874,13.070473307163493
1036,129,32.32016547154615,12.82330545050601
1037,129,33.5661856950864,13.308877301975745
1038,129,39.00966558453334,15.462636582512845
1039,129,74.27531476890081,29.378871730352603
1040,129,78.43783483832922,32.22572808316153
1041,129,48.39674151961759,27.923056758121756
1042,129,7.644522026293288,22.899458331174497
1043,129,0.0,19.664585403279876
1044,129,0.0,20.216107309311237
1045,129,0.0,19.72332857131448
1046,129,0.0,19.65754315978023
1047,129,8.764048567542204,20.961240179115848
1048,129,57.09187631189039,29.709652121810134
1049,129,129.3952456982339,51.68297254065015
1050,129,139.81388134977024,55.29990888591517
1051,129,127.92313006907818,50.60041195692597
1052,129,111.67312216313974,44.17801611611966
1053,129,68.80317790601254,27.282732109541957
1054,129,60.33665190026838,23.9353843977965
1055,129,51.65697048854767,20.497987839236156
1056,129,43.15606524558291,17.126740150445862
1057,129,36.71056764546421,14.579239744491105
1058,129,33.52574416816978,13.326213899646248
1059,129,30.565323928332333,12.153878765785535
1060,129,30.465815308772903,12.107700327987402
1061,129,30.847238913768393,12.260724883894907
1062,129,33.672133188836995,13.389838612429623
1063,129,42.41873601078794,16.845602297292594
1064,129,38.368266633671766,19.72226387247182
1065,129,0.0,17.961777045733683
1066,129,0.0,15.914770694259772
1067,129,0.0,14.269993315271979
1068,129,0.0,13.265223644497643
1069,129,0.0,11.373005293599139
1070,129,0.0,11.656042825764796
1071,129,0.0,14.13262206056403
1072,129,0.0,19.97637689915056
1073,129,74.6105465099518,31.745921310443375
1074,129,83.1975678030119,32.979747993798135
1075,129,77.24131467402984,30.629063701162778
1076,129,68.50117041437898,27.17708250275231
1077,129,62.231393745257435,24.68876493580195
1078,129,54.37844441250306,21.578226651427446
1079,129,46.28544845249394,18.374995277202558
1080,129,39.53140187397963,15.702125555073685
1081,129,33.23155264638089,13.204220040258715
1082,129,30.665896746778998,12.191356679696307
1083,129,29.083234598843433,11.56695567174664
1084,129,28.078702645345288,11.168778929969386
1085,129,29.35070793569139,11.674932617877618
1086,129,31.911508324476756,12.695085253251547
1087,129,37.96621701529901,15.085824670654755
1088,129,35.173085028819884,18.455945828953602
1089,129,0.0,18.748933299559557
1090,129,0.0,17.681942022909688
1091,129,0.0,17.163300799145166
1092,129,0.0,17.495898855458012
1093,129,0.0,17.42579493388783
1094,129,0.0,17.803880845474367
1095,129,0.0,18.540031384326987
1096,129,10.204919896928288,22.09947450234021
1097,129,77.14294755707485,32.17120460318868
1098,129,84.79131413875862,33.605018016417965
1099,129,76.04384102817008,30.145581740245543
1100,129,66.17706338575857,26.24249264571419
1101,129,59.3167241891166,23.529989434548973
1102,129,52.0805414072818,20.67004969827232
1103,129,42.31587686907545,16.798101353768537
1104,129,35.901638622600984,14.259543350935388
1105,129,30.397069877306393,12.07362310338837
1106,129,27.246421857050507,10.830679394165983
1107,129,27.32116507553428,10.854473505583037
1108,129,27.006696337270597,10.729011140895029
1109,129,28.638893529784326,11.383289437627301
1110,129,35.2933682710308,14.017909720028111
1111,129,65.4202177011669,25.890409335316505
1112,129,58.43443455187014,25.127409286251837
1113,129,25.858443203848225,21.727878480945037
1114,129,0.0,19.75975899992147
1115,129,0.0,17.77499530921399
1116,129,0.0,19.20271015159986
1117,129,0.0,17.207928327715074
1118,129,0.0,16.791580860653493
1119,129,0.0,17.03290446377772
1120,129,41.165131645300335,25.402736349175715
1121,129,108.54182630621878,43.714565371597025
1122,129,125.12953822682604,49.491522844570014
1123,129,114.12652228653286,45.14065147231079
1124,129,104.3404564525332,41.27060814806198
1125,129,61.489828764916155,24.37154084878969
1126,129,52.99955047053828,21.01359150144406
1127,129,44.76153625838464,17.75081504771591
1128,129,35.885027744051,14.239117407709925
1129,129,31.844239728940238,12.64207494886359
1130,129,31.275657177818772,12.413895639803625
1131,129,29.15781728243516,11.572278548620497
1132,129,29.071781152484988,11.531384736952404
1133,129,32.0753750913525,12.724226452842688
1134,129,39.83950000070635,15.806630981612294
1135,129,77.81232291939588,30.796237983682243
1136,129,65.07086813222429,28.10896662120993
1137,129,24.095116236328096,21.35397073326176
1138,129,0.0,15.600624367586311
1139,129,0.0,13.546288749095668
1140,129,0.0,13.159430728258211
1141,129,0.0,12.342479029495466
1142,129,0.0,13.399066722969131
1143,129,0.0,17.94446244479914
1144,129,51.36920396108735,29.711543767332955
1145,129,127.39082632829124,51.45392851124621
1146,129,133.2231110577382,52.694972593101106
1147,129,122.24993500964842,48.35806567690281
1148,129,111.8090558477789,44.23269913239909
1149,129,67.39647020300055,26.7288887508213
1150,129,60.6971430768013,24.078829447267548
1151,129,51.77304946648675,20.53913361976525
1152,129,42.311721646665745,16.783682518296462
1153,129,36.003093252869434,14.298336069294574
1154,129,33.11124010455302,13.161145725270647
1155,129,31.582098067030273,12.547606204106517
1156,129,29.662053953703804,11.789902199438009
1157,129,30.299339358343502,12.037216385316057
1158,129,34.6350103572739,13.755401139554062
1159,129,65.26113690743074,25.875898459914602
1160,129,54.18810467915236,24.1213814670951
1161,129,16.887299478106854,18.46958660402221
1162,129,0.0,14.054725226396897
1163,129,0.0,12.924829790961088
1164,129,0.0,12.976902267509152
1165,129,0.0,13.246194240512006
1166,129,0.0,15.772619528964803
1167,129,0.0,18.989444021716707
1168,129,50.38851295520885,28.81490504403598
1169,129,119.8938146752262,48.23709692870457
1170,129,127.56391468037975,50.46077146984407
1171,129,118.15288138510738,46.740046912947875
1172,129,108.63371118484721,42.97783242730439
1173,129,63.84891565788209,25.329160711006637
1174,129,55.977970778517516,22.20570813012991
1175,129,45.89246458784757,18.211591827014345
1176,129,35.59248999840392,14.13040344895217
1177,129,30.83910401990053,12.24370129802251
1178,129,28.56370257009644,11.337510071861907
1179,129,27.55810560504557,10.93776591808212
1180,129,26.32406417882649,10.44887257065269
1181,129,27.27329020976299,10.819460120055735
1182,129,33.37447688666373,13.241171387973868
1183,129,66.1687785137488,26.24725371835367
1184,129,55.789926779844734,24.8326665255965
1185,129,16.7983442997226,18.88946028885697
1186,129,0.0,14.52721801220572
1187,129,0.0,12.749477535810978
1188,129,0.0,12.825549460867034
1189,129,0.0,12.151474729023036
1190,129,0.0,13.45045472632159
1191,129,0.0,17.438559196914248
1192,129,44.44505329247761,27.648055531587335
1193,129,119.89438639334082,48.73574268506001
1194,129,127.58680774550868,50.45349985802335
1195,129,121.74889693124413,48.14607536404553
1196,129,109.6695553021263,43.37210158642758
1197,129,65.58230206011473,25.983219116566584
1198,129,56.57225861016002,22.42911956457421
1199,129,48.681550533899554,19.294340129226832
1200,129,40.03960362523884,15.873015873015872
1201,129,34.48626017102541,13.681628549281081
1202,129,31.708321198262723,12.581383143442416
1203,129,30.32970638024679,12.031922874599841
1204,129,29.454564629098456,11.687204517997138
1205,129,29.638624584833906,11.762253903878618
1206,129,36.01799177489795,14.291566197823812
1207,129,70.06004621534956,27.745827901353845
1208,129,64.9990916768779,28.30782233846121
1209,129,33.56481851170656,25.09298430731955
1210,129,0.0,21.74473802421206
1211,129,0.0,21.521377743167236
1212,129,0.0,22.640259253858826
1213,129,0.0,21.764369702106737
1214,129,0.0,21.91130392971787
1215,129,0.9687703918963564,22.414128461035798
1216,129,46.53875518954109,28.846640691402158
1217,129,118.23763622795269,48.163631298222846
1218,129,132.8024324129089,52.53325261615515
1219,129,127.06767271427566,50.266664927538365
1220,129,116.89362985817908,46.242176395346014
1221,129,70.7191456467875,28.049070479097562
1222,129,61.48580081746502,24.40209166556926
1223,129,53.43849551759661,21.214682815032052
1224,129,44.975580351472644,17.85497224881702
1225,129,38.1343624596866,15.152275935107314
1226,129,33.47285167773251,13.306509298508567
1227,129,30.782066935657326,12.241879236309872
1228,129,29.18613718025398,11.607701921477615
1229,129,30.105905137091327,11.968913962236542
1230,129,34.31520258061482,13.645190086479637
1231,129,40.541233974224156,16.27251599383612
1232,129,22.65438826854904,17.183804121993173
1233,129,0.0,15.868525910688765
1234,129,0.0,13.177974725210674
1235,129,0.0,12.327221903308146
1236,129,0.0,12.26160380470108
1237,129,0.0,10.940490494454655
1238,129,0.0,9.908905461274625
1239,129,0.0,11.4663547065681
1240,129,0.0,16.112675148952704
1241,129,57.10297065197878,27.363455730408553
1242,129,76.833993037841,30.45559884787788
1243,129,73.96377299065549,29.321178976934938
1244,129,66.58520421557412,26.40606895858201
1245,129,58.04787644455445,23.026182597070648
1246,129,51.75310242411513,20.5359828590179
1247,129,44.54467932085038,17.68471997820177
1248,129,36.79088093013405,14.61557547430119
1249,129,32.102835378182704,12.760439623106452
1250,129,30.235598747875514,12.017847196819913
1251,129,28.727651702673995,11.419539962370498
1252,129,27.603072471169554,10.970445594853329
1253,129,27.654830228961202,10.99434946409423
1254,129,30.542383953459762,12.142449315951025
1255,129,34.85110060116625,13.949959043598676
1256,129,16.032971199937407,14.534547231950624
1257,129,0.0,13.440398950722813
1258,129,0.0,12.339207674692956
1259,129,0.0,11.547445560999966
1260,129,0.0,11.855708146522861
1261,129,0.0,11.920879909705935
1262,129,0.0,11.674589038089128
1263,129,0.0,12.895109134007685
1264,129,0.0,15.961469340088879
1265,129,51.77135912364861,25.040196897931263
1266,129,70.2164234998186,27.833216132100816
1267,129,69.81942006418151,27.67627662210268
1268,129,63.75696668637687,25.274461548087412
1269,129,57.05743619311576,22.628967156128574
1270,129,50.5993917585279,20.076518940107327
1271,129,43.3984510340828,17.21671532142469
1272,129,37.13608236004973,14.728993381077562
1273,129,32.6013477234639,12.927531531352512
1274,129,30.670971537702485,12.17149692766582
1275,129,29.029600704838288,11.51820801816427
1276,129,28.633552916911498,11.366295523155912
1277,129,30.987345949668565,12.29540614087072
1278,129,38.068669708430036,15.101037670585324
1279,129,69.23175454723918,27.477423812928357
1280,129,53.39613843001345,24.65981090480547
1281,129,14.566630996579732,20.35251628232301
1282,129,0.0,18.81151398272341
1283,129,0.0,17.4895267193925
1284,129,0.0,17.72126772086632
1285,129,0.0,17.670441773000892
1286,129,0.0,16.889605414203395
1287,129,0.0,18.249020931268195
1288,129,31.108443721407752,25.326665598161963
1289,129,100.85232247448417,41.999550232980354
1290,129,118.44632511365205,46.85060396519602
1291,129,115.47477861571664,45.673868577628774
1292,129,106.72962433588751,42.214053140537985
1293,129,67.48486211037985,26.73531238983332
1294,129,58.47060479774413,23.166860785236718
1295,129,49.039070834840714,19.42773567138687
1296,129,38.36577325183654,15.208180288174024
1297,129,32.37593103351699,12.83852294956198
1298,129,29.85830467679662,11.838862453327547
1299,129,30.47934992532575,12.084302593533936
1300,129,29.43188111596129,11.665709332820615
1301,129,31.12760535057646,12.339362845857547
1302,129,37.66144999276477,14.936698529555695
1303,129,69.90196837944751,27.787072296352356
1304,129,47.78829124528272,22.951253737669138
1305,129,9.840307728307351,18.966992420071158
1306,129,0.0,15.576919748495811
1307,129,0.0,14.462437887221226
1308,129,0.0,13.47774777751109
1309,129,0.0,13.31818384001308
1310,129,0.0,13.987477622547054
1311,129,0.0,17.723010478489066
1312,129,33.37674734641638,26.802010081574647
1313,129,114.0862362542947,47.682284304724114
1314,129,126.72272324437373,50.13858483758517
1315,129,115.14951041908361,45.56443219006946
1316,129,103.00655899809286,40.766409665678346
1317,129,62.533997873487124,24.84397568225119
1318,129,55.77159907572593,22.16318713441929
1319,129,46.97433973879228,18.66666281160806
1320,129,36.35789923017185,14.445513027594583
1321,129,31.661809728738888,12.592926395278571
1322,129,31.489272592228446,12.536205477762259
1323,129,30.904637666996138,12.29366345028312
1324,129,30.781137307350548,12.244841531486982
1325,129,32.17039684230727,12.79737650827432
1326,129,39.57752977614959,15.73294868155787
1327,129,73.70819019282138,29.38432945822941
1328,129,51.648087370519846,24.735229451582253
1329,129,6.906572531018895,17.535165668918495
1330,129,0.0,11.853996651508231
1331,129,0.0,9.316642999421441
1332,129,0.0,8.914748893026808
1333,129,0.0,9.780962570744174
1334,129,0.0,11.42795761177783
1335,129,0.0,14.209986224908656
1336,129,26.264131834707882,23.70256077419356
1337,129,106.26561429950243,44.44444444444444
1338,129,128.0431438012677,50.6628932557181
1339,129,122.95543193391367,48.63589648246931
1340,129,113.46942761262113,44.884467652287746
1341,129,70.98979412619855,28.14921432163315
1342,129,59.45655238343406,23.580668666025872
1343,129,47.826702405579624,18.977280071485005
1344,129,38.55882447016867,15.307461776790124
1345,129,31.638702870576907,12.569004264003956
1346,129,29.29870940638679,11.634970161865251
1347,129,26.81296124238841,10.65140927349158
1348,129,27.054153086609745,10.744440948836482
1349,129,28.813726002024254,11.435271496862713
1350,129,35.800148143014354,14.196474508964892
1351,129,66.86848587068539,26.6974319146002
1352,129,47.77564876195228,23.292260325687906
1353,129,3.556130766916965,16.693711985858897
1354,129,0.0,12.372563788018743
1355,129,0.0,10.738242698726307
1356,129,0.0,11.633734921463414
1357,129,0.0,10.96038500932953
1358,129,0.0,12.868354347222024
1359,129,0.0,15.936880528508283
1360,129,24.49876896125147,24.121801455720295
1361,129,93.5495888856046,40.18975702603306
1362,129,116.90136453846023,46.245739477437944
1363,129,110.7269127460313,43.7903669902057
1364,129,102.99571104783567,40.73477468354054
1365,129,60.056291205729195,23.793707142070588
1366,129,52.17380308009112,20.684044155546864
1367,129,45.744278688594875,18.13589666053786
1368,129,39.47381181753684,15.649510094419588
1369,129,35.08432003032169,13.91808721366303
1370,129,32.79042733916171,13.008046692120676
1371,129,31.88858004880757,12.64815640639954
1372,129,30.956780135635853,12.284473243896635
1373,129,31.78432864527636,12.617291777544327
1374,129,38.159806435110966,15.146252540413613
1375,129,69.1882154825656,27.55669079421653
1376,129,52.9881489251558,25.146520709879002
1377,129,13.147680046547094,19.860536952769237
1378,129,0.0,15.616005755680419
1379,129,0.0,14.024624321829645
1380,129,0.0,13.215386172447642
1381,129,0.0,13.846350207203567
1382,129,0.0,13.95783168534045
1383,129,0.0,15.663544369684354
1384,129,21.116177981255646,23.34541518390365
1385,129,92.96874842346625,40.18057620666625
1386,129,120.58637832985042,47.7581278747143
1387,129,114.21893042922093,45.18866197041434
1388,129,107.64907320458406,42.588547336283966
1389,129,62.39194986584806,24.752143651287867
1390,129,56.42181976817895,22.391482666172518
1391,129,49.03401464301993,19.468157148234894
1392,129,42.378532298638305,16.817011425149005
1393,129,36.597863622883864,14.543821264641275
1394,129,33.29496591129555,13.230383702891372
1395,129,33.38356932449216,13.260798465187694
1396,129,31.91242849503695,12.675912755596848
1397,129,32.04421567153304,12.730275247875706
1398,129,37.927521991143465,15.065833976085301
1399,129,42.43146575188561,17.499673002929185
1400,129,11.557785921176844,16.62282960984738
1401,129,0.0,14.123696945983589
1402,129,0.0,10.835413902289574
1403,129,0.0,10.056933829181434
1404,129,0.0,10.37916226118465
1405,129,0.0,9.91206337288762
1406,129,0.0,9.633530384914872
1407,129,0.0,10.536837419928533
1408,129,0.0,15.046322266062697
1409,129,44.0949958486101,27.292676557641393
1410,129,81.02819758514812,32.26031843577737
1411,129,77.89241283378345,30.877341056535016
1412,129,70.8179336973096,28.081240836893684
1413,129,66.29750884296826,26.293415842761682
1414,129,58.27141561582394,23.115542236016655
1415,129,53.01926559774017,21.032846919636327
1416,129,43.03665978866533,17.081708318264262
1417,129,39.22367761663992,15.574680656486656
1418,129,35.86205030099876,14.240330912940777
1419,129,33.59714099073585,13.344016543218242
1420,129,32.5536960890922,12.927021420813874
1421,129,32.4306752714989,12.878395985487693
1422,129,36.0256048894243,14.301487572547408
1423,129,39.471477985692616,16.184991469175255
1424,129,5.527433151609529,14.277301500837154
1425,129,0.0,12.011469268510485
1426,129,0.0,9.247803938975833
1427,129,0.0,8.071423749733682
1428,129,0.0,7.89326737677932
1429,129,0.0,7.135692332640422
1430,129,0.0,7.381721851553548
1431,129,0.0,8.765010228224693
1432,129,0.0,13.506155967810093
1433,129,39.86210555892811,26.189440883287997
1434,129,82.53876120474857,33.13408197626527
1435,129,77.80273607371768,30.824523552738874
1436,129,72.69393505934119,28.796233276681992
1437,129,62.7607318905028,24.879593148699662
1438,129,54.915358647825485,21.77879198253272
1439,129,45.646332689273095,18.101656253274026
1440,129,36.67141731803625,14.54416381116426
1441,129,31.83277435889309,12.622616113249489
1442,129,29.285502559066146,11.618164719150698
1443,129,28.20504203366525,11.19460210177668
1444,129,28.643117646659277,11.365486169095242
1445,129,31.306808172981704,12.419393452857936
1446,129,39.171627963554556,15.527797882357238
1447,129,69.79068426446489,27.922396123112815
1448,129,43.56247259411816,22.317512870506178
1449,129,0.0,17.10910225691905
1450,129,0.0,13.060973456614601
1451,129,0.0,11.689550527375278
1452,129,0.0,11.20450738592978
1453,129,28.126857570299535,11.11653121664371
1454,129,30.133355660098005,11.909584671819237
1455,129,0.0,13.802169691028585
1456,129,10.268760816526168,22.161587804192987
1457,129,102.9766960427203,45.391716495870426
1458,129,137.70515444942433,54.65360914341705
1459,129,131.92590579605934,52.17528072004653
1460,129,119.57617121007758,47.28983873279668
1461,129,73.88309275298255,29.26276844363482
1462,129,65.27806640764311,25.856072184578487
1463,129,54.018253010401196,21.397770942599934
1464,129,42.396242806024276,16.79528972684663
1465,129,36.361336748612416,14.402094046756856
1466,129,34.62454755492317,13.716781845735238
1467,129,35.4399556233318,14.0378997960071
1468,129,36.20128295566971,14.344565083707902
1469,129,38.007559218282694,15.056131220706877
1470,129,45.14241501812677,17.889833852211225
1471,129,82.47384800082358,33.03604461930649
1472,129,54.53740244020722,27.27079522049833
1473,129,7.677915347191089,20.914575153234075
1474,129,0.0,16.24574008286151
1475,129,0.0,13.487597844595346
1476,129,0.0,12.089351613790898
1477,129,29.878994459540564,11.808994465266762
1478,129,0.0,13.165116539487302
1479,129,0.0,16.02554005156074
1480,129,16.24445467632185,25.403272008982075
1481,129,108.23263188825294,48.08695687500661
1482,129,138.20506899005025,54.82828818961805
1483,129,134.20283399049282,53.08662417593149
1484,129,124.55352585319801,49.273027733363406
1485,129,76.85392846693517,30.48052053669437
1486,129,65.61625135017835,26.041368054890007
1487,129,54.75059387920567,21.736652872615757
1488,129,44.222568945397,17.557292993882463
1489,129,38.502673219927175,15.295473865970559
1490,129,34.875812057716615,13.867754033962544
1491,129,33.63271772637688,13.374154321332195
1492,129,33.520555287445575,13.32981537968913
1493,129,36.781879717967314,14.619964016409096
1494,129,44.52300957968447,17.694453322454116
1495,129,76.19369790361574,30.686086299783753
1496,129,47.329970014573064,24.542912954573712
1497,129,3.4128125126642317,18.86819011544004
1498,129,0.0,14.04150405622285
1499,129,0.0,11.317150760017475
1500,129,28.058131714569612,11.089387297776355
1501,129,0.0,11.219574138636613
1502,129,0.0,12.099758153902345
1503,129,0.0,15.011684768051682
1504,129,13.57710517655164,24.230872361409347
1505,129,97.26092948304199,43.72227226486168
1506,129,128.22938293771813,51.0364570672156
1507,129,132.11726292412607,52.2570564736254
1508,129,120.40035034085506,47.6238761647414
1509,129,72.68079593382737,28.80607696705409
1510,129,66.06614661059496,26.190624789813086
1511,129,54.19464700748122,21.491803271598748
1512,129,44.31019823512372,17.571382403347464
1513,129,36.432183793305484,14.454309034359925
1514,129,32.70458133381027,12.9798832376046
1515,129,30.859012478295256,12.252727771917296
1516,129,30.674762780215303,12.175327712909194
1517,129,34.49039159778167,13.684511891856387
1518,129,41.54284876073078,16.478738000033207
1519,129,68.01315952916553,27.491035347255647
1520,129,38.736936873927874,21.32256909496113
1521,129,0.0,14.56664030990588
1522,129,27.488724441450785,10.864410472453091
1523,129,23.54532925171071,9.305846831725136
1524,129,24.254596621940294,9.586187406585822
1525,129,23.13017998848821,9.141765457590344
1526,129,26.613998751887635,10.518638823350047
1527,129,0.0,12.729173760983487
1528,129,5.477387598528338,22.007378823551576
1529,129,84.35248028946774,39.557938504424875
1530,129,124.42035354789027,49.49630326969448
1531,129,120.16850146797964,47.530977455925076
1532,129,114.70391032706218,45.37001648059739
1533,129,65.43275715259256,25.939108656422995
1534,129,58.630414970618716,23.249449038296138
1535,129,48.517841977055554,19.254977188200442
1536,129,40.79997347435338,16.19430943807066
1537,129,35.60272848160295,14.133298260673751
1538,129,32.20998563599764,12.790083317732227
1539,129,30.423386794026896,12.078211470418182
1540,129,30.31470407018233,12.030650983218136
1541,129,30.577861904077963,12.134649983489558
1542,129,36.88913668510807,14.630177408252047
1543,129,60.58768627752187,24.49289547185403
1544,129,34.52043038198127,19.49852545500081
1545,129,0.0,14.664631388909351
1546,129,0.0,11.248744229721787
1547,129,0.0,9.625888250096546
1548,129,23.554560416776837,9.30940137828758
1549,129,24.905305134861777,9.843255536956155
1550,129,0.0,10.795682310869077
1551,129,0.0,13.731187376449736
1552,129,2.5854512992324885,21.436363574906323
1553,129,80.29341121737232,38.21757205726521
1554,129,120.1829835092667,47.941805081843086
1555,129,119.88977799295952,47.42379206031728
1556,129,110.25303019367882,43.61161669273079
1557,129,67.41790618644572,26.72569489881496
1558,129,59.78698470435617,23.704030781189118
1559,129,50.12320408953386,19.885767040487245
1560,129,42.59051447377615,16.89145065514445
1561,129,37.576316711462,14.916606328530996
1562,129,35.2539741032416,13.994169134646725
1563,129,32.643281310335226,12.962353736532453
1564,129,32.554504630223136,12.926123376336436
1565,129,31.89590587579616,12.662426494443258
1566,129,36.06933803527568,14.332588521465617
1567,129,34.38452930639713,15.293622458033026
1568,129,0.0,12.5585463983958
1569,129,0.0,9.687875180110272
1570,129,0.0,7.489427914146513
1571,129,0.0,7.207549687671335
1572,129,0.0,7.239176242822633
1573,129,0.0,7.097786912525877
1574,129,0.0,7.315487420409017
1575,129,0.0,8.9348808541695
1576,129,0.0,14.225895550776777
1577,129,23.88524354341115,26.051701131154683
1578,129,79.59967272335788,32.472303864508916
1579,129,78.8980874479357,31.274650319331375
1580,129,70.85218017236983,28.092414379799354
1581,129,63.07344470537757,25.013418833178786
1582,129,57.778345080311766,22.918336650461224
1583,129,49.27628062977618,19.550037022531892
1584,129,41.13901051125879,16.328213840806136
1585,129,37.39834669231357,14.841808388403356
1586,129,34.67769950741939,13.771147010983066
1587,129,32.916227378198215,13.074943432127364
1588,129,30.047667944703704,11.93779687758452
1589,129,31.10722701433488,12.350841420105889
1590,129,34.67159484806359,13.763009516030625
1591,129,33.51385599493284,14.83127503926713
1592,129,0.0,14.228113740741792
1593,129,0.0,13.103182434873993
1594,129,0.0,10.569944009467795
1595,129,0.0,9.255819217468783
1596,129,20.82407102547279,8.230314181573435
1597,129,20.375918213222377,8.053180685175091
1598,129,0.0,8.517443292677955
1599,129,0.0,10.234473397617386
1600,129,0.0,14.614773521554211
1601,129,23.272808161689085,26.78757941739228
1602,129,77.58797279012342,32.35864150814022
1603,129,79.70482017724123,31.593606524300892
1604,129,72.52010492420169,28.752777308815613
1605,129,64.41053779175832,25.54768201545687
1606,129,55.39809144864449,21.98112373068624
1607,129,45.83857455473961,18.196020145882816
1608,129,38.017707325167294,15.09580912419081
1609,129,32.097229710061015,12.744423636569262
1610,129,30.036898759060904,11.935846317853281
1611,129,29.7448638652007,11.833058960047303
1612,129,28.825587830606736,11.454802361755458
1613,129,31.57005147901515,12.540625454972195
1614,129,38.51138229789797,15.296700293381694
1615,129,68.11800846198324,27.687422820821933
1616,129,42.75733793937775,23.75248995060677
1617,129,0.0,17.988996739214695
1618,129,0.0,13.96461256130244
1619,129,30.907384679697003,12.215511472721277
1620,129,28.897285586257482,11.421032276871873
1621,129,27.090011738430064,10.706775689443784
1622,129,28.725705325086892,11.353259372611065
1623,129,0.0,13.24003837273817
1624,129,0.0,21.10297256743158
1625,129,84.93305157184139,41.12816487470692
1626,129,128.29660430147172,51.40967611476481
1627,129,128.06799947685477,50.65633591720914
1628,129,116.95865009442485,46.26099484176291
1629,129,68.72695533631656,27.24326938561169
1630,129,60.5097699101087,23.985266991738705
1631,129,49.62033824310197,19.676879371530042
1632,129,38.911127865564055,15.436293379703342
1633,129,34.043605208456285,13.502150572433562
1634,129,31.308332414695883,12.425673077237725
1635,129,29.99329364690695,11.89557842364947
1636,129,29.278998503780684,11.619010540164403
1637,129,31.24696956456674,12.392223390064686
1638,129,37.89222224681765,15.026665526441393
1639,129,67.90145311040874,27.75813032055191
1640,129,41.99409856511949,24.24139763485056
1641,129,0.0,20.242473251165453
1642,129,0.0,15.691293305813572
1643,129,0.0,12.88775388738104
1644,129,0.0,12.129257328567615
1645,129,0.0,10.802712576417841
1646,129,0.0,11.103420541534051
1647,129,0.0,14.808998993598138
1648,129,2.476959591096062,24.650954929416493
1649,129,91.04449932145897,44.10429984750019
1650,129,124.89330840220703,49.96587862943935
1651,129,127.13739875410113,50.28060267389514
1652,129,118.96566827426724,47.050948035928414
1653,129,72.70300450189282,28.80446776494024
1654,129,63.338628830358346,25.1033762830996
1655,129,53.704528877979385,21.287613989743768
1656,129,43.365981420564026,17.192319369154568
1657,129,37.51628703599863,14.881492891050005
1658,129,34.13519004007526,13.544027740825003
1659,129,32.62021372891155,12.941848121075282
1660,129,31.854345076336443,12.646045910425304
1661,129,34.12864419899364,13.542606665140154
1662,129,40.535583057629054,16.08975829912484
1663,129,67.83330126721054,27.89312369408238
1664,129,37.824967294636025,22.60848898034144
1665,129,0.0,17.585041753622416
1666,129,0.0,13.149148642851141
1667,129,0.0,11.309651350209315
1668,129,0.0,11.598408877013021
1669,129,0.0,12.039395926386382
1670,129,0.0,12.761572576208135
1671,129,0.0,14.373824486700197
1672,129,0.0,22.857451556160825
1673,129,81.49671107355871,40.35846545434749
1674,129,115.69224561431213,46.67775565885299
1675,129,112.56535511942545,44.525000471519874
1676,129,99.8295519491137,39.49030416983953
1677,129,62.138447141304454,24.62915598642231
1678,129,55.499079981693455,22.003877364914874
1679,129,47.70065446559002,18.915954834345253
1680,129,38.0870543662688,15.10371213211501
1681,129,31.82456050383209,12.630904412708075
1682,129,28.275155476144676,11.22461260350565
1683,129,27.418879347774094,10.890795199569759
1684,129,26.222968678908387,10.41469286949947
1685,129,27.821478244415943,11.03957681977778
1686,129,34.761083623205735,13.796107317759317
1687,129,54.82730149370241,22.834516058105315
1688,129,27.058415803249858,18.72676383654911
1689,129,0.0,14.017496578714239
1690,129,0.0,9.716779298018604
1691,129,0.0,7.587204219050839
1692,129,0.0,7.515723617156224
1693,129,0.0,7.416062015634746
1694,129,0.0,7.741536477826244
1695,129,0.0,9.667619768926187
1696,129,0.0,17.18332606101538
1697,129,61.163996942898535,33.21610979951063
1698,129,102.3882222260788,41.34242780788632
1699,129,106.27215250609012,42.03646511818964
1700,129,97.7217123244678,38.65591712963764
1701,129,60.69555483352573,24.06225872220461
1702,129,55.27136590951898,21.917298999410292
1703,129,46.20775427818202,18.330456452914564
1704,129,38.04071770573714,15.093412046749016
1705,129,32.23472142845907,12.792972919067402
1706,129,29.47362815728738,11.699396935870299
1707,129,27.853953234025397,11.056945848284226
1708,129,27.96624912762624,11.096725434213505
1709,129,29.412412050746184,11.664829229844544
1710,129,36.63577106798854,14.5208734189549
1711,129,55.09102089174078,22.909898884218265
1712,129,21.912579223439366,16.646976804756818
1713,129,0.0,11.525107199492252
1714,129,0.0,8.830322725481594
1715,129,0.0,8.645659484460662
1716,129,0.0,8.257068568401031
1717,129,0.0,8.368052929046035
1718,129,0.0,9.594908926085116
1719,129,0.0,12.355226581019053
1720,129,0.0,20.111623361549157
1721,129,69.81242278261846,37.07658932214712
1722,129,116.69516448219852,47.216344527663196
1723,129,116.42628030534397,46.048525195515246
1724,129,109.22422368679463,43.20081576322942
1725,129,62.22512446686679,24.66446409169046
1726,129,55.60729449639368,22.047737022237587
1727,129,47.42179549127812,18.80339421021104
1728,129,38.818734858498516,15.396289229319551
1729,129,33.919939394564835,13.46245492978652
1730,129,31.25055382562536,12.405113092264878
1731,129,29.40315157761475,11.68076061918731
1732,129,28.96682507695658,11.509433047124128
1733,129,29.74259354718356,11.80221592079387
1734,129,32.21658515622394,12.801851200164611
1735,129,24.203957203273063,12.995724717068308
1736,129,0.0,10.223652587833591
1737,129,0.0,8.743522028392505
1738,129,0.0,7.410472581779851
1739,129,0.0,7.607779179252464
1740,129,0.0,7.464437525088198
1741,129,0.0,6.9665896470757005
1742,129,0.0,6.209977314466743
1743,129,0.0,7.443084946475623
1744,129,0.0,11.917610453248805
1745,129,0.0,23.353739612692856
1746,129,72.4955914431007,31.14439468887313
1747,129,78.01600334882508,30.916869019776684
1748,129,70.19137515889895,27.81857409523951
1749,129,64.11265509833086,25.412595095338627
1750,129,56.03893382475533,22.217026985654165
1751,129,48.61938463363202,19.278864362696968
1752,129,39.66387670307725,15.729039608645731
1753,129,33.91948974622139,13.455229999041238
1754,129,30.564559151013526,12.130463529392104
1755,129,28.340065782302304,11.251321318948259
1756,129,27.074663561453605,10.740846973772065
1757,129,27.058263027349483,10.728642751988183
1758,129,29.306144276855406,11.648077615816085
1759,129,21.491267938010594,11.970651447837923
1760,129,0.0,12.264091865706774
1761,129,0.0,12.63643696103343
1762,129,0.0,11.096935641348022
1763,129,0.0,10.432330825514349
1764,129,0.0,9.943545594607071
1765,129,0.0,8.792056901142109
1766,129,0.0,8.177232809557704
1767,129,0.0,9.182026064701759
1768,129,0.0,12.83269701769546
1769,129,0.0,22.647406864138063
1770,129,60.05525802705236,27.385799069377363
1771,129,68.11365433730288,27.014655276153785
1772,129,61.87733397511508,24.551100364014143
1773,129,54.53527306498884,21.644843350236954
1774,129,50.18288037351226,19.91316466151246
1775,129,42.26916337663411,16.783051131516835
1776,129,34.39043148127752,13.661091012346045
1777,129,31.197370205166663,12.38872187420529
1778,129,28.59654684758084,11.365423363499255
1779,129,27.54679042693553,10.957413171595531
1780,129,28.183034643355143,11.201966520225131
1781,129,30.14212834784047,11.969374681229818
1782,129,38.04407381032959,15.11311503453083
1783,129,62.758642576781654,26.40801137172908
1784,129,31.65653232447241,22.04795200297051
1785,129,0.0,17.57274002894715
1786,129,0.0,13.692056200663973
1787,129,30.51098585019929,12.058852271893315
1788,129,28.852381614221656,11.40332625457706
1789,129,27.986650738398566,11.061142184485092
1790,129,0.0,12.3932611269982
1791,129,0.0,14.426446485001364
1792,129,0.0,22.379607191880986
1793,129,81.28134848259094,42.59517494222228
1794,129,125.02767325566566,50.96670693077389
1795,129,126.28096162740832,49.94879647992791
1796,129,118.44072462365318,46.84552613071891
1797,129,69.28584466764676,27.46643781357614
1798,129,60.91575635371527,24.14684482034337
1799,129,49.51506033017594,19.637539686396075
1800,129,39.69292856887563,15.749797216752768
1801,129,32.530732302902265,12.914511704694917
1802,129,29.136542327272252,11.571876592907715
1803,129,27.490821391985776,10.913412107812372
1804,129,26.329722466424954,10.448786327570698
1805,129,27.76838405789306,11.013944345191605
1806,129,34.740559020043804,13.786794796525648
1807,129,55.07451971568145,23.660619176828483
1808,129,22.98490983595869,19.75012744152003
1809,129,0.0,14.707150173390433
1810,129,0.0,10.902866333195819
1811,129,0.0,8.915023246183585
1812,129,21.814665164320957,8.621834865941876
1813,129,18.57365080349993,7.340871155164373
1814,129,0.0,7.818687506343564
1815,129,0.0,11.05389489868665
1816,129,0.0,20.287500496208033
1817,129,70.80287906444127,39.03292798636431
1818,129,116.17250586208883,47.29687603576252
1819,129,124.1399127645515,49.09235727816331
1820,129,115.20536396959713,45.56124233862598
1821,129,68.45673019970988,27.117008567342175
1822,129,60.70393311281563,24.05178976912101
1823,129,50.16204190118145,19.87951990456288
1824,129,39.79786520922701,15.761465638640775
1825,129,32.44647820714519,12.854838373861195
1826,129,29.04066771873559,11.509903449256928
1827,129,27.44531518996851,10.880529873418888
1828,129,26.88069205313326,10.657349158927975
1829,129,29.425558002159846,11.664289975886565
1830,129,35.60787626513928,14.162874090643921
1831,129,50.36545776651735,21.949813768315735
1832,129,12.470950580581786,15.379766272410658
1833,129,0.0,10.927823350336132
1834,129,0.0,8.66139330423569
1835,129,20.472097465308536,8.091181431252783
1836,129,21.114131732215213,8.344917084003963
1837,129,22.736628268397396,8.986165125086206
1838,129,0.0,10.235001816401521
1839,129,0.0,11.34620535502747
1840,129,0.0,18.848964314922373
1841,129,63.20117966437522,36.107734981845034
1842,129,106.07681638141742,43.901872874684415
1843,129,110.29994029485479,43.61880906270048
1844,129,97.68741956487759,38.62948124983238
1845,129,58.29191555356772,23.086793247133286
1846,129,50.66937761922574,20.069616919035095
1847,129,41.10248741751121,16.289707590411194
1848,129,32.66454701283905,12.953652290754928
1849,129,28.59045670098581,11.348075297883309
1850,129,25.896918505011968,10.282373274993251
1851,129,25.266607816789133,10.029781733958382
1852,129,25.830699079889996,10.252711915816722
1853,129,26.981456973558693,10.70061160302075
1854,129,32.26197606160852,12.897926523887012
1855,129,46.06137518193876,20.423430857565304
1856,129,13.47771725169622,16.430296963493234
1857,129,0.0,12.88742344408231
1858,129,0.0,8.838728721516892
1859,129,0.0,6.4434429971321014
1860,129,15.70688762993555,6.20780312385599
1861,129,13.876745661100642,5.4844747713655755
1862,129,0.0,5.436566130515863
1863,129,0.0,6.514261157079064
1864,129,0.0,13.377145358102739
1865,129,46.663037717063816,30.39403961749282
1866,129,98.85356949097002,40.89656741306218
1867,129,109.58098080646295,43.333618870609925
1868,129,104.3918872141667,41.27808915394906
1869,129,62.832644103909985,24.88377803421172
1870,129,55.538328418197835,21.992803926771906
1871,129,46.78301595006218,18.530176088351038
1872,129,37.27805745406343,14.772361685554838
1873,129,32.127732200208925,12.734532914949467
1874,129,28.52445197973097,11.303498041153018
1875,129,25.568795683611256,10.135332547103998
1876,129,26.032271917991068,10.320812485189656
1877,129,26.648695218039364,10.558689629637104
1878,129,31.94894573736562,12.729325431126142
1879,129,40.78244400104225,18.34964213107494
1880,129,6.549836758949823,13.749624863280394
1881,129,0.0,10.6322330385857
1882,129,0.0,8.215054998615038
1883,129,0.0,8.219549901038528
1884,129,0.0,8.338111772514093
1885,129,0.0,8.419145759347577
1886,129,0.0,8.890648721416726
1887,129,0.0,10.856433248153309
1888,129,0.0,17.08359545474644
1889,129,46.73792696267043,31.119754882411904
1890,129,98.8390176874745,41.2618736320793
1891,129,107.31375633626072,42.445405081778176
1892,129,98.3785330654996,38.910526545833775
1893,129,60.31341933160661,23.896043140068407
1894,129,54.07824411927464,21.43864787681591
1895,129,46.67407705201043,18.50085956813075
1896,129,39.974007184785165,15.849320619428305
1897,129,33.507232387400165,13.290021648652957
1898,129,29.453277660469013,11.685491708319725
1899,129,26.690123516758035,10.599165586233077
1900,129,26.511565466481812,10.527460451005084
1901,129,27.253466842740437,10.80806476410922
1902,129,29.890785800013475,12.00550992083976
1903,129,10.719730278154316,10.70879173641973
1904,129,0.0,9.587967468634117
1905,129,0.0,8.436654066901227
1906,129,0.0,7.086449473727923
1907,129,0.0,6.3255672540887975
1908,129,17.374150037912983,6.866790697459652
1909,129,17.279121001269715,6.829233678907597
1910,129,15.493672996605312,6.123557974840665
1911,129,17.70791946500694,6.998694654885642
1912,129,0.0,9.699307622486366
1913,129,0.0,18.26492581001393
1914,129,52.27483715452763,25.696470697258366
1915,129,66.60729595443371,26.42289820792737
1916,129,60.38265838047607,23.94660107208346
1917,129,55.795958917052246,22.131524009828222
1918,129,50.55121102550686,20.051745819865534
1919,129,43.54331183302662,17.27968677115348
1920,129,36.72386004263117,14.575229605318288
1921,129,31.726171875785525,12.593106744780922
1922,129,29.30322735000601,11.635487884511182
1923,129,28.202793667226445,11.199417772372538
1924,129,27.194464419885378,10.79401779398533
1925,129,28.22431808757031,11.194132748777209
1926,129,30.50176502066293,12.234451790894301
1927,129,10.994319568201405,11.828484639900564
1928,129,0.0,12.22487038788078
1929,129,31.439376585076673,12.425759188657338
1930,129,29.389647696639543,11.615640648617974
1931,129,28.809152572655705,11.386180323083899
1932,129,26.86834425350071,10.619118104382045
1933,129,23.915045383937183,9.45191110945342
1934,129,20.882629663027785,8.253425617015914
1935,129,23.482234305856053,9.280861031954375
1936,129,0.0,13.837997989565272
1937,129,0.0,23.525076141197896
1938,129,58.76907102133799,29.044261931807128
1939,129,74.80830642071368,29.675472892742526
1940,129,68.86532598380768,27.290988992854004
1941,129,59.66672991733546,23.654324630792583
1942,129,51.21971833107963,20.303235146983575
1943,129,42.360569014253,16.798396854878217
1944,129,34.580147066822775,13.717649733229955
1945,129,30.364338582302253,12.04915040597583
1946,129,28.442990912100896,11.285178040906743
1947,129,27.376382303444302,10.86478054358488
1948,129,27.337742388617414,10.856401145243021
1949,129,31.153048037470654,12.364318458315655
1950,129,35.696845353964335,14.355479330801831
1951,129,38.82471101911378,18.64216760204007
1952,129,0.0,13.485225427057559
1953,129,0.0,9.705419538703605
1954,129,0.0,7.896489065397944
1955,129,0.0,6.038947865045944
1956,129,0.0,5.7173034865800965
1957,129,0.0,5.6425070244514615
1958,129,0.0,6.701259460291083
1959,129,0.0,9.074483979288042
1960,129,0.0,18.510353408161738
1961,129,49.04958103180945,32.4552963256166
1962,129,104.95356862653793,44.036002347189566
1963,129,114.29147370171933,45.22651297368617
1964,129,107.98029716950808,42.706844175896485
1965,129,63.67557181306793,25.238812568903846
1966,129,54.5859145969132,21.63707811998577
1967,129,41.79029479188401,16.57192649079317
1968,129,35.180431168896575,13.954901191209537
1969,129,30.555413965281275,12.131548098410986
1970,129,28.831282179147877,11.45470381795298
1971,129,28.031299289722256,11.139663941148617
1972,129,27.010091001432812,10.733762103882352
1973,129,30.292996889709656,12.02433845108089
1974,129,36.84767976941572,14.906740000393365
1975,129,41.468272673590434,20.195878905901214
1976,129,0.0,15.326132990485984
1977,129,0.0,11.78211928237188
1978,129,0.0,9.081056711162823
1979,129,0.0,7.216293822258718
1980,129,0.0,6.228437091143165
1981,129,0.0,5.777715172300941
1982,129,0.0,6.135952092324
1983,129,0.0,8.856803991879081
1984,129,0.0,18.873337907576225
1985,129,52.225924657481215,34.03659820165212
1986,129,103.58568655502864,43.40183030754754
1987,129,112.3546500353676,44.48478839494115
1988,129,102.78608828012281,40.652559647603795
1989,129,57.52638269287047,22.792325724868466
1990,129,48.98880645061965,19.41915327674173
1991,129,39.13218843723598,15.51431117224536
1992,129,32.14013586863729,12.73246426707512
1993,129,27.661368382059237,10.963493066850376
1994,129,24.70016854624646,9.795457517110775
1995,129,24.454615243385547,9.70186036121255
1996,129,26.180774779440696,10.38294850005376
1997,129,29.32383366346869,11.622868291009029
1998,129,34.335287645316015,14.04815912885548
1999,129,40.50149652392321,19.960752124132927
2000,129,0.0,14.650084617893508
2001,129,0.0,10.730809920648516
2002,129,0.0,8.863626826132919
2003,129,0.0,8.052419926477334
2004,129,0.0,7.5101384460243095
2005,129,0.0,7.341987924303621
2006,129,0.0,8.36636590678987
2007,129,0.0,11.180745180847714
2008,129,0.0,19.428659094614996
2009,129,43.64097067939099,31.154907515277753
2010,129,94.83801496876154,40.544404071910066
2011,129,105.63336329946438,41.801946754995264
2012,129,100.55954131010836,39.76911207541516
2013,129,59.056804718299105,23.390316774758773
2014,129,51.15136446128332,20.263555982070958
2015,129,43.91056314380748,17.394913190821413
2016,129,35.97691438101691,14.260435441333268
2017,129,30.454556127416765,12.07212302422936
2018,129,28.099742721199306,11.140297162723282
2019,129,26.914393731818365,10.668379749857179
2020,129,26.30801988937037,10.431048197770611
2021,129,28.13879529869112,11.148908821257876
2022,129,32.90417483446717,13.616024925834841
2023,129,40.29400675250017,20.126129372344653
2024,129,2.839718103444966,17.192941729253402
2025,129,0.0,14.296326891084307
2026,129,0.0,11.115988992112017
2027,129,0.0,9.203704618918977
2028,129,0.0,8.751581792009818
2029,129,0.0,8.326124270587773
2030,129,0.0,8.967335407942468
2031,129,0.0,11.043578920874712
2032,129,0.0,19.16955805662814
2033,129,39.96251588660016,29.9736261907668
2034,129,88.9813349412556,38.136827092914906
2035,129,103.98424652416338,41.1893878063439
2036,129,96.7067458150197,38.24659449614754
2037,129,58.12022616221313,23.031707725378315
2038,129,50.593112377466554,20.04640642018929
2039,129,41.75671587064045,16.547084809041475
2040,129,34.429015709836364,13.645239936344973
2041,129,30.63522134367247,12.140043498562335
2042,129,28.554899390915267,11.315581059372905
2043,129,28.046248196829993,11.118003197701617
2044,129,28.645124789470344,11.353536940066158
2045,129,31.753201540809073,12.576182374333994
2046,129,36.68004871716235,15.005998977157034
2047,129,45.44303158544949,22.158721830432782
2048,129,7.806204952036211,18.954670464581547
2049,129,0.0,15.624328110577016
2050,129,0.0,13.530340350068531
2051,129,0.0,12.806340101475394
2052,129,0.0,12.870264625503523
2053,129,0.0,12.636130497029491
2054,129,0.0,13.332337249048438
2055,129,0.0,14.142686087550052
2056,129,0.0,20.944452459233396
2057,129,38.92661216056936,30.463989309069195
2058,129,83.19859637168747,36.26051818273232
2059,129,90.90342616196168,36.036923291412165
2060,129,87.60844061063722,34.654204704643305
2061,129,52.60025557727843,20.845516124185895
2062,129,47.89234435042289,18.9906133283876
2063,129,41.9692343569551,16.64499985972535
2064,129,37.455809555503095,14.854258103363618
2065,129,33.24199545226847,13.183081133676522
2066,129,29.920150327207296,11.866721350451275
2067,129,29.03909429290863,11.518502125780685
2068,129,27.46431532171556,10.891510102245869
2069,129,28.820985678024158,11.42312420078856
2070,129,29.969437570361634,12.630750875411957
2071,129,0.9088067533546962,12.201583073195993
2072,129,0.0,10.976158580688335
2073,129,0.0,9.843786287926699
2074,129,0.0,9.080019524364674
2075,129,22.56814333901147,8.919619130615608
2076,129,20.821391377353393,8.229282822313712
2077,129,21.85457994679396,8.637580375020047
2078,129,0.0,8.375467053073296
2079,129,0.0,9.77748894034113
2080,129,0.0,14.582665972717752
2081,129,0.0,20.775877859031045
2082,129,47.137584805128085,26.357015074222204
2083,129,70.25959931712933,28.065178464833274
2084,129,65.29845350772234,25.88601990394821
2085,129,56.624557515391416,22.46360749215532
2086,129,49.85374274344423,19.778387075549677
2087,129,42.07485476357675,16.70159896791971
2088,129,37.07709925715719,14.719423302866748
2089,129,32.73770766197259,13.000947290311434
2090,129,0.0,0.0
2091,129,31.008134091138118,12.313941897604606
2092,129,29.735222305724562,11.813139858187542
2093,129,30.834440237907046,12.242953088115412
2094,129,32.354333500745014,12.850573048348839
2095,129,32.99485042296979,13.890760598823485
2096,129,0.0,13.565584960988676
2097,129,0.0,12.997087135958825
2098,129,0.0,11.492114404359379
2099,129,0.0,10.106265168293852
2100,129,0.0,9.651532419187255
2101,129,0.0,8.48220790493238
2102,129,0.0,7.529441491124126
2103,129,0.0,7.306037354408514
2104,129,0.0,9.380476236650708
2105,129,0.0,15.139148149914117
2106,129,0.0,19.626694019591703
2107,129,40.2337433387423,23.86615050945634
2108,129,64.18482405167225,25.649242232888096
2109,129,60.722333298304676,24.06936758736503
2110,129,52.458104534174765,20.804217963374096
2111,129,43.47890081917072,17.240359281019753
2112,129,36.783183023572974,14.587140045174976
2113,129,32.7918904473421,13.006232013364968
2114,129,29.348639067819704,11.647659383566545
2115,129,30.371643898217116,12.047381960898685
2116,129,30.68172917478762,12.171073846016528
2117,129,32.01723374407095,12.666243944407185
2118,129,36.486055131938144,14.420293862312954
2119,129,65.6410280268247,25.9431629816387
2120,129,49.27516343425964,19.4749285771374
2121,129,33.04646350616025,13.060907087944607
2122,129,23.194675304370804,9.167195013905724
2123,129,20.14909012918409,7.963483080355119
2124,129,20.02819627633201,7.915714826334054
2125,129,19.30603298097111,7.630293975893346
2126,129,19.524989834842188,7.716826762923227
2127,129,21.047651906691556,8.318619502516372
2128,129,0.0,11.585524430993223
2129,129,0.0,23.12903505750169
2130,129,46.20958123408414,33.05150296983262
2131,129,97.11560820640486,41.86063921455719
2132,129,111.86116850337413,44.353043151467
2133,129,67.96479872036443,26.922456124241453
2134,129,58.86008043619739,23.329751334472174
2135,129,50.254821969563324,19.92068236227102
2136,129,38.66585392537303,15.323184508176956
2137,129,33.46199209635259,13.26302060810854
2138,129,29.47820614590313,11.694280339701022
2139,129,29.374027917356216,11.658845089943398
2140,129,28.385773331908837,11.269415618606837
2141,129,29.47798967206694,11.698821538446953
2142,129,33.8558422480304,13.433668960512268
2143,129,61.1994051734861,24.771432530677153
2144,129,35.40817818547737,20.68235649379284
2145,129,0.0,15.191540592926764
2146,129,0.0,12.102287356147857
2147,129,0.0,10.03107766954849
2148,129,22.661208822654544,8.956337393973675
2149,129,18.937456251364893,7.484624045279102
2150,129,0.0,7.029266947800201
2151,129,0.0,8.207893142689402
2152,129,0.0,12.396500609881809
2153,129,0.0,25.0581395123476
2154,129,50.30920259197558,34.52932140985199
2155,129,96.38775183296744,41.664933083371295
2156,129,111.01933253294405,44.08588830229045
2157,129,65.96356650596746,26.131506928066106
2158,129,55.98745348504153,22.18646791882326
2159,129,48.15119946056967,19.08704403035843
2160,129,39.48123478964405,15.65466685400009
2161,129,33.459823522392185,13.26678099969468
2162,129,31.181879031183968,12.36763807634117
2163,129,29.331845499498854,11.645651554385067
2164,129,29.479634500187757,11.700607955413982
2165,129,29.88218375478624,11.860889458990693
2166,129,35.28893847492398,14.01963839658308
2167,129,63.01776538203896,25.62007913998024
2168,129,37.4376871710389,21.54899816763662
2169,129,0.0,16.748043565498158
2170,129,0.0,12.604938430756528
2171,129,0.0,10.89788343521476
2172,129,27.321798690781662,10.798435565177627
2173,129,24.142554620812717,9.541907869045987
2174,129,21.370581367211372,8.446342405498914
2175,129,0.0,8.644062015533992
2176,129,0.0,14.090481102166311
2177,129,0.0,26.072826396241123
2178,129,40.40441043269283,31.761493731341155
2179,129,86.63008564433738,38.145310851445636
2180,129,103.05815664157691,40.89248132527816
2181,129,64.50123883169567,25.57320315339486
2182,129,58.64590831342653,23.252109967988556
2183,129,47.28264360054979,18.76907277736892
2184,129,38.29539140448901,15.206696103799286
2185,129,31.881651965143476,12.663748652258478
2186,129,29.533296118071206,11.725270288788968
2187,129,28.478108775424005,11.308226130483789
2188,129,27.346813261193148,10.859948872598457
2189,129,28.210499439104808,11.199018378319058
2190,129,32.87826040920905,13.048430156451372
2191,129,60.45105791405447,24.676689201062747
2192,129,44.150914134505115,24.55824817994339
2193,129,0.0,21.229633171586173
2194,129,40.941304774548826,16.18110875096589
2195,129,31.90010078827399,12.607754381887064
2196,129,26.693047515436774,10.549822127450847
2197,129,26.330987575576614,10.40670766853395
2198,129,28.130302848403232,11.11785681892611
2199,129,31.9274179960658,12.618592784921457
2200,129,46.467276283728154,18.365103876128007
2201,129,0.0,30.7729188101354
2202,129,53.363302007920055,36.58425407133176
2203,129,96.18760896098877,42.04755227795993
2204,129,109.76741683699132,43.62665738039976
2205,129,70.38269707225808,27.882648137720878
2206,129,65.07608335533988,25.778528432687846
2207,129,54.60354240818788,21.633762567784224
2208,129,44.29841384150279,17.54594254283215
2209,129,37.78595690571507,14.962806145212795
2210,129,33.733599041966045,13.360088591904464
2211,129,31.029359055192884,12.291276118246993
2212,129,30.63318052281261,12.137002190758365
2213,129,31.30393005917753,12.402104537729201
2214,129,37.376877275502096,14.806968575892931
2215,129,64.69068793542476,26.29961674534416
2216,129,46.447612246893755,25.429326491028753
2217,129,2.785398512635595,22.539315258687193
2218,129,47.33858213264597,18.709608380310918
2219,129,38.442738253319675,15.193691602210805
2220,129,37.68129811886922,14.892765814286221
2221,129,36.46896291449764,14.413602070726892
2222,129,32.51951936023545,12.852705678276857
2223,129,0.0,12.79698486332865
2224,129,0.0,15.107728536543846
2225,129,0.0,25.525027616439527
2226,129,41.794235498255006,33.250616539681545
2227,129,88.8232257795849,39.530250878319585
2228,129,101.90686913726665,40.55922394438771
2229,129,63.246754358910806,25.064769756907985
2230,129,56.45786513619555,22.386205015092546
2231,129,49.68985505232837,19.703243291380527
2232,129,40.93511227967639,16.232733668630214
2233,129,35.62086300912881,14.130129232730555
2234,129,30.860548086252493,12.251013696276175
2235,129,29.210760249963386,11.597828744290014
2236,129,29.719449658344388,11.803469804582283
2237,129,28.862260666560502,11.456652943216104
2238,129,31.656633932755085,12.572526221938567
2239,129,28.287351725179377,13.484818126443514
2240,129,0.0,13.141318604208221
2241,129,0.0,12.105178222646417
2242,129,0.0,9.95754608408075
2243,129,23.680322801190812,9.359165559224857
2244,129,21.76707463986105,8.603008083677118
2245,129,19.537019365341024,7.721619786649668
2246,129,18.112464331782263,7.158611878232587
2247,129,0.0,7.159616332729686
2248,129,0.0,8.502143750504075
2249,129,0.0,13.963410849265008
2250,129,0.0,18.65089482549949
2251,129,29.29031277630756,21.803353488998773
2252,129,59.905313614802225,24.407177830254092
2253,129,57.25529432800158,22.710646253364448
2254,129,50.568991136376695,20.07030469688938
2255,129,42.409698288825126,16.82711747937717
2256,129,35.66853236051415,14.151316454852012
2257,129,30.71306707107979,12.18356798252166
2258,129,28.473565557408875,11.298443329061097
2259,129,26.96022958254929,10.702600364862526
2260,129,26.54837830847967,10.538687255892505
2261,129,27.73110104724097,11.004977699374024
2262,129,30.192669030011388,11.9962221821996
2263,129,25.63514922328025,12.610081157549715
2264,129,0.0,11.823736840671746
2265,129,0.0,10.61215344088256
2266,129,21.78471947592797,8.609982871638735
2267,129,17.898751560085913,7.0741341434298315
2268,129,16.492741859529758,6.51844500649087
2269,129,15.180311727995388,5.999730440048366
2270,129,14.113566752456563,5.578114420451221
2271,129,14.031200043678638,5.545563406036996
2272,129,0.0,7.415505396092887
2273,129,0.0,13.524873837541318
2274,129,0.0,17.72013099119923
2275,129,27.820217709187745,21.923206402851974
2276,129,62.00230761103853,25.17497788440783
2277,129,59.30585740504313,23.501450031100482
2278,129,51.899924817174536,20.57898393184214
2279,129,42.569612293331005,16.882145434870264
2280,129,36.92812292772629,14.637530401631826
2281,129,31.364909971379973,12.435353853802383
2282,129,28.088770438706945,11.13822778264956
2283,129,26.43109765171303,10.488826546285537
2284,129,25.872150678473815,10.262179241402249
2285,129,25.62851909715036,10.167030217987135
2286,129,27.665913524554497,10.994097004875872
2287,129,19.16541236233016,11.459339876141934
2288,129,0.0,10.683438022113174
2289,129,25.481802558079636,10.07113380923826
2290,129,21.93719303748054,8.670200401786486
2291,129,17.812092690380865,7.039836525393431
2292,129,16.492061340233732,6.518132437281164
2293,129,15.17613380112337,5.998055581632931
2294,129,13.316723615357517,5.263158451508782
2295,129,13.459904015267199,5.319752747016568
2296,129,0.0,7.028159308149493
2297,129,0.0,13.629169347511947
2298,129,0.0,18.210228668407726
2299,129,22.34676733660379,21.711907310362545
2300,129,60.73415236499713,25.00690726210926
2301,129,58.82810097557467,23.31492189437246
2302,129,51.727816063714016,20.500649608473886
2303,129,44.19456648855302,17.521013645496726
2304,129,38.37457837063951,15.206957039447499
2305,129,32.85186786750671,13.0299565915569
2306,129,29.465517755848936,11.691581125626724
2307,129,29.349357842569646,11.647976268183735
2308,129,29.230371721357784,11.59293099397276
2309,129,30.712933661828146,12.171997273525703
2310,129,38.237543244274974,15.158616880476687
2311,129,60.50957730860418,25.282530256529068
2312,129,22.5989169843146,18.92429680258157
2313,129,0.0,13.860011309518187
2314,129,0.0,10.516371116271134
2315,129,0.0,8.322586284634209
2316,129,0.0,7.80989438499916
2317,129,0.0,6.951546479663613
2318,129,0.0,6.725385663565279
2319,129,0.0,7.688623852051255
2320,129,0.0,11.879516377158241
2321,129,0.0,22.99888988144434
2322,129,30.55321086323559,28.89514452493111
2323,129,81.1288195894484,36.95097728304392
2324,129,102.51338037272006,40.92972499649172
2325,129,63.08962392844464,25.009510010083847
2326,129,56.35775948793764,22.343091543761723
2327,129,46.80868526302362,18.55983879132321
2328,129,38.05621161922801,15.094868688877641
2329,129,33.14775681316462,13.145731830050238
2330,129,29.17487787968298,11.572103550178062
2331,129,28.00373681793289,11.117298326045793
2332,129,28.29305179307795,11.231628936593033
2333,129,28.43008344551734,11.286956737974315
2334,129,34.02029537421214,13.517014460688953
2335,129,55.8526285092249,23.61990463424144
2336,129,22.77528415752883,18.88596990230039
2337,129,0.0,14.374031484094196
2338,129,0.0,10.736136275056277
2339,129,0.0,8.99447993623268
2340,129,0.0,9.900705158738143
2341,129,0.0,9.856602843820976
2342,129,0.0,8.78906276571157
2343,129,0.0,9.030442721295898
2344,129,0.0,13.426087624680699
2345,129,0.0,24.33508972257326
2346,129,21.113514062257366,26.676307468100653
2347,129,68.37552623712995,32.2265046911066
2348,129,91.82123046358726,36.661540900479864
2349,129,59.68430339020614,23.665914878169797
2350,129,54.5198298875782,21.625964831218084
2351,129,45.41879585907793,18.032453106994286
2352,129,36.2674270374157,14.407503690820565
2353,129,29.28882149288725,11.63905727337225
2354,129,26.287714684144703,10.449476609810697
2355,129,25.160529720722025,10.005121879408275
2356,129,25.091002212093372,9.982261988478312
2357,129,26.305325023912474,10.44840876528124
2358,129,32.19288746365834,12.800653412681346
2359,129,55.65593129403723,23.680235293100218
2360,129,23.971219845158487,19.973422320426415
2361,129,0.0,16.085469164902616
2362,129,0.0,11.522576476942659
2363,129,0.0,9.245286924862032
2364,129,3.57532381250536,8.815882927148605
2365,129,20.47176726299682,8.09103379398612
2366,129,0.0,8.288860806314593
2367,129,0.0,9.283470760008736
2368,129,0.0,14.0800913026283
2369,129,0.0,24.59764153399862
2370,129,29.771225997244244,29.70858495259773
2371,129,73.6387878115572,34.525016583615184
2372,129,95.11434711949107,38.06656311846057
2373,129,59.65061160303975,23.638889786768107
2374,129,55.50470278442177,21.988763906733855
2375,129,45.97633868382189,18.21598004663296
2376,129,36.78660061770245,14.57243049052584
2377,129,30.887438867971184,12.230569682799304
2378,129,28.836638102070822,11.422301578709625
2379,129,28.27908265757273,11.201951767269621
2380,129,28.081752294863094,11.125140173065818
2381,129,29.959944049195997,11.872055163484589
2382,129,35.34356957540652,14.014755782151227
2383,129,54.98329350893982,23.391196029777742
2384,129,22.14428990394879,19.310943644306814
2385,129,0.0,16.34298327891499
2386,129,0.0,13.497754262111835
2387,129,0.0,11.366989601984852
2388,129,0.0,10.651739606801925
2389,129,0.0,9.909936998005968
2390,129,0.0,8.729240528783821
2391,129,0.0,8.481898863003856
2392,129,0.0,11.61002927916407
2393,129,0.0,22.530312591757003
2394,129,21.192657035101092,27.938113118610122
2395,129,74.33746484749548,35.31017683093044
2396,129,97.2240614488733,38.973958591857965
2397,129,62.25040567336748,24.66296637478309
2398,129,56.92998704050467,22.557837245155344
2399,129,50.271877380847485,19.917164355889945
2400,129,43.12427825727028,17.082999413980772
2401,129,35.6565505280102,14.125812015984765
2402,129,31.821156444301835,12.617944940323627
2403,129,28.761699833431464,11.409902879862509
2404,129,27.4912991424614,10.916988232855632
2405,129,27.73875107804713,11.007885927000821
2406,129,30.049947619250617,11.95694813449165
2407,129,16.444279784263216,11.453503236887062
2408,129,0.0,10.4604620022536
2409,129,0.0,9.003970788013506
2410,129,17.161912036520732,6.782855582556106
2411,129,14.369540459103547,5.679252321186623
2412,129,12.185506783190192,4.8160586581577745
2413,129,9.721766080332372,3.8423188644412867
2414,129,9.544198975039109,3.7721415969289156
2415,129,10.49183645368501,4.146672793913434
2416,129,0.0,5.730692946221779
2417,129,0.0,10.871794943568034
2418,129,0.0,14.476385113828085
2419,129,14.779603285585807,19.59316737528339
2420,129,56.379439785949614,23.660354290213878
2421,129,54.88503495766395,21.769105518120522
2422,129,50.63441526916179,20.06843840964228
2423,129,43.938083261174654,17.405760982104315
2424,129,36.04091202331006,14.275379649901803
2425,129,31.313622064068625,12.410464751632086
2426,129,28.335838593449125,11.226656393029499
2427,129,25.93204997066323,10.283512111784699
2428,129,25.19873575036513,9.987946637095613
2429,129,24.890570974257287,9.86847729030888
2430,129,26.883233491776792,10.682431213455232
2431,129,12.961278949219945,10.41474236635852
2432,129,0.0,9.859892155920532
2433,129,0.0,9.760888847255973
2434,129,21.400665723486867,8.45814916169209
2435,129,18.11021421559289,7.157669987364751
2436,129,16.12060285135186,6.371308315687386
2437,129,13.28482819162602,5.250542357162009
2438,129,12.074396441462909,4.772157735120869
2439,129,12.809168345384592,5.06254852953044
2440,129,0.0,6.546393010202746
2441,129,0.0,13.165165419119095
2442,129,0.0,17.477573917360623
2443,129,15.466401508767547,20.943625620187188
2444,129,59.986275675864675,25.04234832872291
2445,129,57.93189923704389,22.96311399094901
2446,129,50.64658752266382,20.06766276735168
2447,129,40.89050153699603,16.21060975654398
2448,129,33.405186123932396,13.23380307468678
2449,129,29.38715849599305,11.652625432781294
2450,129,27.25583355671546,10.806796628840042
2451,129,26.136818981576937,10.361077454083926
2452,129,25.194211356609486,9.995429374359741
2453,129,26.545949889793974,10.520477900422815
2454,129,31.667168427929937,12.639906040751942
2455,129,46.52907650521598,20.73127195813441
2456,129,7.700180513406707,15.671541495081271
2457,129,29.007314861406286,11.464554924417872
2458,129,21.258161247985186,8.401860159375682
2459,129,16.753969851350803,6.621668998061695
2460,129,16.016656952036357,6.330245246678485
2461,129,14.39510193634419,5.689374470294142
2462,129,14.68015481903251,5.802042113555152
2463,129,16.064702520893093,6.349206349206349
2464,129,0.0,8.220534092882032
2465,129,0.0,16.418552935805547
2466,129,3.795568786518544,21.904466480559353
2467,129,58.375069842334426,29.419585708890597
2468,129,93.3692012631191,37.528463418672274
2469,129,61.972445231727846,24.541663809918262
2470,129,57.67478355698685,22.82580837293064
2471,129,46.42002688473568,18.371851894025244
2472,129,36.304227833539926,14.385255204326558
2473,129,30.6510281737431,12.153275914595227
2474,129,28.230695815668838,11.194378603657661
2475,129,26.663264112826823,10.577183488961136
2476,129,27.21266045976023,10.793161189150936
2477,129,28.65281394513275,11.3543090270974
2478,129,35.34109339882008,14.103435784994527
2479,129,47.56164085060277,21.476020704685897
2480,129,3.2917411050235046,15.30569867599598
2481,129,0.0,10.643253285813739
2482,129,0.0,7.262975903382702
2483,129,0.0,6.1011132942549695
2484,129,0.0,6.137014694767996
2485,129,0.0,6.246040496366873
2486,129,0.0,5.845548868970367
2487,129,0.0,6.552869529481007
2488,129,0.0,10.538540338346403
2489,129,0.0,20.50519721061485
2490,129,11.324345334212893,24.545730652891027
2491,129,60.23048687932686,30.264309649813395
2492,129,91.196512866496,36.769754555652916
2493,129,58.50517694650392,23.213731647429146
2494,129,51.91213014133922,20.598798533753374
2495,129,44.90564280593645,17.815857427924193
2496,129,35.80126480084189,14.204850599176456
2497,129,29.962610015612512,11.885758389588712
2498,129,26.31878366704754,10.444466033368643
2499,129,24.831017957151147,9.86219591659438
2500,129,25.058495985089024,9.947501021402935
2501,129,26.276530577778345,10.431186390938125
2502,129,30.810737745404992,12.348470739698133
2503,129,42.50432014452343,19.587404089898236
2504,129,1.2571149956706051,13.998233331237014
2505,129,0.0,10.203316387304852
2506,129,0.0,7.577882530068182
2507,129,0.0,6.0514637956780115
2508,129,15.503824055741688,6.127565777867765
2509,129,0.0,6.154662044210729
2510,129,0.0,6.012148993406899
2511,129,0.0,6.706511227530434
2512,129,0.0,10.477011381912746
2513,129,0.0,18.810577056840486
2514,129,0.19234971345483132,21.67760945971146
2515,129,53.42182685766517,27.93063438718245
2516,129,85.21060003958425,34.360257272208464
2517,129,54.64963269317735,21.686508071091723
2518,129,49.938643679048766,19.813098643668052
2519,129,42.21610755375238,16.7506175400674
2520,129,34.238889215160384,13.589713756149104
2521,129,29.5854489326679,11.755106621038701
2522,129,26.66938505486982,10.596844433112363
2523,129,25.415548216251693,10.100141262690109
2524,129,24.91460804542811,9.909033119556442
2525,129,26.239351837890723,10.417668513735977
2526,129,32.02478679075327,12.902998283157057
2527,129,43.83619630485924,20.294249798416804
2528,129,3.2509617642162425,15.484834076342723
2529,129,0.0,10.83146179213207
2530,129,0.0,8.797678666802327
2531,129,0.0,7.414730175906631
2532,129,0.0,7.449147124035655
2533,129,0.0,6.037328940308187
2534,129,0.0,6.027619602673296
2535,129,0.0,6.742571076509087
2536,129,0.0,10.103577272092684
2537,129,0.0,18.322392125770378
2538,129,4.270501187566111,22.674810309466608
2539,129,54.91367621847232,28.65136904030321
2540,129,87.8846740370065,35.519492013266856
2541,129,58.81112209945272,23.326621570461977
2542,129,53.34754572859168,21.138576122528743
2543,129,45.51339603825255,18.03995123364249
2544,129,37.11353339722123,14.70285151633223
2545,129,30.982570591259417,12.27166230296927
2546,129,29.141980644130427,11.53957815996334
2547,129,27.838837393364457,11.026841024467542
2548,129,25.755637040163037,10.203498218635227
2549,129,25.620248016096525,10.16032667858697
2550,129,30.456284837075742,12.219869213900955
2551,129,43.100877170076046,19.98290695034006
2552,129,4.911964375502009,16.089615299989728
2553,129,0.0,12.671710215423435
2554,129,0.0,9.304549568959795
2555,129,0.0,6.92096484452285
2556,129,0.0,6.731807216728754
2557,129,0.0,5.797157936211723
2558,129,0.0,5.377445651876618
2559,129,0.0,5.499989721018741
2560,129,0.0,8.773040478238334
2561,129,0.0,16.846154754691277
2562,129,0.0,21.64349395990614
2563,129,46.38766136521966,25.837797289006634
2564,129,74.57946740859711,30.371231720981886
2565,129,52.12020282784735,20.67996998492016
2566,129,48.8486242713293,19.35014031687187
2567,129,42.33824750853188,16.770154810299108
2568,129,36.636657304701004,14.528188818201134
2569,129,32.74829354786135,12.983331345297547
2570,129,28.776704669354558,11.418220404889551
2571,129,26.701297234737353,10.601428170047184
2572,129,26.11357799477787,10.377186090461052
2573,129,25.485690449741583,10.11867753826471
2574,129,26.02182628628924,10.568395318801862
2575,129,1.6685295367118158,8.91473982374643
2576,129,0.0,7.662212979269903
2577,129,0.0,6.662959738850966
2578,129,0.0,5.044720946909047
2579,129,0.0,3.968253968253968
2580,129,0.0,4.299097127980814
2581,129,0.0,4.511353399441083
2582,129,0.0,4.396152835776531
2583,129,0.0,4.673348344641442
2584,129,0.0,6.425904591628591
2585,129,0.0,10.847658827472221
2586,129,0.0,13.837605865233831
2587,129,0.0,17.025221379779563
2588,129,47.696780475746436,21.012367883229892
2589,129,51.38777970221042,20.41340434984016
2590,129,46.40803912942815,18.408475015326715
2591,129,41.23515002279632,16.35024829891379
2592,129,34.48353981992369,13.67834800738874
2593,129,29.33906741440495,11.650846258104773
2594,129,26.96590441505009,10.709426568680895
2595,129,24.406909831164114,9.695729967527358
2596,129,23.983346252350657,9.517978840314637
2597,129,24.397499445818482,9.673609119062009
2598,129,25.14118559696854,10.178954408394384
2599,129,0.46317745285406886,8.905970880848995
2600,129,0.0,8.797289085564108
2601,129,0.0,8.581860127432043
2602,129,0.0,7.294061651195078
2603,129,16.020319386296222,6.331701114888255
2604,129,15.545977996531235,6.144236673865414
2605,129,13.99359169507619,5.530679662218856
2606,129,13.746356959206452,5.432983535414767
2607,129,0.0,5.973242864499541
2608,129,0.0,8.11448386641208
2609,129,0.0,14.549620381923557
2610,129,0.0,16.566125218109303
2611,129,1.909494458157468,18.881850048034853
2612,129,51.106821789367984,22.30387458532265
2613,129,56.27597094714787,22.33616893155468
2614,129,48.98765082841905,19.414205813363505
2615,129,39.4608637811622,15.645486996284582
2616,129,32.050749080177354,12.714477054543135
2617,129,27.75041558893321,11.014894614795681
2618,129,25.81938651539417,10.249401591843537
2619,129,24.742427206604134,9.823767846090247
2620,129,25.87696458666855,10.274471764324085
2621,129,27.968601059214393,11.093139487373099
2622,129,30.54926345345166,12.43825742802708
2623,129,38.30563749765403,18.785231531594675
2624,129,1.771407858786489,16.637416020565645
2625,129,36.27338940489011,14.336353176147076
2626,129,31.051690538909327,12.272585985044406
2627,129,29.05473696257843,11.483301618736352
2628,129,28.844499805639856,11.40020711115926
2629,129,26.625791899132167,10.52331032406232
2630,129,23.58018255048222,9.319610766479565
2631,129,4.068524464372558,9.640148328197101
2632,129,0.0,11.92726362608019
2633,129,0.0,21.441933915244974
2634,129,7.035798846658281,25.610636763638617
2635,129,59.154157518239714,31.02243994079951
2636,129,93.29574009706221,37.831646113211946
2637,129,61.133133421218844,24.25478207988783
2638,129,52.37666044715539,20.75486033591165
2639,129,40.96549826346774,16.239058277255253
2640,129,33.077663591356554,13.106614158117695
2641,129,29.10746084683069,11.544351269018104
2642,129,27.221542174931557,10.793248676216571
2643,129,27.611637382161547,10.943943991215564
2644,129,27.39230173565943,10.854967850838452
2645,129,28.84203683357356,11.423309723070899
2646,129,33.48231596240936,13.65941406621893
2647,129,39.38632422676491,19.668382448636418
2648,129,0.0,15.112478859215756
2649,129,0.0,11.444362380906822
2650,129,0.0,7.880648090448174
2651,129,0.0,7.34516395859308
2652,129,0.0,6.904398277346497
2653,129,0.0,6.571591704797859
2654,129,0.0,5.800022504171637
2655,129,0.0,6.6136976623999075
2656,129,0.0,10.276675511569934
2657,129,0.0,19.27206196915457
2658,129,3.031722809424764,23.476559003752598
2659,129,53.66949922371944,28.86494153467406
2660,129,89.5136236213645,36.421667224010626
2661,129,60.916221314847974,24.1918967844372
2662,129,56.70620215281019,22.506142067497507
2663,129,46.96518962946783,18.63779490246962
2664,129,38.17364817330926,15.15168651825999
2665,129,32.90082276975781,13.05850493507352
2666,129,30.113017728790936,11.956696939784118
2667,129,28.98058724214181,11.511454694230709
2668,129,27.91588580680937,11.083769945027152
2669,129,30.232487820807563,11.992453174615198
2670,129,32.050943417335276,13.150071303859926
2671,129,37.48826342186007,18.84471243587222
2672,129,0.0,13.163991102105344
2673,129,0.0,9.181035232110622
2674,129,0.0,7.1192807011450485
2675,129,0.0,5.857609406541824
2676,129,0.0,5.270298359500762
2677,129,0.0,4.591626795851181
2678,129,0.0,5.117488872517187
2679,129,0.0,5.95689744293524
2680,129,0.0,9.66121157611546
2681,129,0.0,17.61402216289059
2682,129,0.0,22.79149883754781
2683,129,54.395108938670944,29.466573985767532
2684,129,91.82355040685408,37.28974249891337
2685,129,61.4095879047909,24.382279952921046
2686,129,56.39683887702418,22.36550408528742
2687,129,46.42761674897855,18.413917505854744
2688,129,37.830296020366916,15.01484846009818
2689,129,32.833887941723816,13.055042603976519
2690,129,29.68628312535415,11.809831299216125
2691,129,28.735259398064983,11.420171283020391
2692,129,27.693292537982472,11.015247360412168
2693,129,29.581958791130347,11.746752931225249
2694,129,31.234796334040027,12.96645181131513
2695,129,37.908074172957384,19.151902555535756
2696,129,0.0,13.877388023577414
2697,129,0.0,9.755690112708177
2698,129,0.0,7.377939247769041
2699,129,0.0,6.529279315192888
2700,129,0.0,6.706487165809651
2701,129,0.0,5.946962984585362
2702,129,0.0,5.529633026672601
2703,129,0.0,6.370922295665411
2704,129,0.0,9.288263294033904
2705,129,0.0,18.629540411729074
2706,129,0.0,22.518086757168938
2707,129,50.304691771366095,27.87281992435831
2708,129,88.38417039020285,36.0050054238949
2709,129,59.49955561220932,23.631946377791834
2710,129,56.202283980177015,22.277069368697894
2711,129,48.67453444146719,19.296175978839308
2712,129,40.036063178913395,15.869336617166212
2713,129,34.240906052676934,13.575481315105487
2714,129,30.259502735926702,11.995020506226732
2715,129,28.74229772325876,11.398843548102455
2716,129,27.019116233525153,10.71319411603945
2717,129,27.983032458404722,11.091854424383264
2718,129,31.201141330395643,12.857782331646987
2719,129,39.94941196305746,19.920810941162802
2720,129,0.0,16.081161789852416
2721,129,0.0,13.005493170380015
2722,129,0.0,10.140227865717986
2723,129,0.0,8.975962993501126
2724,129,0.0,9.099035986098055
2725,129,0.0,7.772246889338233
2726,129,0.0,6.878023121203664
2727,129,0.0,7.040510541813263
2728,129,0.0,10.137617966280727
2729,129,0.0,19.25359656173294
2730,129,0.0,22.572952103279512
2731,129,46.10919121344992,26.76735221640461
2732,129,78.89192962140612,32.399407527672935
2733,129,51.833575292224765,20.601026329426965
2734,129,47.786557245697026,18.94518834749809
2735,129,43.06980082107614,17.0626014654862
2736,129,36.92644530857336,14.647266189551617
2737,129,31.48645179004106,12.4937692306131
2738,129,28.125315865725753,11.16420318349805
2739,129,27.135651120488546,10.778804341806872
2740,129,28.024796213539815,11.138251144758298
2741,129,26.56138692941923,10.543799392068914
2742,129,25.804070143358615,10.90629564234867
2743,129,0.0,9.485578318445517
2744,129,0.0,8.633519459335107
2745,129,0.0,7.877559751021855
2746,129,0.0,6.629243392696583
2747,129,0.0,5.3930115081982155
2748,129,0.0,5.87017551812793
2749,129,0.0,6.122563808122253
2750,129,0.0,5.960314688539975
2751,129,0.0,5.882300549977313
2752,129,0.0,8.112525002545176
2753,129,0.0,13.178461072528975
2754,129,0.0,14.908264669267028
2755,129,0.0,17.539660776788164
2756,129,46.186905781237186,21.16353179536247
2757,129,55.60574319681422,22.1251807663943
2758,129,51.649972950283285,20.50894112397315
2759,129,45.53084143472219,18.077887553227722
2760,129,37.36497277984796,14.822911776150544
2761,129,33.05745317887343,13.121618274290272
2762,129,28.853779620629183,11.457911418169875
2763,129,27.31545218933462,10.843006619421152
2764,129,26.24482614946544,10.414099976043309
2765,129,27.216873962547794,10.79255785529197
2766,129,24.372800781858217,10.31073964121234
2767,129,0.0,8.138089611453948
2768,129,0.0,7.517234206403326
2769,129,0.0,6.643672562588881
2770,129,13.54272363258957,5.352474878514202
2771,129,13.530225547331298,5.347529952817705
2772,129,13.211745057020607,5.221648750075176
2773,129,11.042907194443785,4.364459320188025
2774,129,11.647248834968593,4.603327198910686
2775,129,12.68860133247074,5.01488757481894
2776,129,0.0,7.140581325218819
2777,129,0.0,11.930942079650203
2778,129,0.0,14.206882542708312
2779,129,0.0,17.074530073433827
2780,129,50.10591641091011,22.674601888489
2781,129,60.40010730229639,24.00169778020607
2782,129,52.364503817567964,20.761438312514528
2783,129,41.937467199645084,16.633469115220162
2784,129,36.921646889251036,14.632681953794794
2785,129,32.85502908151727,13.030049492861316
2786,129,29.13178277673012,11.55508000615809
2787,129,26.851569203522274,10.645844019608242
2788,129,26.166346630372317,10.375008675531523
2789,129,25.179165609021226,9.98370151419102
2790,129,22.001918338165893,9.682751284853405
2791,129,0.0,7.287410315488436
2792,129,0.0,6.985135481852703
2793,129,16.74391586122681,6.617678960227354
2794,129,13.430638762667257,5.308178962177909
2795,129,13.315939002897181,5.2628377457890245
2796,129,12.667896157349645,5.006691864485141
2797,129,10.66932348294003,4.216801761111619
2798,129,11.658178624411875,4.607637850619592
2799,129,12.236906961305749,4.836375402533726
2800,129,0.0,6.249285980860583
2801,129,0.0,10.484980513591257
2802,129,0.0,12.966350501298463
2803,129,0.0,15.716401174659094
2804,129,44.56309118063828,21.014679589126686
2805,129,59.37078454309841,23.612083850729327
2806,129,52.97842567758693,20.999498724830158
2807,129,43.40808231201976,17.20782966849547
2808,129,35.64302464948099,14.128536082822965
2809,129,30.894242859936583,12.263177234990028
2810,129,27.506487248956546,10.921916705587893
2811,129,26.534273344893222,10.529618178166327
2812,129,25.906167829226945,10.275641626448593
2813,129,27.52951933699066,10.916075559417187
2814,129,28.580541129812786,12.202408318654756
2815,129,26.825173461627827,15.783919616203283
2816,129,0.0,11.27087285497094
2817,129,0.0,8.328295650752343
2818,129,15.726262841841532,6.215481234356446
2819,129,13.897583594388863,5.492730620171632
2820,129,12.751308117792348,5.039683442107039
2821,129,12.748226087325065,5.038447197239904
2822,129,11.469432640769384,4.533042263410443
2823,129,0.0,5.0156516339829125
2824,129,0.0,8.014401321262891
2825,129,0.0,17.017932382933484
2826,129,0.0,20.93948294964315
2827,129,45.301956234151675,26.42979098097887
2828,129,84.9389058587775,34.934038818341676
2829,129,62.667670962742505,24.919642077078272
2830,129,56.001927698424936,22.221973690702363
2831,129,45.87684315281848,18.199604341396448
2832,129,35.582488084447306,14.124105744677575
2833,129,30.01716749308514,11.91535359735433
2834,129,27.54146490548237,10.93572715886383
2835,129,26.125995638352606,10.382038810368217
2836,129,25.16426024260099,10.003129423315578
2837,129,26.981586554104098,10.70531811282447
2838,129,26.314220529215504,11.303280433715525
2839,129,19.255475045770964,12.588826686640097
2840,129,0.0,10.134747311358453
2841,129,0.0,7.356900678673752
2842,129,13.491769941758491,5.332351097779397
2843,129,10.724837846669999,4.238784782451564
2844,129,10.655309946290714,4.211307172055615
2845,129,8.829841839304464,3.4898306269962642
2846,129,10.075575172898255,3.982185088009226
2847,129,0.0,4.413065856156378
2848,129,0.0,7.185490687348805
2849,129,0.0,15.083616143126713
2850,129,0.0,19.70814362523157
2851,129,40.24664181778448,24.819217264198446
2852,129,77.68878358470843,32.049213545857185
2853,129,55.793451489378754,22.193740952605992
2854,129,51.39481034048643,20.367931379262238
2855,129,43.87413388131023,17.39323577218928
2856,129,35.22166438175489,13.978121762687607
2857,129,30.306361757819644,12.013619707460588
2858,129,26.885419371296848,10.658136066540626
2859,129,24.88898146839702,9.87137763247653
2860,129,24.325629762980583,9.675171272632312
2861,129,26.18704562582508,10.39934794539142
2862,129,24.346061428367705,10.705777383467742
2863,129,19.16445652059906,12.704490430412172
2864,129,0.0,9.959075986564564
2865,129,0.0,7.22497055137725
2866,129,13.362281025251832,5.281186659773157
2867,129,11.267915401834472,4.453424127535654
2868,129,11.596797887833077,4.583393597468708
2869,129,10.16716927834338,4.018368214672436
2870,129,9.117422157782329,3.6034785237355464
2871,129,0.0,4.373255223566079
2872,129,0.0,8.43973344545511
2873,129,0.0,17.775530380222406
2874,129,0.0,22.210285795613046
2875,129,45.29862641632931,26.867571223452885
2876,129,77.63457141258456,32.085230580424835
2877,129,54.50950492459228,21.674790804911844
2878,129,49.29667944846727,19.518094002640005
2879,129,43.406904000892865,17.175308420299316
2880,129,37.12310543296127,14.703199109473552
2881,129,31.78486652328516,12.588759389996689
2882,129,28.364343483879395,11.238025972771952
2883,129,26.120642686212392,10.35010180540627
2884,129,24.531511006490092,9.717441425754584
2885,129,25.13908962957956,9.95874012015277
2886,129,25.277653134430977,10.980946393451573
2887,129,27.77397525558456,16.136035082425465
2888,129,18.53206358110171,14.098577412861927
2889,129,30.097445393963085,11.89550646560392
2890,129,25.105850208944958,9.922625593774114
2891,129,23.941820866241414,9.462557009256573
2892,129,25.38871164674461,10.034400403890197
2893,129,23.062360025871698,9.114950209641764
2894,129,20.119322974775145,7.951770119382827
2895,129,19.415007045424204,7.673393805446585
2896,129,0.0,9.3479016553282
2897,129,0.0,18.03863386903459
2898,129,0.0,21.399111884331663
2899,129,38.20067249061765,24.796393239659867
2900,129,78.63706956769789,32.69962059656067
2901,129,56.173608073482484,22.34738866587007
2902,129,50.377432617104034,19.95315378723509
2903,129,43.33886867130232,17.154116112847248
2904,129,37.247541401960405,14.755840121402244
2905,129,31.680938944031567,12.552303142206403
2906,129,28.06441401853732,11.121795720656378
2907,129,26.812425037643806,10.629219711478457
2908,129,27.24779092104157,10.80011707944891
2909,129,26.210567241164995,10.391310014227761
2910,129,21.30328615555399,9.67086788964341
2911,129,0.0,7.538751304638383
2912,129,0.0,7.530858512753981
2913,129,0.0,6.853442542804896
2914,129,14.98401532259308,5.922088522986276
2915,129,12.91483413854877,5.1042931578583675
2916,129,12.504283039199038,4.942034612752335
2917,129,12.079306976552573,4.774084742722509
2918,129,12.767540366848351,5.046094695227977
2919,129,0.0,5.788154372495103
2920,129,0.0,10.007224376914444
2921,129,0.0,15.380871674594474
2922,129,0.0,17.00639750371534
2923,129,0.0,18.591980598585554
2924,129,44.664642111925446,21.552376830836433
2925,129,52.49080244786697,20.912522195099434
2926,129,46.852275800311816,18.570285787401613
2927,129,41.00294613298772,16.250401510346233
2928,129,33.36443587394555,13.214229792400547
2929,129,29.858874406997415,11.833297523339185
2930,129,28.00505944287579,11.096003276127462
2931,129,26.440282747095978,10.46952012711495
2932,129,25.04543575712148,9.922835359136323
2933,129,24.800638474101078,9.829528884769775
2934,129,20.758544077171592,9.499248420596839
2935,129,0.0,6.9714663521253515
2936,129,0.0,6.588831737261661
2937,129,0.0,6.564269506116604
2938,129,14.270842906547898,5.6402521614744066
2939,129,13.602667167052829,5.37616195546554
2940,129,12.625629417442497,4.9900051378501145
2941,129,11.411834036255897,4.510280449110686
2942,129,11.853984711756027,4.6850318804923
2943,129,0.0,4.503104707654117
2944,129,0.0,5.458427028696395
2945,129,0.0,8.992498816926316
2946,129,0.0,11.657879566027006
2947,129,0.0,14.097880314295468
2948,129,37.3836933678362,18.709084137868224
2949,129,51.59681136752425,20.556754349063176
2950,129,47.01900359819433,18.638375037187462
2951,129,39.39275937724318,15.61393696550372
2952,129,33.29349672747739,13.201062095540221
2953,129,28.474411416976153,11.294126643819318
2954,129,25.279545199420994,10.032571544594614
2955,129,24.0015965924556,9.522896511414737
2956,129,23.512780181107473,9.32279788027756
2957,129,24.88801707715993,9.868612437226549
2958,129,22.6775164757278,10.234671002106992
2959,129,17.375106977457477,12.669351566542222
2960,129,6.853648074383045,10.096755522090167
2961,129,20.227539376783454,7.994483047560355
2962,129,14.568558674909582,5.7578905852539135
2963,129,12.318177460034718,4.868476450456809
2964,129,12.37586156114645,4.891284666593092
2965,129,11.588287193621483,4.5800252495991325
2966,129,10.996443139887901,4.34610664905038
2967,129,12.171448820112118,4.810506378147245
2968,129,0.0,8.3381792825363
2969,129,0.0,17.39522365270423
2970,129,0.0,19.733023121929257
2971,129,33.50711300844367,23.070094426586163
2972,129,69.38810260813355,29.183344618756166
2973,129,52.440665621034555,20.89384764120777
2974,129,47.412533242024324,18.78823174477969
2975,129,38.71121545713052,15.341180568983484
2976,129,29.289536334779598,11.605984441916508
2977,129,23.522224696193916,9.330026692539183
2978,129,22.152042557948448,8.78733993259975
2979,129,21.05015142725364,8.349539818421823
2980,129,20.87071794205997,8.278607961132844
2981,129,21.72144416213584,8.61828941125544
2982,129,20.365947631447057,9.617563313896232
2983,129,13.80680572455617,11.948491458886682
2984,129,0.0,9.129173434149068
2985,129,0.0,7.355338078263702
2986,129,0.0,5.686528689207729
2987,129,0.0,4.683627113990339
2988,129,12.345001861053362,4.879119864997561
2989,129,12.270190172060325,4.849567759507949
2990,129,11.611515639181391,4.589241964129245
2991,129,0.0,5.091518697899734
2992,129,0.0,8.284832503813202
2993,129,0.0,16.874978199082538
2994,129,0.0,19.587334788832663
2995,129,30.48995356756734,21.902922516752394
2996,129,66.2917264226266,28.010149206883092
2997,129,48.871263995071246,19.50385984143848
2998,129,46.190450857899634,18.305285597796463
2999,129,38.9141052297326,15.419135422707999
3000,129,31.175688311993355,12.354935375048882
3001,129,25.8953405561968,10.258775675913267
3002,129,23.165090179837478,9.182008923088095
3003,129,22.29934403720435,8.845559165312682
3004,129,22.92922727430735,9.096812351082718
3005,129,24.21586496457806,9.606493347302358
3006,129,20.605858885527795,9.628570937816452
3007,129,14.070336516880388,11.716103053288114
3008,129,0.0,9.687777072877166
3009,129,0.0,7.388136873563785
3010,129,0.0,6.16002715952667
3011,129,0.0,5.066900869492554
3012,129,0.0,4.8448488829567165
3013,129,0.0,4.147970843773255
3014,129,0.0,4.177345268889352
3015,129,0.0,4.490431512126797
3016,129,0.0,7.454798618713103
3017,129,0.0,14.934841511767653
3018,129,0.0,18.373488453384
3019,129,31.11765316504389,22.632419317349903
3020,129,70.36238081015256,29.631624380114122
3021,129,54.18290795849501,21.610054400036592
3022,129,50.68922913280005,20.07183054285378
3023,129,42.10285497577715,16.681669245715216
3024,129,33.72464853848811,13.364614379901663
3025,129,28.939204224144532,11.462936538082033
3026,129,27.620312266908087,10.935900498424175
3027,129,25.46132484300756,10.08374024512439
3028,129,23.559639035699576,9.345909607092928
3029,129,23.976808049884113,9.513075794069858
3030,129,18.83191861816158,9.154859740554015
3031,129,11.538291978482107,10.874942635689866
3032,129,0.0,9.4854260990084
3033,129,0.0,7.7157393122070825
3034,129,0.0,5.7954026872903475
3035,129,0.0,4.569644883430304
3036,129,0.0,4.259024347761652
3037,129,0.0,3.668767313603177
3038,129,0.0,3.5627115448871645
3039,129,0.0,4.713157978616
3040,129,0.0,8.514988337238517
3041,129,0.0,18.26765298273412
3042,129,0.0,22.186028222325135
3043,129,38.40774887128262,25.556010188524137
3044,129,71.52697225348703,30.11228309802961
3045,129,52.13486731041783,20.78434308332251
3046,129,49.10591367028516,19.43677325268687
3047,129,42.392730434546166,16.775516963178454
3048,129,34.63111418164999,13.703298490053948
3049,129,28.636115757969094,11.33965157443548
3050,129,25.098115424629697,9.943612884956307
3051,129,23.767834931636145,9.408678120688792
3052,129,22.9964572476824,9.106097748857088
3053,129,23.4325231269068,9.288774460651672
3054,129,18.36755558565173,8.866767248596075
3055,129,15.118585774114734,12.363485810735257
3056,129,0.0,11.248738762878386
3057,129,0.0,8.910454145283156
3058,129,0.0,7.371909097400141
3059,129,0.0,6.811756467701769
3060,129,0.0,7.46009458047112
3061,129,0.0,6.675250250632156
3062,129,0.0,6.123381349350131
3063,129,0.0,6.198517515025595
3064,129,0.0,7.872228512715403
3065,129,0.0,14.556335092332548
3066,129,0.0,17.54303332795786
3067,129,24.133774105184358,20.78546326321138
3068,129,61.23050132599417,26.32449234928894
3069,129,48.45675743072775,19.34683424246846
3070,129,46.674888483522636,18.475973302999183
3071,129,42.29408675413282,16.739957901882615
3072,129,35.58802763728508,14.095274974125303
3073,129,31.131760331582825,12.327147484544275
3074,129,27.51268648459515,10.89679704311487
3075,129,25.824801367569705,10.231997162448513
3076,129,23.679316131797634,9.38060363382149
3077,129,24.10298723836135,9.561821763007291
3078,129,14.613884135577848,7.715286236149378
3079,129,0.0,5.272431847026372
3080,129,0.0,5.240472883631127
3081,129,0.0,4.595882424378679
3082,129,0.0,4.004512128834787
3083,129,8.67520848293779,3.4287122734700475
3084,129,9.053705971147963,3.578298386180407
3085,129,8.555759847286737,3.3814965205887217
3086,129,8.862853248682967,3.502865108519119
3087,129,0.0,3.998847011106062
3088,129,0.0,6.7501781526277105
3089,129,0.0,11.324314808343555
3090,129,0.0,13.374634304418013
3091,129,0.0,15.026553859341812
3092,129,33.20108759926299,18.199284763857637
3093,129,48.70760023248266,19.458644002993566
3094,129,43.89769813180422,17.372677242910058
3095,129,38.71189808308273,15.31965480915362
3096,129,32.609316270011846,12.905455529024248
3097,129,27.758080933296014,10.994977280859779
3098,129,24.460860546078322,9.688341393287208
3099,129,22.500042207887816,8.908776195004512
3100,129,21.680882154150538,8.581580182534188
3101,129,20.80148280727201,8.246647954383286
3102,129,12.26017451972794,6.920601329383409
3103,129,0.0,5.111265131622918
3104,129,0.0,5.482686812142239
3105,129,13.747771298103117,5.433523797811088
3106,129,10.822226343194075,4.2772619935539105
3107,129,8.652294890737267,3.419642470433768
3108,129,8.099839546705567,3.2013021974603486
3109,129,8.32435647721752,3.2900380138366008
3110,129,9.020059327728092,3.5649983012189117
3111,129,10.00784398181409,3.955397377925345
3112,129,0.0,4.79837361101507
3113,129,0.0,8.123394482762638
3114,129,0.0,10.654645806995457
3115,129,0.0,13.092978378317842
3116,129,32.85454136408106,18.10256348257695
3117,129,48.873237762038,19.51951252879764
3118,129,43.33479475254265,17.165087997558935
3119,129,37.35082353736274,14.791948427680067
3120,129,30.037719837341825,11.900447174511493
3121,129,24.701677779592757,9.78003763731729
3122,129,22.40721479022767,8.876654990730522
3123,129,21.97950925025438,8.707600620819475
3124,129,21.82540362839447,8.643264085469529
3125,129,21.75286248790087,8.623791824237612
3126,129,15.432456257826743,7.997458095669579
3127,129,9.735877686487981,10.85773815875966
3128,129,24.56206264432126,9.707658813341412
3129,129,19.53257466647429,7.7198409512905055
3130,129,14.295229168435952,5.649879608923124
3131,129,13.255975848196044,5.239144154952031
3132,129,14.64111161226711,5.7865801975821265
3133,129,14.290154979583747,5.647872210705523
3134,129,14.128885598609031,5.5841411502497005
3135,129,15.573434578481482,6.155066539614428
3136,129,26.326266939555865,10.404873530442913
3137,129,0.0,19.597602748361325
3138,129,0.0,20.404656772129442
3139,129,29.726857826215536,22.96165286617185
3140,129,64.84318420637791,27.879934062200867
3141,129,52.29497571917818,20.894813593706456
3142,129,49.43458350597396,19.579321117815116
3143,129,41.41158982233861,16.400340926266306
3144,129,33.89194498569026,13.4295393421867
3145,129,27.972433194076274,11.08654573464218
3146,129,25.424481083980766,10.07607462570573
3147,129,24.094737430274904,9.553968117909482
3148,129,23.81590130167055,9.440317398961055
3149,129,24.701630407136577,9.799569362648015
3150,129,16.58037682894431,8.878557165529276
3151,129,8.583660391192183,11.184749551598584
3152,129,0.0,9.174022798392409
3153,129,19.890740976769905,7.861389617863663
3154,129,14.684020090580674,5.803548628002369
3155,129,12.400988350648845,4.901240011020415
3156,129,12.27831804594004,4.8527558266297355
3157,129,11.784223190947074,4.657478587255361
3158,129,12.40449998313764,4.902630327384328
3159,129,14.434671747334704,5.705029781427814
3160,129,0.0,9.559924273612804
3161,129,0.0,18.788728302123957
3162,129,0.0,21.769287315496694
3163,129,36.709940133459185,25.65720275366047
3164,129,65.93335563080771,28.31765849758076
3165,129,46.789706509510864,18.75122016280079
3166,129,43.878686280585555,17.38122563616386
3167,129,37.620322990679966,14.905416145821096
3168,129,30.17225166588844,11.94798278016905
3169,129,25.294033170283114,10.018802636559185
3170,129,22.961076252688173,9.101362358709101
3171,129,23.107077020576128,9.157901143989335
3172,129,22.399576844417624,8.880573844135387
3173,129,23.50192047661892,9.327732153674651
3174,129,15.652038209548635,8.332405572628796
3175,129,10.68641345285215,11.53557448125037
3176,129,0.0,9.8399959154722
3177,129,0.0,7.966662406868897
3178,129,16.371793159397185,6.47062957692466
3179,129,14.222552070496164,5.621179878158442
3180,129,14.103754149140002,5.574224023647052
3181,129,13.059574434837629,5.161538988417055
3182,129,13.454806523167662,5.3177643591280495
3183,129,0.0,5.812566308338119
3184,129,0.0,9.618796516105688
3185,129,0.0,17.17533683730965
3186,129,0.0,19.12267600746866
3187,129,23.481167466893993,20.912598622778816
3188,129,61.665103510762265,26.651518873810566
3189,129,50.3506081139804,20.168945015950577
3190,129,50.73981853907483,20.102142331738744
3191,129,43.2804392212347,17.14249917839761
3192,129,33.56555157525776,13.286817469258201
3193,129,29.475583510009784,11.672612470106088
3194,129,26.01888944496622,10.305265394755178
3195,129,24.18412531620362,9.577808434236118
3196,129,22.968948552694712,9.094094725994347
3197,129,23.07621431887341,9.154893378631108
3198,129,11.95335079223625,7.211843887747625
3199,129,0.0,5.086124059739303
3200,129,0.0,5.342091721979991
3201,129,0.0,5.404011612904331
3202,129,11.355959295460849,4.488212276799053
3203,129,8.988795775106695,3.552639878990836
3204,129,8.59824014269961,3.398283612268121
3205,129,8.540113907244518,3.375313663347104
3206,129,8.932301565298673,3.5303180438689736
3207,129,9.833731143960023,3.886600522935506
3208,129,0.0,5.217334289286019
3209,129,0.0,8.937917000403427
3210,129,0.0,11.80126469637316
3211,129,0.0,14.11414661620124
3212,129,32.731476723064645,18.517078861092482
3213,129,53.574364605644575,21.410964746910476
3214,129,47.64547893849169,18.870118753278057
3215,129,39.65027593098824,15.69980426291696
3216,129,34.258827472889664,13.563179926681398
3217,129,28.714316536895268,11.37639525317627
3218,129,26.367047101498287,10.448641370261026
3219,129,23.689473690527763,9.38465237138068
3220,129,21.626022156461033,8.569112412833197
3221,129,21.240975306593413,8.433004645150858
3222,129,11.064591432308646,6.7916132450863245
3223,129,0.23090684831217345,8.067328801690646
3224,129,0.0,7.875295814787292
3225,129,0.0,7.580984289767173
3226,129,15.051697242562057,5.9488721763200285
3227,129,11.456858849044238,4.528098424606152
3228,129,11.554467589739659,4.56668384861087
3229,129,12.525655373760713,4.950516721596804
3230,129,14.48166651686833,5.723591737390503
3231,129,15.556507352144422,6.148402933208879
3232,129,22.43359292571867,8.86641666690714
3233,129,0.0,14.983868676554275
3234,129,0.0,18.49624453761465
3235,129,26.66617681813932,22.68604030293417
3236,129,66.72668972682771,28.8195892481391
3237,129,50.92222999620333,20.368373919421163
3238,129,48.904688568217836,19.366492416410217
3239,129,41.570028348733246,16.460706095581784
3240,129,35.618069634022476,14.106039301086899
3241,129,31.039433358127866,12.291805949153439
3242,129,27.171506641447962,10.759667918780375
3243,129,25.04959718518407,9.923317539810787
3244,129,23.48372874338267,9.304424801825151
3245,129,22.25041672158312,8.842259437064596
3246,129,10.564981732898104,6.8388784672661105
3247,129,0.0,5.223695074555391
3248,129,0.0,5.334923852850704
3249,129,0.0,5.14447102386162
3250,129,10.842379457795204,4.285251796656686
3251,129,8.71243001106592,3.4434319097141195
3252,129,8.2415848346713,3.257339897494875
3253,129,7.4804842453986,2.9565257718535647
3254,129,7.330248120837268,2.897146290738737
3255,129,8.441351579492107,3.336273958980135
3256,129,0.0,4.765995978319157
3257,129,0.0,8.676600946058013
3258,129,0.0,10.750520414437279
3259,129,0.0,12.904220790579934
3260,129,25.923443520294853,16.26972729120934
3261,129,48.23714783941924,19.366975823718867
3262,129,47.01330966144468,18.639666856971626
3263,129,42.59910071559858,16.86749640750492
3264,129,36.334278779911244,14.384526829438947
3265,129,30.887445337597796,12.23061278048253
3266,129,28.71793734978567,11.375422727446967
3267,129,26.51344016871704,10.501851877255188
3268,129,25.606464715021815,10.139956138305692
3269,129,25.25041358023472,10.022210859066828
3270,129,11.543448603909212,7.459975532892276
3271,129,0.0,5.3845519187979605
3272,129,0.0,5.709550346398474
3273,129,14.139016932070092,5.58815561593316
3274,129,11.286702017152095,4.460846140248456
3275,129,8.486179905141,3.3539892631006825
3276,129,7.334449712146807,2.8987864617270356
3277,129,7.161893895826665,2.8305875525357687
3278,129,7.3876644579513595,2.9198141358915097
3279,129,8.295014058415262,3.2784219862737385
3280,129,0.0,4.943365616941288
3281,129,0.0,8.887635645535594
3282,129,0.0,10.875561115048434
3283,129,0.0,13.393633707451016
3284,129,28.663228592517243,17.373215918117904
3285,129,50.361127854070986,20.173043027889523
3286,129,49.15220658875441,19.465486706536606
3287,129,41.02701315069979,16.24386769615465
3288,129,34.128288420845365,13.518398231783394
3289,129,28.529929573558377,11.295406963080525
3290,129,25.098206503592735,9.942531140052992
3291,129,23.811768795447108,9.434120649858976
3292,129,23.412594521371233,9.275199780114491
3293,129,24.1240947543524,9.577081486341553
3294,129,13.424463079896753,7.820826161046686
3295,129,7.022944529367692,10.704663509738955
3296,129,0.0,9.297838151931387
3297,129,0.0,7.673393050655617
3298,129,14.27242343114088,5.640876069506513
3299,129,12.452995716515147,4.921800171555581
3300,129,13.003482107048825,5.139379657031609
3301,129,13.510021416056617,5.339584081658917
3302,129,16.419057164394957,6.489327428441535
3303,129,16.845686781429947,6.657953342459795
3304,129,0.0,10.171296562184155
3305,129,0.0,18.53971379326961
3306,129,0.0,20.829530370467335
3307,129,26.69376748786334,22.66374673296979
3308,129,62.72924179478068,27.426019365387987
3309,129,50.442243270563125,20.219009292193515
3310,129,48.92111173533209,19.391445419250626
3311,129,42.445669157785915,16.82292914626421
3312,129,35.07889703659828,13.91130175284052
3313,129,29.850007184691663,11.843525158094344
3314,129,26.684780940115616,10.58450489751935
3315,129,24.777953397979502,9.834343244372457
3316,129,25.216131055074698,10.008670233254284
3317,129,25.917469730647014,10.299638206117487
3318,129,15.028667805939477,8.994854476783276
3319,129,9.314322963906108,12.437533237194035
3320,129,0.0,10.01817947882706
3321,129,0.0,7.828093875554533
3322,129,0.0,5.787702230853519
3323,129,0.0,4.727191397148682
3324,129,0.0,4.015429717012736
3325,129,0.0,3.6297760460246464
3326,129,0.0,4.028379505151629
3327,129,0.0,5.450374661002758
3328,129,0.0,9.562691248995392
3329,129,0.0,18.458523064145936
3330,129,0.0,20.833304986151987
3331,129,31.94205544843598,24.603540665661754
3332,129,65.04670817051306,28.309615340362505
3333,129,53.23791961036051,21.366355037821876
3334,129,52.130487129986136,20.663245029616338
3335,129,44.413655865184865,17.604155627116597
3336,129,35.88623324305118,14.224720862499037
3337,129,29.26131063019355,11.601758652792986
3338,129,27.333829472443227,10.842246265185576
3339,129,25.658878169167565,10.177947246340024
3340,129,24.183876783300917,9.593833433785697
3341,129,24.12054674397268,9.591790733466073
3342,129,13.302108140415214,8.025253962748996
3343,129,6.781463115494546,10.864269864085603
3344,129,0.0,8.498303653287108
3345,129,0.0,7.469029826426208
3346,129,0.0,5.849937178687156
3347,129,13.57502297058133,5.365260790936922
3348,129,14.493374764732891,5.7282092288971045
3349,129,13.956813804934853,5.516153535590885
3350,129,0.0,5.968386892959322
3351,129,0.0,5.783715241172518
3352,129,0.0,9.952049309855099
3353,129,0.0,19.94691314600658
3354,129,0.0,21.698959368998107
3355,129,26.636450117077715,23.048893621065158
3356,129,66.15032166716972,28.781311711574276
3357,129,53.99067508262689,21.63968593980726
3358,129,52.860624622720565,20.949481076560225
3359,129,45.512868984648236,18.025891095140125
3360,129,37.6785017203467,14.920363269339067
3361,129,30.60941069859524,12.125309936551476
3362,129,27.363975827316978,10.85068115982677
3363,129,25.22662360165384,9.995572641750506
3364,129,24.51761826729637,9.71879012121677
3365,129,24.193815009049047,9.625294649760992
3366,129,14.753203105115631,8.926195923544254
3367,129,9.173655590210217,11.975190675741054
3368,129,0.0,9.578842215040655
3369,129,0.0,7.140878460713056
3370,129,0.0,5.152540855939572
3371,129,11.620873220230976,4.592914455756639
3372,129,13.727393936282084,5.425477352339965
3373,129,20.610481538074765,8.145877554929427
3374,129,21.20250294458259,8.379864192780692
3375,129,15.598705460444506,6.165058870967197
3376,129,0.0,8.205730910473974
3377,129,0.0,13.825837435744084
3378,129,0.0,15.55950949994482
3379,129,12.289768271148915,17.310854660079492
3380,129,52.966335622123495,23.501782881637276
3381,129,46.79438707668737,18.7484337867799
3382,129,49.008330141791845,19.43151774535263
3383,129,43.24919264224647,17.133551745672943
3384,129,33.72040352814665,13.362942867361799
3385,129,29.378676390670933,11.65042646515466
3386,129,25.41694223101132,10.078881420463585
3387,129,24.26488637972568,9.6292915142822
3388,129,22.799129406518404,9.045381562570675
3389,129,22.213962552939392,8.832493703833427
3390,129,10.710547858391095,7.150326312072357
3391,129,3.328966995024274,9.760531510994502
3392,129,0.0,9.15833464226811
3393,129,19.924657633449527,7.874784872915671
3394,129,16.77440486662718,6.629719840291783
3395,129,14.849771444492177,5.86905280385827
3396,129,15.396804685792631,6.085256241930754
3397,129,17.825597395532355,7.045197071334124
3398,129,21.50010419683568,8.497493337140929
3399,129,20.541394792797263,8.11858259995836
3400,129,29.340393261374942,11.59622212554485
3401,129,0.0,19.369717189929602
3402,129,0.0,21.10130519018056
3403,129,24.268855182963733,22.996768427630478
3404,129,55.049469699067544,24.68486711366478
3405,129,46.443367496731724,18.66613518330856
3406,129,46.247702315604045,18.316483988552296
3407,129,40.37526374598244,15.992043574815124
3408,129,33.984221917958024,13.46379478144437
3409,129,29.30771741810645,11.613216312447452
3410,129,26.09514895236842,10.334308461016601
3411,129,24.66812531358542,9.772573965777449
3412,129,24.084701140253628,9.5465865091745
3413,129,22.508114373501087,8.959072185057485
3414,129,9.229832258114357,7.013197021171002
3415,129,0.0,5.727565903893334
3416,129,0.0,5.736568276700536
3417,129,0.0,5.731215312395963
3418,129,0.0,4.8277705737860135
3419,129,0.0,4.1113123352324
3420,129,9.766387185806025,3.8599739874711196
3421,129,8.897700987255064,3.5166454778286464
3422,129,8.35951293549897,3.3039302289741697
3423,129,0.0,3.5836718919593435
3424,129,0.0,4.585606748472291
3425,129,0.0,7.835828867371839
3426,129,0.0,9.439321219136078
3427,129,0.0,11.191818783317121
3428,129,19.590449974241864,14.616913735147444
3429,129,43.67275810472293,17.6122904861695
3430,129,43.832492297081416,17.408868688127203
3431,129,40.85560277274425,16.19669796608499
3432,129,35.225893971063016,13.959044517830932
3433,129,30.443378742521787,12.06197686808925
3434,129,26.46191231831807,10.488405635106986
3435,129,23.381537544331366,9.27212685431789
3436,129,22.45952274360974,8.906580342162902
3437,129,22.460830067526416,8.94617487276072
3438,129,7.784069609698463,6.825586471498099
3439,129,0.0,4.866501236650282
3440,129,0.0,4.990471631141725
3441,129,13.992959273476657,5.530475408144591
3442,129,12.315072364948776,4.867313072909203
3443,129,11.183488627665383,4.4200764496468254
3444,129,10.92180328429393,4.316652530757619
3445,129,0.0,3.9560546149517255
3446,129,0.0,3.7247333541544236
3447,129,0.0,3.981589504570407
3448,129,0.0,5.554280553937665
3449,129,0.0,9.999895444153095
3450,129,0.0,11.25902368548548
3451,129,0.0,12.378381598269883
3452,129,23.07739791931951,16.033076744751906
3453,129,48.46600412242097,19.472352873420395
3454,129,48.08375850281976,19.05245105516893
3455,129,41.24351264412951,16.343248644652938
3456,129,35.99121230541158,14.26393191617207
3457,129,31.04205906695512,12.300934314694159
3458,129,27.22140659643202,10.787470326047988
3459,129,24.68835867475505,9.787478291948513
3460,129,23.375885118358752,9.26874274231848
3461,129,23.07950990769214,9.202147372288708
3462,129,7.072143358449523,6.865886763085243
3463,129,0.0,5.139390999833778
3464,129,13.926689598331876,5.5042459274108495
3465,129,15.244653313782663,6.0251331419779035
3466,129,13.352404074435498,5.277251207070212
3467,129,12.777019546987844,5.0498531494165935
3468,129,13.04002605575505,5.153787886020169
3469,129,12.126848909641552,4.792875507975493
3470,129,11.700570759874296,4.624397020123075
3471,129,12.10865553277074,4.7856791568223445
3472,129,15.108256790316688,5.97122307236563
3473,129,0.0,11.254892052613332
3474,129,0.0,12.735167513276535
3475,129,0.0,13.86078736089121
3476,129,23.397592443743065,16.629452898902837
3477,129,48.290875061343996,19.420300790126085
3478,129,48.7263578977597,19.309819594519535
3479,129,41.781358941157976,16.55919682311492
3480,129,36.62496029850715,14.520107886410718
3481,129,30.22671305834379,11.984429829326016
3482,129,27.140192302102406,10.761092024951804
3483,129,25.64740794210607,10.171094384962098
3484,129,24.4269065838445,9.699071361150502
3485,129,24.191268689257583,9.633512880949636
3486,129,11.530227956242811,8.369353354680884
3487,129,5.1772640558596095,11.804336116920892
3488,129,0.0,8.947166950695351
3489,129,0.0,6.637443398356997
3490,129,12.513049844514512,4.945528677723309
3491,129,9.942417172169371,3.92953792498877
3492,129,10.980948412576907,4.33999139038436
3493,129,10.736799258442176,4.243490806741098
3494,129,11.268514154423315,4.453634719259516
3495,129,15.19418082925128,6.005164603865149
3496,129,0.0,10.714637813971288
3497,129,0.0,19.516273851476615
3498,129,0.0,21.81833096731265
3499,129,27.99469451052161,23.979802016223182
3500,129,61.24416876193095,27.141072363947902
3501,129,48.47418632367351,19.516882460398843
3502,129,49.04767312104852,19.440214558501793
3503,129,41.197788582227446,16.329700435897905
3504,129,32.60720013994245,12.928735868452709
3505,129,27.820588141718616,11.032339718710281
3506,129,24.617039663063167,9.766227061120464
3507,129,22.696699962544642,9.00953808273652
3508,129,22.13835417525445,8.783113391081168
3509,129,22.211536659948905,8.856841313859471
3510,129,10.521322962347313,7.535182798323084
3511,129,2.0663357763659462,9.837212231607873
3512,129,0.0,7.879847572985392
3513,129,0.0,6.305512946220475
3514,129,0.0,5.045414840339621
3515,129,0.0,4.60791707902322
3516,129,13.584576379304991,5.369070581080992
3517,129,13.714721015837483,5.420508879472675
3518,129,0.0,4.905399502180152
3519,129,0.0,4.738436808393839
3520,129,0.0,7.547312526482113
3521,129,0.0,15.521021493716475
3522,129,0.0,16.200452068785065
3523,129,10.638765348794266,17.7189438100692
3524,129,49.40412332069499,22.51795571947546
3525,129,45.27216984578786,18.237628950797273
3526,129,47.739873236480435,18.92451440893942
3527,129,39.8967351357733,15.808642865619879
3528,129,34.62534401231565,13.71486951512127
3529,129,29.816505020104245,11.811970108147982
3530,129,26.878240065986603,10.652981042369065
3531,129,24.158439213533,9.572294696502572
3532,129,24.390598969244337,9.664046087240829
3533,129,23.50454900158283,9.366688277663338
3534,129,9.87946805386386,7.621566390497473
3535,129,1.938192831872243,9.923253267187217
3536,129,0.0,7.695926075363585
3537,129,0.0,6.089127287113347
3538,129,0.0,4.531598484345007
3539,129,0.0,4.279760776390575
3540,129,0.0,4.487311365749775
3541,129,0.0,4.139225757634839
3542,129,0.0,4.171016345082847
3543,129,0.0,4.075309148409535
3544,129,0.0,5.993171438387772
3545,129,0.0,11.685685357680033
3546,129,0.0,15.260954322116758
3547,129,10.992919295844672,17.776070286377916
3548,129,50.551997928849346,22.871605631300305
3549,129,46.33994392648333,18.569997151691624
3550,129,45.89985011370601,18.197274336254516
3551,129,40.4130494972037,16.02067510526713
3552,129,32.91188309283655,13.051400670164613
3553,129,27.715474307573373,10.995322219959633
3554,129,24.9143270442147,9.885939376911402
3555,129,23.916453447792918,9.49040652152472
3556,129,22.45915705978163,8.912150040494563
3557,129,21.90914194049398,8.721198787530295
3558,129,9.69804674034691,7.299389830302748
3559,129,1.8693101415330204,9.967283516438702
3560,129,0.0,9.056850801562675
3561,129,0.0,8.439180255756986
3562,129,0.0,7.467791487273669
3563,129,16.387883709182205,6.476978112472368
3564,129,14.980637806981889,5.920803864751889
3565,129,12.495076890910894,4.93842697363882
3566,129,11.979572881831047,4.734685913384986
3567,129,13.685521841836135,5.408927995377829
3568,129,0.0,7.83591406156341
3569,129,0.0,14.944335599943734
3570,129,0.0,17.493876564619995
3571,129,13.63536559783185,19.908464096714653
3572,129,53.21975012790148,24.346417081103628
3573,129,46.62844237833852,18.816097181385413
3574,129,46.86874218235104,18.562966428552073
3575,129,40.930329573473756,16.212482223450696
3576,129,33.508376620392966,13.279137313856891
3577,129,29.536708614116947,11.701334943843587
3578,129,26.922922556842366,10.663686879239734
3579,129,23.97545224122055,9.49766085350336
3580,129,23.145048858001616,9.177491371828365
3581,129,22.50035819104923,8.97440845013572
3582,129,8.294873644430822,7.207851993394601
3583,129,0.0,6.374631425670155
3584,129,0.0,6.917323401548769
3585,129,0.0,7.155320970060916
3586,129,15.858123195496177,6.267635105093386
3587,129,14.035194533782658,5.5471464608392465
3588,129,13.28383367108188,5.2501885915295246
3589,129,13.147060148320122,5.196117160672614
3590,129,11.2333164338132,4.439745859750083
3591,129,10.729282209336333,4.240530454363414
3592,129,0.0,5.130489889374475
3593,129,0.0,8.35139307398714
3594,129,0.0,10.336969578763952
3595,129,0.0,12.30282006252636
3596,129,17.920586863436228,14.883040260052914
3597,129,46.63846699668284,18.817777223112092
3598,129,48.39494154462187,19.22015838640055
3599,129,43.70330696697167,17.32338828901286
3600,129,37.53500817630595,14.874009559767977
3601,129,31.33915002732479,12.419508037296984
3602,129,27.90024971194427,11.052306941917715
3603,129,24.92394984971469,9.880574368403137
3604,129,22.994003455355738,9.116652229309494
3605,129,22.2188988683385,8.872335640954438
3606,129,5.827393696300476,6.695643931491504
3607,129,0.0,5.26590516752614
3608,129,0.0,5.645717247429436
3609,129,15.413735261208927,6.091948193706207
3610,129,13.720392870656184,5.422697871920025
3611,129,14.27528856820004,5.642005492344999
3612,129,15.505927912755624,6.128385805531551
3613,129,14.110634219242968,5.576918326906604
3614,129,13.877465737852646,5.484779736420861
3615,129,14.556079649711506,5.752986492238708
3616,129,0.0,6.976179416099983
3617,129,0.0,11.555086755070418
3618,129,0.0,13.0261240493237
3619,129,0.0,13.801048204921685
3620,129,23.05566756546895,16.965423829141834
3621,129,51.71319065711799,20.790107962124104
3622,129,50.014901419555,19.822439024130833
3623,129,40.84650948666635,16.19310464714078
3624,129,33.7440964200475,13.371086131101608
3625,129,28.539010255855146,11.31390575502102
3626,129,25.53368871273065,10.122656862136163
3627,129,23.508297213634677,9.3359593179012
3628,129,23.39830141812982,9.286760347464357
3629,129,22.873624974558027,9.109262818891956
3630,129,8.794131354846968,7.109850972189512
3631,129,0.5744334791621952,9.790986263261598
3632,129,19.802539781895945,7.82657646643025
3633,129,16.18645232032989,6.397388573010677
3634,129,13.558302945902767,5.35867228257462
3635,129,11.520747955774624,4.553358896907028
3636,129,11.469539488626168,4.5331103279075275
3637,129,10.903664051827633,4.309458494846256
3638,129,10.028186908563441,3.9634288211373714
3639,129,11.08914568452235,4.382750911390697
3640,129,20.02817099565135,7.915712487178284
3641,129,0.0,16.906707559120022
3642,129,0.0,18.703461339721347
3643,129,16.166514933040332,20.585976827731756
3644,129,58.496477827354454,26.522719075047327
3645,129,48.58159480804858,19.590395132687817
3646,129,48.43792058352747,19.1969569235252
3647,129,43.02559008845108,17.046328844428697
3648,129,32.92512285350213,13.048624197489236
3649,129,28.46567529547883,11.273487032763898
3650,129,25.188482961304715,9.98056523706117
3651,129,23.416789466416787,9.284929191124515
3652,129,24.04063341439766,9.532616011324095
3653,129,23.963463853604594,9.554958344443905
3654,129,9.15617895055476,7.961865746133438
3655,129,0.84438326110714,10.751352952982712
3656,129,0.0,8.116249391745507
3657,129,0.0,6.0701019138077665
3658,129,0.0,4.023911235830972
3659,129,0.0,3.0054970480932806
3660,129,0.0,3.6024479068000397
3661,129,0.0,3.7376978341010414
3662,129,0.0,4.025253489565509
3663,129,0.0,5.009805152960345
3664,129,0.0,8.1290083944507
3665,129,0.0,15.867736283806572
3666,129,0.0,19.50781994104063
3667,129,21.288888229221925,22.386535734183575
3668,129,59.775782840304714,26.92616251857711
3669,129,47.38239940724398,19.126787594401037
3670,129,48.935486441852305,19.389002822273476
3671,129,40.843548672942376,16.191958176243386
3672,129,33.710717949507085,13.35564468383418
3673,129,28.336701494303895,11.231673180316651
3674,129,25.423556775518108,10.081452727159046
3675,129,22.958148308568127,9.112800589055023
3676,129,23.305127446835883,9.240752738752905
3677,129,22.658423612686107,9.048364311991241
3678,129,9.040695165658974,7.365898911524633
3679,129,0.558836038432986,9.759591483401383
3680,129,0.0,8.241681995091197
3681,129,15.858793714656372,6.267899940412415
3682,129,13.406338615219227,5.298602919671128
3683,129,12.955420025495101,5.120382793988115
3684,129,16.17255007663232,6.391893114318676
3685,129,15.102798304830856,5.969082565129416
3686,129,13.884142983059178,5.48741858627815
3687,129,13.403574648787497,5.297483385561416
3688,129,0.0,7.945659755022705
3689,129,0.0,14.483378542432916
3690,129,0.0,15.95290341489429
3691,129,8.878901956631324,18.060803098675798
3692,129,49.78752629677885,23.034771806597174
3693,129,50.19746115581469,20.264570914223256
3694,129,52.27380938048398,20.745128420506393
3695,129,43.650394062115794,17.296742075326858
3696,129,35.85104176644549,14.203835084128956
3697,129,30.99874241349454,12.284912566025639
3698,129,28.051617084855707,11.12355372631995
3699,129,26.874565022666275,10.652593553162681
3700,129,26.27353499364915,10.412733741505846
3701,129,24.222390261719795,9.664112555298331
3702,129,8.561570984436884,7.4866838505667985
3703,129,0.2878452370538298,9.699476525290349
3704,129,0.0,8.16917736142859
3705,129,0.0,6.492040411007324
3706,129,0.0,4.862325178221655
3707,129,0.0,4.206415927534599
3708,129,0.0,4.502176363045707
3709,129,0.0,4.489600856652118
3710,129,0.0,3.953112845473062
3711,129,0.0,3.9338525293839974
3712,129,0.0,6.1512099090200945
3713,129,0.0,11.967109541648538
3714,129,0.0,15.848440548367673
3715,129,10.06179130588336,18.35475077242088
3716,129,51.851107412087316,23.705507742012188
3717,129,50.273139345918594,20.146310656663953
3718,129,52.23183931657971,20.700976980613717
3719,129,45.77896117549329,18.144935892571294
3720,129,37.2191424250623,14.752654395621633
3721,129,31.722056447691216,12.581195331318431
3722,129,27.238664739456908,10.804635522445809
3723,129,25.0667136181022,9.939348107508875
3724,129,23.504127874264924,9.321781540289887
3725,129,23.615885060955577,9.401556384948154
3726,129,10.121975431026442,7.773735611200017
3727,129,4.634493350923918,11.403698782158965
3728,129,0.0,9.739420717219774
3729,129,0.0,7.588161277184915
3730,129,0.0,5.681606947942971
3731,129,0.0,4.099490979583681
3732,129,0.0,4.084441481614976
3733,129,0.0,3.700011719811774
3734,129,0.0,3.959696842542885
3735,129,0.0,4.369222892471321
3736,129,0.0,6.646199262640398
3737,129,0.0,12.81231471423564
3738,129,0.0,14.814926729530669
3739,129,5.86935994811455,17.82498729974729
3740,129,47.686880961862244,22.523911030428913
3741,129,46.94997651931487,19.005283438061905
3742,129,47.69998095245853,18.900689108620217
3743,129,43.30975152251426,17.160975950380326
3744,129,37.17733326282513,14.723466543161397
3745,129,32.17849946843998,12.744350974250379
3746,129,28.355691010883532,11.234613695939714
3747,129,26.60596263222814,10.538458288984566
3748,129,25.776101290770015,10.217375182680408
3749,129,24.099274659270975,9.6132237305535
3750,129,7.70491985541355,7.263047680001503
3751,129,0.0,6.20042624602901
3752,129,0.0,6.512061260449984
3753,129,16.97325828740759,6.708329083852641
3754,129,13.679499036602039,5.406543718340695
3755,129,11.579898090488427,4.576717512934163
3756,129,11.832849589854533,4.676689655435643
3757,129,10.638850326039062,4.20479175556333
3758,129,9.614529820719753,3.7999490140076113
3759,129,9.698065883437579,3.8329581367620853
3760,129,0.0,4.954941201459562
3761,129,0.0,8.199828955038363
3762,129,0.0,10.113700822794756
3763,129,0.0,11.92644617550889
3764,129,16.113464843865444,15.005236825733466
3765,129,44.63182033737567,18.063758541864193
3766,129,45.73453246950976,18.16294926089732
3767,129,41.51616860157148,16.45664482319747
3768,129,36.50763149943259,14.470205531124131
3769,129,32.06733795465766,12.714123215367929
3770,129,28.5814799977544,11.324956817405642
3771,129,25.73228279997508,10.197744201353592
3772,129,24.394309307510298,9.667800109214614
3773,129,22.929668047890317,9.164746190613059
3774,129,5.465328048359197,6.825987738118988
3775,129,0.0,5.333227836133866
3776,129,0.0,5.295437221341101
3777,129,0.0,5.071806585779055
3778,129,0.0,4.478223873056854
3779,129,0.0,4.311340271668289
3780,129,11.057688276974176,4.370340798052103
3781,129,10.191792066297722,4.028105636250336
3782,129,11.146225774147922,4.405333360824337
3783,129,11.932363086465614,4.7160411214716325
3784,129,0.0,5.518823920760522
3785,129,0.0,8.760864104650652
3786,129,0.0,10.51844833934275
3787,129,0.0,12.60125104520069
3788,129,17.31595571239808,15.526485029794884
3789,129,46.3402008929954,18.7149231983086
3790,129,46.55346186748588,18.459120609387917
3791,129,37.375181081650055,14.821260901367037
3792,129,31.28890168917664,12.402005803927658
3793,129,26.83036333336375,10.639842028176547
3794,129,24.982231044806014,9.908229919896687
3795,129,23.103825290597513,9.165792823959807
3796,129,22.544214922234573,8.943458399076114
3797,129,22.453225244184694,8.945385244418967
3798,129,8.872730678255891,7.312112431186542
3799,129,19.766815367042057,9.80198040981527
3800,129,22.61100421815243,8.936486375205408
3801,129,17.948595516283916,7.093784343103152
3802,129,15.492619601570112,6.123117284693672
3803,129,14.051726508089502,5.553621389402257
3804,129,11.942887214267728,4.720172123631022
3805,129,10.182065813925334,4.024249808060812
3806,129,10.196975863383528,4.03014254459529
3807,129,11.14749840733964,4.405810892570016
3808,129,18.920283735319288,7.477834349199914
3809,129,0.0,15.360332148954715
3810,129,0.0,17.752068813662017
3811,129,13.914836500639183,20.53130871756496
3812,129,57.858379646383185,26.619712080257923
3813,129,48.75198656717572,19.725483629077853
3814,129,49.58632823521825,19.651957858638657
3815,129,40.46523344155517,16.0378609525977
3816,129,35.126174903926,13.913913695286569
3817,129,31.234242678294777,12.36993526076539
3818,129,29.094874751049105,11.527843765333452
3819,129,27.392640896572118,10.86195547727194
3820,129,25.857857478058577,10.24389158932511
3821,129,25.249819821134167,10.0725177309118
3822,129,8.988526304978706,8.090911695677137
3823,129,0.0,10.169664636054716
3824,129,20.557873732737875,8.125057273589174
3825,129,14.72216196221865,5.818625437249114
3826,129,10.613941450230868,4.1949368218776435
3827,129,8.337455135301042,3.2952054780897986
3828,129,7.861033766154435,3.10691835120219
3829,129,7.66956573835742,3.0312455094438717
3830,129,8.124047818618862,3.2108709989984288
3831,129,8.86433238502704,3.5034686401277377
3832,129,0.0,6.030473410690345
3833,129,0.0,12.951177311698578
3834,129,0.0,15.949185905131586
3835,129,9.339738458638891,18.439460272475987
3836,129,49.41733176665508,23.139060651164762
3837,129,45.948928205671535,18.618916632075525
3838,129,46.14429940825815,18.280203251106762
3839,129,41.12578417423762,16.30019031350662
3840,129,32.430254519606905,12.842776743393213
3841,129,28.25884605975304,11.192963538184802
3842,129,26.076474840497355,10.343018948969531
3843,129,25.11330310780835,9.954305674795025
3844,129,24.653200564479505,9.76556300054533
3845,129,24.180928323897177,9.648963609581186
3846,129,8.313258346579033,7.215117220365904
3847,129,0.0,9.5011738976258
3848,129,0.0,8.190527681235036
3849,129,0.0,6.556362531747506
3850,129,0.0,5.062809310046469
3851,129,0.0,4.396260031614548
3852,129,0.0,5.418800471706131
3853,129,0.0,5.003436928743878
3854,129,0.0,4.735706461216855
3855,129,0.0,5.030141318597928
3856,129,0.0,7.846374761511907
3857,129,0.0,14.676533460948374
3858,129,0.0,16.138976453499954
3859,129,11.040589251940958,19.605696906011712
3860,129,52.21012902761046,24.278429181649837
3861,129,50.16214832275878,20.272560091217397
3862,129,52.61073551980289,20.86574271400303
3863,129,45.30433357681929,17.949275163145956
3864,129,37.31159937917283,14.779959020997408
3865,129,31.880133723735327,12.629839392441461
3866,129,27.712883007495748,10.992001417353126
3867,129,26.629051782755653,10.552141555075888
3868,129,25.94865886491249,10.286662915478304
3869,129,24.321641886064782,9.707972029449875
3870,129,6.831825619826759,6.938643182294501
3871,129,0.0,9.049996937832962
3872,129,0.0,7.103081722048264
3873,129,0.0,5.472494234975968
3874,129,0.0,3.9706713613507656
3875,129,9.646773291208888,3.8126994899531197
3876,129,10.566387155563461,4.1761570952950535
3877,129,9.835326918892662,3.887218182496184
3878,129,8.68979951669857,3.4344679249788017
3879,129,0.0,3.7747444793748897
3880,129,0.0,6.010319646109137
3881,129,0.0,12.107352900033192
3882,129,0.0,15.434022824026918
3883,129,8.06908689975927,18.16344988068431
3884,129,53.34328441121272,24.53191796940136
3885,129,52.22482631949177,20.953282842345672
3886,129,52.513122958529834,20.811027825984276
3887,129,44.571274944413375,17.66413639934019
3888,129,36.22551146892761,14.361054387518202
3889,129,30.173303299875442,11.96789641607178
3890,129,27.92537340743806,11.069081692150176
3891,129,26.02436330933955,10.315445729047322
3892,129,24.10593310781195,9.557241675562372
3893,129,23.358093819982884,9.30647857637781
3894,129,8.841450170915977,7.389356772372182
3895,129,1.117994139274714,10.148256553393352
3896,129,0.0,9.397450954839854
3897,129,18.690744598039544,7.387114526492637
3898,129,14.604621162018105,5.7721614084315265
3899,129,12.020338611336001,4.750775919538562
3900,129,11.45896586898587,4.528917175043107
3901,129,10.175523198206804,4.021656134651383
3902,129,11.180695439914956,4.418914193243684
3903,129,12.47883834840735,4.931976208681856
3904,129,0.0,7.36488986568899
3905,129,0.0,14.126202164294632
3906,129,0.0,15.891187232254321
3907,129,8.232320468703591,19.243623609709942
3908,129,52.463078507891225,24.64129833839128
3909,129,50.14188584068435,20.31385360728184
3910,129,53.18547310632482,21.083598748520682
3911,129,48.02288356593465,19.021338262547825
3912,129,39.75687894077495,15.745198354910205
3913,129,32.98786820502286,13.06645434528033
3914,129,30.41135701559483,12.046986924305518
3915,129,27.662741555282366,10.9618313990308
3916,129,26.630277050291085,10.55376627764093
3917,129,23.839340698177836,9.513906436991915
3918,129,4.685784284490069,6.1835300362187215
3919,129,0.0,4.881428337692961
3920,129,0.0,4.773794417208887
3921,129,0.0,4.5165638438682025
3922,129,0.0,3.52839019860059
3923,129,7.8565056776334075,3.105115073479327
3924,129,7.499427290884597,2.9639977989760173
3925,129,7.48199351079748,2.9571069279131783
3926,129,8.456306493208388,3.3421758491364177
3927,129,0.0,3.5237197921794667
3928,129,0.0,4.398393786953276
3929,129,0.0,7.718011397784238
3930,129,0.0,10.177637122230925
3931,129,0.0,12.407134900346604
3932,129,17.72465725355943,16.122318731189598
3933,129,46.1874275425771,18.69930654272168
3934,129,47.50999459646721,18.835999978801038
3935,129,41.30628362715427,16.377186181791664
3936,129,34.18363301568306,13.560908613898865
3937,129,29.115495770152933,11.554393706361363
3938,129,25.571136071658174,10.14209778058649
3939,129,23.273717818330653,9.228337810826444
3940,129,23.345968412083806,9.254593576398475
3941,129,22.541605354046368,9.014831038419674
3942,129,2.1981659928975716,5.649609740858272
3943,129,0.0,4.415501268356069
3944,129,13.809828410064284,5.458066201459567
3945,129,14.72775893386924,5.820864978326647
3946,129,13.97191204815229,5.522136758741382
3947,129,11.943774237028748,4.72054944484873
3948,129,11.578050422713204,4.576003279949124
3949,129,11.26526367604086,4.452368170860619
3950,129,10.428728565081258,4.121754100037252
3951,129,11.934916141044027,4.71704360695302
3952,129,0.0,5.862453461469437
3953,129,0.0,8.873516935383893
3954,129,0.0,10.780962386415103
3955,129,0.0,12.793979230153463
3956,129,18.81718463334181,16.56677276007926
3957,129,50.06259749874431,20.232059573546124
3958,129,51.69458010424677,20.48526911938964
3959,129,42.993179139564575,17.033599274644768
3960,129,33.366107189600314,13.216041680175858
3961,129,29.079493369728482,11.514934915985968
3962,129,27.188434603928613,10.773280628131321
3963,129,24.91544429941328,9.869200823630047
3964,129,25.19497138555593,9.976237480556215
3965,129,24.33286358728992,9.68377823041813
3966,129,11.352943874960886,8.360219882700067
3967,129,4.113991872984002,11.425482342863523
3968,129,0.0,9.72775074268686
3969,129,18.929581047618882,7.481538352759242
3970,129,15.118786983041588,5.9753964277981
3971,129,13.295389512784084,5.254734386327607
3972,129,12.154207490819857,4.803700750174295
3973,129,10.687074934761398,4.223854101047722
3974,129,10.31841132170186,4.078150022114887
3975,129,11.234933388159618,4.440380453091533
3976,129,0.0,6.846022465314289
3977,129,0.0,14.249071998120158
3978,129,0.0,16.715554398378586
3979,129,9.851597240366772,19.20240486380455
3980,129,52.01233069512057,24.481581455809366
3981,129,50.857519897419934,20.600174169647634
3982,129,52.03333022108225,20.625958591716675
3983,129,44.34233785165276,17.574767122244776
3984,129,36.20662452409462,14.339762750055652
3985,129,31.766338727120313,12.585970218276517
3986,129,27.91733365291904,11.067047021481415
3987,129,25.063457623524243,9.942582385315303
3988,129,24.63655717352964,9.76697913290556
3989,129,24.01150290488019,9.587726942373108
3990,129,7.814183624141435,7.673905341067202
3991,129,0.0,9.985765704043265
3992,129,0.0,8.143794116090362
3993,129,0.0,6.157156553351764
3994,129,0.0,4.764670102684556
3995,129,0.0,4.506583167135452
3996,129,0.0,4.6547990119707325
3997,129,0.0,3.862407673223994
3998,129,0.0,4.145421232905979
3999,129,0.0,4.877102394099276
4000,129,0.0,9.850293548263032
4001,129,0.0,18.87133481525985
4002,129,0.0,21.07264987847377
4003,129,19.259698127576996,22.637082756600826
4004,129,58.940412500490424,27.058009928630394
4005,129,52.07211970731862,21.067694260677477
4006,129,51.67305315709925,20.46071025471455
4007,129,45.079934576008895,17.87560192858586
4008,129,37.33299873222151,14.797706608187047
4009,129,31.967038899534117,12.65507286543298
4010,129,28.977153178896486,11.481402481173955
4011,129,27.90524441043729,11.051983430837145
4012,129,27.129235511068828,10.738365138569124
4013,129,25.51072687935374,10.172229736992636
4014,129,9.41639329245092,7.677507819538248
4015,129,1.2653236517756739,10.20651045781767
4016,129,0.0,8.40730154584591
4017,129,0.0,6.649523699238364
4018,129,11.747027585474967,4.642774986213056
4019,129,9.301076758589488,3.6760618479290526
4020,129,9.204171662752003,3.637760906904792
4021,129,8.38054148470846,3.312242054658106
4022,129,8.097385998944162,3.200319480152686
4023,129,0.0,3.685857295025868
4024,129,0.0,5.789985078599596
4025,129,0.0,11.83889086203307
4026,129,0.0,14.984500596913634
4027,129,9.498036082391081,19.278511657205865
4028,129,52.288217641862644,24.460710819367268
4029,129,50.6087021012398,20.44998464434122
4030,129,52.244286653738925,20.6885471577845
4031,129,45.654430131037316,18.07713411079792
4032,129,37.44342934209044,14.825031214725879
4033,129,32.31681966546418,12.79543779521844
4034,129,28.748649374936264,11.392104409302764
4035,129,26.743131484852967,10.592577519916283
4036,129,25.112537074331698,9.952759526773574
4037,129,24.050250158211384,9.599547001078783
4038,129,6.904199542390188,6.986763783956894
4039,129,0.0,9.050739423413827
4040,129,0.0,7.615388804725494
4041,129,0.0,5.503035594770056
4042,129,0.0,3.953899502881395
4043,129,10.341763309192231,4.087344942434387
4044,129,13.58574396403256,5.369462524645785
4045,129,13.677968386463846,5.405923746574073
4046,129,12.797154613473083,5.057802834668177
4047,129,0.0,5.759404168224883
4048,129,0.0,10.069238047644093
4049,129,0.0,18.26936338327337
4050,129,0.0,20.890293763890483
4051,129,17.491256722383497,22.13096475610643
4052,129,55.037131964326136,25.319696051834935
4053,129,47.92044767111747,19.28416707697269
4054,129,47.94718695953293,19.009838555944636
4055,129,42.753758928913754,16.94347560117325
4056,129,36.77146181840385,14.571036016490936
4057,129,29.993728921077434,11.886548085132427
4058,129,27.490100813711393,10.891288061675263
4059,129,24.049358078009675,9.533729684712121
4060,129,22.952996399268955,9.100432408668976
4061,129,22.501239713960786,8.966683050121388
4062,129,8.409181311282765,7.2093397317639045
4063,129,1.280187084795159,10.214701657875494
4064,129,0.0,9.625142042265407
4065,129,19.686387356646406,7.780654082125093
4066,129,15.779290240111266,6.236462107864205
4067,129,13.712450535248166,5.419593707802201
4068,129,15.27285433682124,6.0363017648270345
4069,129,13.47487102404088,5.325668356546707
4070,129,13.685324022304712,5.40885038880265
4071,129,14.817725313918118,5.8564209313361495
4072,129,0.0,7.918449684760451
4073,129,0.0,12.186356289321736
4074,129,0.0,14.556922238692927
4075,129,0.0,16.04165470421952
4076,129,42.92021254763512,20.966307020334
4077,129,40.90855959468698,16.69905090124264
4078,129,45.25963208810779,17.952214664683645
4079,129,43.179125957191644,17.10701004381352
4080,129,36.98586411381655,14.656949614514927
4081,129,31.765899580829426,12.585830921596813
4082,129,27.83204610642187,11.020704434129026
4083,129,24.66833605359753,9.776075938269784
4084,129,23.17430183943614,9.190200474032185
4085,129,21.581761839904345,8.628560567209846
4086,129,2.825848346898141,5.419703276711565
4087,129,0.0,4.525138277099751
4088,129,0.0,4.568328712751651
4089,129,0.0,4.587069223419482
4090,129,0.0,3.908867694070857
4091,129,0.0,3.384097607415563
4092,129,8.19123313172554,3.2374398672447855
4093,129,7.633170996452776,3.0168833743301957
4094,129,0.0,3.160306868851685
4095,129,0.0,3.613260322215954
4096,129,0.0,5.058416314295376
4097,129,0.0,9.164973283679483
4098,129,0.0,11.19760065399939
4099,129,0.0,12.918565800043968
4100,129,14.330915002013,14.954525003564571
4101,129,45.9934144902121,18.641005149772408
4102,129,49.01200360696478,19.423841085293077
4103,129,42.60896056635488,16.887447820665237
4104,129,38.40965061314705,15.222044723893154
4105,129,34.1955306762749,13.548448696371462
4106,129,30.90527113421615,12.243440649223155
4107,129,28.70111618641147,11.372279162282991
4108,129,27.364216875760405,10.840455768368548
4109,129,24.437424707326016,9.761848603101217
4110,129,3.3117053457019097,6.04148216269103
4111,129,0.0,4.614251262308182
4112,129,0.0,5.480084818656498
4113,129,0.0,6.212727878913562
4114,129,14.570997986027123,5.758879777998473
4115,129,13.578683769722488,5.366690059979964
4116,129,13.370672259227945,5.28447476517982
4117,129,12.314740646477418,4.867144903233949
4118,129,11.985245085220697,4.736916699775488
4119,129,0.0,4.983431110432991
4120,129,0.0,5.988603304132407
4121,129,0.0,9.043052041550672
4122,129,0.0,10.144172715767791
4123,129,0.0,12.566178234792266
4124,129,18.42126148915213,16.546987089352204
4125,129,52.096358711722246,21.0691252617721
4126,129,50.27401407929588,19.945671459054722
4127,129,39.89421249856662,15.801892171974503
4128,129,33.30947094812231,13.19252266670399
4129,129,29.205990618997646,11.56380029967722
4130,129,27.270217856749213,10.79869746753472
4131,129,25.648279162695076,10.157653970617542
4132,129,24.29858625936987,9.624245856288283
4133,129,23.52568491042817,9.363573071338243
4134,129,10.039275599524444,7.782397866630718
4135,129,22.374116879543493,10.829912923857183
4136,129,24.393392479669984,9.640968061566726
4137,129,18.305105224495577,7.234717903482773
4138,129,15.182437974495144,6.000537737621919
4139,129,13.291523221845125,5.253190234572642
4140,129,12.860380351540357,5.082776605302957
4141,129,12.46977589707754,4.92839777842899
4142,129,12.460310887327353,4.924652772873727
4143,129,14.46809690236961,5.7181812055007075
4144,129,18.113484705633454,7.158946140304663
4145,129,0.0,14.078623576975128
4146,129,0.0,15.744774914992227
4147,129,10.82604739033144,19.533377471832146
4148,129,52.680145443666504,24.770735698593302
4149,129,50.45661155527981,20.468054754603102
4150,129,53.41665024492315,21.188735678982475
4151,129,47.1825238473329,18.691495903216442
4152,129,38.67364393373407,15.317070135866617
4153,129,31.80203174548879,12.601277919413006
4154,129,28.397769191848,11.246585471721396
4155,129,26.19362745314291,10.376598253072657
4156,129,24.534422396335742,9.725412897780664
4157,129,24.477289418186388,9.768356340127404
4158,129,8.691084481149858,7.930856765150299
4159,129,0.0,10.029995476475055
4160,129,0.0,7.691774799402511
4161,129,0.0,5.48109030127191
4162,129,10.541600418704888,4.166339769208836
4163,129,9.78559288569869,3.8675374301028254
4164,129,10.451541178571944,4.130737611245192
4165,129,9.1804486994711,3.628371872799955
4166,129,10.545680726824713,4.167952580879506
4167,129,12.743310361670979,5.036513782095104
4168,129,23.27530994924132,9.199021692137308
4169,129,0.0,17.36664326812494
4170,129,0.0,18.345980834868957
4171,129,12.648134719785986,19.987010625768406
4172,129,53.57158247876015,24.95651974059738
4173,129,48.228112564316916,19.559761120550448
4174,129,50.75497365328374,20.11610822018777
4175,129,41.98545198694248,16.658271956783764
4176,129,34.714097110946085,13.769500169848293
4177,129,29.746537753087665,11.784325272966804
4178,129,27.045817048051646,10.712304492203328
4179,129,25.90865214113336,10.258254015725104
4180,129,25.200142936409264,9.977130854576249
4181,129,23.661989897920677,9.435858173385107
4182,129,9.090454518673852,7.4591144157236515
4183,129,2.4333476604745385,10.511948744200938
4184,129,0.0,9.12385099943902
4185,129,17.814676805503638,7.040922278650542
4186,129,12.875044496698962,5.088627965585527
4187,129,10.127388747292798,4.002671426832442
4188,129,9.394258148645918,3.712913963564447
4189,129,8.169644560762634,3.228899494139223
4190,129,7.940443034030409,3.1383085805576534
4191,129,9.011360036598859,3.5615594200300693
4192,129,0.0,6.252014084308393
4193,129,0.0,13.126988563165687
4194,129,0.0,16.04261443215762
4195,129,8.28032271168766,18.77213666072558
4196,129,50.796380878608716,23.889712502043796
4197,129,48.587614986516314,19.673222817988304
4198,129,51.28506153845791,20.316500248822198
4199,129,44.709303055388006,17.710656705297875
4200,129,35.799615931431106,14.182395489680923
4201,129,31.201448390277164,12.363911096492298
4202,129,28.15597802763392,11.152218381900505
4203,129,27.088528869974482,10.729203426592463
4204,129,25.738708982672165,10.198034934866016
4205,129,24.036525001235987,9.593061858859627
4206,129,8.542232900005331,7.50207642748989
4207,129,1.3602616901557951,10.075174058892026
4208,129,0.0,8.427231364944904
4209,129,0.0,6.253515748539115
4210,129,0.0,4.4544639580639895
4211,129,0.0,4.424780061998296
4212,129,0.0,5.83605649596753
4213,129,0.0,6.291202662481352
4214,129,0.0,6.017568835247426
4215,129,0.0,6.984826677162282
4216,129,0.0,11.917864171391818
4217,129,0.0,23.151806450060732
4218,129,0.0,26.452166007869497
4219,129,32.816295745469404,28.17176924177847
4220,129,68.50188869206164,30.652800310012836
4221,129,56.060229174271115,22.49778627552318
4222,129,53.437735098540884,21.17987135982292
4223,129,46.12565946637659,18.288770863158696
4224,129,38.709050604008866,15.332212388706502
4225,129,32.77534822812811,12.988189147223073
4226,129,29.240929288143036,11.582122201475048
4227,129,27.67330466997109,10.962560882682773
4228,129,25.40030316029629,10.06536915028098
4229,129,24.921696439243135,9.917571106821311
4230,129,11.225854427962645,8.177780902798489
4231,129,5.737025797397877,11.71760871449609
4232,129,0.0,10.017750945737758
4233,129,0.0,8.221632150546721
4234,129,0.0,6.534422335773748
4235,129,0.0,5.39571913314953
4236,129,0.0,6.19466959638739
4237,129,0.0,5.965208047740871
4238,129,0.0,5.837883412155656
4239,129,0.0,6.470057490598447
4240,129,0.0,9.332948442431775
4241,129,0.0,15.415641654188422
4242,129,0.0,17.76001051927156
4243,129,5.32023055318831,18.229472010776227
4244,129,47.88694262802551,22.936141700489937
4245,129,44.55707127117137,18.137584969729172
4246,129,47.74515060972817,18.946053685647502
4247,129,45.27128215577747,17.94651432873909
4248,129,37.961068082775995,15.050417723256087
4249,129,33.50496149961657,13.28920344049249
4250,129,30.44929775347427,12.066573444021698
4251,129,28.03723840177952,11.108673729582172
4252,129,26.241680289746938,10.402484150961172
4253,129,23.669830207253995,9.448066021419335
4254,129,6.099801954110973,6.529836179051089
4255,129,0.0,5.398794289914541
4256,129,0.0,5.723733816586315
4257,129,0.0,6.238574020122142
4258,129,0.0,5.073566356011953
4259,129,0.0,4.719656315727978
4260,129,0.0,4.549444845515734
4261,129,0.0,4.081217463467501
4262,129,0.0,3.5744785288645917
4263,129,0.0,4.214069023174381
4264,129,0.0,5.522153353509879
4265,129,0.0,9.782609757196788
4266,129,0.0,12.485579061774104
4267,129,0.0,13.935835089307842
4268,129,16.822352231191218,15.896644954436546
4269,129,45.65817680191131,18.503933684821423
4270,129,48.19107104096787,19.13272243505461
4271,129,44.15282876089677,17.495346044579378
4272,129,37.81541817633283,14.979110323727854
4273,129,32.53654574272247,12.892716384415227
4274,129,29.42058465830044,11.652010544312708
4275,129,27.792333445933792,11.010762405415777
4276,129,25.04037015265581,9.924254417258783
4277,129,22.913391777034775,9.146822054375882
4278,129,3.961046309793659,6.034981028299456
4279,129,0.0,4.203697166115764
4280,129,0.0,4.51201604902471
4281,129,0.0,4.728488264551138
4282,129,11.313053669173456,4.471243503522153
4283,129,9.95103793895069,3.9329432116563567
4284,129,10.46838888685997,4.137413118415279
4285,129,10.234843353778444,4.045104533874082
4286,129,9.625038687609333,3.8040777444272984
4287,129,8.942170029484942,3.5342018155835553
4288,129,0.0,4.438304556230329
4289,129,0.0,7.510855656288953
4290,129,0.0,9.992960152490616
4291,129,0.0,12.410414471643668
4292,129,18.25099843248168,16.349825813092643
4293,129,48.58938536296975,19.654322365049318
4294,129,48.161059615129176,19.11505666891077
4295,129,40.55558565751838,16.068957593563077
4296,129,33.26863294129012,13.180939834608669
4297,129,27.550858713482285,10.91536445113533
4298,129,25.493581190527692,10.094233196031375
4299,129,24.28792396335311,9.618858826621588
4300,129,23.600516659495696,9.348323214143555
4301,129,22.843413778893762,9.089314585077377
4302,129,8.490754639673526,6.946315091299834
4303,129,0.0,8.868572804272706
4304,129,0.0,7.368576909920927
4305,129,15.583179213169984,6.158977361138322
4306,129,13.665199907503478,5.400937769613142
4307,129,12.216897796879067,4.828510274853
4308,129,12.043036738123902,4.759786559886046
4309,129,11.978126212728313,4.734129132141061
4310,129,13.559549297646356,5.359153201347354
4311,129,15.349739193265322,6.066679781675685
4312,129,0.0,7.314808581513069
4313,129,0.0,13.799605253034999
4314,129,0.0,15.073748007960049
4315,129,6.550250370619182,17.51617288528506
4316,129,49.95327037477182,23.58627517021341
4317,129,47.90220660887812,19.4528159854192
4318,129,50.735886777502515,20.13501255409732
4319,129,42.312198107808285,16.76094659072221
4320,129,33.22593226944193,13.172054079484957
4321,129,29.188851072770916,11.563852672532542
4322,129,26.946824757605015,10.669687429307075
4323,129,24.318988242669093,9.629963140463925
4324,129,24.060552651341993,9.531249065556993
4325,129,23.576337636416866,9.405350483809631
4326,129,8.575445195607045,7.589822724112397
4327,129,0.0,9.416993571583408
4328,129,0.0,7.12901267120574
4329,129,0.0,5.776081044602564
4330,129,0.0,4.775884325900245
4331,129,0.0,4.132035912872145
4332,129,11.308087950119727,4.469287584910203
4333,129,0.0,4.018109339876874
4334,129,0.0,4.000415111571451
4335,129,0.0,4.7486939484399535
4336,129,0.0,6.84678411150427
4337,129,0.0,14.046167278421718
4338,129,0.0,16.264117641724084
4339,129,11.358730129675365,19.075318463122965
4340,129,51.7392427203589,24.107175287424003
4341,129,49.24568416831576,19.978106251716866
4342,129,50.80379051171491,20.167693667803746
4343,129,43.42932610378725,17.20828287078254
4344,129,35.92469383125163,14.23873850717508
4345,129,31.39167945581889,12.4402466112472
4346,129,28.57373623043813,11.316159525858259
4347,129,26.084128909062088,10.332176917540727
4348,129,25.118676407558382,9.946014412709838
4349,129,23.35271786112969,9.307821641543349
4350,129,9.549007473243165,7.3507721055342605
4351,129,5.41873424743855,11.206914850269538
4352,129,0.0,10.22718980162418
4353,129,0.0,8.691990019605178
4354,129,0.0,7.160298145814188
4355,129,0.0,6.460715300237492
4356,129,0.0,5.7508908645231305
4357,129,0.0,4.810272990471433
4358,129,0.0,3.988239156233265
4359,129,0.0,4.475196235161273
4360,129,0.0,7.555935430152335
4361,129,0.0,16.5144139165921
4362,129,0.0,19.132851912224822
4363,129,18.061348498356722,22.10933205867483
4364,129,60.62911134447191,27.609225294381638
4365,129,50.25080748896471,20.32480086434486
4366,129,49.554550902357164,19.649881428879787
4367,129,43.13917713066573,17.091349770053235
4368,129,34.843708551186126,13.813812750940071
4369,129,30.147829218108768,11.958977654437927
4370,129,26.9117032857622,10.660450284901989
4371,129,25.692940483345694,10.178775400752112
4372,129,25.560498792827957,10.125243059987195
4373,129,25.34182580192379,10.098538427450048
4374,129,12.391544722859749,8.683326344398274
4375,129,4.681673477904269,10.846690232192895
4376,129,0.0,8.408787987649065
4377,129,0.0,6.299471904320069
4378,129,0.0,4.739311818980786
4379,129,0.0,4.179427873773676
4380,129,0.0,4.768642721744102
4381,129,0.0,4.977566124145391
4382,129,0.0,4.724202853277512
4383,129,0.0,4.669522836775231
4384,129,0.0,7.26353179040453
4385,129,0.0,15.82816385446107
4386,129,0.0,19.033556383910028
4387,129,13.479670091381735,20.005673312541592
4388,129,53.00310635104566,24.378208906637408
4389,129,49.026372503622184,19.71230365925867
4390,129,47.604611973486755,18.899910838812296
4391,129,40.137447713057384,15.927995274346948
4392,129,34.96399967658803,13.861431700683498
4393,129,30.06183224943726,11.91931060639626
4394,129,26.390069593706045,10.468125115922739
4395,129,23.28863825009364,9.241197348490845
4396,129,22.124981793318454,8.775548847974843
4397,129,22.049915186030944,8.782656502262302
4398,129,8.948176178584788,6.941000475704496
4399,129,1.3348744991290573,9.401042519391083
4400,129,0.0,8.257235647160055
4401,129,0.0,6.521976962232657
4402,129,0.0,4.7342030320075015
4403,129,0.0,4.101593547066755
4404,129,0.0,4.08962460056595
4405,129,0.0,3.8528020618042844
4406,129,0.0,3.8654519258945848
4407,129,0.0,4.51012567477814
4408,129,0.0,6.687160732397357
4409,129,0.0,12.590364602775805
4410,129,0.0,14.748967721976703
4411,129,1.7638318330774894,16.280487702655346
4412,129,42.10054890000947,20.481519602616412
4413,129,41.041049019270304,16.714711494591423
4414,129,45.08420840126348,17.900247503899728
4415,129,42.687696181879176,16.91284328710942
4416,129,37.08745656204471,14.697152434426307
4417,129,32.06873281608935,12.723954894188038
4418,129,28.14138094318608,11.164851527626121
4419,129,25.535796261713983,10.125854075311507
4420,129,24.329088324350323,9.648951046309861
4421,129,21.57233212872356,8.611100727157343
4422,129,6.640844340680019,6.348465407652782
4423,129,0.0,5.0941158422659125
4424,129,0.0,5.422318471995927
4425,129,0.0,5.556167247439339
4426,129,0.0,4.839556510121442
4427,129,12.181567716865516,4.814507360655559
4428,129,12.369982483949826,4.888971281793617
4429,129,10.07246760836722,3.9809287632257715
4430,129,8.569748832240265,3.38701060777683
4431,129,0.0,3.566813422120745
4432,129,0.0,4.910461624701602
4433,129,0.0,9.192636408501212
4434,129,0.0,11.155385051709278
4435,129,0.0,12.333359811870489
4436,129,16.07461934629839,15.159940163353557
4437,129,44.92549970377624,18.212063794165914
4438,129,46.55665468098036,18.530381494440764
4439,129,43.38733480488344,17.186985509703163
4440,129,37.64768543864605,14.932274526717762
4441,129,31.084271265566343,12.327909218516572
4442,129,28.26755696731098,11.206591151492985
4443,129,26.30063242047953,10.424595263668696
4444,129,25.381848790178907,10.070683594798597
4445,129,23.79844588978486,9.488550443455168
4446,129,7.240153372197966,6.8254024073023665
4447,129,0.0,4.562067746482712
4448,129,0.0,4.798024227689557
4449,129,12.12082208398968,4.790492662937571
4450,129,11.345595676463205,4.484108640936889
4451,129,11.50831119795015,4.548428139500239
4452,129,11.781270823551182,4.656310625876886
4453,129,11.776342781342208,4.654360478983081
4454,129,11.918830356233201,4.710679449772648
4455,129,14.893610322889828,5.886400927660124
4456,129,15.85227249094956,6.2652925754866216
4457,129,0.0,8.85601062161874
4458,129,0.0,10.779855860646288
4459,129,0.0,13.158253547859127
4460,129,21.110941536157668,17.043616362153706
4461,129,49.705346217567836,20.073664557127632
4462,129,48.31880634156249,19.14644094388108
4463,129,39.9336286198384,15.817435063578685
4464,129,33.547184479516545,13.28643282170385
4465,129,29.940453626270624,11.858660455993162
4466,129,27.025154782581495,10.701814554672497
4467,129,25.447697402150027,10.077194027990833
4468,129,24.093254493472216,9.540732826696374
4469,129,23.26799202063512,9.249031467737586
4470,129,11.485237500178158,7.729948657547037
4471,129,2.2029296282468636,9.509692595919276
4472,129,0.0,7.75878920496308
4473,129,0.0,6.746805273238087
4474,129,0.0,5.848354902561249
4475,129,0.0,5.2286330089904105
4476,129,0.0,4.8761352386881835
4477,129,0.0,4.440055637849137
4478,129,0.0,4.893530139643106
4479,129,0.0,4.938631337339065
4480,129,0.0,7.378769001972681
4481,129,0.0,14.251411662369456
4482,129,0.0,16.12942822967924
4483,129,8.512018947811839,17.773345847562734
4484,129,46.27315086176509,21.941162529056992
4485,129,42.06147869655297,17.087056031740794
4486,129,45.05159366001621,17.864425366236816
4487,129,37.71544912402902,14.937381025621407
4488,129,31.078033730054244,12.315176336123345
4489,129,27.82225506199154,11.019158051617184
4490,129,26.008950087707206,10.301355405882433
4491,129,23.72222352930109,9.396432514550419
4492,129,23.71405524596426,9.390910679818614
4493,129,22.957895362850422,9.144886040554404
4494,129,8.826775442436485,7.183698847216216
4495,129,0.0,8.79845272551268
4496,129,0.0,6.7158974597391135
4497,129,0.0,5.434561968416081
4498,129,0.0,4.5597174189317125
4499,129,0.0,4.011769128214881
4500,129,0.0,4.315923318510698
4501,129,0.0,3.914536273141648
4502,129,0.0,3.8114328453879276
4503,129,0.0,4.847137138849964
4504,129,0.0,7.953083970088492
4505,129,0.0,17.424437244888583
4506,129,0.0,21.33877001033997
4507,129,26.886910838907596,24.687496307363112
4508,129,64.2415925808848,28.855494711786633
4509,129,49.94034445008211,20.226233760076997
4510,129,52.26213634406207,20.753227521786695
4511,129,46.154731839802565,18.278480756618873
4512,129,36.63435138594551,14.514556871876177
4513,129,31.353364217906687,12.421621277621975
4514,129,28.67675083616561,11.352272973074472
4515,129,26.40383910668831,10.458561883199282
4516,129,26.186120858184836,10.367939909352687
4517,129,25.822417051596602,10.273570847130031
4518,129,14.250484673002717,8.780372900503354
4519,129,6.324228456772829,10.921438492083952
4520,129,0.0,9.823191028610953
4521,129,0.0,8.574643804828803
4522,129,0.0,7.414497505155828
4523,129,0.0,6.783385605860068
4524,129,0.0,6.333095293804818
4525,129,0.0,4.872045959949186
4526,129,0.0,4.563102276279509
4527,129,0.0,5.350695877314926
4528,129,0.0,7.4003554058681695
4529,129,0.0,14.703866286011422
4530,129,0.0,16.827113392316416
4531,129,11.04905617770413,18.835752895973023
4532,129,50.47805583727083,23.40193241697442
4533,129,44.71614597978402,18.086783565392533
4534,129,47.54526326241404,18.852211973452874
4535,129,43.187776896431274,17.099012128672
4536,129,35.918405587374025,14.23055359109623
4537,129,31.153741998608098,12.355428374876364
4538,129,28.360452700468386,11.235339609734135
4539,129,25.943016510058925,10.27874370524497
4540,129,25.308033919806405,10.027776131126588
4541,129,23.99073670892804,9.550791189059833
4542,129,12.591453371882722,8.299335273496025
4543,129,4.6241168759841855,10.18399767658011
4544,129,0.0,7.74652452030268
4545,129,0.0,6.307995402798769
4546,129,0.0,4.795994249058076
4547,129,0.0,4.192934753056632
4548,129,0.0,4.374507079554903
4549,129,0.0,4.203818444365593
4550,129,0.0,4.011282266033466
4551,129,0.0,4.198137458963591
4552,129,0.0,6.131876473561861
4553,129,0.0,12.318399741961185
4554,129,0.0,14.771625128823754
4555,129,8.067279155543616,17.418303129562663
4556,129,48.88179695388217,22.575709258883208
4557,129,49.22278240643152,19.771430915967287
4558,129,50.42420453407104,20.01417385433875
4559,129,42.92600152182047,17.005847296303752
4560,129,36.86171541099981,14.607952923248703
4561,129,30.231734867150806,11.981817585258282
4562,129,27.33893592740344,10.84311125196339
4563,129,25.673291885205174,10.183634348687395
4564,129,24.072529103062124,9.546374771227404
4565,129,24.03761461846443,9.55900234362414
4566,129,12.168959590326267,7.770441452819006
4567,129,5.746423558367297,10.471352317880616
4568,129,0.0,10.308957457707928
4569,129,0.0,9.482476037519637
4570,129,0.0,8.150983045452149
4571,129,0.0,7.350973484483343
4572,129,0.0,7.246177054313942
4573,129,0.0,5.882611585963996
4574,129,0.0,5.5349690050842675
4575,129,0.0,5.816601981348771
4576,129,0.0,8.469481358087906
4577,129,0.0,16.028599517453287
4578,129,0.0,18.49284535859868
4579,129,12.372177466968282,20.023894589074075
4580,129,53.666499506615395,24.858514538195816
4581,129,47.854355866149945,19.350099312073862
4582,129,48.475929419034,19.218932629649363
4583,129,42.51693103353915,16.833896939154663
4584,129,36.68763958580712,14.524242396489008
4585,129,30.32420744383657,12.017230086008684
4586,129,28.061028678617816,11.123879157565042
4587,129,26.05051648132317,10.32465230922808
4588,129,25.020235343703234,9.91858409133914
4589,129,24.526737995351766,9.76375576225279
4590,129,10.086159219525825,7.233291888160912
4591,129,0.0,5.194638540133054
4592,129,0.0,5.730057006319716
4593,129,0.0,5.634291841556355
4594,129,0.0,5.201633058129629
4595,129,0.0,5.211625432656273
4596,129,0.0,4.834198684331478
4597,129,0.0,4.265518677970794
4598,129,0.0,3.946134292155925
4599,129,0.0,3.8776467072804506
4600,129,0.0,5.0099646991065105
4601,129,0.0,9.126518052649672
4602,129,0.0,10.784486000185346
4603,129,0.0,12.39698911516541
4604,129,19.978657551718015,16.319114697115413
4605,129,49.700898849142305,20.063772354693082
4606,129,50.55988920453913,20.072419170909754
4607,129,46.384328659971885,18.363538128435774
4608,129,39.279500878318885,15.571594256583149
4609,129,35.17796495898651,13.930980337206119
4610,129,30.94087052964767,12.26208638586517
4611,129,28.77350177713822,11.400874540975904
4612,129,26.96525971797925,10.690792626832438
4613,129,25.947007803807765,10.320543745798282
4614,129,9.198477546377148,7.026089612811742
4615,129,0.0,4.803172835442012
4616,129,0.0,4.9188216753975365
4617,129,0.0,4.944275304235274
4618,129,0.0,4.544769884636814
4619,129,0.0,4.477623640000259
4620,129,0.0,4.489585325325226
4621,129,0.0,4.648690017299289
4622,129,0.0,4.68355697329822
4623,129,0.0,6.030231654483673
4624,129,0.0,6.2231981957962486
4625,129,0.0,7.982858896833605
4626,129,0.0,9.839819409505218
4627,129,0.0,11.788937225871951
4628,129,19.467775469749427,16.081691696410537
4629,129,50.19165768231559,20.248590782169913
4630,129,50.45952188828551,19.98794162586487
4631,129,42.58500947007349,16.86076957991853
4632,129,35.482851180677955,14.049152335078123
4633,129,29.8368616200122,11.815400535830339
4634,129,26.97336220609614,10.685957585375105
4635,129,26.008002048286016,10.303265628258629
4636,129,24.66687141448176,9.768617533366278
4637,129,24.924932762594665,9.898185851960429
4638,129,12.54327309064962,7.703495017865055
4639,129,3.069732215408294,9.206576955293727
4640,129,0.0,7.258809596129771
4641,129,0.0,6.016246747486205
4642,129,0.0,5.007812384916004
4643,129,11.222575680108093,4.435492716582079
4644,129,10.713552054244957,4.234307089058246
4645,129,9.859441660950097,3.8967262790668884
4646,129,10.034676463277492,3.9659880436552184
4647,129,0.0,4.326608501675655
4648,129,0.0,6.860997868751231
4649,129,0.0,13.721375460440767
4650,129,0.0,17.30728934086517
4651,129,15.680861155718873,20.520469960341355
4652,129,56.81626659366401,25.998823498859597
4653,129,49.384269593904406,19.947800138607246
4654,129,50.875915846482656,20.168541763491643
4655,129,43.34252973877284,17.179614257728893
4656,129,34.39501866002104,13.619158351072347
4657,129,28.984743826224957,11.482038117442626
4658,129,25.497765716117726,10.100460550903597
4659,129,24.83540371699533,9.838679432489561
4660,129,25.34532321863736,10.043675199715372
4661,129,24.74771951826682,9.835086023193263
4662,129,10.966204444336825,7.496126651507064
4663,129,0.0,8.490730182790989
4664,129,0.0,6.590712256621827
4665,129,0.0,5.415160399414186
4666,129,0.0,4.069323213869913
4667,129,0.0,3.4424587776922055
4668,129,0.0,3.348789592213213
4669,129,0.0,3.0553669623304653
4670,129,0.0,3.3299774455172635
4671,129,0.0,3.432132569869925
4672,129,0.0,6.060484726130223
4673,129,0.0,14.22467591305581
4674,129,0.0,18.72981192625742
4675,129,22.480892304852063,22.896715468215604
4676,129,64.7486744240453,28.96168978089627
4677,129,55.14271799381021,22.23756001176156
4678,129,54.04641972693014,21.433144758666728
4679,129,44.17171772779227,17.50510046472758
4680,129,36.06441122106219,14.292824578480527
4681,129,30.124941241837178,11.944201504653474
4682,129,28.70507585326365,11.37268237566686
4683,129,26.446626066942258,10.483501317814145
4684,129,25.239397191469948,10.004050855253013
4685,129,25.511191712563885,10.140202243971123
4686,129,15.314887761491036,8.767857528789559
4687,129,5.037424212705588,9.858980570177662
4688,129,0.0,8.289711471658475
4689,129,0.0,6.585711846510488
4690,129,0.0,5.145848850053208
4691,129,0.0,4.446666358791896
4692,129,0.0,4.178930726847098
4693,129,0.0,3.8387594621564283
4694,129,0.0,4.5788528244796876
4695,129,0.0,4.721062147000718
4696,129,0.0,6.966273265745825
4697,129,0.0,13.309480195855643
4698,129,0.0,16.283538197213453
4699,129,11.76145591823996,19.078224729236343
4700,129,53.85583710765829,24.633429947630166
4701,129,49.0498754925035,19.766181925115166
4702,129,48.853008420156385,19.35625187191057
4703,129,41.221947213628596,16.324242000599664
4704,129,34.63377421517677,13.723831175092588
4705,129,29.94741642492116,11.872820328206627
4706,129,26.2154683180853,10.390939817307682
4707,129,25.89299474037432,10.261199721637603
4708,129,24.729922140238614,9.801509162055012
4709,129,24.323342345208943,9.670720728142648
4710,129,13.101719625712605,8.050557213306444
4711,129,3.729478639556305,9.293789640450054
4712,129,0.0,7.978815040110457
4713,129,0.0,7.271413448976341
4714,129,0.0,6.320095736380369
4715,129,0.0,6.060475755990905
4716,129,0.0,6.4951831724303615
4717,129,0.0,5.876550509841518
4718,129,0.0,5.448374507071791
4719,129,0.0,5.933437779641811
4720,129,0.0,8.592629509529232
4721,129,0.0,16.359970554872167
4722,129,0.0,19.127892711003977
4723,129,18.860818882284747,21.582946288782686
4724,129,56.15502975508235,25.33288094717519
4725,129,48.4372835077167,19.428640681908124
4726,129,48.17508039780449,19.10094626314623
4727,129,42.691119743174966,16.906002010293744
4728,129,36.49619743193,14.454147838713958
4729,129,31.049046153032833,12.303607027582206
4730,129,27.77321484211015,11.007726809133644
4731,129,26.049007352135334,10.325127025585955
4732,129,24.66754757406875,9.782611338224225
4733,129,24.05132411258748,9.558589738016195
4734,129,13.797425492892756,7.993448357713925
4735,129,5.567525030123477,9.862808112676813
4736,129,0.0,9.78380945165829
4737,129,0.0,9.701294205538945
4738,129,0.0,8.020597895390862
4739,129,0.0,7.074492723462396
4740,129,0.0,6.86413635176911
4741,129,0.0,5.773275739835537
4742,129,0.0,5.443561097874132
4743,129,0.0,5.720268266431319
4744,129,0.0,7.139355825907905
4745,129,0.0,12.80375067872375
4746,129,0.0,15.074053189713503
4747,129,7.320862212147006,17.866640723144243
4748,129,51.81790621422522,23.97392430745715
4749,129,46.675521717467916,18.84045705268292
4750,129,47.98213633595694,19.02024829108961
4751,129,42.283561489785626,16.748444303205577
4752,129,36.12749533728277,14.305076226175016
4753,129,32.12137912015933,12.72287917486889
4754,129,28.173796126715445,11.163876704656573
4755,129,25.960128183193376,10.28438607445991
4756,129,24.656102393933566,9.768997366740948
4757,129,23.305117784840235,9.264942417660007
4758,129,10.51245159436931,6.933067593630519
4759,129,0.0,5.117499398741316
4760,129,0.0,5.136766747797677
4761,129,0.0,4.9847703914908275
4762,129,0.0,4.451768277587888
4763,129,0.0,4.178196535398505
4764,129,0.0,3.952536883914421
4765,129,0.0,3.963570697924833
4766,129,0.0,3.7756558368614854
4767,129,0.0,3.7002326878619205
4768,129,0.0,4.941115534596722
4769,129,0.0,8.252507580931539
4770,129,0.0,10.90376725656932
4771,129,0.0,11.952691334992673
4772,129,16.629726354604912,14.626755632312422
4773,129,43.01310405951497,17.382658800864938
4774,129,43.98131259096161,17.42175002175146
4775,129,42.22537850247576,16.719719629833264
4776,129,36.17410610705818,14.324631629694997
4777,129,30.602803382468124,12.118103880227812
4778,129,28.229180662794562,11.182261927929604
4779,129,27.529003578507627,10.90436907246784
4780,129,25.9076650454233,10.260116425988278
4781,129,24.326423239838135,9.660443439102096
4782,129,11.300403652491298,7.2892264352764515
4783,129,0.0,5.030589736426642
4784,129,0.0,5.331433027175947
4785,129,0.0,5.608052608570169
4786,129,0.0,4.9841689718503925
4787,129,0.0,5.107732081006943
4788,129,13.448822971948715,5.315367096430625
4789,129,0.0,4.746052608950865
4790,129,0.0,3.9095938389496303
4791,129,0.0,3.7303316006740745
4792,129,0.0,4.965632373822736
4793,129,0.0,8.472783155116327
4794,129,0.0,10.337275735291453
4795,129,0.0,11.816107512534701
4796,129,21.79995754795172,16.579394013928006
4797,129,49.34730793163311,19.856221042036424
4798,129,49.14305760742721,19.466443037257537
4799,129,42.555089279115776,16.85577168369127
4800,129,35.7185598489167,14.144631945880194
4801,129,30.664334143740035,12.139016522831511
4802,129,28.38679804577282,11.242301619902959
4803,129,26.34301855903587,10.438000348002682
4804,129,24.321423839580802,9.633252609070203
4805,129,24.14817351974108,9.584306310783223
4806,129,13.633933522708475,7.681870591351421
4807,129,4.575854931072598,9.211272430035038
4808,129,0.0,7.887656577948678
4809,129,0.0,6.809406986752829
4810,129,0.0,5.318164848846431
4811,129,11.499081739820838,4.544772693376849
4812,129,12.584147627297426,4.973627234901219
4813,129,11.028106793521175,4.3586351098626706
4814,129,0.0,4.157018701337344
4815,129,0.0,4.48342894670028
4816,129,0.0,6.998343215436786
4817,129,0.0,14.898143112180447
4818,129,0.0,18.508573503731387
4819,129,19.805039988792572,21.896434165606685
4820,129,57.10602624968786,25.927080425781995
4821,129,50.505428387843665,20.355225167726154
4822,129,51.06062586704141,20.242681270153987
4823,129,44.27166737316668,17.556021891308898
4824,129,35.971016802434974,14.244331534827698
4825,129,30.308878944300233,12.005361365084287
4826,129,27.955736274137166,11.075332251846143
4827,129,26.055518099354913,10.326622030371169
4828,129,25.9463243971787,10.290360266408644
4829,129,25.400693916193262,10.08390463368133
4830,129,15.36387551989904,8.648227505390526
4831,129,5.918372169855246,10.23248512628687
4832,129,0.0,8.260408480130678
4833,129,0.0,6.378352189274713
4834,129,0.0,5.372855530794706
4835,129,0.0,5.052931659026185
4836,129,0.0,4.814669545761986
4837,129,0.0,4.146172188528911
4838,129,0.0,4.66057375743416
4839,129,0.0,5.000357974321249
4840,129,0.0,7.040382276278793
4841,129,0.0,12.992399307633546
4842,129,0.0,15.50771642600493
4843,129,12.251012275505957,18.536350599658245
4844,129,51.063508879526154,23.36435151172992
4845,129,46.690876036731055,18.862579679213628
4846,129,46.829932608734026,18.587763320912806
4847,129,38.96467810797333,15.448209068816634
4848,129,32.6613331020269,12.948926612843627
4849,129,28.033444855179113,11.11983153203035
4850,129,25.933510056461273,10.280705081611808
4851,129,24.823015049676656,9.845275576496856
4852,129,23.35232373248175,9.262874419036747
4853,129,24.52324606627343,9.734829635373458
4854,129,15.801858132302726,8.43873404604975
4855,129,5.502209043676487,9.341843203352587
4856,129,0.0,8.336741059425071
4857,129,0.0,7.099601742748878
4858,129,0.0,5.610906026388551
4859,129,0.0,4.781221131841262
4860,129,0.0,4.321638530930775
4861,129,0.0,3.9285561321820652
4862,129,0.0,4.026540902306859
4863,129,0.0,3.858867460067004
4864,129,0.0,5.731602995034422
4865,129,0.0,11.349916478249291
4866,129,0.0,14.33140757375927
4867,129,9.713418669065277,17.840256783653256
4868,129,53.73853084758906,24.368793931463586
4869,129,48.36318391330252,19.484502757864462
4870,129,50.41039478035714,19.976503036343352
4871,129,44.23320775835293,17.520121268117464
4872,129,37.59455568815184,14.8963270694411
4873,129,31.91264947751904,12.644981713230331
4874,129,29.025344445933854,11.49808582470739
4875,129,27.15132942610765,10.758576625007413
4876,129,26.894497634437187,10.65939269807091
4877,129,26.466166517533196,10.501592238479404
4878,129,16.322150211575348,8.751229813572
4879,129,9.257517881515298,10.734137425851914
4880,129,0.0,9.08604676471748
4881,129,0.0,8.323061141909571
4882,129,0.0,7.221834123232829
4883,129,0.0,6.668617985557343
4884,129,0.0,6.910830533908781
4885,129,0.0,6.516588371471243
4886,129,0.0,6.322914530886842
4887,129,0.0,6.383245973072841
4888,129,0.0,9.086506013274976
4889,129,0.0,17.84736017684949
4890,129,0.0,20.50885060831518
4891,129,19.851472055243846,21.46556643868656
4892,129,56.335925767928785,25.18395398187679
4893,129,47.000347189491976,18.830962140075982
4894,129,46.675861213206105,18.51197575312971
4895,129,40.843791409795216,16.17942657600606
4896,129,35.54163799345389,14.074674234552377
4897,129,32.026376145548596,12.691075653549985
4898,129,28.919569728010686,11.459698976099483
4899,129,27.806503711417463,11.020944055085138
4900,129,27.053550685295136,10.725656624237415
4901,129,27.49068303405977,10.908706657193099
4902,129,19.617238528098824,9.739801645810994
4903,129,10.57404365277037,11.030364082371404
4904,129,0.0,9.619672924133393
4905,129,0.0,8.474958149056304
4906,129,0.0,6.219230262298703
4907,129,0.0,5.141451146850781
4908,129,0.0,4.896742810526142
4909,129,0.0,4.848589212555229
4910,129,0.0,4.887920306864201
4911,129,0.0,5.715484748602452
4912,129,0.0,7.145096003596578
4913,129,0.0,12.668949805465877
4914,129,0.0,15.393117257583684
4915,129,10.70096469046078,18.563704536262854
4916,129,52.11021237154867,23.8079409850421
4917,129,48.23963403357112,19.42875145660058
4918,129,48.92616582684184,19.420889930590008
4919,129,43.260426013219444,17.146038480014116
4920,129,37.5916463668311,14.88716804421734
4921,129,32.726430034689,12.960861563696046
4922,129,29.910568954687022,11.85255182996602
4923,129,27.282124214597303,10.810276800836634
4924,129,26.900365960983663,10.654787588588466
4925,129,25.74177609109185,10.212967613522581
4926,129,15.611888202151647,8.331458399031055
4927,129,0.0,5.847260939369598
4928,129,0.0,5.355385452787758
4929,129,0.0,5.017777715086213
4930,129,0.0,4.317907254424188
4931,129,0.0,3.6209264867788864
4932,129,0.0,3.8956338522102456
4933,129,0.0,4.017307804405103
4934,129,0.0,4.344759062907081
4935,129,0.0,4.074360741310372
4936,129,0.0,5.020298973306308
4937,129,0.0,8.945639708656849
4938,129,0.0,11.74481350848163
4939,129,0.0,12.896555838425499
4940,129,21.69444297721057,15.90231317442235
4941,129,46.457797665535594,18.69810065400833
4942,129,48.979164158655664,19.401604138000074
4943,129,45.126415787301255,17.87195410636523
4944,129,38.387659430213716,15.20172461947337
4945,129,33.599288789229576,13.31154369876766
4946,129,30.111496739369414,11.929627586369241
4947,129,27.996276267732156,11.092487375322177
4948,129,26.649226768221013,10.572732927666722
4949,129,26.233157186876355,10.4082921207408
4950,129,16.8784509848372,8.783767069438731
4951,129,0.0,5.969369919001785
4952,129,0.0,5.855094759779634
4953,129,0.0,6.329223044076174
4954,129,0.0,5.8930573779995
4955,129,0.0,5.8666525203075
4956,129,0.0,5.9929049482854
4957,129,0.0,5.136521186959054
4958,129,0.0,4.3828226791574965
4959,129,0.0,4.079973177196859
4960,129,0.0,5.132846695817096
4961,129,0.0,8.82713551149259
4962,129,0.0,11.263507657276191
4963,129,0.0,13.05397873034603
4964,129,25.620384157296172,17.26336320693768
4965,129,48.11656839008549,19.312505758046665
4966,129,47.17728706842905,18.683847599046363
4967,129,40.094419603640574,15.887910015379179
4968,129,34.007955765424924,13.469691507685507
4969,129,28.900271283742285,11.447532859319827
4970,129,26.21131820365008,10.38593844081397
4971,129,23.366538590355646,9.262747366235967
4972,129,23.86550627674211,9.459921027094522
4973,129,23.979064661418192,9.508233291177017
4974,129,17.043501224375035,8.47445458296924
4975,129,8.178997377424224,9.801187678604778
4976,129,0.0,9.291505550666903
4977,129,0.0,8.337004894786148
4978,129,0.0,7.0107920035985245
4979,129,0.0,5.871075555871091
4980,129,0.0,6.341693745846674
4981,129,0.0,5.765847830765262
4982,129,0.0,5.568053433310446
4983,129,0.0,5.958194486444256
4984,129,0.0,8.645302070786366
4985,129,0.0,17.531303059777688
4986,129,0.0,19.96198653281805
4987,129,24.21118876927153,22.8004134668522
4988,129,60.265802249119815,26.80838319273324
4989,129,48.83861439061121,19.61839752641575
4990,129,47.789536475544736,18.92343345106174
4991,129,39.73089320311729,15.736135492115434
4992,129,32.27787756574685,12.782451008894247
4993,129,28.41590919213388,11.257261538737726
4994,129,25.462314812322973,10.087627154623632
4995,129,23.50005802263766,9.312070144339977
4996,129,23.677146347576894,9.386661440007217
4997,129,23.85339851659296,9.459770820685065
4998,129,17.106262149237494,8.664753287461396
4999,129,6.968001797929446,9.689089833971925
5000,129,0.0,7.56085764679751
5001,129,0.0,6.316625066102005
5002,129,0.0,5.28294097280404
5003,129,0.0,4.548402398330822
5004,129,0.0,4.492150884905567
5005,129,0.0,4.15092548517342
5006,129,0.0,4.2997900329874525
5007,129,0.0,4.677889555471797
5008,129,0.0,6.570394858880157
5009,129,0.0,11.837062024364831
5010,129,0.0,15.90000164183504
5011,129,15.638811424317112,19.04236565104972
5012,129,54.17915607453949,24.248828819383498
5013,129,45.69736511856348,18.397559236042696
5014,129,43.49432718916546,17.258005757796692
5015,129,36.10005304339836,14.304547385879031
5016,129,30.57967101105774,12.117003015233081
5017,129,26.22088554245039,10.387395015687888
5018,129,23.7866971892835,9.424162888229855
5019,129,22.76565902608496,9.020630433564353
5020,129,21.93549055954236,8.698298042855903
5021,129,21.40447066651774,8.48844879639963
5022,129,15.2498451755676,7.643823684062984
5023,129,7.353190944549226,9.19448357313754
5024,129,0.0,8.585516983313939
5025,129,0.0,7.558138635533205
5026,129,0.0,6.095567242042183
5027,129,0.0,4.723482930895598
5028,129,0.0,4.827827036891035
5029,129,0.0,4.862362671926319
5030,129,0.0,4.138613960405997
5031,129,0.0,3.8318772021045224
5032,129,0.0,5.634803247536058
5033,129,0.0,11.728553529405229
5034,129,0.0,15.115919842460347
5035,129,14.66938174294441,18.968354633659786
5036,129,57.37766034787839,25.452139862834517
5037,129,49.8360768060877,20.00343349510545
5038,129,47.73154719255146,18.906258066572924
5039,129,41.8518113304458,16.57438937803245
5040,129,36.32559158457127,14.385685837943157
5041,129,29.356144585310773,11.632326951043968
5042,129,27.818612761404182,11.02234292540605
5043,129,26.272292137743847,10.407717645336016
5044,129,25.50601473870273,10.109465409692312
5045,129,26.391580825226413,10.460576532538228
5046,129,19.13617765813669,9.247520920023469
5047,129,14.99859758325428,12.09892180282233
5048,129,0.0,10.658462277973141
5049,129,0.0,9.658998217632421
5050,129,0.0,7.556115975880402
5051,129,0.0,6.919812023161607
5052,129,0.0,7.130384947996154
5053,129,0.0,6.241907858979354
5054,129,0.0,5.961234782201118
5055,129,0.0,6.208045747074384
5056,129,0.0,8.5614276010056
5057,129,0.0,15.65396175908662
5058,129,0.0,18.380845395543908
5059,129,20.859151309903012,21.068762064877998
5060,129,62.39841427800741,27.262797151210435
5061,129,50.11404415938614,20.031645187798603
5062,129,48.055794932700735,19.043527335483724
5063,129,41.54275178991895,16.44877704229867
5064,129,37.42330435963126,14.821794729034167
5065,129,32.63665010808836,12.928822753751664
5066,129,28.207808808403456,11.171539715383513
5067,129,26.951739846790446,10.679726305707252
5068,129,26.06034342938557,10.328540979528055
5069,129,25.089510574861862,9.943700905407434
5070,129,21.23619910438279,9.808705160973016
5071,129,15.554833766334042,12.063740879189814
5072,129,0.0,10.601885475867737
5073,129,0.0,9.158436253667748
5074,129,0.0,6.6382543540032675
5075,129,0.0,5.7014460296098655
5076,129,0.0,5.08152230912618
5077,129,0.0,4.603792321251648
5078,129,0.0,4.460916392144483
5079,129,0.0,5.006442390265413
5080,129,0.0,6.969488644747508
5081,129,0.0,12.852927147344694
5082,129,0.0,15.736697835888842
5083,129,12.160185137286561,18.26379247392175
5084,129,51.218051511661145,23.08194111129795
5085,129,45.16212518675289,18.15157279834053
5086,129,46.019544138953705,18.25256747006946
5087,129,40.72411662954778,16.140168425463646
5088,129,34.948361832185526,13.843648377781667
5089,129,29.806095051842618,11.805515494542455
5090,129,25.896240097363687,10.260228733842975
5091,129,24.80847646514306,9.833745881137984
5092,129,23.432925811764704,9.286649497824252
5093,129,22.904899741309492,9.08142680984338
5094,129,16.78675083890724,8.186879450765256
5095,129,0.0,5.614833413195444
5096,129,0.0,4.8679808637700726
5097,129,0.0,4.610904462821301
5098,129,0.0,4.032494058904526
5099,129,0.0,3.734334795585172
5100,129,0.0,4.239851758933777
5101,129,0.0,4.686759593073562
5102,129,0.0,5.289306472369101
5103,129,0.0,4.810861395439642
5104,129,0.0,5.416125281296967
5105,129,0.0,8.695916408593417
5106,129,0.0,10.353924183867692
5107,129,0.0,12.158336378598666
5108,129,23.905031230775364,15.878728225609768
5109,129,45.35832599509604,18.19586687151923
5110,129,44.95301918847261,17.80248408651805
5111,129,39.581891389556034,15.678500282327978
5112,129,34.94753602932121,13.839945615345783
5113,129,29.675535908378237,11.757433927145101
5114,129,26.505816332239363,10.503501620750363
5115,129,24.939150491956497,9.885454734795513
5116,129,25.334506252526978,10.05777887409309
5117,129,24.38640168697148,9.673857798381393
5118,129,16.684246752834753,8.055616840573977
5119,129,0.0,5.583147877912388
5120,129,0.0,5.282175885229634
5121,129,0.0,5.444700281584045
5122,129,0.0,4.859512733788552
5123,129,0.0,4.577130183971041
5124,129,0.0,4.702676531591923
5125,129,0.0,4.266333134782124
5126,129,0.0,3.800649589693219
5127,129,0.0,3.8116559235631478
5128,129,0.0,4.774672688464114
5129,129,0.0,8.218131580061188
5130,129,0.0,10.816330544390679
5131,129,0.0,12.509716964231515
5132,129,25.61733468071381,16.288832882345734
5133,129,46.643572144400736,18.693479722964117
5134,129,43.53218714626905,17.243156347384396
5135,129,35.863101762974026,14.207558583134327
5136,129,32.69177060214545,12.95178496243543
5137,129,28.183917124966484,11.16552747805273
5138,129,24.982602991460823,9.906035475689999
5139,129,23.775252242064226,9.429991667537317
5140,129,23.79363591478878,9.434972108832065
5141,129,24.569549155057047,9.73703776506992
5142,129,19.65025596920711,9.006105867433433
5143,129,13.343172262441527,10.96903919296299
5144,129,4.369921675856148,9.053025724325142
5145,129,17.89852016251814,7.0740484194298014
5146,129,14.190718703563476,5.608605462663598
5147,129,11.652454034109638,4.6053983043149325
5148,129,12.123984153650014,4.7917671620313085
5149,129,11.286510598381483,4.460768687875335
5150,129,10.37438135638169,4.100275975758015
5151,129,11.314401183721401,4.471794733381782
5152,129,0.0,6.7928445722703765
5153,129,0.0,13.563653527843819
5154,129,0.0,16.742933454596116
5155,129,21.6426728999366,20.782151429550368
5156,129,57.8973786842667,25.432244331519517
5157,129,47.222758774825735,18.934957509131518
5158,129,46.26355822233563,18.34560078519819
5159,129,41.96161682326505,16.62461552229276
5160,129,36.1889203299981,14.331635290779143
5161,129,31.286240724679004,12.405440516031128
5162,129,28.37689272289623,11.244092269037345
5163,129,26.531259158097953,10.518099027388713
5164,129,26.113408709754538,10.35180450643761
5165,129,25.527455633987728,10.117939355495189
5166,129,19.9533487433321,9.227000698312608
5167,129,10.74425428354786,10.224488458319101
5168,129,0.0,7.598826208373729
5169,129,0.0,6.4296724995857035
5170,129,0.0,4.783281173551915
5171,129,0.0,3.9191271460172343
5172,129,0.0,3.769935937748935
5173,129,0.0,3.434051205706639
5174,129,0.0,3.126085177086046
5175,129,0.0,3.1185772179388924
5176,129,0.0,5.402618128038068
5177,129,0.0,12.18540139925221
5178,129,0.0,16.74318545595158
5179,129,23.649655998585928,21.14232211187036
5180,129,62.19952068836676,26.98907299979962
5181,129,51.25821519816398,20.50930366699159
5182,129,50.03860136392291,19.831931864812873
5183,129,42.083101252305966,16.663528590530692
5184,129,33.451726401732884,13.257921814650352
5185,129,27.789235049326066,11.003828846411077
5186,129,25.663216299740554,10.164688938216552
5187,129,24.69801161248597,9.782063021099411
5188,129,23.860481227085728,9.45333421843939
5189,129,24.02529958099109,9.521936012712889
5190,129,20.280446107943106,9.15978545421537
5191,129,13.734920737245915,10.864182534159587
5192,129,0.0,9.740495716140195
5193,129,21.040442067775444,8.31578397598941
5194,129,17.268656076897315,6.825077631765816
5195,129,14.890749884063581,5.885259188967224
5196,129,12.89743053827408,5.097442338253459
5197,129,12.259723201729855,4.845409136076245
5198,129,9.812228455807315,3.8780850406685277
5199,129,10.125213293033397,4.001785896080043
5200,129,14.997206531660368,5.927342590845602
5201,129,0.0,12.302331292896284
5202,129,0.0,15.720269596396042
5203,129,20.357067915330873,20.04885343949188
5204,129,65.70870531108852,28.281663937509713
5205,129,53.642480372150914,21.43548182699307
5206,129,49.28589492951119,19.53553159677248
5207,129,41.804164546025646,16.565876235986305
5208,129,33.95463111078456,13.454320001285456
5209,129,29.26491884905502,11.598535641411292
5210,129,26.705332121338188,10.588046119243423
5211,129,26.745113745249682,10.598013557358419
5212,129,25.19035291955518,9.990445764830397
5213,129,23.805578229396218,9.440845388442439
5214,129,20.261996508150304,9.19731664269336
5215,129,15.029032452908098,11.237743255121096
5216,129,0.0,9.24984019223473
5217,129,20.45609071521426,8.084812279680094
5218,129,16.478855140661608,6.512901241962036
5219,129,15.011798242792196,5.933088065395515
5220,129,15.786681442040873,6.239353339955474
5221,129,12.676485899760337,5.010124689467474
5222,129,12.10350454110909,4.783650368683529
5223,129,0.0,4.706974790491987
5224,129,0.0,6.515956212499814
5225,129,0.0,12.684708634407109
5226,129,0.0,16.2811715824696
5227,129,19.521200525826288,19.315198146360146
5228,129,62.394952909905044,26.82487624613197
5229,129,49.52242333486012,19.75644432784195
5230,129,48.78281482186608,19.322845046908267
5231,129,44.2369123564994,17.515809970090004
5232,129,38.37430412171727,15.19874895804811
5233,129,33.09124383051554,13.103852461571263
5234,129,29.234989909209474,11.578605436847058
5235,129,26.868858856463618,10.648058225524942
5236,129,25.329517970739346,10.036203260763477
5237,129,26.055629552558912,10.323200114039256
5238,129,23.017801904739343,10.04288436003588
5239,129,18.53345681076135,12.312557327469197
5240,129,0.0,10.132041303717001
5241,129,0.0,8.508509358559834
5242,129,3.083846196023643,6.679342640258779
5243,129,14.817807601172461,5.856425325419936
5244,129,13.99984871526172,5.533152975039802
5245,129,12.101351135676452,4.782820587629524
5246,129,10.823172940938264,4.277644231211221
5247,129,0.0,4.664297367188033
5248,129,0.0,6.348100355048967
5249,129,0.0,11.970523996441724
5250,129,0.0,16.542301584435933
5251,129,21.72412707882998,20.622538435852295
5252,129,61.804805361887816,26.750235329950854
5253,129,49.023328360213725,19.604068946630136
5254,129,47.899614981965044,18.976147412377976
5255,129,43.630290713597475,17.27954342816746
5256,129,37.19017778441014,14.725083123088243
5257,129,32.9910486090661,13.06772139889156
5258,129,28.828358273283783,11.424849559008376
5259,129,26.71713586487101,10.596186535254025
5260,129,26.216250372833372,10.39134859727207
5261,129,25.91823464988252,10.270098718599344
5262,129,22.171848246731685,9.79934205160795
5263,129,0.0,7.047520888119659
5264,129,0.0,6.383537912563321
5265,129,0.0,5.658508098792486
5266,129,0.0,4.499276259536631
5267,129,0.0,3.9015936501186848
5268,129,9.898931386366883,3.912346518426908
5269,129,9.935358760248647,3.926746037332263
5270,129,9.863845222479739,3.8984826971773323
5271,129,0.0,4.026807318448874
5272,129,0.0,5.038573444328652
5273,129,0.0,8.430317243882493
5274,129,0.0,10.667460220279066
5275,129,0.0,12.987714680020645
5276,129,29.661795141581848,16.908490248208842
5277,129,45.762482560839146,18.310725523670737
5278,129,45.34013166037454,17.971396609207826
5279,129,41.444063807563936,16.41317753869974
5280,129,36.09595360628148,14.292557554735723
5281,129,32.09340152278628,12.710643162357616
5282,129,28.63369879534261,11.342109000602992
5283,129,27.117639405052074,10.748662926738508
5284,129,25.80130923307422,10.228407087634144
5285,129,25.732349089118145,10.197702171177912
5286,129,21.452108093701128,9.366605175074355
5287,129,0.0,6.380552340012354
5288,129,0.0,5.764554691604939
5289,129,14.217399690338084,5.61911521580268
5290,129,12.179623010791119,4.813731879111104
5291,129,10.137264480555075,4.006536130872708
5292,129,10.184632645430014,4.025254603327234
5293,129,9.773996908361227,3.8629694961843115
5294,129,8.929773307528421,3.5293090477524873
5295,129,9.1939400960932,3.6337108293603873
5296,129,0.0,4.6028495398868206
5297,129,0.0,8.356531167434676
5298,129,0.0,11.21254347286579
5299,129,0.0,14.356510448002874
5300,129,36.27666810657004,19.19421338012838
5301,129,51.82439381898263,20.70884766321934
5302,129,48.229514327765344,19.117982705717584
5303,129,42.520593911348215,16.845596017787575
5304,129,35.440497110268865,14.035879359642928
5305,129,31.35346361223057,12.420529316525952
5306,129,28.454391656321576,11.28277927419385
5307,129,26.692096518889485,10.580528101682367
5308,129,26.910341394206228,10.66909113591501
5309,129,26.231605681296344,10.398523621684394
5310,129,23.478846673082643,10.06656063335262
5311,129,18.229464628618075,11.85347212350522
5312,129,24.260573956492948,9.588464377280824
5313,129,18.597596108033798,7.350313075801095
5314,129,14.244480407043625,5.629828856163449
5315,129,11.648146876176213,4.603683246351893
5316,129,11.578767455155514,4.576248255914927
5317,129,10.239926905438068,4.0471010412649076
5318,129,9.930658613239274,3.924869152773785
5319,129,10.561657858588092,4.174254844894826
5320,129,0.0,6.812643949139867
5321,129,0.0,14.501532491694642
5322,129,0.0,19.68640493626092
5323,129,33.25830604347857,23.790865485448265
5324,129,74.54165954815295,31.43825546094939
5325,129,55.503595269652095,22.142236585191647
5326,129,52.76327423771221,20.91781939419193
5327,129,43.57760150859136,17.264457950737885
5328,129,37.105883409886076,14.696311649331546
5329,129,32.83113304929586,13.015987058138164
5330,129,30.325782826903236,12.017739375171463
5331,129,28.57906754920947,11.329687442670402
5332,129,27.35189425632001,10.845836454000231
5333,129,28.35237698480597,11.238947379044669
5334,129,25.10946190428598,10.736250975680438
5335,129,18.401599930484736,12.09958889117815
5336,129,0.0,8.76184491676364
5337,129,0.0,6.47790137217422
5338,129,0.0,4.909081192756725
5339,129,10.469826084392508,4.138006606391567
5340,129,10.249702491528012,4.051001138459104
5341,129,10.859324419829619,4.29194250662133
5342,129,0.0,4.060740558216142
5343,129,0.0,4.130405975170374
5344,129,0.0,6.780366162312748
5345,129,0.0,14.760441108689452
5346,129,0.0,20.340245897229426
5347,129,38.4888962088894,25.358557016897016
5348,129,72.36967290945273,30.460626670761684
5349,129,52.56120198382774,20.967984231685694
5350,129,51.17589709572101,20.29173417106341
5351,129,43.20638110150199,17.114335538608774
5352,129,35.776907276616754,14.176838443944556
5353,129,29.372724864213495,11.635403749365466
5354,129,26.24335446723336,10.398557777565557
5355,129,25.514455006113934,10.109338751041228
5356,129,24.684649275954484,9.782548411840668
5357,129,24.899136028626145,9.868458192148209
5358,129,21.669793044850394,9.260821705581993
5359,129,16.715929480483283,10.996811680024491
5360,129,0.0,9.45236471928716
5361,129,0.0,8.357559488013829
5362,129,0.0,7.424103422770606
5363,129,0.0,7.540233463223193
5364,129,0.0,7.598711012839684
5365,129,0.0,6.564898875233639
5366,129,0.0,6.472960326650354
5367,129,0.0,5.939690259284247
5368,129,0.0,7.822718350081765
5369,129,0.0,13.96545753754614
5370,129,0.0,16.447204638306395
5371,129,27.497528439006658,21.088977799453165
5372,129,68.13445402134377,28.65670601447773
5373,129,50.91882321395147,20.299146995906028
5374,129,46.669689278132864,18.508306528077142
5375,129,39.23713409088592,15.55469575986132
5376,129,32.45692426255076,12.858899745515735
5377,129,27.583683379468482,10.929399813021917
5378,129,26.065053376552072,10.329205694044791
5379,129,25.07398051858445,9.937524388874474
5380,129,23.503959637594107,9.321605789506721
5381,129,22.798980660684975,9.039530505971468
5382,129,20.738647647362995,8.916881345148862
5383,129,14.908209858035093,10.13639184707681
5384,129,0.0,8.122074072905663
5385,129,0.0,6.591879947588352
5386,129,0.0,5.141592578573251
5387,129,0.0,4.2905978758840195
5388,129,0.0,4.145004126165007
5389,129,0.0,4.1831516905641415
5390,129,0.0,4.004877750128599
5391,129,0.0,3.9788171804264194
5392,129,0.0,5.967760523155268
5393,129,0.0,12.195775159221213
5394,129,0.0,15.822361401978826
5395,129,26.122596210235827,20.12732577075018
5396,129,65.78414210665429,27.62323683541534
5397,129,51.593122674919556,20.524330658763873
5398,129,50.664251461792986,20.067607960791428
5399,129,43.61026050331773,17.27280694530241
5400,129,38.45095711394819,15.227924042658655
5401,129,32.28735828081852,12.786162568544752
5402,129,29.136830967402716,11.542137447046972
5403,129,27.700598173442614,10.975648465538834
5404,129,26.542301186456285,10.51785387338199
5405,129,26.827714251719925,10.63180810185245
5406,129,25.620244802706083,10.63598305246743
5407,129,23.40110473399548,13.13455482812775
5408,129,0.0,11.066938794658466
5409,129,0.0,9.313137284151292
5410,129,0.0,7.933492152844692
5411,129,0.0,6.8311239531950845
5412,129,0.0,6.61493766659503
5413,129,0.0,5.676896387050364
5414,129,0.0,4.6519943945563025
5415,129,0.0,4.9158651336871015
5416,129,0.0,7.422358377971492
5417,129,0.0,14.296809000882114
5418,129,0.0,18.069303523332486
5419,129,32.98200515356342,23.081834872460256
5420,129,68.5560521068922,28.799138205199252
5421,129,48.935088481457,19.504800666095974
5422,129,48.57042014860369,19.26648730785655
5423,129,43.41883274830849,17.210931113736805
5424,129,36.78989664668464,14.576069481324135
5425,129,31.582994115005647,12.518117937663144
5426,129,28.183969602586956,11.177031962858267
5427,129,27.00024864083872,10.71034623890554
5428,129,26.01608397911548,10.319115048108365
5429,129,24.55312910849372,9.732845411247476
5430,129,23.50545008958349,9.854191074195283
5431,129,0.0,8.356405849978897
5432,129,0.0,7.14304688937034
5433,129,0.0,6.561258530782567
5434,129,0.0,5.317658277526838
5435,129,0.0,4.31519547032494
5436,129,0.0,3.9477657878022034
5437,129,0.0,4.203780492186029
5438,129,0.0,4.19413105901938
5439,129,0.0,4.055364660826797
5440,129,0.0,4.312074385545027
5441,129,0.0,7.097644340772665
5442,129,0.0,10.158010073650853
5443,129,0.0,13.031676526332191
5444,129,37.09998936790626,18.398283226741203
5445,129,49.601921354124556,19.77764415851078
5446,129,46.598557540797,18.476857527905842
5447,129,44.02862980871092,17.44502719693399
5448,129,38.40999045294424,15.234714583588895
5449,129,33.769267564476735,13.37295380803564
5450,129,29.71783139888018,11.771701864839349
5451,129,27.608403423144523,10.947204099952499
5452,129,25.934368987286405,10.283276116589871
5453,129,25.60823134265533,10.170466028545631
5454,129,23.623849801978736,9.743500477770482
5455,129,0.0,6.635438324291513
5456,129,0.0,5.80166662214469
5457,129,0.0,5.105489987997833
5458,129,0.0,4.258922803819173
5459,129,0.0,3.3761133938393284
5460,129,7.840236662882916,3.0986822326862886
5461,129,7.29646801615047,2.883769810073899
5462,129,7.36032046551216,2.90900079975674
5463,129,0.0,3.16340152340393
5464,129,0.0,4.060220908745889
5465,129,0.0,7.40509512104461
5466,129,0.0,10.636574162781715
5467,129,0.0,14.253436495180843
5468,129,39.811071412056975,19.120443343578472
5469,129,52.21060154381618,20.786749032495738
5470,129,48.97360898470993,19.414365476143725
5471,129,41.646226717602985,16.502273368254652
5472,129,35.14620873323793,13.91942839146101
5473,129,30.205886607173937,11.968041712530134
5474,129,27.186765045968286,10.783994657979594
5475,129,25.227730204946397,10.000542989453653
5476,129,24.193745509741404,9.597640144828066
5477,129,24.57650722507765,9.745473016791125
5478,129,24.59853290409697,10.110361887651502
5479,129,22.794671206074923,12.523747899090797
5480,129,0.0,9.94662876614643
5481,129,0.0,8.02268768186997
5482,129,0.0,6.444729666611224
5483,129,0.0,5.076979514318349
5484,129,0.0,4.548936739901121
5485,129,0.0,3.925018088774551
5486,129,0.0,3.772515374294243
5487,129,0.0,4.0353178282402125
5488,129,0.0,6.784397892738131
5489,129,0.0,14.78575139777037
5490,129,0.0,19.261839892998793
5491,129,41.58169194372974,25.14557715625068
5492,129,80.19219925160215,33.05453559764985
5493,129,56.53347607501402,22.467698482665575
5494,129,52.766488507419496,20.896213670822323
5495,129,45.823110807461376,18.150836036932482
5496,129,38.05524779175684,15.073857690338572
5497,129,33.10978746514337,13.118136413733117
5498,129,31.554940401260723,12.499028199139131
5499,129,29.51218856910387,11.696287569796564
5500,129,27.126634784874426,10.75690157460769
5501,129,26.775859049944728,10.615940804090098
5502,129,26.57061066047106,10.865735501151416
5503,129,21.766110060422506,12.219533170258035
5504,129,0.0,8.596446674766232
5505,129,0.0,6.382106595998749
5506,129,0.0,4.800295564782859
5507,129,0.0,3.8343936153533797
5508,129,0.0,3.6786892763404877
5509,129,0.0,3.888936689719892
5510,129,0.0,4.286008006624818
5511,129,0.0,4.74466917066997
5512,129,0.0,7.957051307602306
5513,129,0.0,15.595887037173481
5514,129,0.0,20.892927968986328
5515,129,43.1725245992034,25.35386084714136
5516,129,77.8361800607712,32.059051564238594
5517,129,55.38362778600714,22.02356184573039
5518,129,50.771071486529706,20.116649509265265
5519,129,42.755180564245876,16.956606596573575
5520,129,34.867217272736895,13.81497638013374
5521,129,30.58083176328452,12.125467309686538
5522,129,28.135180769421453,11.148544889801764
5523,129,25.590307371182064,10.141598651037183
5524,129,25.375009366140233,10.058815641353544
5525,129,25.304994443636986,10.028845560018567
5526,129,25.423014539178723,10.366193428515976
5527,129,22.205920846452898,12.095807009680874
5528,129,0.0,9.237914837134285
5529,129,0.0,7.444685659230529
5530,129,0.0,6.2414317647525275
5531,129,0.0,6.411883700458717
5532,129,0.0,7.22808996692191
5533,129,0.0,6.937932846880141
5534,129,0.0,6.674312759786496
5535,129,0.0,5.866928459160434
5536,129,0.0,8.608113418937041
5537,129,0.0,15.6265960079775
5538,129,0.0,19.318673066673703
5539,129,40.94463977377316,24.48021687307413
5540,129,76.35529475750147,31.329046576251567
5541,129,55.19452900012922,21.928172716081843
5542,129,49.764372709333315,19.711945876624643
5543,129,41.111668868200724,16.287587295419808
5544,129,35.160408638077456,13.921660382491776
5545,129,30.035341754160783,11.892686074110404
5546,129,26.70731145641625,10.58079053247386
5547,129,25.810235999088604,10.223949027493587
5548,129,25.599301543653752,10.14288434351355
5549,129,26.032283184463267,10.310557872094869
5550,129,26.051480512489178,10.635230462964394
5551,129,25.21288674211064,13.17389243233659
5552,129,0.0,9.908272797008529
5553,129,0.0,7.555560130817143
5554,129,0.0,5.688354573843633
5555,129,0.0,5.212105923324615
5556,129,0.0,6.119662487942027
5557,129,0.0,5.7065137991668955
5558,129,0.0,4.845946821418614
5559,129,0.0,5.477531421328406
5560,129,0.0,8.244781752593578
5561,129,0.0,15.470348122641994
5562,129,0.0,19.05080278969924
5563,129,41.30749207155304,24.28937185737098
5564,129,76.23863498825045,31.23695838853169
5565,129,53.64250457591524,21.29983237513164
5566,129,50.581199380875574,20.038227328678953
5567,129,43.26592309365651,17.13094485213821
5568,129,39.74937614935925,15.74109001516132
5569,129,34.888617429210456,13.813066555268612
5570,129,30.5872448497837,12.115353897088735
5571,129,27.92415318086583,11.06398813475275
5572,129,26.90235994651502,10.657838930639166
5573,129,26.63338545986349,10.553832606353248
5574,129,27.419409236706827,11.04490236967214
5575,129,30.443283890903672,14.902137141359935
5576,129,1.3251956897732953,13.721812427621824
5577,129,0.0,13.00100494200149
5578,129,0.0,10.707550977000187
5579,129,0.0,10.604988431424427
5580,129,0.0,10.277073745022694
5581,129,0.0,8.59901138559626
5582,129,0.0,7.874947038814279
5583,129,0.0,8.17549046433488
5584,129,0.0,10.226738003853022
5585,129,0.0,18.413809459215052
5586,129,0.0,21.744317667146394
5587,129,44.70029771263384,25.79096193977327
5588,129,74.78064822549157,30.688195402436367
5589,129,51.169735643561864,20.328197031995067
5590,129,49.315494272068605,19.55514775012245
5591,129,44.73556990386385,17.732415771157207
5592,129,39.08381352662005,15.484900440691842
5593,129,33.96477161615152,13.45710327464229
5594,129,31.46672402000661,12.467495695745486
5595,129,28.741731529351,11.395128828868211
5596,129,28.41562003939302,11.2616332897483
5597,129,27.235237456963546,10.790525288744073
5598,129,26.25219673937451,10.615723799595473
5599,129,3.2843576471464075,8.58705288083529
5600,129,0.0,6.81815403164166
5601,129,0.0,6.415914681515448
5602,129,0.0,5.755559411996609
5603,129,0.0,5.352818734244315
5604,129,0.0,4.960999217697526
5605,129,0.0,5.211187133712785
5606,129,0.0,4.974517032697213
5607,129,0.0,4.77936652278771
5608,129,0.0,5.412819517088786
5609,129,0.0,9.299659999777656
5610,129,0.0,12.154146001181406
5611,129,0.0,14.39330477162457
5612,129,39.29106030394536,17.977322181229674
5613,129,46.69213664963934,18.579239550941768
5614,129,43.88873614402655,17.3851123710406
5615,129,39.67972717484969,15.719309593788283
5616,129,34.39679157735043,13.645116039405234
5617,129,30.78144279428585,12.187496805197627
5618,129,28.044251604558923,11.119470113794039
5619,129,26.03509681840066,10.31734755705086
5620,129,24.93630048626372,9.880771798070377
5621,129,24.2207357987283,9.616346272198248
5622,129,22.78480428451246,9.154538795913675
5623,129,0.0,6.5709209548943655
5624,129,0.0,5.193651425983693
5625,129,0.0,5.08262836480281
5626,129,0.0,4.360705910003407
5627,129,0.0,4.0250773484024185
5628,129,0.0,4.124366370390947
5629,129,0.0,4.008229982219505
5630,129,0.0,4.048711230315027
5631,129,0.0,4.0071671754719045
5632,129,0.0,5.038231329939594
5633,129,0.0,9.053532582424262
5634,129,0.0,12.204635901737246
5635,129,0.0,15.872082698108025
5636,129,48.87357595371,21.41991601860798
5637,129,54.33638078457648,21.555718182387608
5638,129,49.94598597201261,19.78372250488672
5639,129,41.982403072626795,16.62826434704015
5640,129,34.67185354422497,13.727453575618695
5641,129,30.12129764287863,11.930106239325777
5642,129,28.15724336161196,11.157313858272675
5643,129,26.35161882847825,10.444821857534802
5644,129,25.903570700695155,10.267732739144417
5645,129,26.554705014000035,10.521606749714186
5646,129,29.282606905088215,11.743357413815566
5647,129,30.021457640579285,14.49645591333143
5648,129,0.0,9.580106664573096
5649,129,18.35339267441327,7.253823153066703
5650,129,13.494051629596271,5.3332712662674515
5651,129,11.134991825592522,4.40088160547207
5652,129,10.022904206444139,3.9613477055904496
5653,129,9.217632108484253,3.6430834714146
5654,129,9.52877508604999,3.766060875049792
5655,129,10.494089830050513,4.147573645154785
5656,129,0.0,6.9074806131729485
5657,129,0.0,14.965797516420219
5658,129,0.0,18.895587279391403
5659,129,44.573399010047865,24.579452121123968
5660,129,78.86711003614977,31.99794903889161
5661,129,53.62162714309804,21.268732401282318
5662,129,48.37796735926503,19.176779626669692
5663,129,40.51785747459036,16.059864614578313
5664,129,33.302416913571165,13.195461907068127
5665,129,29.430402038620684,11.66516956462673
5666,129,27.622253896250726,10.94591081528358
5667,129,26.086133014796786,10.346812327234163
5668,129,25.042758718026192,9.930983055585115
5669,129,25.71056968227836,10.193763771638404
5670,129,28.091021721039056,11.241423737247459
5671,129,30.240521962220157,14.63934982149178
5672,129,0.0,9.468584349421702
5673,129,0.0,6.896364719151157
5674,129,0.0,5.118724350701369
5675,129,0.0,3.878375540701127
5676,129,0.0,3.5867870810908347
5677,129,0.0,3.5882838884276813
5678,129,0.0,4.320593283726619
5679,129,0.0,5.024073433496196
5680,129,0.0,8.518216544046956
5681,129,0.0,17.10912542412332
5682,129,4.617791376759328,21.51606141751648
5683,129,50.18105070221779,26.43625630758882
5684,129,81.91308970794964,33.18468228759209
5685,129,55.6779690389142,22.105675848313716
5686,129,50.724013334022544,20.09486723106814
5687,129,43.107745510926776,17.096162987050835
5688,129,36.867247222645005,14.611314248717441
5689,129,31.090430148019266,12.333861704818075
5690,129,28.907305068926803,11.45953197449864
5691,129,26.468318935513935,10.499012412263113
5692,129,25.823432702757998,10.238392832083997
5693,129,26.692737924189913,10.578497435275013
5694,129,28.218126031234192,11.290511132503184
5695,129,33.44166545762306,15.718417706986742
5696,129,0.0,11.688747208252883
5697,129,0.0,8.668478898156486
5698,129,0.0,6.561806160772971
5699,129,0.0,5.263350122485287
5700,129,0.0,5.045948222591403
5701,129,0.0,4.654971069431381
5702,129,0.0,4.1349663150565
5703,129,0.0,4.285443855675995
5704,129,0.0,7.234159035302449
5705,129,0.0,14.270679539919715
5706,129,0.0,19.028078256100496
5707,129,47.464002295544816,25.263605020906333
5708,129,80.89557920150625,32.621707533533474
5709,129,52.97560535596091,21.01116940146925
5710,129,47.75737995104734,18.936079614634263
5711,129,40.652847384826885,16.114353544578297
5712,129,32.46692152266206,12.867544491276902
5713,129,26.37959503293885,10.455918165683022
5714,129,24.959551937445923,9.899248054970444
5715,129,23.66612430466475,9.388041815461953
5716,129,23.338223614096876,9.257305894847121
5717,129,23.059499788505633,9.14485609440207
5718,129,25.260050247471355,10.127172043255726
5719,129,29.14416645681328,13.907381879361168
5720,129,0.0,9.57966716148628
5721,129,0.0,6.398185951112674
5722,129,0.0,4.309946574718687
5723,129,0.0,3.7010662041558393
5724,129,0.0,4.524714641327563
5725,129,0.0,4.147385761864738
5726,129,0.0,3.5525194097035824
5727,129,0.0,4.629735894705936
5728,129,0.0,7.460225771313389
5729,129,0.0,15.715349356011096
5730,129,2.678387756205325,20.114183423347434
5731,129,51.72855149673339,26.670982910815745
5732,129,84.61872472523524,34.10003249549786
5733,129,56.34369045951004,22.356112953799684
5734,129,50.77037105195714,20.137253944054425
5735,129,42.17049469161793,16.709601497008954
5736,129,36.35027296312643,14.40582914640338
5737,129,30.292037895815582,12.011400373885632
5738,129,27.38665856104916,10.856198874347054
5739,129,26.079606426538504,10.346522546804657
5740,129,24.967549601967676,9.905890631169184
5741,129,25.5421289163138,10.128356192949298
5742,129,27.836861058396778,11.081237268394675
5743,129,37.379010272292845,16.843690319873982
5744,129,9.265807898067635,15.047141372592813
5745,129,0.0,13.690575507630216
5746,129,0.0,12.539896885867254
5747,129,0.0,11.860804415740995
5748,129,0.0,11.280327591106573
5749,129,0.0,9.726228824639506
5750,129,0.0,8.07567636789213
5751,129,0.0,7.962534436603583
5752,129,0.0,10.313462959897477
5753,129,0.0,18.48178138640885
5754,129,7.969508294710437,22.941700087123472
5755,129,57.361439599102226,28.962593323239755
5756,129,86.99342847182479,35.0222740834618
5757,129,56.93820011667938,22.56449764527666
5758,129,50.82176275488237,20.132242389940103
5759,129,44.85147246741761,17.767979467024553
5760,129,38.701822894218196,15.328274155704088
5761,129,33.28266021031112,13.185292698886695
5762,129,29.60508695157671,11.726108351221388
5763,129,27.41133083511471,10.86940875064351
5764,129,25.626702269239132,10.15601923869176
5765,129,26.02386087474784,10.307214154963074
5766,129,26.74389995152282,10.653830449765367
5767,129,9.893639847689428,9.20005660427999
5768,129,0.0,7.701106639213574
5769,129,0.0,6.572341831115356
5770,129,0.0,5.389681395675389
5771,129,0.0,4.746836346559331
5772,129,0.0,4.315170637532067
5773,129,0.0,3.9744104881518334
5774,129,0.0,3.788864480357085
5775,129,0.0,4.0762632007255295
5776,129,0.0,5.897060536986451
5777,129,0.0,10.568841497867488
5778,129,0.0,14.642540761560907
5779,129,10.2550499650782,17.562625781288546
5780,129,48.69863947662978,20.599548182949075
5781,129,49.931223084787035,19.8366270614115
5782,129,46.10317184017276,18.283468510077462
5783,129,39.72956944981121,15.779355323504705
5784,129,35.20905264551644,13.976596291134056
5785,129,30.562757743751945,12.118425221703385
5786,129,27.238509341895423,10.810332080149275
5787,129,24.054857588495793,9.542868551947473
5788,129,23.220011887659098,9.206023759007156
5789,129,23.05554744837579,9.13640133898121
5790,129,23.102340503456276,9.187038860772132
5791,129,5.930064277006153,7.258983144137433
5792,129,0.0,5.78319096032887
5793,129,0.0,5.441283621003311
5794,129,0.0,4.550480495771374
5795,129,0.0,3.8782404490936475
5796,129,10.31980525054621,4.07868798889816
5797,129,10.657183832446293,4.21202769391051
5798,129,9.983408628464474,3.945731936107246
5799,129,0.0,3.761943341939314
5800,129,0.0,4.847723277588921
5801,129,0.0,9.21631292292262
5802,129,0.0,13.06074385062404
5803,129,10.639302159997754,17.63967994317489
5804,129,55.50020352669094,23.04521280739272
5805,129,55.185068526871106,21.867081951275527
5806,129,49.962710175453395,19.793855279399057
5807,129,40.7841327283478,16.163942070032608
5808,129,33.92887321038174,13.444201976401912
5809,129,28.017744800731492,11.105653038913863
5810,129,25.81375401865671,10.233433943155713
5811,129,24.589642102032627,9.754245492183784
5812,129,24.124835154694324,9.568206446767448
5813,129,24.371488496210958,9.66107064063009
5814,129,26.02416624699444,10.357933603803588
5815,129,30.72296902823979,14.033875986069749
5816,129,0.0,9.654743336402767
5817,129,0.0,6.883450790205548
5818,129,0.0,5.027900647588845
5819,129,0.0,4.061557323881952
5820,129,9.219759212179213,3.6439349011643527
5821,129,8.1806939909157,3.2332631179059783
5822,129,8.929572911664962,3.52924445362077
5823,129,0.0,4.626036182288583
5824,129,0.0,8.821898164731508
5825,129,0.0,19.38770345969113
5826,129,12.399065835218437,22.935766992006098
5827,129,56.221071980505855,27.52618475570303
5828,129,81.3695611596188,32.57908549792196
5829,129,52.99227560788111,20.998118764740912
5830,129,47.44508415525317,18.802252596758493
5831,129,41.10611007210352,16.290030763202594
5832,129,32.926928047249504,13.045878194651896
5833,129,28.30495666163202,11.221403317799533
5834,129,26.802816183700173,10.626557362342547
5835,129,25.07100113401961,9.943235761619688
5836,129,24.88824863085881,9.868685772290977
5837,129,26.027553628303224,10.312073851270581
5838,129,28.345615647026534,11.260393911822815
5839,129,36.32188152067073,16.317771579925243
5840,129,0.0,10.898312102253183
5841,129,0.0,7.233140511831423
5842,129,0.0,4.967336992828908
5843,129,0.0,4.000437966390268
5844,129,0.0,3.7133198715425624
5845,129,0.0,3.519231113467547
5846,129,0.0,3.7062364148870666
5847,129,0.0,4.657049024196444
5848,129,0.0,8.474823986896048
5849,129,0.0,19.129094514739187
5850,129,21.185891959106584,25.310205784081045
5851,129,64.95214664701265,30.68062230898488
5852,129,89.57893446800469,35.8364125710817
5853,129,57.491823751529836,22.785796588026713
5854,129,52.69514515263296,20.871521782521025
5855,129,44.018541866687855,17.43652901253307
5856,129,35.872515311652364,14.222739856248154
5857,129,30.33835544493968,12.029709876405121
5858,129,28.05338285913095,11.131204363206662
5859,129,25.833916398308787,10.254041282495862
5860,129,24.998685689805455,9.921630984016389
5861,129,24.978070638745464,9.903135115556452
5862,129,28.135002258689923,11.19448015850365
5863,129,38.19879757086753,16.890860447122883
5864,129,7.895295918292078,13.55992091159737
5865,129,0.0,10.301242042129036
5866,129,0.0,7.401403136074754
5867,129,0.0,5.317867652106704
5868,129,0.0,4.49584181792965
5869,129,0.0,4.04871650019742
5870,129,0.0,3.777528824804548
5871,129,0.0,4.502387438222799
5872,129,0.0,8.1272949698122
5873,129,0.0,16.965377182448663
5874,129,10.951247958512766,21.82238785489311
5875,129,60.45692228113708,28.730406899063144
5876,129,85.7246656416315,34.168228910943355
5877,129,56.45323669731539,22.36140760614339
5878,129,51.81988209125166,20.53590881603995
5879,129,43.30832618321523,17.159257648422734
5880,129,35.069667188093234,13.896217977967463
5881,129,28.500164141284756,11.302089239422788
5882,129,25.742098244940337,10.214307712813731
5883,129,24.036831583604368,9.540328065805515
5884,129,23.580006011901133,9.359771551716609
5885,129,24.06486741790559,9.544527750962374
5886,129,27.094604419009016,10.778734433599539
5887,129,37.62309696926991,16.57029159751489
5888,129,5.3759247242837205,12.384980468021354
5889,129,0.0,9.201453073562671
5890,129,0.0,6.590616164799841
5891,129,12.786424917255346,5.053594465815711
5892,129,11.511646680816057,4.549754533134028
5893,129,9.701605321712492,3.834372192365099
5894,129,8.980789518432175,3.549479967807403
5895,129,0.0,4.599054595779017
5896,129,0.0,7.7930141697163915
5897,129,0.0,17.556816072573312
5898,129,17.055791749761795,22.921907388671737
5899,129,67.0429058535511,31.081808372191837
5900,129,94.74581345718036,37.76584339870297
5901,129,61.963924675453086,24.555517784058374
5902,129,55.02130112194692,21.805794840475375
5903,129,47.692128636938946,18.897620322593742
5904,129,40.301954973777754,15.967614862144718
5905,129,33.591847350141535,13.32598117153964
5906,129,30.479540020994733,12.084435080295316
5907,129,27.750496588122786,11.011581539748724
5908,129,26.580454941452558,10.547964159530643
5909,129,25.58185910553945,10.148689286035252
5910,129,28.247050670337615,11.219248737148396
5911,129,44.205932495170686,18.892781951207798
5912,129,12.544831498509268,14.471463614136349
5913,129,0.0,12.01088862086795
5914,129,0.0,10.5770177704696
5915,129,0.0,9.076049955470685
5916,129,0.0,8.579291327666153
5917,129,0.0,7.581260079723031
5918,129,0.0,6.322637027442379
5919,129,0.0,6.774952479891841
5920,129,0.0,10.083923250309903
5921,129,0.0,18.03572609283597
5922,129,18.8612630939744,24.17183582582469
5923,129,63.72595798569591,29.70291000204279
5924,129,78.3817163162368,31.265993250198438
5925,129,48.331929392070094,19.137805790006116
5926,129,45.85076383091646,18.15719245160854
5927,129,39.827398967176464,15.77776040800706
5928,129,34.06470559565378,13.494412356937236
5929,129,29.876705166216766,11.836909464053996
5930,129,27.059850392916474,10.722436535777844
5931,129,25.851068616663753,10.249294562880335
5932,129,24.23547117890834,9.607335406836714
5933,129,24.110703976965908,9.556865787960971
5934,129,24.91917446205605,9.88099208825264
5935,129,15.151175838028053,9.58445045831753
5936,129,0.0,8.236743806067041
5937,129,0.0,7.4838357714794395
5938,129,0.0,6.098764440588692
5939,129,0.0,4.736768479913261
5940,129,0.0,4.625573844195504
5941,129,0.0,4.094666734208377
5942,129,0.0,3.790319593979263
5943,129,0.0,4.244140533066862
5944,129,0.0,5.705435427110612
5945,129,0.0,10.198025308852706
5946,129,0.0,14.469390166711952
5947,129,22.21945301271333,18.313467606524306
5948,129,51.53132000228311,20.98361239674152
5949,129,49.42169690943743,19.620213464037604
5950,129,47.53124332723857,18.847748608000945
5951,129,41.284046848112155,16.398222410093354
5952,129,37.39350018569709,14.843290074117572
5953,129,32.94350590348927,13.066135786913094
5954,129,30.373218410328917,12.044575774316078
5955,129,28.715934438494628,11.383846620767544
5956,129,27.47148150995571,10.889735064983958
5957,129,27.03562672972737,10.716320719645134
5958,129,25.612194252889964,10.159478372345008
5959,129,15.30943863469858,9.25637088775532
5960,129,0.0,7.026639299488071
5961,129,0.0,6.346030001904886
5962,129,11.83889753420786,4.67909948054833
5963,129,9.588242432648997,3.789557658077652
5964,129,9.786545516458744,3.8679292969388266
5965,129,9.273919288737886,3.665317646994317
5966,129,8.980152329851165,3.5492086485533823
5967,129,0.0,3.543765496490858
5968,129,0.0,5.135051059932944
5969,129,0.0,10.677464129533139
5970,129,0.0,14.150996674149635
5971,129,27.109878943583965,20.060139245022565
5972,129,58.00304088247543,23.36325075928508
5973,129,56.51821108259014,22.381186357601077
5974,129,49.803340685041775,19.737587056440532
5975,129,43.83287707705463,17.362997146906984
5976,129,36.30074515684356,14.389590465043275
5977,129,31.603963349628117,12.525227748576306
5978,129,29.29997226110359,11.614621700096821
5979,129,27.01836497672261,10.715166819582945
5980,129,26.671643878948714,10.575858456819496
5981,129,26.73692154972329,10.598228456842788
5982,129,29.305678026407378,11.616920127596298
5983,129,45.51170573923713,18.240446595868217
5984,129,32.783409947441555,12.956944823787481
5985,129,22.57768402702709,8.923352610098355
5986,129,14.57612368159289,5.760893412817821
5987,129,10.509029790636504,4.153469271510746
5988,129,9.949220124376268,3.932223273478876
5989,129,8.90685130212887,3.5202389906169027
5990,129,9.897673700624665,3.9118488546723205
5991,129,12.89773074287126,5.097560998595449
5992,129,0.0,10.150354072259029
5993,129,0.0,20.515587189174962
5994,129,28.863553593666325,26.35567383589145
5995,129,72.58406760502822,32.3318320707126
5996,129,87.87045088230272,34.88056961085817
5997,129,56.48130655225714,22.38740039449536
5998,129,49.46940951881018,19.588532454436184
5999,129,41.721503875230326,16.527495515939002
6000,129,33.95436123116724,13.454251274974677
6001,129,29.515078217713153,11.700894291214764
6002,129,27.793682085516025,11.018212729371253
6003,129,26.04454707171655,10.324585367616695
6004,129,24.8230928892319,9.846419016713707
6005,129,24.697296186928952,9.781759827523178
6006,129,28.277314077470805,11.224250679193114
6007,129,44.180985289060004,18.73233398541199
6008,129,9.197549463110022,12.880815074778683
6009,129,0.0,7.653981004773968
6010,129,0.0,4.935716300786024
6011,129,0.0,4.0514499975828935
6012,129,0.0,4.213407209669316
6013,129,0.0,4.4853961369878546
6014,129,0.0,4.75679729332869
6015,129,0.0,5.901516554538227
6016,129,0.0,10.430726774522395
6017,129,0.0,22.314420042809278
6018,129,35.00519763309029,27.75370069400756
6019,129,75.12418253649855,33.12674977059
6020,129,92.3878238541107,36.694765131323905
6021,129,57.056823655930344,22.608002682950342
6022,129,50.80310968408952,20.117952037310534
6023,129,43.50868001655783,17.230402073020546
6024,129,35.863357561769504,14.211019611817678
6025,129,30.50732268005163,12.087291237395146
6026,129,26.731592222848377,10.604244722787588
6027,129,25.009191125953123,9.918873505412522
6028,129,24.115797627803914,9.565758522299035
6029,129,24.30687850044322,9.636661916408372
6030,129,28.53343251748086,11.322048784548851
6031,129,45.70745441458968,19.22764617677742
6032,129,19.557156712235013,16.17780371357584
6033,129,0.0,13.009852249761291
6034,129,0.0,9.384516325816115
6035,129,0.0,7.520965168208351
6036,129,0.0,6.876029130005383
6037,129,0.0,6.206229719787782
6038,129,0.0,6.006425933668843
6039,129,0.0,6.980223916990278
6040,129,0.0,11.057032893681418
6041,129,0.0,21.261228715362066
6042,129,26.327910262669008,24.83191160686461
6043,129,72.21447741141773,31.780247689959502
6044,129,89.14496306087116,35.3326086914152
6045,129,55.554925777801856,21.999348912873476
6046,129,49.36826395394789,19.55192815614339
6047,129,41.75770992577199,16.538307030389234
6048,129,34.014146183171334,13.472104096518404
6049,129,29.32927335746527,11.62396262325284
6050,129,27.151002753385,10.76878555201714
6051,129,26.019158684999155,10.312239774441986
6052,129,23.96752830631499,9.507159294180804
6053,129,23.44931052142485,9.295456988367313
6054,129,26.144810129903107,10.379202116937453
6055,129,42.789848439451106,18.005740544338863
6056,129,13.107234531702261,13.40926033931164
6057,129,0.0,9.814515843286316
6058,129,0.0,7.171411742959816
6059,129,0.0,6.117971304681703
6060,129,0.0,5.746581162706569
6061,129,0.0,4.70730817331288
6062,129,0.0,4.265675218142749
6063,129,0.0,5.480924776204526
6064,129,0.0,8.988180818228074
6065,129,0.0,19.31394110030366
6066,129,31.228085316843845,25.526616638296833
6067,129,73.52955993855304,32.09776526066965
6068,129,86.20865149624635,34.191714107907906
6069,129,53.00160237731788,21.0006956294923
6070,129,49.99554019137875,19.81142734255878
6071,129,41.46651278472291,16.431325080125315
6072,129,35.09621733108759,13.904367494906655
6073,129,30.83524114199676,12.218039579205755
6074,129,28.155407048885195,11.163492621148727
6075,129,25.939558077837432,10.28084212466961
6076,129,24.754165287887986,9.821562149228184
6077,129,24.74554166775178,9.820427083417322
6078,129,27.00906986535756,10.734563481731993
6079,129,42.64936138282849,17.712304630792083
6080,129,12.237196650360715,12.369101294907574
6081,129,0.0,8.968519057562897
6082,129,0.0,7.080353615114169
6083,129,17.846738478066726,7.053553262628546
6084,129,18.819260419910222,7.437911542076707
6085,129,17.87323770730964,7.064023646766899
6086,129,17.212396563934362,6.802848504425266
6087,129,0.0,7.348661758339006
6088,129,0.0,10.671007633561926
6089,129,0.0,19.43261522564365
6090,129,29.479041479408608,25.221384525308796
6091,129,72.04432220072832,31.35448946558348
6092,129,84.87290333941644,33.64190353579491
6093,129,52.574012057856834,20.817833813334413
6094,129,49.30046118491305,19.520556104990494
6095,129,43.16499103329363,17.09562411915789
6096,129,36.59890080272632,14.503974332857585
6097,129,30.984336813990154,12.272310670159008
6098,129,28.726801404641122,11.383527553038581
6099,129,26.127860811275383,10.352901027643172
6100,129,27.002985091851173,10.698756723208366
6101,129,26.7803183598474,10.613033537156213
6102,129,27.817514589173697,11.016056781090043
6103,129,21.90926125314263,10.85937446105439
6104,129,0.0,9.205720625879133
6105,129,19.64952514780549,7.766041265648084
6106,129,14.874742595530677,5.878924713923167
6107,129,12.741070400256405,5.035636354988269
6108,129,13.138168684445617,5.192578072358087
6109,129,11.048584000526773,4.366713991778463
6110,129,10.507927680436069,4.153032400010142
6111,129,10.904830302532531,4.3099026373039635
6112,129,0.0,6.182717410287367
6113,129,0.0,11.303842387817138
6114,129,0.0,15.50890468084682
6115,129,35.34830994356852,19.822297317251465
6116,129,53.26701948449042,21.27212984556701
6117,129,51.99121182315025,20.632306200625624
6118,129,46.58887047175142,18.46724692153377
6119,129,41.62640784127092,16.50249096126781
6120,129,36.626590573558104,14.513778424998966
6121,129,31.921365686319092,12.654134639374467
6122,129,27.998486800193234,11.099082096763597
6123,129,25.686446160023024,10.184188869378202
6124,129,25.25999504531029,10.017947428035406
6125,129,25.782676168791596,10.225655815302396
6126,129,26.317484778239475,10.434725608814224
6127,129,23.345060804039974,11.002885937669477
6128,129,0.0,9.145226235069023
6129,129,0.0,8.531883602448433
6130,129,0.0,7.375375615298566
6131,129,16.785413788468873,6.634052588400891
6132,129,15.802728857803316,6.245671286000334
6133,129,15.179260932953298,5.999270622668552
6134,129,14.140307890883719,5.588648417127315
6135,129,0.0,6.394649609983532
6136,129,0.0,8.134391604831277
6137,129,0.0,14.516185576423032
6138,129,0.0,19.063045456326694
6139,129,44.20243776525723,23.11838123306885
6140,129,63.3874225970672,25.174391086827846
6141,129,60.11727780083831,23.802686093111927
6142,129,52.76096836172073,20.92284512884611
6143,129,43.333219155805125,17.186327550406364
6144,129,37.12528175855212,14.720098611690013
6145,129,31.48055139572392,12.47537825809403
6146,129,27.629308393379404,10.95324466079641
6147,129,26.769739888759858,10.60891197031233
6148,129,26.55735169023643,10.529561216420808
6149,129,26.545916637868316,10.521578037269233
6150,129,30.402292869041503,12.056060891717632
6151,129,49.653209796591824,20.336751784693384
6152,129,18.427161343137044,14.388103361045806
6153,129,0.0,9.88768319431869
6154,129,0.0,7.1411936785114545
6155,129,0.0,5.29205259721793
6156,129,13.748682301514492,5.433868545126055
6157,129,12.13755750024248,4.797096518560897
6158,129,11.532118410244152,4.557810779956214
6159,129,0.0,5.298504725765162
6160,129,0.0,10.589655726560721
6161,129,0.0,21.03494031040507
6162,129,36.55081403757521,26.328287327982384
6163,129,76.32869772900719,32.32716424019354
6164,129,83.58622079728661,33.07119870569367
6165,129,51.00059479114449,20.228081740010037
6166,129,47.61214297144534,18.871651944960895
6167,129,39.64192973863234,15.708963481046665
6168,129,31.924561200490587,12.654265585344122
6169,129,28.286651015143605,11.179688067900322
6170,129,26.43845671926215,10.449251066188038
6171,129,23.6253922041314,9.337460724245165
6172,129,22.508467731093162,8.896034392206532
6173,129,22.274616149555726,8.828877721009698
6174,129,25.586039396287674,10.167528903326856
6175,129,45.10489679655194,18.528819969665683
6176,129,14.836201556715167,13.146974317268228
6177,129,20.96888226511595,8.287536022797626
6178,129,14.496632624162231,5.729524272576077
6179,129,12.44601688718916,4.91905519865553
6180,129,13.676618308256394,5.4054342778500475
6181,129,14.515195344092291,5.736865661379322
6182,129,15.24640602684002,6.025846492298715
6183,129,17.02161698110416,6.727464496985026
6184,129,0.0,11.518273138201067
6185,129,0.0,24.33615530570777
6186,129,52.03576985375946,31.4318180108018
6187,129,85.81290745395265,35.909179643738156
6188,129,88.50096240964334,35.02985385767306
6189,129,53.31377988843755,21.15626432566177
6190,129,48.80222198656625,19.349078083210422
6191,129,40.55552174490984,16.028821393642364
6192,129,33.973839646151305,13.427494264834552
6193,129,29.068641824022023,11.488774515740207
6194,129,24.568708939650463,9.710252631885222
6195,129,23.57926367844243,9.319228884752704
6196,129,23.147873927346296,9.148712632169854
6197,129,22.919309066050886,9.100897136614686
6198,129,26.483429425606886,10.517611230282453
6199,129,47.60431946135313,19.513262705030552
6200,129,21.070038182024575,15.035178359586814
6201,129,30.029921112802782,11.86873657362359
6202,129,23.295806659664464,9.207197940293593
6203,129,18.02681310757137,7.124754608733244
6204,129,17.581285990527107,6.948668475461666
6205,129,16.109411517234662,6.366932265784209
6206,129,15.514600394446632,6.131846844653552
6207,129,16.918945407301322,6.686885200633354
6208,129,0.0,10.483243569753968
6209,129,0.0,21.043881385356478
6210,129,37.44676454774165,26.140339264473578
6211,129,78.2248816408746,32.800014548519115
6212,129,84.36981035594471,33.38577395928321
6213,129,51.42293760240335,20.368724737089007
6214,129,47.04613863279761,18.64226197462349
6215,129,40.746171019637956,16.143143248650812
6216,129,33.22073655940372,13.161972340008942
6217,129,29.246403839927382,11.588932490019525
6218,129,25.519784090977993,10.119525518927198
6219,129,23.687554236190067,9.386190542733818
6220,129,23.015526383904472,9.127478123975797
6221,129,24.725679197153738,9.79990707391078
6222,129,27.660561264671202,10.98286144472814
6223,129,46.779252487734624,19.119372104102904
6224,129,15.85059091998886,12.727589289991775
6225,129,0.0,9.961482263663612
6226,129,0.0,7.287899099251934
6227,129,0.0,6.2249300491659785
6228,129,0.0,6.556324503827446
6229,129,0.0,5.688015598486587
6230,129,0.0,5.7458179588492495
6231,129,0.0,6.928740263864725
6232,129,0.0,10.917634310478826
6233,129,0.0,22.431148303651344
6234,129,44.33416069377927,27.75129738484297
6235,129,82.676606035605,34.38345640763061
6236,129,87.93532410882676,34.790078384475756
6237,129,54.05519241626067,21.430741707301003
6238,129,47.54299402534912,18.86154981183857
6239,129,41.427373599940864,16.4260936795644
6240,129,34.952595545359344,13.845250808856866
6241,129,30.431226457608318,12.05253033413339
6242,129,26.653500613974757,10.564067430902977
6243,129,25.601807974879875,10.144973639165993
6244,129,24.14168156345653,9.580513237774591
6245,129,24.038646037485734,9.538646323974959
6246,129,28.10740470031803,11.165128996905883
6247,129,48.14623588339373,19.467670841739267
6248,129,20.46428104686271,13.859307464694608
6249,129,0.0,10.176585066570171
6250,129,0.0,6.95327412261015
6251,129,0.0,5.871479771546449
6252,129,15.419351651349444,6.094205506146663
6253,129,14.688893955256077,5.805505668809243
6254,129,0.0,6.593795847130585
6255,129,0.0,7.536294725860666
6256,129,0.0,11.67125911333509
6257,129,0.0,21.968325137697864
6258,129,42.9747514045431,27.438266134648316
6259,129,79.77050586330847,33.10411176450575
6260,129,85.24820298454117,33.73172459644894
6261,129,51.74564066299325,20.508904152801897
6262,129,45.599853959807035,18.08108415696488
6263,129,38.694188785513006,15.35057694561165
6264,129,33.774445821112664,13.393501827170079
6265,129,29.90106663737535,11.856864456055343
6266,129,27.071440227558696,10.733930066518091
6267,129,25.41403280835297,10.081184402424983
6268,129,24.289382416451843,9.636716323099668
6269,129,23.577709034515948,9.350848127275155
6270,129,24.624670987769548,9.783040812835463
6271,129,24.468344442723833,10.865617662898027
6272,129,0.0,9.38437222056224
6273,129,0.0,7.80627361839754
6274,129,0.0,6.214420109622393
6275,129,0.0,5.77480175817209
6276,129,14.185509450598488,5.606547529539778
6277,129,13.096152290351881,5.175992365853692
6278,129,0.0,4.996392640596694
6279,129,0.0,5.837897935446862
6280,129,0.0,7.826548948190183
6281,129,0.0,14.509755810956147
6282,129,0.0,18.965799364826264
6283,129,49.80116997689876,22.75745959547021
6284,129,56.110044926722225,22.242916878921612
6285,129,51.20822682966519,20.309033328870285
6286,129,46.83894139303746,18.57638258670045
6287,129,39.6698228160659,15.729205978564593
6288,129,34.545903314974424,13.686877709446003
6289,129,30.52508700646328,12.105759132103262
6290,129,27.74889524182811,10.997031599727409
6291,129,25.830274090374417,10.24676260934885
6292,129,24.35038175939752,9.658448507178132
6293,129,23.256527957236983,9.237610037318701
6294,129,23.73792451810175,9.426724788561463
6295,129,22.02048585211358,9.508566838139398
6296,129,0.0,8.317429354179687
6297,129,0.0,7.401184364117408
6298,129,0.0,6.2510432771822995
6299,129,13.522348287356323,5.344426766865438
6300,129,13.812840335525323,5.459233262885638
6301,129,13.437296391181519,5.31079837496497
6302,129,0.0,5.4690009286072305
6303,129,0.0,6.271219952306517
6304,129,0.0,8.471524241135102
6305,129,0.0,14.850949533662718
6306,129,0.0,19.39649063398902
6307,129,49.58317352785713,22.579483955592117
6308,129,54.7209128659496,21.711256112157788
6309,129,49.841898440554644,19.758805515805765
6310,129,45.8786296284579,18.223355411997595
6311,129,36.88185259377619,14.639975095193513
6312,129,29.846989105319466,11.843498373629089
6313,129,25.060238259278833,9.940144268563513
6314,129,23.873924817870318,9.474740879519338
6315,129,23.38386258787395,9.274143461593928
6316,129,22.54786733216463,8.946049285824419
6317,129,23.3701308081109,9.269890476377878
6318,129,27.688737761401683,11.007731108014664
6319,129,51.71069214751611,20.774191015913246
6320,129,28.778777512130205,16.69843560924626
6321,129,9.903988397752528,11.20433541148808
6322,129,21.121963210717354,8.348007485402741
6323,129,17.46623000924785,6.903157079159583
6324,129,0.0,7.302294304990862
6325,129,0.0,7.069320586920764
6326,129,0.0,6.417245496121505
6327,129,0.0,7.063284485931477
6328,129,0.0,12.738433718725403
6329,129,6.499423286474126,25.593744530130774
6330,129,58.8458240373555,32.104386702647865
6331,129,90.07875978149116,36.69077070198859
6332,129,92.03615264905451,36.40853224832325
6333,129,52.792898516880626,20.920428076896904
6334,129,49.74388709192468,19.719988929985334
6335,129,41.7341474949211,16.533608903458624
6336,129,33.165212488491136,13.141196900125301
6337,129,27.648342332913245,10.958445126028227
6338,129,25.602253302984934,10.14865066522008
6339,129,23.96104205965699,9.494281546449496
6340,129,23.055123751635875,9.139679842201751
6341,129,23.38046134047289,9.269396231472674
6342,129,27.623096743376152,10.958847464578518
6343,129,52.726084072453716,21.172168251119672
6344,129,26.310930689181333,15.819674345036836
6345,129,0.0,10.843671160474193
6346,129,0.0,8.368081288571098
6347,129,0.0,7.714312717791858
6348,129,0.0,7.244997278921935
6349,129,0.0,6.99052091053274
6350,129,0.0,6.426986843930326
6351,129,0.0,7.779061520242246
6352,129,0.0,13.074379862566085
6353,129,10.334034421880745,26.61084471156063
6354,129,62.40562075651823,32.4751760067164
6355,129,89.37957936961638,36.26302854794187
6356,129,93.87538784787708,37.122929918667154
6357,129,56.09511415007162,22.237137781301332
6358,129,51.646655189856006,20.474379579384422
6359,129,42.426757672021864,16.813111675925345
6360,129,33.74864544566947,13.377551963202489
6361,129,29.392770524154344,11.650213467947527
6362,129,26.887703102023153,10.664742575356104
6363,129,24.581608874150618,9.74871519190448
6364,129,23.835327632763637,9.454890661759649
6365,129,24.116688451460533,9.574130808713642
6366,129,29.278041245991204,11.618660728532289
6367,129,52.60935794020938,21.147788438900275
6368,129,29.090482573046472,16.537898266836486
6369,129,0.0,12.27371001353348
6370,129,0.0,8.810408656756222
6371,129,0.0,6.737863567738244
6372,129,0.0,6.468615542594992
6373,129,0.0,5.859272396871305
6374,129,0.0,5.159369373985796
6375,129,0.0,6.207461750783464
6376,129,0.0,11.058278085090846
6377,129,3.1473400247641337,22.831775584229884
6378,129,50.174699523395816,27.96982390014571
6379,129,78.10735225227816,31.788465136752194
6380,129,83.2491105895059,32.931307574430775
6381,129,50.25501611260452,19.93009928558488
6382,129,44.92383785212439,17.8080775415793
6383,129,38.67219196055771,15.329200291462616
6384,129,32.48311782343549,12.872759527157
6385,129,28.48751969713703,11.292405961854698
6386,129,25.27240236009476,10.017121151930857
6387,129,23.802700521361686,9.431615139423707
6388,129,24.086500775002406,9.549506296881214
6389,129,24.896266161825054,9.86839428775908
6390,129,28.98761711293929,11.502663527983199
6391,129,51.97411719587919,20.848420906441707
6392,129,27.957130555886778,15.760184176343838
6393,129,0.0,11.322542887899719
6394,129,0.0,8.313410061587728
6395,129,0.0,6.670644484873592
6396,129,1.3518899966094011,6.276890956825333
6397,129,14.754929733495459,5.831554077695084
6398,129,0.0,5.844390831267011
6399,129,0.0,7.192860461807057
6400,129,0.0,12.56999931554879
6401,129,13.641243002862069,26.112778490791296
6402,129,61.398143195873445,31.350684403959452
6403,129,91.94089552514129,37.08891955329848
6404,129,91.62166815531236,36.23885753711565
6405,129,55.283363965706656,21.910307513826982
6406,129,49.25370242413152,19.530672571154298
6407,129,41.6172378408497,16.501003447765804
6408,129,34.53109903939122,13.682001447846522
6409,129,31.174304683940335,12.349612434314372
6410,129,26.95680857165428,10.680469866228233
6411,129,25.711121563869455,10.19045663661427
6412,129,23.949622579063856,9.49542044118104
6413,129,23.78141235646325,9.426617179997827
6414,129,26.793731914700913,10.63556433715647
6415,129,51.185376863987386,20.4137103407983
6416,129,28.585818032514254,15.298555135014464
6417,129,0.0,11.045077881745133
6418,129,0.0,7.242313789207506
6419,129,15.27284622230951,6.0362749194645176
6420,129,0.0,6.370570210589357
6421,129,0.0,6.82275373384707
6422,129,0.0,8.08970220527314
6423,129,0.0,10.413181240615968
6424,129,0.0,15.52948600192478
6425,129,19.15713762694793,28.171152571979018
6426,129,68.92510201221924,34.36707839963006
6427,129,95.45406287468694,38.40185533049476
6428,129,92.13230938009787,36.449031214002176
6429,129,55.39127928897969,21.96807470153301
6430,129,47.84641294745029,18.974675987881763
6431,129,41.71836996210487,16.5515557947537
6432,129,34.67648372747689,13.744257377794884
6433,129,30.494917059282756,12.095020384641748
6434,129,27.912800967886398,11.069874844176693
6435,129,25.54241739973051,10.13421382806741
6436,129,25.294661551896525,10.037419605851028
6437,129,26.198013649985086,10.389840747976173
6438,129,27.498546878778285,10.927978494275642
6439,129,32.08167169738374,13.18631257823047
6440,129,5.004555540093492,12.357653103615945
6441,129,0.0,10.265150976180294
6442,129,0.0,8.470869999316621
6443,129,0.0,7.133890713431706
6444,129,0.0,6.355047920688679
6445,129,0.0,5.934014085716171
6446,129,0.0,5.629360253017309
6447,129,0.0,6.92513223370619
6448,129,0.0,8.732112344400505
6449,129,0.0,15.088090671621575
6450,129,13.8610767008025,19.672517371710374
6451,129,54.35289390823428,22.732999874864714
6452,129,53.78615609371096,21.346304496694295
6453,129,48.067089233686744,19.050333042342576
6454,129,44.13905436920018,17.49328163541625
6455,129,38.630666996382956,15.308138238091923
6456,129,33.755008820740784,13.374223213353076
6457,129,29.132731696840608,11.548535591351172
6458,129,26.423386876356147,10.476560048837499
6459,129,25.308545830508677,10.038269344449992
6460,129,25.482386955896885,10.103510043519242
6461,129,24.82001612874285,9.8486075948925
6462,129,26.656100302218988,10.583469025223502
6463,129,28.909041954662484,11.720919174666184
6464,129,3.5093723538039967,10.460319675013627
6465,129,0.0,9.202891730321072
6466,129,0.0,6.615188458342449
6467,129,0.0,5.404178229382139
6468,129,0.0,5.331739789086191
6469,129,0.0,5.278218670466523
6470,129,0.0,5.548044863911949
6471,129,0.0,6.196643576844252
6472,129,0.0,8.02057996835584
6473,129,0.0,14.924125283434138
6474,129,15.510557505045597,21.419349908564936
6475,129,63.54073245731939,26.337745230786357
6476,129,64.7877425217196,25.68506119717797
6477,129,56.64954509997244,22.44682164479479
6478,129,49.13458221297873,19.508913182799645
6479,129,40.03399558666487,15.862732912138119
6480,129,32.651394041309345,12.9495425774957
6481,129,29.873022837747953,11.83646965393044
6482,129,27.49437371788588,10.90559043105606
6483,129,25.624848164778058,10.162137694163915
6484,129,26.48089115272967,10.500467406064438
6485,129,27.031614552392114,10.716996419686158
6486,129,31.608332863605426,12.553411746003942
6487,129,60.58676771136717,24.060571064558633
6488,129,41.23985167242594,19.705870224482638
6489,129,0.0,13.839455566798053
6490,129,0.0,10.432867188812349
6491,129,0.0,8.946924446958157
6492,129,0.0,8.970577194430117
6493,129,0.0,8.632843303589944
6494,129,0.0,8.728807084550944
6495,129,0.0,9.300580534286476
6496,129,0.0,15.073358448420684
6497,129,26.220644871290943,28.282362512972043
6498,129,75.81316654059123,35.74736822782218
6499,129,97.07208985069471,38.78385059131072
6500,129,91.08048654410084,36.028598886885405
6501,129,54.810965432501746,21.71912037650532
6502,129,48.22412276614685,19.108911697280956
6503,129,40.460191232806864,16.026605287813332
6504,129,33.11593158741388,13.121635217316197
6505,129,29.490523357090126,11.689936400698874
6506,129,26.91843898464441,10.669930430551481
6507,129,25.74045168433514,10.210117459061474
6508,129,24.6400240324256,9.771771107831034
6509,129,24.873924325611085,9.861899252749577
6510,129,30.58296128412863,12.130915208465497
6511,129,59.19598565598605,23.506223502163802
6512,129,42.98277723283306,20.347527907214864
6513,129,0.7648942424758332,15.142210175334775
6514,129,0.0,11.348439479593905
6515,129,0.0,10.06249375719356
6516,129,0.0,9.822338333347329
6517,129,0.0,8.322616667578663
6518,129,0.0,7.419834099941899
6519,129,0.0,9.126950950313413
6520,129,0.0,16.04667111911761
6521,129,31.828430005074182,30.024176251997527
6522,129,86.87795821604283,39.178432071801005
6523,129,106.49078982533311,42.41230950815938
6524,129,100.29508448327817,39.66954088970461
6525,129,58.23862563856608,23.0647742942931
6526,129,52.84546056437023,20.93896880680167
6527,129,42.64444722927152,16.91180447253935
6528,129,36.382575519358085,14.417357398226983
6529,129,30.977901587174728,12.280117504692198
6530,129,27.629747196893817,10.945350156981112
6531,129,26.06225991724287,10.326996089778444
6532,129,24.808587848824004,9.833785473606978
6533,129,24.493359203365372,9.7092026133247
6534,129,29.563731928952564,11.715480806259597
6535,129,60.799993292935284,24.158586587908232
6536,129,44.10203903409737,20.649781708269813
6537,129,3.0012721678502885,14.887523130125066
6538,129,0.0,11.261380117193701
6539,129,0.0,9.547614473662355
6540,129,0.0,9.602220824685203
6541,129,0.0,8.530866657868991
6542,129,0.0,8.571803103728346
6543,129,0.0,9.750436362441329
6544,129,0.0,15.846894190734616
6545,129,32.99732009928391,29.47734444400061
6546,129,77.21500710143658,35.65923157728744
6547,129,95.76564351359806,38.17686038261265
6548,129,92.9912138022182,36.78266067696076
6549,129,57.43684812650329,22.767305122868272
6550,129,50.549540368027834,20.03609119918367
6551,129,43.537976710901205,17.25570939567799
6552,129,35.77683780114427,14.172198002700556
6553,129,29.420617660832704,11.661209720709657
6554,129,25.600931750311418,10.151552687888227
6555,129,24.744630413252366,9.811978195380547
6556,129,24.157080453722557,9.580925012009738
6557,129,25.41699112203233,10.075439970949084
6558,129,29.476279507989034,11.695883558334994
6559,129,55.73069318968038,22.13445457844432
6560,129,35.68493188612365,16.983068890823564
6561,129,0.0,10.794091527632268
6562,129,0.0,6.968560222531447
6563,129,0.0,6.134257222008169
6564,129,0.0,5.791146986127442
6565,129,0.0,4.936816439077103
6566,129,0.0,4.766881268178369
6567,129,0.0,5.621204314562242
6568,129,0.0,10.542123944060313
6569,129,19.033477354042816,23.388729760476394
6570,129,70.81135259544169,32.221961553836245
6571,129,96.26492146477617,38.28812637484936
6572,129,88.63972538815545,35.08834213042163
6573,129,51.69420965205873,20.49322187146633
6574,129,45.72363135208235,18.126576500678684
6575,129,38.579994378427074,15.295124632791655
6576,129,32.960456033425345,13.062621779810508
6577,129,28.245650786669074,11.19919258887186
6578,129,24.510546848073744,9.718368982623057
6579,129,24.000739561948592,9.524916401151815
6580,129,22.508677620386663,8.927150217004124
6581,129,23.8938287769912,9.476922660143437
6582,129,28.573794257475527,11.347262981084787
6583,129,57.0456152744363,22.61624141985147
6584,129,44.12508377229685,19.875362770846763
6585,129,4.774012291058227,13.841748655386393
6586,129,0.0,9.070686671931064
6587,129,0.0,7.223220484892367
6588,129,0.0,7.700102554639362
6589,129,0.0,7.750108039702276
6590,129,0.0,8.195871678006322
6591,129,0.0,9.750949566154441
6592,129,0.0,13.806458747297533
6593,129,24.227160904096934,25.208046896241893
6594,129,75.30919160818073,33.97649156676156
6595,129,94.55216586371762,37.54785574988484
6596,129,92.40159763706046,36.548522750214204
6597,129,53.5392355516251,21.226924480907545
6598,129,48.6633093849278,19.32053504021272
6599,129,42.37654212495201,16.791004822147944
6600,129,35.737310879625284,14.161210692591668
6601,129,30.464109064251232,12.079364693074663
6602,129,26.939002833444192,10.680414079812744
6603,129,25.517066810280653,10.124164780804247
6604,129,25.46110997012363,10.096308926037533
6605,129,24.997410003418707,9.913024081613361
6606,129,26.195451086667987,10.393438760438926
6607,129,31.690050257264346,12.70176328159697
6608,129,16.58106624406841,12.801359061326524
6609,129,0.0,9.786421259727392
6610,129,0.0,7.513978580250249
6611,129,0.0,5.796245600198621
6612,129,0.0,5.6574817622085645
6613,129,0.0,5.2585820184771395
6614,129,0.0,5.104835788314445
6615,129,0.0,5.861315916126131
6616,129,0.0,8.076432166295325
6617,129,0.0,15.314874524094915
6618,129,33.7837542417212,21.56389270541862
6619,129,60.355548405521375,24.162168911850927
6620,129,53.292395585732066,21.177591604545217
6621,129,47.612593694040584,18.871883850552145
6622,129,44.51854782059783,17.65707355214294
6623,129,38.34505798243626,15.155104285773094
6624,129,34.98586644954216,13.827431054527079
6625,129,29.459053513619438,11.643077504927337
6626,129,26.741214110504785,10.56891520245331
6627,129,25.171885522286885,9.948661269721562
6628,129,24.702196795153952,9.763046381587134
6629,129,25.178274290986735,9.951193826554062
6630,129,26.572919057421984,10.50241101748253
6631,129,31.80784969636008,12.571410982156358
6632,129,18.360208667381528,12.485450338918792
6633,129,0.0,10.417152986049189
6634,129,19.072952060611215,7.538220468446329
6635,129,15.060656684781293,5.952443530982476
6636,129,14.338552509308045,5.66704322864678
6637,129,13.316523789800527,5.263109735282291
6638,129,12.408266401241264,4.90413827341189
6639,129,13.479218787239233,5.327402178031648
6640,129,18.392411664308383,7.269235265191613
6641,129,0.0,14.80497836365912
6642,129,34.72264399690772,22.936985921370805
6643,129,66.13693456629832,26.441424623367986
6644,129,61.19848972964803,24.187356152951306
6645,129,55.73355675888081,22.02747261173932
6646,129,47.577101530745125,18.803803085014323
6647,129,37.16325753564931,14.687953762177806
6648,129,29.994100382666034,11.854511746296014
6649,129,25.798166037805714,10.196163596744952
6650,129,23.184667780295598,9.163227461388233
6651,129,22.775933506881785,9.001676393355664
6652,129,23.129618908118488,9.14146344902864
6653,129,24.90738727579611,9.844079894797831
6654,129,30.068634312417686,11.88395034476223
6655,129,60.27599562925445,23.822760738467515
6656,129,52.72527291443296,20.83853603332633
6657,129,36.51823983792468,14.433056738103568
6658,129,23.78900197851408,9.402131180422176
6659,129,19.549478096653417,7.726557439450209
6660,129,20.728500433470742,8.192531232536407
6661,129,17.585460149991405,6.9503140191037955
6662,129,19.270347854394743,7.616233771415292
6663,129,23.222362662927765,9.178172056857663
6664,129,0.0,15.833596946712998
6665,129,39.951619654335246,29.533988155151945
6666,129,80.85496133611159,35.39530638602383
6667,129,94.07444387980846,37.29610579638933
6668,129,91.00850993949194,35.99698324938017
6669,129,51.684034328548734,20.486916784685324
6670,129,44.82954789361315,17.765147347102737
6671,129,36.17856817288967,14.334529772516184
6672,129,31.149062021356144,12.347818609004479
6673,129,27.221221284928987,10.79197466977464
6674,129,25.336271229615903,10.049281427991072
6675,129,23.853211287775622,9.46884535286744
6676,129,22.78379079841031,9.038129755281458
6677,129,22.764811779033778,9.024878189771997
6678,129,27.631189679780732,10.973468427376991
6679,129,56.94313957076247,22.53314512674551
6680,129,48.75006968278228,21.06100604829124
6681,129,7.896131051616351,14.355293624572086
6682,129,0.0,10.416636030190405
6683,129,0.0,8.277108875483119
6684,129,0.0,7.5652492223288546
6685,129,0.0,6.58383894144098
6686,129,0.0,6.511553049982355
6687,129,0.0,7.394324946668288
6688,129,0.0,12.732367469210583
6689,129,31.50682775018865,25.956158031211007
6690,129,83.22756636472661,35.588274072180084
6691,129,100.52936908697419,39.823992782476196
6692,129,97.72916179880298,38.65975265719253
6693,129,55.27861161576553,21.907433327298598
6694,129,49.18426652364971,19.495364974304675
6695,129,39.83666306090328,15.798643258117865
6696,129,33.081161293761596,13.113722285029384
6697,129,28.272178285785543,11.209603714598993
6698,129,26.603825543077164,10.538773772877585
6699,129,25.950617364049577,10.28636008828752
6700,129,25.008513387511755,9.914009286328897
6701,129,26.517246881486045,10.50685057912537
6702,129,31.599172501593387,12.539521839017704
6703,129,62.54470808373114,24.75982544177132
6704,129,52.62392731076915,22.645046604441
6705,129,14.56152161270552,16.276303247385133
6706,129,0.0,12.02369839271643
6707,129,0.0,10.193383949079264
6708,129,0.0,10.284449210174111
6709,129,0.0,9.393845944673554
6710,129,0.0,10.103994094475192
6711,129,0.0,11.498856532564877
6712,129,0.0,18.16466656301198
6713,129,48.623775871217134,31.89540702006096
6714,129,90.64138578156289,38.87371034229789
6715,129,100.4280919823799,39.78319506582387
6716,129,93.039470864138,36.81119664668419
6717,129,54.51714213927872,21.59740874836577
6718,129,47.01238350270387,18.639313137641597
6719,129,38.239338941252754,15.162728155962649
6720,129,32.04065131835421,12.70018306627163
6721,129,27.740153752375818,11.005099979358953
6722,129,25.02913790818795,9.9301780134774
6723,129,24.69107298311357,9.796563123874073
6724,129,23.87288080235095,9.470877946638975
6725,129,23.25450005317009,9.220761007136472
6726,129,29.899963866977686,11.87481356895366
6727,129,58.555431423314985,23.19340213311296
6728,129,48.868905452440714,20.880487520938985
6729,129,13.966072062210344,15.784600701639416
6730,129,0.0,10.51078750983241
6731,129,0.0,9.262578242148493
6732,129,0.0,9.547954001038761
6733,129,0.0,7.981178662415517
6734,129,0.0,8.56735383950873
6735,129,0.0,9.94451784111008
6736,129,0.0,17.3300291704155
6737,129,46.72318884739468,30.989842282039223
6738,129,93.89581413339698,39.464289898067925
6739,129,107.56519504095508,42.57459722045548
6740,129,97.62046758450538,38.63164961575149
6741,129,57.04376589971005,22.615357371105336
6742,129,52.01920311781549,20.621484407730872
6743,129,43.26352694280189,17.13917648873798
6744,129,35.43340039506404,14.046791750422036
6745,129,29.89730205597141,11.864510489963898
6746,129,26.679198184826447,10.589191180095682
6747,129,23.88788085703908,9.490550153870466
6748,129,22.895567879906764,9.10068208768518
6749,129,24.57908681782328,9.753411369383267
6750,129,30.916045107481693,12.28553038811292
6751,129,61.140233524870524,24.21036134376509
6752,129,53.22218255663813,22.369990715288164
6753,129,17.95991111030304,16.32441732692562
6754,129,0.0,11.704026400056815
6755,129,0.0,9.237659484604244
6756,129,0.0,9.445297873434402
6757,129,0.0,9.426421832964195
6758,129,0.0,8.68932965065508
6759,129,0.0,10.036669072258208
6760,129,0.0,14.435483808527616
6761,129,39.216241940696506,27.737006586902613
6762,129,86.21667175835057,36.39627287370573
6763,129,97.6344674723002,38.63055120752394
6764,129,93.38118909168713,36.934543073560114
6765,129,55.08889337439271,21.825552630895526
6766,129,49.30529366465919,19.581072602586445
6767,129,42.84793296952216,16.985286183461554
6768,129,36.69257050148644,14.544499283038757
6769,129,32.254023132548326,12.793706792689711
6770,129,29.140612547564615,11.551724030915908
6771,129,26.711223312201327,10.593851015388482
6772,129,26.541150631555155,10.527771476119858
6773,129,26.369923870621648,10.45435597321452
6774,129,29.506310427141358,11.705413020531719
6775,129,36.06501765966286,14.34932198169896
6776,129,30.543132921575733,15.64132721942595
6777,129,0.0,11.565885013851764
6778,129,0.0,8.945062853774102
6779,129,0.0,7.8873187261490205
6780,129,0.0,7.706933874325497
6781,129,0.0,7.163792462943394
6782,129,0.0,7.080065212761217
6783,129,0.0,6.999683471845989
6784,129,0.0,9.495844301677257
6785,129,0.0,17.05994692023689
6786,129,48.4363242924033,23.542815611639718
6787,129,62.912000167354876,24.938245898344384
6788,129,55.04809644583375,21.837123470080517
6789,129,50.68472408615676,20.09418970908458
6790,129,44.669206464686084,17.73620032491899
6791,129,39.18272872452988,15.54594204387439
6792,129,33.698341824141664,13.353055425214922
6793,129,28.77279232076191,11.408646002422907
6794,129,25.967064364436965,10.294004861847148
6795,129,24.89579159526656,9.86830371536949
6796,129,23.501119066988707,9.323967418688861
6797,129,24.3965066663705,9.670959182732854
6798,129,25.852362387475125,10.2566880331009
6799,129,30.853306298986638,12.27341485967458
6800,129,27.49527839688426,13.785289875118927
6801,129,0.0,11.692271864585162
6802,129,0.0,9.228097370981834
6803,129,0.0,7.815372855861901
6804,129,0.0,7.22589626684425
6805,129,0.0,6.492870388183011
6806,129,0.0,6.544420810226404
6807,129,0.0,7.10405420406004
6808,129,0.0,10.274351094305349
6809,129,0.0,19.675842579700024
6810,129,57.55581428003964,27.895170875687498
6811,129,72.44260928213109,28.708459773544007
6812,129,67.47307595476215,26.779950159374863
6813,129,62.277164021647735,24.710263202776527
6814,129,54.82847342336328,21.742196020043238
6815,129,43.13804030837787,17.107997079873876
6816,129,34.38966767893348,13.637762721942567
6817,129,29.61949806870834,11.74668822357389
6818,129,28.179652217559692,11.183365048040262
6819,129,26.53408220072606,10.53525502118801
6820,129,26.787128703720242,10.626068143781836
6821,129,28.568651468333428,11.329040963163443
6822,129,34.66415158095515,13.763405269860959
6823,129,67.12343425044054,26.56339551958214
6824,129,60.29071837695099,24.88895991456695
6825,129,22.494698158201487,18.15335142579855
6826,129,0.0,14.475585096824732
6827,129,0.0,12.358436588409381
6828,129,0.0,12.581045483071232
6829,129,0.0,11.938074158547293
6830,129,0.0,11.817632916397443
6831,129,0.0,12.638518236981112
6832,129,0.0,18.925494077665764
6833,129,62.29166328760982,35.37230096140679
6834,129,102.67977749419543,42.434881885413475
6835,129,104.10190972341482,41.201274936463115
6836,129,97.9973008029198,38.77134718651671
6837,129,58.71241604033983,23.26676600893293
6838,129,51.81259415567396,20.53173722306077
6839,129,42.22127995357994,16.731833923022503
6840,129,34.60506443456879,13.712518878200468
6841,129,29.146276228892987,11.55276358433804
6842,129,26.40559409923071,10.473017179471876
6843,129,23.859898151997072,9.469196694113428
6844,129,23.599639806882067,9.360597473361292
6845,129,25.441716101589407,10.084008896226608
6846,129,30.552392604530354,12.13607571599127
6847,129,61.0764560775614,24.164426655616502
6848,129,53.699914492753464,22.122214381114347
6849,129,15.608534828121634,14.772335455061613
6850,129,0.0,9.422563856681332
6851,129,0.0,6.117967668892024
6852,129,0.0,5.644066240735771
6853,129,0.0,4.971649184125018
6854,129,0.0,5.2290789315312285
6855,129,0.0,7.003501509958445
6856,129,0.0,12.952045783553011
6857,129,48.13733091723549,29.538141109551248
6858,129,99.76158050280048,40.77622161092474
6859,129,107.77183638980503,42.63692368277533
6860,129,93.78364371374204,37.10384809804034
6861,129,56.809954590026024,22.535640189913945
6862,129,49.69488354512919,19.70288772887225
6863,129,41.13392432875074,16.30328266827697
6864,129,32.688597908240524,12.957406953451043
6865,129,27.127272091906462,10.75367789586444
6866,129,24.44675586885836,9.688518770916358
6867,129,22.73631646472296,9.019423382573251
6868,129,22.153970151201463,8.786978087001286
6869,129,23.317313480649915,9.244474509184318
6870,129,28.10615642385983,11.16936403463098
6871,129,56.89182467695986,22.51076702779824
6872,129,51.18936138897823,21.293333502097237
6873,129,17.715590387410884,15.081280410794138
6874,129,0.0,9.81614104586482
6875,129,0.0,7.5541364135453355
6876,129,0.0,7.772096670436617
6877,129,0.0,8.263795016561755
6878,129,0.0,8.43219874313652
6879,129,0.0,10.278486519411167
6880,129,0.0,17.339529771106797
6881,129,62.9795244404292,34.558703738104086
6882,129,101.43352080033097,41.677307878525205
6883,129,104.62369454464948,41.39283949741536
6884,129,99.83854979797968,39.49117014498542
6885,129,55.39123401824142,21.942759727711326
6886,129,48.060149030529686,19.048777618037175
6887,129,40.56982324313907,16.083734833078303
6888,129,32.971111405188935,13.069033010125555
6889,129,28.318249379555738,11.235845756912719
6890,129,25.390639795887182,10.07075645863211
6891,129,23.015667638414783,9.125213603069662
6892,129,22.448288622580748,8.899826080487419
6893,129,22.688039260263082,8.992268279271148
6894,129,26.760040105145322,10.623452910679074
6895,129,52.70619501246898,20.86329689993093
6896,129,54.406150392750874,22.259034463800745
6897,129,26.38179532944207,18.064028980809614
6898,129,0.0,13.123348278077401
6899,129,0.0,11.260417926140523
6900,129,0.0,12.20709334669617
6901,129,0.0,11.82349000933661
6902,129,0.0,11.26134821996594
6903,129,0.0,11.661206552677102
6904,129,0.0,17.254397005596253
6905,129,56.70531683527358,32.07553520984388
6906,129,96.67649166390291,39.35949731597496
6907,129,96.61459629307956,38.21590628123738
6908,129,87.63360678677401,34.662998725275266
6909,129,54.06321315157214,21.435216494916073
6910,129,50.5677656109178,20.07209340416534
6911,129,45.49314753430167,18.017021863755257
6912,129,37.921342019640036,15.048572117695786
6913,129,33.031732946586345,13.095387558901162
6914,129,28.46563940247293,11.295316130335246
6915,129,26.471940961815932,10.505029905572066
6916,129,25.963578950232602,10.31442701569488
6917,129,27.366719606668255,10.854034571682993
6918,129,32.76088212199113,13.013539561664997
6919,129,66.37427210484859,26.26747880144138
6920,129,68.34045824358981,27.540915290230984
6921,129,40.791473553706936,22.873248920939627
6922,129,0.5411011188236614,19.412940408951503
6923,129,0.0,16.255111898126373
6924,129,0.0,15.497791366488185
6925,129,0.0,14.759690774410233
6926,129,0.0,15.272359786887447
6927,129,0.0,16.796658797383763
6928,129,0.0,22.388506585927644
6929,129,76.22237490207695,39.369701899929126
6930,129,112.70093583748064,45.67318952282647
6931,129,107.71801263261338,42.62831402828868
6932,129,94.09020247246858,37.22616778178715
6933,129,56.882214874065085,22.54921452849522
6934,129,49.33248910845478,19.573418235044368
6935,129,44.06712649009137,17.47859357177189
6936,129,36.90907036293822,14.634585994836428
6937,129,31.668384779990788,12.56447869257241
6938,129,30.408975475697986,12.062099574184277
6939,129,29.3063851407247,11.618306344322098
6940,129,27.343024088644086,10.856129137260965
6941,129,27.266157892306353,10.810810278469262
6942,129,30.491747422992432,12.105162819500494
6943,129,36.490638953285526,14.476070985135758
6944,129,39.179831193209225,17.276125256352902
6945,129,0.0,14.568928546049873
6946,129,0.0,11.291444546785543
6947,129,0.0,10.174163057790324
6948,129,0.0,10.811470049559334
6949,129,0.0,9.726301441703525
6950,129,0.0,9.288425030889437
6951,129,0.0,10.154179701828925
6952,129,0.0,13.341868883266002
6953,129,4.514399892080689,22.72401916030048
6954,129,66.96463662472851,28.492010891840273
6955,129,69.11428829779354,27.412507753046246
6956,129,60.54852546217049,24.00636949990568
6957,129,54.08828356537043,21.448476296741266
6958,129,48.14047778589625,19.104562622355562
6959,129,41.82238191918941,16.594828944318913
6960,129,35.991725669735075,14.267443950576853
6961,129,30.359508530608537,12.040292435327515
6962,129,28.18011123980213,11.178916504442734
6963,129,26.560563725052333,10.53424856122959
6964,129,25.310147728152543,10.0469517323553
6965,129,23.98756130389046,9.521952767934813
6966,129,26.033535313803924,10.334020600955185
6967,129,30.67757229853285,12.17868222426508
6968,129,34.00496940191289,14.750672995413558
6969,129,0.0,13.072918902847823
6970,129,0.0,10.582204018386873
6971,129,0.0,9.219708443064333
6972,129,0.0,8.907763874247422
6973,129,0.0,7.194638340335697
6974,129,0.0,7.2061164129106
6975,129,0.0,7.446498192267376
6976,129,0.0,11.17026999788344
6977,129,0.8142192206186394,20.45507780812786
6978,129,54.1040408662532,23.81482006958906
6979,129,60.47271166064405,24.00983149452282
6980,129,55.583115676391515,22.087662320261742
6981,129,50.90819421254267,20.226156318077955
6982,129,43.71047022474528,17.360725073068238
6983,129,35.88452889368554,14.253921082302035
6984,129,31.058567761988343,12.33161195169743
6985,129,27.012965790738974,10.725780605791279
6986,129,25.33911490677454,10.071098898390577
6987,129,24.045864920893223,9.557660294650859
6988,129,23.28054942670832,9.243682535746867
6989,129,24.58111994245371,9.763445013518389
6990,129,28.928276354747595,11.499951883711086
6991,129,57.586205653475275,22.80105635192235
6992,129,60.30304737761227,24.359692022499964
6993,129,33.34768021018775,19.864645896525083
6994,129,0.0,16.13254723910659
6995,129,0.0,14.043353204816453
6996,129,0.0,13.196422205212645
6997,129,0.0,12.41892445559894
6998,129,0.0,12.268150684649491
6999,129,0.0,13.521038723187738
7000,129,0.0,21.43500964003213
7001,129,81.54144390906026,39.96602326507913
7002,129,111.89135189562549,44.998484368420584
7003,129,111.21482800374238,44.00954297203666
7004,129,104.64702040177798,41.412548833814526
7005,129,60.981313684404626,24.189003533609945
7006,129,52.199587743373854,20.69522916003714
7007,129,43.01693717124877,17.061357893535188
7008,129,35.52481549382236,14.08988516345177
7009,129,30.16785626299523,11.97031472916233
7010,129,28.239149418702425,11.2080411495887
7011,129,26.228958200935182,10.418164401139935
7012,129,25.111146497309278,9.972934297598457
7013,129,27.107620329545057,10.756234629562663
7014,129,32.13016837992555,12.774591441340833
7015,129,63.27904567976361,25.046474958041777
7016,129,63.17461443374128,25.34869392805258
7017,129,30.50608799436816,17.916557304380593
7018,129,0.0,11.478146124187703
7019,129,0.0,8.45582411715895
7020,129,0.0,9.073771583296587
7021,129,0.0,8.533191555666203
7022,129,0.0,7.123468893836693
7023,129,0.0,7.403820154369773
7024,129,0.0,13.937529173398715
7025,129,61.25919041105021,31.64180604869815
7026,129,106.6044142314766,42.61479759991883
7027,129,105.91909693710377,41.902682789681386
7028,129,99.39531998438511,39.3277240717883
7029,129,62.55801990296561,24.832746422477953
7030,129,54.190796397424634,21.500509312751603
7031,129,46.657391119438785,18.518458665167262
7032,129,37.7200585216535,14.957457284856869
7033,129,32.08428617541159,12.730030403496757
7034,129,29.712449882108416,11.78801502342534
7035,129,28.235293434612174,11.197309930073255
7036,129,27.40910300956756,10.871889177320988
7037,129,28.36049842455779,11.252507247490811
7038,129,33.71190434073057,13.39054098970315
7039,129,65.9847802967306,26.115828475341242
7040,129,67.40262284460385,27.108278607843143
7041,129,37.94884166820367,20.421621940516147
7042,129,0.0,13.524326881470316
7043,129,0.0,11.0124309892928
7044,129,0.0,11.279459550253149
7045,129,0.0,11.027758808034402
7046,129,0.0,10.760398300499002
7047,129,0.0,12.122213121593319
7048,129,2.3744230094742136,20.183567251541994
7049,129,77.95985580315445,37.30487099659835
7050,129,109.09325974821371,43.70400491403416
7051,129,111.38546614693823,44.061793226675775
7052,129,99.57470095542931,39.38239418922456
7053,129,58.89365761210641,23.34771774426053
7054,129,52.039513742883514,20.64563863167921
7055,129,43.20448490551243,17.145749568302513
7056,129,35.11105973568718,13.912531861968182
7057,129,29.49562398702099,11.696601026704196
7058,129,27.2606190630853,10.814397795598063
7059,129,25.247234508356087,10.011772627826504
7060,129,24.138323085914237,9.575796738681982
7061,129,25.225825585383888,10.007880902356634
7062,129,29.670640361171507,11.79103752468207
7063,129,59.242449081715165,23.447619734850218
7064,129,62.550656601793264,25.119288669376658
7065,129,35.31252204632196,18.86143214130919
7066,129,0.0,13.54332835256295
7067,129,0.0,10.845985526526817
7068,129,0.0,11.812424550496349
7069,129,0.0,11.790585152954712
7070,129,0.0,11.357641230301848
7071,129,0.0,12.261464646414593
7072,129,0.0,18.024554736121058
7073,129,75.66018912339345,36.50144733228637
7074,129,112.0508490933716,44.69470221986847
7075,129,107.2068750877051,42.41842550557364
7076,129,95.77365328273046,37.90084084552868
7077,129,57.37105162342715,22.762005101560412
7078,129,52.36749288870257,20.82002137202152
7079,129,43.93147191821356,17.430711182904126
7080,129,34.52516943046646,13.721166940755856
7081,129,29.33039592284814,11.643949961334062
7082,129,25.853440291832896,10.276635589033795
7083,129,23.473401572022823,9.335975132353887
7084,129,23.182542903331438,9.224487676502202
7085,129,24.410650420033875,9.69952958753787
7086,129,28.403343189911112,11.321220275027
7087,129,57.202895199353065,22.650819435501166
7088,129,62.732609755403956,24.988036427437578
7089,129,50.12233952023948,23.89675801853965
7090,129,14.885661374506753,20.275161000130396
7091,129,0.0,16.667060468905696
7092,129,0.0,15.473664889183507
7093,129,0.0,13.853877331470349
7094,129,0.0,14.83968996820569
7095,129,0.0,15.473431872237605
7096,129,6.6506786451761,20.801715410910532
7097,129,75.5922488735088,35.96816837716851
7098,129,108.08035722139664,43.10835253489419
7099,129,100.21033216760955,39.665827680432464
7100,129,90.90945791191629,35.97845066253764
7101,129,53.023842028427026,21.077308456306817
7102,129,49.381967269908955,19.60465066906412
7103,129,44.17664855840542,17.535871140150633
7104,129,36.48158780821831,14.472732102856888
7105,129,31.248395278584695,12.40669456219301
7106,129,28.53332827632471,11.334712393300459
7107,129,26.722363857693665,10.614368205437984
7108,129,27.16487692028835,10.791536035932985
7109,129,26.93392432599495,10.703705085393475
7110,129,27.59016387969382,10.968831374131993
7111,129,34.793686609035035,13.825086159055834
7112,129,38.724690073379975,16.1072437452091
7113,129,10.391760039805575,14.087137900739158
7114,129,0.0,10.766720804999252
7115,129,0.0,9.195809729074838
7116,129,0.0,8.450487959887296
7117,129,0.0,7.155240354644401
7118,129,0.0,7.136050719687474
7119,129,0.0,8.303904177716749
7120,129,0.0,11.718988806483171
7121,129,20.112615551642676,21.86070646719375
7122,129,66.65327746153693,27.34406002665436
7123,129,67.81423526865282,26.919369590014153
7124,129,62.618302754732014,24.84511130038239
7125,129,55.978571308255454,22.20134409615121
7126,129,49.901603865667,19.796122269834154
7127,129,45.20371986040672,17.976099786670506
7128,129,39.247255905216605,15.51167235046373
7129,129,34.46553872985092,13.621765454987019
7130,129,57.5752437603505,22.75536822024767
7131,129,25.11256379333915,9.925181165615966
7132,129,25.513399295647332,10.083613005513602
7133,129,27.149830484869852,10.730393158885486
7134,129,30.072804670595588,11.989060237408866
7135,129,36.55871005466338,14.928189398477397
7136,129,9.87152560655602,13.3965072150745
7137,129,0.0,11.993566127586016
7138,129,0.0,10.767290567762505
7139,129,0.0,10.381766105818828
7140,129,0.0,10.140762553710719
7141,129,0.0,9.944708697099447
7142,129,0.0,10.814099167941702
7143,129,0.0,13.983957181522213
7144,129,29.354968310670415,24.350715180251637
7145,129,79.43073566143966,32.18492035250338
7146,129,76.37275025228618,30.289243842897907
7147,129,68.21625918439977,27.066755934931763
7148,129,59.85083531066948,23.753596928164615
7149,129,54.88014191011459,21.779844989861555
7150,129,47.007366664828965,18.662550451831216
7151,129,36.62717298963969,14.528991827274677
7152,129,29.537120338694933,11.723327882491152
7153,129,25.448046545850644,10.106103055726974
7154,129,23.42232650076781,9.304309929562653
7155,129,23.287327628782606,9.24405787709437
7156,129,23.09132685629578,9.173526302337008
7157,129,26.93479088841144,10.699473104072526
7158,129,33.57505908525482,13.351503386801918
7159,129,57.98821624360073,23.146275890656398
7160,129,36.638339909490725,18.43301808949386
7161,129,0.24554883045979636,14.225847266339862
7162,129,0.0,12.930126312946589
7163,129,0.0,11.93527754883609
7164,129,0.0,12.200566286645584
7165,129,0.0,11.926885450818256
7166,129,34.500014999618855,13.635370418781882
7167,129,11.412917599205485,21.26136029555125
7168,129,79.51374060765204,36.889434891507875
7169,129,120.88507640197932,47.997819745336685
7170,129,117.97647565689218,46.670192971984285
7171,129,105.4809384200901,41.73841138091554
7172,129,93.87360176173232,37.14160855800423
7173,129,54.48309298342835,21.58953949835137
7174,129,46.0702512491693,18.261141681435216
7175,129,39.16773917389449,15.528468903077838
7176,129,32.58725583608424,12.92191870339468
7177,129,29.167315833834806,11.570253813837816
7178,129,27.141007813700213,10.726898514111534
7179,129,26.615228526939205,10.519097829980867
7180,129,25.930784307117705,10.248606969744598
7181,129,29.703014823610374,11.802685398970574
7182,129,36.28943632790893,14.416203686622238
7183,129,68.03962162817001,27.042943495964014
7184,129,43.743209368283686,20.78026354178631
7185,129,0.0,13.605814611924515
7186,129,0.0,11.525822680424922
7187,129,0.0,11.845980046799095
7188,129,0.0,12.22519686507329
7189,129,0.0,11.108906553400926
7190,129,0.0,11.5913431510258
7191,129,4.222872236294251,18.037039497907696
7192,129,73.14014737418262,33.95111028752969
7193,129,128.28817176478324,50.83760064240502
7194,129,121.4484876459565,48.04705353722245
7195,129,108.00873351723084,42.72614176892193
7196,129,96.91589659376376,38.349982870257165
7197,129,56.45803598367394,22.393146163650012
7198,129,48.29607872598274,19.161590569805963
7199,129,41.21431410018772,16.337339068101183
7200,129,34.332340259457084,13.61626875429758
7201,129,30.489030475621348,12.094943732773574
7202,129,27.345487682431724,10.84683252513889
7203,129,25.307978831328626,10.042725179820504
7204,129,24.563858696840413,9.756655545036931
7205,129,28.379614715692725,11.280815587490444
7206,129,35.34131918353367,14.0483757614816
7207,129,64.0047761846958,25.443629481255424
7208,129,43.96070129563512,20.698495733921913
7209,129,6.430632463324315,15.23758675431723
7210,129,0.0,12.933750460390272
7211,129,0.0,12.847280590035218
7212,129,0.0,12.172823742830705
7213,129,0.0,12.613819697605301
7214,129,0.0,14.674896689928014
7215,129,18.537900144128372,21.81741073713761
7216,129,85.96248228741743,37.902037090085415
7217,129,126.11334803789376,49.98957287754114
7218,129,118.6500149081624,46.93411837178005
7219,129,112.02045769243085,44.30939521019231
7220,129,103.51999166968184,40.95212414067724
7221,129,59.96522517111913,23.80574637184472
7222,129,50.2369138614398,19.9528311467458
7223,129,42.02518837917424,16.65788947111164
7224,129,34.73623656818958,13.793165441521838
7225,129,30.039996493368193,11.923247725719516
7226,129,29.20904835007576,11.583320036798925
7227,129,28.169658641775897,11.185143052135642
7228,129,27.488286773454718,10.910123996320923
7229,129,28.938485463875452,11.506284298933707
7230,129,34.63125392217137,13.780357382896183
7231,129,61.4782581041986,24.539346845773157
7232,129,44.80549349902674,20.681984368200123
7233,129,7.5353442417487315,14.781489858641944
7234,129,0.0,11.665880435983798
7235,129,0.0,10.923716124431806
7236,129,0.0,10.753727788678683
7237,129,0.0,11.245238975834754
7238,129,0.0,14.570666464899132
7239,129,19.02053047421859,22.17355840098101
7240,129,83.7207542806091,37.3503101938
7241,129,123.16536060750138,48.77270387128729
7242,129,117.4609057180227,46.476748155331954
7243,129,109.07649637134043,43.16990507867184
7244,129,100.21043753769021,39.649705320142836
7245,129,59.6908302184076,23.71910470873086
7246,129,52.038513804660624,20.648731218490017
7247,129,44.040334038047746,17.480714638714304
7248,129,37.01865239689184,14.692903916086415
7249,129,31.615913292093012,12.563334061378884
7250,129,28.733183104794335,11.414808624420017
7251,129,26.665839811773395,10.602328302743677
7252,129,26.066125962483255,10.35724818399187
7253,129,29.48082055575796,11.736711540960943
7254,129,38.35503091805492,15.258942156318152
7255,129,71.78783103560349,28.48403798179165
7256,129,60.36202223412701,26.185695339482145
7257,129,24.47469980453576,20.17450004398014
7258,129,0.0,15.662196348455312
7259,129,0.0,14.34818629799588
7260,129,0.0,14.747759432334226
7261,129,0.0,14.499473850978445
7262,129,0.0,15.447943552975259
7263,129,19.338813955464218,20.870038876241477
7264,129,78.46273481011679,34.65746039457053
7265,129,113.70147927509322,45.00922900596882
7266,129,109.61316466481819,43.36934047370398
7267,129,104.83788902388369,41.47162964077883
7268,129,94.6996390865884,37.47622846352966
7269,129,55.59052859316793,22.06979184080828
7270,129,50.64929573536858,20.108815252508847
7271,129,43.555657790911084,17.279910850005425
7272,129,37.228993552982814,14.7713870293627
7273,129,33.08940727490395,13.129548748953095
7274,129,29.845707120589537,11.845233499624655
7275,129,28.390740810639414,11.264461726322283
7276,129,28.0886804047924,11.160032646577976
7277,129,29.63441578042847,11.765237299992567
7278,129,34.60917965250232,13.74401627592357
7279,129,40.00926945252559,16.210354578384347
7280,129,21.717320421569042,14.765836564842164
7281,129,0.0,12.421796818751258
7282,129,0.0,11.103791495398713
7283,129,0.0,10.95885610763729
7284,129,0.0,11.030741517212737
7285,129,0.0,11.322757363297711
7286,129,0.0,12.184283864567982
7287,129,0.0,15.062980229680564
7288,129,36.48143610914545,23.895148812477625
7289,129,78.5228406626075,31.579158503993813
7290,129,76.23222061248924,30.28315980401148
7291,129,67.28104560159309,26.68334732216459
7292,129,62.85243202171742,24.919230332647437
7293,129,55.20245992953221,21.903752154183394
7294,129,50.37371675933855,20.050451505162865
7295,129,41.95714415743268,16.64929843398328
7296,129,34.94994175158084,13.861520083182691
7297,129,30.831051904481654,12.22323107645296
7298,129,28.906510523938778,11.461418138379644
7299,129,26.560655620720297,10.537738836571176
7300,129,26.93251271833219,10.68587679522403
7301,129,27.93131704141416,11.0909782331217
7302,129,31.271812324629167,12.458380112977254
7303,129,36.53029140161479,14.700962508617978
7304,129,21.800416467133488,14.412683051957405
7305,129,0.0,13.074705305383478
7306,129,0.0,11.749954126299428
7307,129,0.0,11.303137340382056
7308,129,0.0,12.214016737474196
7309,129,0.0,12.933585101578315
7310,129,0.0,14.615996513100374
7311,129,0.0,16.399924581566466
7312,129,41.24745443031941,22.812307314514715
7313,129,81.91629413767387,32.488435393741774
7314,129,77.5228751931536,30.71872529893177
7315,129,72.54725574238918,28.738364546650324
7316,129,65.24782883655789,25.879838894007538
7317,129,59.87291206266576,23.75325111387624
7318,129,51.54274735826547,20.455148433092063
7319,129,41.814447545682754,16.586059320575462
7320,129,34.74512206382485,13.786313408683482
7321,129,30.59483048809497,12.142553909252095
7322,129,28.562510365791383,11.337005597094413
7323,129,26.748283926838923,10.621139606011694
7324,129,27.185902576714938,10.796395890872732
7325,129,28.265298170250475,11.218399745579596
7326,129,35.7321007323641,14.199340400503639
7327,129,68.25865943834586,27.082375878101573
7328,129,47.36910042282361,20.885171719349167
7329,129,13.02737977402657,15.36882751913082
7330,129,0.0,13.06856467534882
7331,129,0.0,11.48666603736228
7332,129,0.0,12.20403479890672
7333,129,0.0,12.817953335432545
7334,129,0.0,15.082150128595384
7335,129,18.283913381853978,19.635188061447984
7336,129,77.93061168181126,34.438167897002565
7337,129,134.01669658583515,53.02283060490859
7338,129,130.53760393332325,51.63854123899208
7339,129,117.82314201581556,46.612169851140365
7340,129,105.93367964997569,41.907237403568146
7341,129,61.65546048443815,24.431284857104814
7342,129,53.951766398594,21.385403932858164
7343,129,44.07312364137894,17.466139171575822
7344,129,36.832879431262455,14.59418420901231
7345,129,32.43388441119066,12.857817096938307
7346,129,30.07893942855233,11.92709454497878
7347,129,28.66297287260977,11.362850837369246
7348,129,27.840826686560405,11.044814758843453
7349,129,29.95073512733626,11.88902592660542
7350,129,35.67472641070424,14.16050648818005
7351,129,71.0569747713059,28.17091703946755
7352,129,51.68042479109047,22.4625585966889
7353,129,15.771161209972462,15.809704997595896
7354,129,0.0,11.760198885207341
7355,129,0.0,10.675181285793762
7356,129,0.0,11.825177450542006
7357,129,0.0,11.92588342618416
7358,129,0.0,13.64535211317144
7359,129,16.630091666254287,18.93082299064277
7360,129,75.5893990323564,33.00472656457589
7361,129,134.68358510237977,53.3236696710757
7362,129,130.86281475193573,51.774539089027186
7363,129,117.67981203595923,46.55277897434401
7364,129,100.38992093041443,39.726247590745444
7365,129,59.21087358246524,23.487921868539715
7366,129,52.66622452113978,20.90362556392002
7367,129,43.83593872202596,17.388370172044766
7368,129,37.2332284644763,14.76387352888428
7369,129,31.21048639022206,12.383524493334539
7370,129,28.01475450339197,11.122774947338195
7371,129,26.613082700688295,10.56652257010361
7372,129,26.06973172214211,10.35176349569756
7373,129,28.640697385185376,11.372476599543283
7374,129,33.725950190348186,13.404167077229914
7375,129,69.74408804624233,27.64074081895326
7376,129,56.76194590893502,24.436651101775333
7377,129,26.58831476227519,19.4462631967833
7378,129,0.0,15.396668877062046
7379,129,0.0,13.034981343537206
7380,129,0.0,13.877448275205852
7381,129,0.0,14.742058139712803
7382,129,0.0,17.125408004754963
7383,129,30.682487334342312,22.599481448040965
7384,129,84.10756656489227,35.31926851964938
7385,129,129.21713571677174,51.13609930313291
7386,129,121.50204980722634,48.07964682152324
7387,129,111.54823923730461,44.13419216084623
7388,129,98.79413689679595,39.08426219087556
7389,129,59.76573467962254,23.72118217306362
7390,129,50.25631010479259,19.96051165546621
7391,129,40.682791167999,16.143423803715468
7392,129,34.39940051898205,13.665740402451485
7393,129,30.134405627340044,11.960526086656241
7394,129,29.728897055417036,11.791044973077721
7395,129,28.282930962490127,11.224145957888343
7396,129,27.899798271878495,11.072718795643112
7397,129,29.470665335818325,11.697017442299314
7398,129,34.50259236195663,13.716804587726104
7399,129,69.08745378235537,27.371900102097438
7400,129,60.12431229136439,25.46790703395058
7401,129,26.060235927293007,18.731943469518544
7402,129,0.0,14.53368556266623
7403,129,0.0,12.64150886324894
7404,129,0.0,12.661910754667948
7405,129,0.0,12.889964559722127
7406,129,0.0,16.144483993976518
7407,129,27.58285371264435,22.05002341962369
7408,129,80.78599263082964,34.466128513648194
7409,129,127.91140539436086,50.62126562586474
7410,129,121.20473122346453,47.95557323534408
7411,129,109.88929749790088,43.482272414830874
7412,129,96.40992511451074,38.15138284138266
7413,129,57.748385310201655,22.93313140668037
7414,129,53.709692641206175,21.311576103182077
7415,129,47.1057730261748,18.69223600550074
7416,129,37.654059238484194,14.950943026387781
7417,129,32.75779486662955,13.012322250730895
7418,129,28.931125472851704,11.490752687844042
7419,129,26.834560890918624,10.658702407109994
7420,129,26.677640427049454,10.601285492472712
7421,129,27.074265960017385,10.752276454612547
7422,129,34.70102643723649,13.802237529687599
7423,129,68.2235500357038,27.01571379815986
7424,129,64.9538214921428,27.021826445236385
7425,129,42.03051925889412,24.049013484344815
7426,129,10.874448686241323,20.628142566666927
7427,129,0.0,18.7332544975402
7428,129,0.0,19.297389741125773
7429,129,0.0,19.10607170690156
7430,129,6.602237619109275,20.33671479351911
7431,129,40.93204331607936,25.211786796876964
7432,129,88.77616688060641,37.016049196942106
7433,129,128.303226928125,50.749484501305595
7434,129,123.9782861505816,49.0412528386654
7435,129,116.42113190563208,46.04644087288333
7436,129,105.83357317626252,41.863079283338976
7437,129,61.60162900776456,24.456017435260062
7438,129,55.916291357121395,22.182576772466927
7439,129,49.56596390122314,19.657813037229037
7440,129,42.652879262487176,16.914084032403284
7441,129,38.49322479223005,15.265467052756497
7442,129,34.754109272711275,13.779637194963279
7443,129,31.85530986371532,12.639673998339113
7444,129,30.82684774604516,12.23087807448861
7445,129,32.632471551082176,12.943336454775661
7446,129,33.941169202996946,13.466307280308891
7447,129,40.688891174301745,16.16196003671532
7448,129,35.273098723617835,17.82220241194202
7449,129,0.0,15.016411786738262
7450,129,0.0,12.901770510842034
7451,129,0.0,13.221986862283858
7452,129,0.0,14.611327956335264
7453,129,0.0,14.1816326821761
7454,129,0.0,15.86958717113819
7455,129,0.0,18.836331375688555
7456,129,46.63092931314594,24.97678634976849
7457,129,84.48225163185796,33.5898066419946
7458,129,80.82452285423258,32.099234250796705
7459,129,76.80936055956522,30.462913110621006
7460,129,69.98282709056625,27.75919317542507
7461,129,61.8808135362805,24.562735145103378
7462,129,55.401952100890384,22.010187488998195
7463,129,47.85781539534639,18.995223786181423
7464,129,42.12618090861753,16.70115861636392
7465,129,37.650833306205556,14.932370965985797
7466,129,33.312125008304605,13.214174154486892
7467,129,31.32619590074981,12.42583133021053
7468,129,30.28672391148035,12.018449719223941
7469,129,30.92111656215124,12.27263084686996
7470,129,32.448227229366466,12.877320873111854
7471,129,38.53384158889739,15.358372372023108
7472,129,33.653173704198736,16.99461476704582
7473,129,0.0,15.946410466022117
7474,129,0.0,15.141916305793602
7475,129,0.0,14.453013139211894
7476,129,0.0,14.67614108395703
7477,129,0.0,14.410422938719297
7478,129,0.0,16.856187743774523
7479,129,4.970435477133606,20.015762655646213
7480,129,60.495135304872605,26.39692165591697
7481,129,89.281502310957,35.367118732392186
7482,129,85.53199025675795,33.89321637944812
7483,129,73.64414734755442,29.170650432858544
7484,129,66.91388002124654,26.549811927035634
7485,129,61.40286165168973,24.354482204751637
7486,129,51.67773521238317,20.49588744554185
7487,129,42.343323473691186,16.80205435201513
7488,129,34.7862978399327,13.806092186926318
7489,129,30.233189778876124,12.001990766764889
7490,129,29.259250592009067,11.615861681102773
7491,129,28.506603537586273,11.317257425895605
7492,129,28.103727082367413,11.1591917842968
7493,129,30.07486566342621,11.932470560467108
7494,129,38.59950279425206,15.328096546669155
7495,129,74.3165158056236,29.437672147249494
7496,129,68.55804274730914,28.294629602404164
7497,129,35.92488513980996,21.461265057410902
7498,129,2.4524078952161688,17.23632424300566
7499,129,0.0,14.5599513196738
7500,129,0.0,15.638565843647195
7501,129,0.0,15.649079077353196
7502,129,0.0,17.07614418543086
7503,129,32.295585179600295,21.643351561240287
7504,129,89.82903844816903,37.33335837301287
7505,129,140.84644608553987,55.71479966208381
7506,129,134.39581935869782,53.161906103531365
7507,129,123.99279322923107,49.04684304249063
7508,129,114.079656623165,45.12658657541671
7509,129,67.13139154780379,26.59311852878828
7510,129,57.24339021759306,22.68621335756446
7511,129,47.33603566026545,18.754428239936964
7512,129,37.25940477122691,14.766154978740413
7513,129,31.61250979449548,12.525163890727827
7514,129,29.12487858708701,11.54654392254056
7515,129,27.248993941572763,10.804011166899867
7516,129,26.332641933155543,10.446463867080066
7517,129,28.47270374122246,11.295707262089278
7518,129,34.98352833180718,13.880487946744632
7519,129,68.19728880196863,27.012029915912706
7520,129,58.16879431774424,23.894072398319768
7521,129,27.8558318951454,17.544641254968923
7522,129,0.0,13.601785101125216
7523,129,0.0,12.16425962683447
7524,129,0.0,13.202801889035495
7525,129,0.0,14.219710574010099
7526,129,0.0,17.706777688022758
7527,129,36.40255940690196,23.283839659807327
7528,129,95.85538075653588,39.29698065123184
7529,129,141.7444335879381,56.072010133186595
7530,129,135.59695113636394,53.64352199628272
7531,129,121.43662822996859,48.0423651726799
7532,129,107.95138947094429,42.71952240844118
7533,129,63.615509693839556,25.23574586806257
7534,129,56.819167463107334,22.556481506537924
7535,129,45.81159068134255,18.180720130358566
7536,129,39.28718595201275,15.588294712657877
7537,129,33.31496588808136,13.225630584386094
7538,129,30.422123165578796,12.077720690454377
7539,129,29.469598783951056,11.70469386960449
7540,129,28.428887034795736,11.293364423797355
7541,129,30.561788200135,12.130599733491662
7542,129,37.408105713709006,14.860561486295962
7543,129,75.88835371227631,30.032306197467623
7544,129,70.35018432846485,28.81778341221924
7545,129,39.46225451397822,21.713652407637422
7546,129,4.615232133232894,16.962689038834224
7547,129,0.0,15.041708858793386
7548,129,0.0,18.22032926353544
7549,129,0.0,19.119718465083682
7550,129,14.930450603692691,21.306167503537754
7551,129,52.73136607613438,27.989717456090197
7552,129,112.63922664313597,45.26502458207925
7553,129,155.93005928331394,61.67729979514669
7554,129,147.15179655344102,58.2135927674635
7555,129,134.49204218171928,53.19982584488236
7556,129,125.66735891095959,49.70291866783137
7557,129,75.44732310609348,29.900514399443683
7558,129,65.9628473606162,26.173816190207354
7559,129,54.44364782083255,21.598176348881992
7560,129,44.83050104624908,17.793025380745487
7561,129,37.38071038716129,14.825632385651529
7562,129,34.19002874289845,13.564579519058285
7563,129,30.882850782639082,12.251733225834268
7564,129,28.689381569826367,11.385969256888623
7565,129,30.40746162877994,12.073049357120787
7566,129,36.287672952177275,14.417804129054787
7567,129,68.85163114512949,27.250247880770726
7568,129,64.28835776459252,26.098095774849764
7569,129,42.6367625487849,22.377834108607168
7570,129,10.817337382480474,18.17547689736132
7571,129,0.0,17.008896385456826
7572,129,0.0,18.421780360639946
7573,129,0.0,17.79677097347821
7574,129,8.517997378447717,19.468024519476565
7575,129,44.82758853269431,25.780518309203117
7576,129,91.01433002788184,37.10893411787591
7577,129,124.83724311391242,49.401528282736955
7578,129,115.58477449990434,45.73092493071357
7579,129,109.26371464063678,43.23134369213372
7580,129,106.36574382386144,42.08932758402098
7581,129,61.75731996596667,24.51742992592158
7582,129,55.05263219106382,21.851398639677292
7583,129,45.99889843914795,18.263917875839727
7584,129,38.71615089094149,15.3775145298875
7585,129,34.69577331530971,13.778186474172747
7586,129,31.186140196858503,12.391091433580375
7587,129,30.132479387312117,11.97118906632665
7588,129,29.074962909781732,11.548645954966418
7589,129,29.687354555537837,11.78953286061615
7590,129,34.96266820827287,13.91011233257341
7591,129,69.52055127242573,27.528126607370965
7592,129,70.20500623949388,28.45814616565231
7593,129,49.245032602780014,24.210450299428206
7594,129,21.971419912038215,21.02345987594908
7595,129,2.7307278339741003,19.77162060286676
7596,129,0.0,20.546250490728806
7597,129,3.601380022423939,21.084290250528372
7598,129,24.88910177406467,23.73232465924555
7599,129,58.43251959002771,29.144546885148813
7600,129,102.89618654418575,41.41306695744796
7601,129,142.46793231888688,56.348618141738875
7602,129,139.13058700834924,55.030588402766796
7603,129,124.53386492676799,49.25816353154134
7604,129,111.98460285694978,44.30871394130617
7605,129,68.56335346443387,27.19572761020176
7606,129,58.18060791169799,23.08182494234013
7607,129,49.121834339782566,19.46936503218593
7608,129,41.447283825785775,16.440776460286056
7609,129,37.444725317421046,14.855447481993888
7610,129,33.74371303168644,13.39157497433611
7611,129,31.945909876036183,12.679864749851497
7612,129,30.376686426688337,12.056251188212753
7613,129,31.6297476435885,12.556066223399643
7614,129,35.47353367593331,14.07523241500183
7615,129,43.47760904469311,17.24210680226436
7616,129,46.93360214038478,20.138407379829687
7617,129,20.36125730501226,19.534487638754573
7618,129,0.0,18.64798568245641
7619,129,0.0,17.364181358636237
7620,129,0.0,17.469821139514856
7621,129,0.0,17.34348778391552
7622,129,0.0,18.512019247754694
7623,129,12.158035934803024,21.597282770932654
7624,129,56.16430506364978,25.636623981956923
7625,129,81.601055281876,32.382057083985856
7626,129,79.34276122644945,31.455099370311558
7627,129,73.06208203999986,28.975067429576896
7628,129,67.09327789235076,26.614816952127452
7629,129,61.99452589815024,24.61232188122069
7630,129,55.97002388335781,22.228929967947227
7631,129,48.31633359816223,19.18217816604306
7632,129,41.7833748666574,16.573734454394984
7633,129,37.53851449014434,14.894892125155515
7634,129,31.92822300535525,12.672969290367343
7635,129,31.37622337069601,12.45133130987219
7636,129,30.59095975815751,12.143256009353072
7637,129,33.04451569106348,13.107228663585092
7638,129,34.96405998795993,13.87281596744209
7639,129,40.8313773650697,16.191804974082594
7640,129,39.653238164888194,17.700094515742045
7641,129,15.559459724098446,16.675233885353794
7642,129,0.0,14.943454972686375
7643,129,0.0,14.514360871731556
7644,129,0.0,14.789348742183952
7645,129,0.0,14.292261176613065
7646,129,0.0,15.652610623776987
7647,129,16.807240358264863,18.567819512744208
7648,129,64.63021538600344,26.25501770870562
7649,129,85.49473607711988,33.910666308223455
7650,129,82.18543882524543,32.59007197646186
7651,129,77.39400506451588,30.67562214412997
7652,129,71.1156687885861,28.218405360779602
7653,129,63.19708671709279,25.088659552985813
7654,129,56.51671406393888,22.43346805757056
7655,129,42.91262582163924,17.034932950131534
7656,129,36.94606552651081,14.659530499735611
7657,129,32.636188670057464,12.950382709289402
7658,129,29.837910367625398,11.846721426798393
7659,129,29.247159480490836,11.60751224070259
7660,129,28.379925156741592,11.26823048644623
7661,129,32.534370753172226,12.904431504907373
7662,129,39.48449772944684,15.692659302174127
7663,129,79.45969091529292,31.445997967398775
7664,129,80.6095997475147,32.4186693031785
7665,129,51.9403046656457,25.2826195211454
7666,129,17.351172833372175,19.367484797735436
7667,129,0.0,16.591926277347646
7668,129,0.0,18.398796122612506
7669,129,0.0,19.168805725965374
7670,129,19.218781555913722,21.99346098938841
7671,129,56.22043099404905,28.63119220965115
7672,129,115.90575902317113,46.66544580259324
7673,129,161.0155144934211,63.68767717592361
7674,129,151.77576355300815,60.02549034663231
7675,129,138.24692774338487,54.6749977805433
7676,129,130.40046793488358,51.57725233570913
7677,129,74.15994683177729,29.384895875095108
7678,129,62.02007589894265,24.622506854461022
7679,129,49.71142658894934,19.732451010437227
7680,129,40.12054903552453,15.913139875582464
7681,129,34.37589333532998,13.625423637525914
7682,129,31.761682638631328,12.596799897675721
7683,129,29.166653125550113,11.572325308461934
7684,129,28.527636296242775,11.320909771933936
7685,129,30.395717670977263,12.058047470315612
7686,129,38.67592957237065,15.345517699227772
7687,129,79.40823569606437,31.417622192269892
7688,129,82.32111554828592,32.811315765374566
7689,129,59.203686292015334,27.438575784148142
7690,129,26.85931907190664,23.06674153202827
7691,129,2.3782023237970407,20.838677282178356
7692,129,0.0,22.580432200141107
7693,129,5.816044193572623,23.727804762532156
7694,129,29.756267131432423,26.92667245682056
7695,129,68.62689845684855,33.599943224415384
7696,129,111.43124904043944,44.547368803148714
7697,129,146.85779622153916,58.08591999676453
7698,129,142.79039995795628,56.48178439073421
7699,129,132.06957228352323,52.24341119426497
7700,129,123.38399367174802,48.81394654738369
7701,129,73.52742061981843,29.17023552758806
7702,129,60.038404008025736,23.842490751066254
7703,129,50.91766647980123,20.20906142706301
7704,129,42.36343523881558,16.81441725733972
7705,129,37.897120742250934,15.044602554711972
7706,129,34.90696936747284,13.861675225691815
7707,129,31.4559111444197,12.502322785934943
7708,129,31.356065368200348,12.455952252310949
7709,129,33.142311243018696,13.166513893429652
7710,129,38.62112880064572,15.349139427560416
7711,129,77.43914913181271,30.642866418857693
7712,129,79.03147373404806,31.796127897108658
7713,129,56.22361426658884,26.057536432143465
7714,129,23.902402002356382,21.167449963304282
7715,129,0.885663675635584,18.200239034004394
7716,129,0.0,19.978297902087835
7717,129,6.952915272300686,20.851017298940864
7718,129,28.342738906971476,23.535956602776118
7719,129,67.02467728634787,31.314617530516056
7720,129,116.35067723165093,46.15056505960217
7721,129,154.69717669750693,61.181022136419
7722,129,148.57836224023302,58.76028470508225
7723,129,136.27946739489616,53.8960236479241
7724,129,129.8958125195,51.36972150761454
7725,129,75.56157437371525,29.96763153212756
7726,129,66.37116750340866,26.343408023227145
7727,129,54.720470843061975,21.720340846797797
7728,129,43.83650977379716,17.403723144520615
7729,129,37.25341087975664,14.782329471500189
7730,129,34.825027275186216,13.819076640811216
7731,129,33.479012023210686,13.28822988375978
7732,129,32.1693439432984,12.765986049079526
7733,129,34.45137255091524,13.68281394947935
7734,129,42.12509218319482,16.723759586324377
7735,129,85.46877749210324,33.817659555000056
7736,129,87.92919487473938,34.971626661246056
7737,129,66.50095332560468,29.64156327775403
7738,129,35.16610521712593,24.368059575173373
7739,129,9.455868586236704,21.757614414460917
7740,129,6.4288124008982095,23.006240609698374
7741,129,9.833889376889005,22.803203534797717
7742,129,28.829887731252057,24.560419805498245
7743,129,63.81415426688264,31.14192534654762
7744,129,113.44995719853657,45.28580439648289
7745,129,147.12835777001487,58.20347856549845
7746,129,140.03356580937165,55.3972238181671
7747,129,128.15055352362137,50.704165706337676
7748,129,119.96680267884585,47.47657088690296
7749,129,74.43766568021104,29.557840131138295
7750,129,61.961584427287164,24.593587198824274
7751,129,51.937944759757215,20.629666830842247
7752,129,43.75849199513482,17.380834765380797
7753,129,39.10588093914669,15.528215054040858
7754,129,36.33981638702366,14.436108672586291
7755,129,34.26428752092647,13.623830894096306
7756,129,33.58707581402953,13.343546574110087
7757,129,34.193866557924224,13.586791137775032
7758,129,40.62684178637355,16.155747074634768
7759,129,82.0654586046814,32.482982246794414
7760,129,84.46162915352318,33.992953463714215
7761,129,61.20795351378305,27.680634048887963
7762,129,34.431069936317726,22.873421845187643
7763,129,17.352183108240382,22.043900239244582
7764,129,11.513307169622067,22.13984332914759
7765,129,14.541827747866165,22.1556318882726
7766,129,38.62080375949617,26.29749310625037
7767,129,70.94127272970496,31.97435665729121
7768,129,110.45714906277482,43.87761825927556
7769,129,139.83343255652514,55.308631889726456
7770,129,132.1967881352073,52.29375050903547
7771,129,125.18691044026653,49.529058914332296
7772,129,114.03995880283091,45.1327253455288
7773,129,68.65267713341083,27.24493546222214
7774,129,62.564053267866626,24.83852200177803
7775,129,53.504379633285026,21.232626275294347
7776,129,45.14874397101565,17.922204775767607
7777,129,39.42008844684963,15.650042275455686
7778,129,34.65069583213776,13.773069634576064
7779,129,32.6113935311092,12.956747705615554
7780,129,32.63914293379244,12.974602155018673
7781,129,33.758008008828,13.419108332851343
7782,129,35.94470041550579,14.281086592882607
7783,129,45.23289927175611,17.966979611735507
7784,129,55.410013396624436,22.323666451408744
7785,129,37.9993368572471,22.08921264822243
7786,129,0.0,20.169781196395434
7787,129,0.0,19.356511056413805
7788,129,0.0,20.53933723245375
7789,129,0.0,20.95690795947582
7790,129,0.0,21.745423603323808
7791,129,30.418443460941802,24.305785435542447
7792,129,75.62966324359977,31.618982053231896
7793,129,94.6584042281593,37.503573321681756
7794,129,92.3046465593913,36.56285603536226
7795,129,86.15671307796902,34.128471015218004
7796,129,79.669229179963,31.57013717535013
7797,129,70.49227569426719,27.954690492309155
7798,129,63.662593993431216,25.273804505030895
7799,129,52.90978617169628,20.997563607758764
7800,129,46.51486172618391,18.444820116901024
7801,129,39.29454148282829,15.591181936731976
7802,129,35.12466744777498,13.935105863932543
7803,129,33.31252121525452,13.217776795534032
7804,129,32.96038960350245,13.074018490259292
7805,129,33.64660402629838,13.344105578062312
7806,129,36.16924980168079,14.345748931858578
7807,129,42.711606963816706,16.9314980830377
7808,129,48.51628354149895,19.757665652926622
7809,129,37.82846484904212,20.916454111737572
7810,129,0.3265769568017163,19.261655467507534
7811,129,0.0,18.694681501515337
7812,129,0.0,19.380564043211997
7813,129,0.0,18.73652309608068
7814,129,0.0,20.51548185942847
7815,129,40.663503152984504,23.68000159823607
7816,129,78.6463012826566,31.254751006788304
7817,129,100.96275743634564,40.02434197017956
7818,129,101.74101806789082,40.30192373561753
7819,129,94.63652168940229,37.47902581445927
7820,129,86.28914644373609,34.19477763037912
7821,129,76.58909632766964,30.382896995037566
7822,129,63.7180551023917,25.297049248661857
7823,129,52.54768680034516,20.840789301241454
7824,129,42.29219510136417,16.768019427889406
7825,129,36.351918122079496,14.413325305950114
7826,129,32.813313820110324,13.01934851967903
7827,129,32.06432315554508,12.717574953292264
7828,129,31.030673163662925,12.317075969688458
7829,129,33.32020513106215,13.217344525386832
7830,129,40.5256690961906,16.10991433678894
7831,129,80.58707374441454,31.89044830749241
7832,129,88.88817856717424,35.316118681329
7833,129,71.73650183366576,31.197157931415212
7834,129,40.05375649866494,25.480510560851233
7835,129,16.086692515344225,22.235354214788654
7836,129,11.999331790434553,22.624873834746992
7837,129,21.636188212681873,24.774458641260814
7838,129,42.283005689697006,28.5834972092668
7839,129,76.88130448312691,35.02390986539883
7840,129,122.42508888522607,48.764959165649785
7841,129,161.8793928279061,64.02299492718724
7842,129,153.63971915544283,60.76982730238291
7843,129,137.6288423992733,54.43028774171951
7844,129,125.97327214538367,49.83415774155707
7845,129,70.77525726542078,28.06215178619059
7846,129,61.82385073944374,24.562172752198695
7847,129,49.702917567366,19.74751718991563
7848,129,40.47645896365637,16.060748223653082
7849,129,35.58095367857561,14.116706135762927
7850,129,32.79252264292509,13.015764981177618
7851,129,31.505077337733667,12.506896033361091
7852,129,30.145053503051855,11.972841372545464
7853,129,32.25218699372334,12.807953495149931
7854,129,40.47368613356639,16.074597846130455
7855,129,80.18407634096292,31.728015184629644
7856,129,80.70648745984244,32.17453458059382
7857,129,64.42771665506086,28.06383054553691
7858,129,34.122842870708325,23.11351158702244
7859,129,11.287478948474927,21.070502558085433
7860,129,6.732142106248062,22.237897660498188
7861,129,12.098356679146605,23.106452990683376
7862,129,34.09053066546619,26.04097816552821
7863,129,69.53845226728816,32.18529129954767
7864,129,111.13325563145082,44.06124295272451
7865,129,145.9628683688443,57.73275867836022
7866,129,143.5643098366164,56.7845967557242
7867,129,134.37296047439062,53.15874387604695
7868,129,124.95089088348266,49.431443015002024
7869,129,78.84089560733187,31.269469130756544
7870,129,69.3917448315986,27.541766948719868
7871,129,56.97827032202696,22.605693669732677
7872,129,45.79373100831674,18.17147299382772
7873,129,38.44964848318,15.267720760080676
7874,129,35.10099841741621,13.939621276261823
7875,129,34.54196522539377,13.71865813391998
7876,129,33.33126878277426,13.23209924049246
7877,129,34.482355621296534,13.692744222906585
7878,129,40.83395338535567,16.226053234504256
7879,129,82.77963886853001,32.75483092103911
7880,129,94.27075540888197,37.503227843707116
7881,129,80.62192917393318,34.035633093636264
7882,129,48.00288103687933,27.94316486771583
7883,129,23.595711929480956,23.94732238071419
7884,129,19.706771108523924,24.554242947280972
7885,129,27.451407213241907,25.840049770562278
7886,129,52.897940419139644,30.65452459130935
7887,129,86.06596550285062,37.12483797793194
7888,129,122.76967581486531,48.56126051512374
7889,129,156.30805031927153,61.82807819916099
7890,129,149.27149069936618,59.035737291435616
7891,129,138.35010726979036,54.716814541745016
7892,129,123.38099018681348,48.79617635047683
7893,129,72.95652290859778,28.955385644707007
7894,129,64.82665853791403,25.721462899842706
7895,129,52.42632476477027,20.786032014080593
7896,129,44.22822303298446,17.528562363821376
7897,129,38.302295238342055,15.183047329081749
7898,129,34.98926313660888,13.872497617846616
7899,129,33.17812015502142,13.167043197554923
7900,129,31.85532736722152,12.638494934204942
7901,129,34.21910910682868,13.58765817531138
7902,129,42.09699065037498,16.71385920718918
7903,129,80.85409312460712,31.9881756415417
7904,129,82.95404618376878,33.15820719677683
7905,129,64.20666661616892,27.614545580518985
7906,129,33.04242235912014,20.61488496172702
7907,129,5.942987619281581,17.027984176385164
7908,129,0.9419201380893583,17.468813256050343
7909,129,7.8115507465952305,18.794787729511967
7910,129,28.717522898052295,21.864114909349613
7911,129,65.82331662369256,30.252624233330256
7912,129,111.4696409010385,44.19957889992595
7913,129,145.80793691974492,57.68370170682062
7914,129,141.55686198301964,56.00942744855908
7915,129,133.56590276699265,52.852391852874476
7916,129,127.48299882546732,50.45046121112722
7917,129,77.18753589785621,30.63081846553735
7918,129,68.50951607367506,27.186040809051395
7919,129,57.435310605796985,22.802364392266973
7920,129,46.642449565496236,18.517233989754857
7921,129,41.85767827148368,16.621540614863186
7922,129,37.92749801216644,15.061311642521485
7923,129,34.94848921844351,13.888508511399484
7924,129,33.73472823617618,13.405363551895185
7925,129,34.389133965799346,13.66630727693188
7926,129,40.54531037290232,16.126978865264796
7927,129,80.33358590052586,31.79395219980108
7928,129,87.0423746831932,34.992238422833914
7929,129,70.32900532069775,30.227401404058746
7930,129,47.22609432917224,25.200556977020934
7931,129,27.61169414331377,22.776074650594115
7932,129,21.254047517487606,22.524493094333735
7933,129,23.107556802965945,22.280343025394938
7934,129,44.27300856054117,25.846354907876965
7935,129,78.75381483358979,33.40433173667269
7936,129,114.18748851703242,45.19360645665237
7937,129,145.06073969287314,57.373915179221264
7938,129,138.693945782137,54.85867260781227
7939,129,127.07817791927312,50.279277762017585
7940,129,115.88316859769776,45.85695610702729
7941,129,70.50017367902583,27.96956569002618
7942,129,65.31595416549862,25.924029190145873
7943,129,56.86829262417348,22.576026987847314
7944,129,48.067996243183586,19.081776554045458
7945,129,42.571890399443646,16.904960023944195
7946,129,38.71069887105705,15.380082764119416
7947,129,38.2690405066306,15.205530179873826
7948,129,37.31545096130162,14.826333935299436
7949,129,37.741690464788036,14.998207462679725
7950,129,42.30749958857416,16.80047868140739
7951,129,52.31687004421204,20.76454829273499
7952,129,60.248549879439395,24.863361333704777
7953,129,47.28565295193121,23.55117440099412
7954,129,11.033850684686541,20.168359492629378
7955,129,0.0,17.233197604623204
7956,129,0.0,17.85600952804505
7957,129,0.0,17.50493185382337
7958,129,0.0,18.74538696017785
7959,129,34.32428859983716,22.13491147433489
7960,129,70.72709366940799,28.779628418811633
7961,129,82.64750900737994,32.76827378447127
7962,129,77.64740010269833,30.782812520827303
7963,129,73.68318291297626,29.19992475409881
7964,129,70.97950274163267,28.141634042917374
7965,129,61.20056279996433,24.292765699579455
7966,129,55.88203862544816,22.220565396868952
7967,129,47.9192177275678,19.02979978561928
7968,129,42.37703520827196,16.82326386643371
7969,129,37.67807678455881,14.960384026220938
7970,129,34.430864882992296,13.673578716375582
7971,129,31.68697255466668,12.585663592967913
7972,129,31.065563390338724,12.336647420260599
7973,129,31.347382208480212,12.444615067459743
7974,129,33.15348364599657,13.159597942104806
7975,129,39.992973417604105,15.868480836592529
7976,129,51.99239715658166,21.519877710712738
7977,129,45.39587724033467,22.85136334504475
7978,129,20.473940563853432,21.245247230953783
7979,129,0.0,19.547466860039435
7980,129,0.0,19.7257171050634
7981,129,0.0,21.23764231261157
7982,129,19.853270350814967,23.95967236544624
7983,129,56.92683717724023,26.756142240000706
7984,129,81.32579052910671,32.22403244683982
7985,129,98.88375484812428,39.18065074854507
7986,129,97.56216293451914,38.64796813663879
7987,129,88.34618070381595,34.979145739084714
7988,129,82.78923800405025,32.82088291433214
7989,129,76.67348435808918,30.38987363600641
7990,129,65.62412059199474,26.026229398548214
7991,129,51.08872464577985,20.25269967643538
7992,129,42.13712440785855,16.702145915702534
7993,129,36.3961967725146,14.426210237878733
7994,129,32.89724129714955,13.044462607467162
7995,129,32.25275725932164,12.787440864550103
7996,129,31.181627165835835,12.367556751298928
7997,129,33.52557071790585,13.295120254370168
7998,129,41.06286551806093,16.333814593732765
7999,129,81.27734029085687,32.155462908341235
8000,129,91.16070694797784,36.062806952553814
8001,129,93.86635747102545,38.58325588111798
8002,129,74.36221886597139,36.57465219631803
8003,129,54.27145336755146,34.396232000456955
8004,129,50.4472994140599,34.778236884069265
8005,129,54.5574260487065,34.920634920634924
8006,129,68.98089476038649,36.88241851932877
8007,129,98.4500986627701,42.112452687763856
8008,129,130.46751491131658,51.68626311164417
8009,129,169.73444993992004,67.12393145761845
8010,129,161.8470643371488,64.01128947295624
8011,129,152.49511786744918,60.309382914493824
8012,129,134.71130164788292,53.28436178459913
8013,129,75.79996468522765,30.03076306927148
8014,129,64.72993575783192,25.66017589832608
8015,129,52.8136315941552,20.950502450238986
8016,129,43.001198130376395,17.05048487639515
8017,129,37.812961061433725,15.004545372571183
8018,129,35.26115479190395,13.99252901032963
8019,129,33.29062521263282,13.211432052482506
8020,129,32.66240054563596,12.97235092550449
8021,129,33.36537240111426,13.25134169199424
8022,129,41.60400928376262,16.522416120014377
8023,129,81.65042755558716,32.30401681007885
8024,129,86.26809279257941,34.363452957990084
8025,129,68.61947492065923,28.76924537110064
8026,129,39.633875054850165,22.96036428321373
8027,129,13.736031022538953,19.214162195182634
8028,129,8.044200838412507,19.810602897337702
8029,129,12.855747109682625,20.605856396679997
8030,129,35.86442738246021,24.50512649390219
8031,129,73.61150208423695,32.38425944471338
8032,129,117.1703424054833,46.350838748531395
8033,129,151.7777588860234,60.02640655659608
8034,129,148.41394032783484,58.69797708218052
8035,129,134.2968809189493,53.126328704919075
8036,129,122.92112392282917,48.630284034751945
8037,129,77.09106134019805,30.560578544038634
8038,129,67.47438435004582,26.76793511497542
8039,129,55.16989782912418,21.893314766546414
8040,129,45.78487167937695,18.174931490212046
8041,129,39.440842784078,15.661782969273442
8042,129,36.58103941008761,14.521138987923841
8043,129,35.29534860898309,14.01070411874906
8044,129,32.37741770271896,12.850570446433833
8045,129,35.08365033749428,13.924783112157398
8046,129,42.62376951341551,16.93934396407298
8047,129,84.05167354025522,33.25553270830751
8048,129,96.50846236576527,38.18692205422377
8049,129,82.49077773671942,34.09674798455878
8050,129,58.04455494692462,29.72343342111359
8051,129,33.07532788873857,25.042380883934374
8052,129,31.32924805641224,26.38126166318004
8053,129,38.26155980384982,27.434418843552507
8054,129,60.445044137953374,31.47508865528327
8055,129,92.22428916172021,38.34664097985978
8056,129,132.90005897743384,52.567321346215984
8057,129,168.89715124976235,66.79782162152938
8058,129,154.7703132750584,61.200810305643664
8059,129,144.84579768518202,57.27820495083382
8060,129,134.51077695092906,53.19125629292365
8061,129,79.88334416486609,31.65952798428349
8062,129,69.3519087948431,27.50751246535303
8063,129,58.81642430616196,23.298701674251618
8064,129,48.65742384748373,19.274424614829226
8065,129,42.33221272991017,16.768774899981732
8066,129,40.561755051452764,16.065621522233613
8067,129,38.29878766982375,15.175852203224798
8068,129,36.711695193815785,14.545171626396233
8069,129,39.255531605508764,15.552852072743521
8070,129,47.087454835679665,18.666639588792957
8071,129,94.19849369193756,37.25179459112474
8072,129,100.34075840631118,39.96899560424717
8073,129,86.48730292868478,35.394436887166584
8074,129,57.286458105060944,27.935738522408776
8075,129,29.757908116490484,23.790857245262796
8076,129,25.04259573631984,24.32972583585485
8077,129,30.77196811558025,25.30959268154569
8078,129,51.46393417070527,28.79061348256106
8079,129,84.56165355456591,36.38081802675102
8080,129,128.9656985167973,51.00878138892999
8081,129,162.1424872322521,64.12005339370707
8082,129,161.5630376177286,63.89437082786753
8083,129,151.68112545682177,59.989861699994215
8084,129,145.672286618602,57.610423372729095
8085,129,87.0113036464204,34.478859493195785
8086,129,78.1609378553938,30.980918846577374
8087,129,63.278233529910466,25.09775505678887
8088,129,53.81886468940422,21.322382769358114
8089,129,46.39342110735001,18.384218824171814
8090,129,42.49608002096039,16.835821881954057
8091,129,39.47081865919344,15.639054894159527
8092,129,38.920367732618644,15.419216044749202
8093,129,40.69580371924886,16.12550052007459
8094,129,48.77694024559531,19.337792633523136
8095,129,94.84447695165343,37.51508770099728
8096,129,100.54715509573597,40.00670493329507
8097,129,94.49376894136208,38.395623149980594
8098,129,73.91293441808955,33.67274935800332
8099,129,52.494689817148554,30.070012447839765
8100,129,47.92064486249714,30.49000790793744
8101,129,47.82991742633769,29.638348700154054
8102,129,63.722696178729166,31.584574511867107
8103,129,98.22134235490765,40.04450166796552
8104,129,131.3747811415631,51.974587052738414
8105,129,159.26482868499647,62.9812320519655
8106,129,149.9527462289194,59.29758664335159
8107,129,138.6336864526747,54.82974528433111
8108,129,132.070479240479,52.240554020776095
8109,129,81.15068859455477,32.14435629793098
8110,129,69.94660165659283,27.741412302882846
8111,129,61.29790353853437,24.30253000315565
8112,129,53.05084427654094,21.0257757762943
8113,129,45.61676686867955,18.088757533825806
8114,129,41.033381823019965,16.277239981400836
8115,129,38.9660973806123,15.462517509677575
8116,129,40.117731458177985,15.915386159445793
8117,129,40.88772307087041,16.219735121633338
8118,129,41.92842272591335,16.631026885239777
8119,129,52.3230775492074,20.740464871365376
8120,129,61.26316965002232,25.184995996180653
8121,129,60.016769780865786,26.389425057792558
8122,129,31.527646723613856,23.63892594333396
8123,129,0.0,21.813455978909936
8124,129,0.0,21.99134225291092
8125,129,0.0,23.467917479527625
8126,129,17.39643961800752,25.28307274387685
8127,129,58.64936113671604,29.1028742327226
8128,129,86.74010847285984,34.60515444473033
8129,129,106.98659231976038,42.390056442049406
8130,129,101.19870020592714,40.0980016667469
8131,129,89.49341091585339,35.46477272904026
8132,129,80.810259611507,32.015662542295345
8133,129,76.77574745940774,30.438230891742357
8134,129,67.43699435402917,26.772520694098155
8135,129,58.6819731986985,23.27900907203398
8136,129,51.395946392819525,20.38671218016848
8137,129,45.62017909413285,18.094722272240936
8138,129,41.02771450604692,16.27391539637416
8139,129,38.818798498887475,15.402065019697444
8140,129,38.38740056796652,15.228102453856806
8141,129,38.834840768075196,15.407270918795902
8142,129,41.19515182871325,16.343558657244294
8143,129,47.857438095046945,18.988160578795156
8144,129,57.92350556279402,23.818004188362373
8145,129,55.53835978283672,25.301921533109997
8146,129,37.05928273578607,23.32617376337194
8147,129,11.6633772353687,21.501703103614684
8148,129,0.0,21.767404843672033
8149,129,3.6918376436645417,23.193969386693002
8150,129,32.257904364559664,25.206298918485693
8151,129,64.84951221055368,27.98467417080702
8152,129,80.20275212675188,31.7754813256976
8153,129,94.68819345231339,37.51675359414862
8154,129,91.39254487165616,36.218739687150574
8155,129,83.38990680478275,33.04656077557265
8156,129,80.18535502584712,31.79381276581044
8157,129,77.23867600132195,30.607284499518066
8158,129,64.76690673283159,25.705671145992127
8159,129,52.272093884582205,20.73285750165711
8160,129,43.168375749012,17.108393407647043
8161,129,37.05668236614912,14.689401325165544
8162,129,33.876699613685446,13.426877393311111
8163,129,32.55414630678999,12.913373911236407
8164,129,33.13685952479872,13.137973267808658
8165,129,35.561332788798694,14.098495618471059
8166,129,45.225243750106614,17.965026215015495
8167,129,91.20730794889553,36.08085668968461
8168,129,101.02901523913488,39.960432959512175
8169,129,91.70850956010312,37.40275250477362
8170,129,69.88974679457982,33.00284476350819
8171,129,48.81078228554969,30.1419985872027
8172,129,42.88064844591233,29.761853769349504
8173,129,45.751764789713434,29.610898424581645
8174,129,57.06788509738203,30.77089949658489
8175,129,87.79091514813686,36.99180107424757
8176,129,121.08387232700935,47.91076345765886
8177,129,161.76660134858878,63.96785505201027
8178,129,159.90418090962066,63.234070661835005
8179,129,146.4387579732005,57.91461462689588
8180,129,134.0459069308011,53.01309926003217
8181,129,82.15539062205579,32.54010984034687
8182,129,71.0063552962481,28.145136608479802
8183,129,58.15888854244022,23.06283327314556
8184,129,48.02835294926311,19.037196350534867
8185,129,40.16714286859013,15.933740028912329
8186,129,37.295545146847076,14.795344533425098
8187,129,34.859805709853475,13.84072319514853
8188,129,34.876793266040096,13.852049854810293
8189,129,36.40636055661517,14.4485447803072
8190,129,45.53516966952742,18.07029187731318
8191,129,89.6575151992991,35.46623108075289
8192,129,96.22585825353625,38.12433237964434
8193,129,80.59400042714415,33.01469444926208
8194,129,51.79410587399502,26.23484347236397
8195,129,24.883434775421875,21.868827752423215
8196,129,17.1179591765096,21.75022305868769
8197,129,23.03404789360286,23.16698817124647
8198,129,46.661884196971926,27.63844334264117
8199,129,82.06850431869128,34.97629776401718
8200,129,113.99699890993986,45.095263242397955
8201,129,145.40661946194433,57.50572838507576
8202,129,141.81253645612557,56.087480130627796
8203,129,130.25253283460714,51.52089699804574
8204,129,120.2089166937057,47.55366842499401
8205,129,71.27887716869452,28.2644497544531
8206,129,64.85608287637135,25.726026707349433
8207,129,54.02808907793499,21.432749506131135
8208,129,47.3209380269779,18.777296888777773
8209,129,42.110984660393314,16.704347991272204
8210,129,38.706354540039456,15.354124541319797
8211,129,36.95508113428758,14.659695498354743
8212,129,34.98996175173019,13.877256480282538
8213,129,38.196844109858574,15.148142350586555
8214,129,47.233766039415315,18.756519337506223
8215,129,93.36846806467491,36.93051071751336
8216,129,105.95324165363351,41.91582014661668
8217,129,92.95183710136001,37.70568508178241
8218,129,65.20700994775552,31.209610471750914
8219,129,38.365245494855316,25.650647197855516
8220,129,34.61365955718776,26.33030655340421
8221,129,39.081522245105305,26.571456068195083
8222,129,58.456348103575806,29.775569971572832
8223,129,88.49563773569713,36.425936911008556
8224,129,125.07748605011315,49.48005034422345
8225,129,160.53826402688642,63.48357987720915
8226,129,152.49148967354742,60.29774981749366
8227,129,140.12659470463618,55.422338817009546
8228,129,130.61500058588393,51.64809676446085
8229,129,78.08936945690093,30.934390323698643
8230,129,70.69893952636974,28.031798799867072
8231,129,54.20201369675581,21.486582678732848
8232,129,45.214500069775454,17.916086696096492
8233,129,38.977151189580894,15.442870251987207
8234,129,36.42543375821106,14.433162851855059
8235,129,36.529125400498685,14.471845278188402
8236,129,36.294031954895445,14.374364756514264
8237,129,37.99341376055665,15.040293234518936
8238,129,44.40100261783897,17.595798988870428
8239,129,87.65225332436444,34.66018214526645
8240,129,95.60156812245424,37.81116470753074
8241,129,89.46506837875035,36.501508033882246
8242,129,64.49162164045674,29.522017501578347
8243,129,37.765764744115415,25.62077021902059
8244,129,30.70047588051139,25.415760481094097
8245,129,33.2986350379052,25.30744127921023
8246,129,51.95629562884818,28.209740428878355
8247,129,81.9775448824771,34.83347287109365
8248,129,113.49258054391598,44.89356165656245
8249,129,143.71272921719935,56.8306129743433
8250,129,145.1239874317558,57.378007048650026
8251,129,138.3328073050727,54.692573910382656
8252,129,127.45637167703805,50.395121495480986
8253,129,79.94383045706854,31.67881718544861
8254,129,67.9008153817513,26.931659625267542
8255,129,55.94907215672862,22.184983986549934
8256,129,45.92076483338303,18.19280362730256
8257,129,39.07700336125686,15.483329904679236
8258,129,34.27119292430447,13.582807104050527
8259,129,33.71903209321658,13.366873631909613
8260,129,34.52043521421544,13.673286044444438
8261,129,34.6925369929707,13.744758950416688
8262,129,42.27656112013278,16.751382639853247
8263,129,86.04476710857512,34.03028245649836
8264,129,97.06529191689128,38.39172178015918
8265,129,96.4758915006314,38.791788164748034
8266,129,77.34728620788545,33.91099653172216
8267,129,59.295208571345626,31.514669888879062
8268,129,54.346044642091584,31.961036185175367
8269,129,52.507975491515424,30.59350394284488
8270,129,66.97804872347035,32.190057714532
8271,129,98.78996534967754,39.963814904003755
8272,129,124.17523753780202,49.13269821069674
8273,129,153.52841362092917,60.71773754989087
8274,129,148.67475376924233,58.797171502174464
8275,129,131.8593291088881,52.14552290190608
8276,129,123.74154380241009,48.93956971364577
8277,129,75.39101702252538,29.866850629918634
8278,129,68.62937879367337,27.247256404899137
8279,129,59.005845733860696,23.411564728449097
8280,129,51.20385037664832,20.28890345848073
8281,129,45.05417383168364,17.860665669395335
8282,129,40.78231460580639,16.176927773247105
8283,129,37.55463287238925,14.894382116324168
8284,129,35.57468662738472,14.115265869563164
8285,129,36.03934903941308,14.296639298929662
8286,129,39.43290279660161,15.6379247302905
8287,129,49.15981395794944,19.486878474254585
8288,129,61.341294849686534,24.325508799174454
8289,129,62.33172991615632,25.7038965259664
8290,129,36.77786757706869,23.097741463936938
8291,129,9.059624998421612,22.947553799258053
8292,129,0.0,23.075427209288865
8293,129,0.0,24.29812001485858
8294,129,23.995460509251387,26.437834525283893
8295,129,65.17714421094212,30.691273683900373
8296,129,88.42101472689023,35.107434210596935
8297,129,102.9555165520577,40.750857359068505
8298,129,101.29877728037329,40.0926201606445
8299,129,93.00818819007972,36.82404000833209
8300,129,83.56888747119129,33.084174635279304
8301,129,77.75519420249921,30.784044182899777
8302,129,70.89909639802983,28.07433506171371
8303,129,62.20257989799194,24.64176217102134
8304,129,51.17229429667347,20.28341315158975
8305,129,44.8234021264895,17.76148651984058
8306,129,38.63517131985006,15.306506991551675
8307,129,38.33082240190322,15.186231369781682
8308,129,34.522561763502324,13.682268347274995
8309,129,36.2781969521464,14.379606801205187
8310,129,39.61784655334455,15.6995422835443
8311,129,45.02017831171301,17.845038470196023
8312,129,57.2373278653302,22.693154508692402
8313,129,55.66955949763397,23.720065592731
8314,129,41.450959442350666,22.25510682663106
8315,129,18.970156053569553,21.228857204667566
8316,129,1.401895440608314,21.759370039235733
8317,129,6.368310058842752,22.186042534844074
8318,129,32.13859479079417,23.714952712591185
8319,129,58.737754276386056,25.210704992786543
8320,129,76.94134932529906,30.511793004640953
8321,129,96.98912912977775,38.412254435583286
8322,129,96.29757763784852,38.13769476348036
8323,129,90.76946240393724,35.96428378490281
8324,129,84.62504892998624,33.533513170421166
8325,129,76.17288059623561,30.199966625421613
8326,129,66.7279585388556,26.485444150508915
8327,129,52.07503437431171,20.663184839732835
8328,129,43.533120651410684,17.25156896012536
8329,129,38.7539950876139,15.362687655954327
8330,129,36.164207321210284,14.34025502459942
8331,129,34.93203041593773,13.857869470131584
8332,129,34.78105884821403,13.789041291091369
8333,129,34.82144064591708,13.813032392639506
8334,129,42.3695375717017,16.81121041773079
8335,129,83.83454110963484,33.16727671250829
8336,129,94.94313143025224,37.55994555711224
8337,129,88.627953328281,35.827013672319694
8338,129,68.41383299704162,31.206509940888193
8339,129,47.46040697601828,28.26434442360188
8340,129,40.13556617478997,27.563854500003004
8341,129,40.3579507840135,26.67282572446321
8342,129,54.879320243756524,29.40411525073706
8343,129,86.90451289830392,36.375243797277676
8344,129,129.0198861937668,51.04302578855233
8345,129,166.213028875962,65.72915993690248
8346,129,161.29309166546335,63.77989410244192
8347,129,157.52555751896224,62.292033367195536
8348,129,143.1422579444579,56.60749150011671
8349,129,83.83868528076022,33.22402452675825
8350,129,72.5723193462926,28.773510485037207
8351,129,58.373196105147684,23.158108400679428
8352,129,48.53510681541451,19.23533232761245
8353,129,41.618678047480984,16.50523051303036
8354,129,38.89120674298141,15.420358913607103
8355,129,36.10034805644702,14.324203782939858
8356,129,35.22428442192904,13.981380401936294
8357,129,38.126633938531995,15.123884159065481
8358,129,47.25805974506869,18.751263067376982
8359,129,94.05884981418566,37.20229912474012
8360,129,104.176843851981,41.20807408307745
8361,129,92.24947787457083,37.15473742053491
8362,129,65.06295929310468,30.34163445420262
8363,129,41.75858041577385,27.29068664559257
8364,129,36.409893354917955,28.384618290133186
8365,129,41.01188807491596,29.63583807948726
8366,129,61.28987653880813,33.096951122272614
8367,129,96.23297273688536,40.44910674673442
8368,129,126.18870850640462,49.909025626160606
8369,129,152.96352656030976,60.493542715230454
8370,129,145.03097673948773,57.354972266777246
8371,129,142.94708499887676,56.530280681853256
8372,129,138.0426892147497,54.59646060830688
8373,129,80.20094746080986,31.778192414367698
8374,129,69.83562931588949,27.70104933477517
8375,129,59.599464011871106,23.632405834628283
8376,129,47.31498644897769,18.761145221921232
8377,129,41.26136532136826,16.35480706289946
8378,129,38.82493455875036,15.390714815444467
8379,129,37.71595522302462,14.94320761526773
8380,129,36.104311048692495,14.308547129496203
8381,129,38.003896485182764,15.061610942726954
8382,129,46.447823437674174,18.419549932214164
8383,129,93.07960099410195,36.808395733259864
8384,129,102.89183425773629,40.69105443929875
8385,129,96.64160277583633,38.59424327464202
8386,129,69.88999217033509,31.971384151236556
8387,129,47.23161943725529,27.98546834614514
8388,129,42.39348386129649,28.481467837810985
8389,129,44.5177998060835,28.14917389924599
8390,129,59.27088644902412,29.87019357790211
8391,129,87.93620538975944,36.11891000947528
8392,129,116.95308262974535,46.26245780981853
8393,129,152.49773729314597,60.31297815350069
8394,129,140.3921138236619,55.52740610539336
8395,129,128.05714660520806,50.66040909649492
8396,129,118.446692969151,46.84586049588421
8397,129,74.8869714355429,29.683707430481604
8398,129,63.09255639866507,25.031457968939616
8399,129,55.477097486271276,22.01240608798158
8400,129,45.773921757380265,18.136082179308307
8401,129,39.70843951274006,15.73188282360443
8402,129,35.45129231414279,14.052778140360456
8403,129,32.656099187761356,12.947997816240495
8404,129,31.738152969552402,12.582884266210767
8405,129,34.86268840020301,13.816643972739948
8406,129,42.66619495054513,16.927201749461613
8407,129,85.84766639851082,33.95236565734231
8408,129,89.684399664538,35.47231670088558
8409,129,87.70939170903347,35.71202617798545
8410,129,67.6837847415328,29.89774645712695
8411,129,42.11329427372945,26.28769553604071
8412,129,33.040553109863424,25.54324479481551
8413,129,33.75918130940292,25.02876279521675
8414,129,50.29072587113248,27.419330455072014
8415,129,81.5217655118019,34.69008275368
8416,129,120.94424485104582,47.83621914586932
8417,129,148.52635917513624,58.74093531575531
8418,129,141.78904726470876,56.07133129099538
8419,129,130.69347219860106,51.68603719024084
8420,129,119.84108216458722,47.39230832305808
8421,129,75.16801911598492,29.7786843894492
8422,129,66.06572804749433,26.193889081325956
8423,129,55.33312310661387,21.921034297325555
8424,129,48.27870762846587,19.12946510531676
8425,129,42.022947750833595,16.655824154117347
8426,129,38.101457416964024,15.102482854647423
8427,129,36.942524864894466,14.652522124022154
8428,129,36.35690743361053,14.41071202236063
8429,129,36.78315521403164,14.584897715647852
8430,129,44.580659229655595,17.670169234006003
8431,129,84.83751186303934,33.5578291988731
8432,129,97.83656095739701,38.713872980033955
8433,129,91.77989716888035,37.63005378578862
8434,129,79.01674103463208,33.735696269352914
8435,129,62.097197597772436,31.72713948547397
8436,129,57.87740525904894,32.704309993076194
8437,129,60.89396643839606,33.59436909736409
8438,129,76.10691381010781,35.81421875634285
8439,129,101.13156933729428,41.05605940753641
8440,129,123.45679124384645,48.83180195367156
8441,129,151.3093054826733,59.8412570840864
8442,129,146.61631199578196,57.980505273445566
8443,129,134.33020655567418,53.12010932742929
8444,129,123.83295425498986,48.968983418817885
8445,129,73.93791212026812,29.294940251241353
8446,129,67.34582234475894,26.722819433840673
8447,129,58.045007397659276,23.064048785170094
8448,129,47.4011919528472,18.80099642875047
8449,129,40.64643424295866,16.12674108604912
8450,129,37.324901821037315,14.813970868199092
8451,129,34.3138697444374,13.621617367395162
8452,129,33.52650242138111,13.311566311217849
8453,129,32.428557216025666,12.87648304909288
8454,129,36.642575050532145,14.540872758593222
8455,129,43.764393798500834,17.355634352471643
8456,129,58.08441499953787,23.035984224056044
8457,129,61.5208299622374,25.08705957873686
8458,129,43.87362684446572,24.08574256619813
8459,129,12.466381221678091,22.407431088805286
8460,129,0.0,22.308239126697618
8461,129,0.0,23.041070387653672
8462,129,19.532965539472258,24.779753219321826
8463,129,53.540166857381166,26.533229665443656
8464,129,78.04485421775098,31.15705098624407
8465,129,99.75512162620603,39.482520210648936
8466,129,93.65560839095721,37.09021379755853
8467,129,86.06674812433113,34.09771429245846
8468,129,82.2623000380176,32.58952114160692
8469,129,77.3638173199771,30.63856735482303
8470,129,66.94872834766485,26.525661718933517
8471,129,58.823351109627,23.31768831767644
8472,129,53.834851076484114,21.338033118168976
8473,129,46.47376245022983,18.40224691047159
8474,129,42.038073360938455,16.646887695035854
8475,129,38.32715090524985,15.180216487175993
8476,129,38.25479372249063,15.149329773006068
8477,129,39.68296765579282,15.70919773103725
8478,129,43.67858298364524,17.296467038094
8479,129,49.59908179409567,19.64330398996405
8480,129,62.732813403080456,24.85244845289107
8481,129,63.72200972125697,27.381615348510447
8482,129,56.61663736555056,26.61733179711995
8483,129,36.14267906049662,26.337246526577076
8484,129,17.229334622371084,26.860061116366165
8485,129,19.36524302726994,26.862003523636563
8486,129,45.87521440845421,29.387551137620072
8487,129,71.92685779426711,31.00012603177416
8488,129,90.5425076826063,35.87582060550752
8489,129,107.82234987818029,42.683533471638114
8490,129,105.04418408644156,41.57634719424815
8491,129,98.12427204326468,38.840295116034596
8492,129,90.1231606463675,35.70099889250918
8493,129,80.6719295194469,31.97475824018542
8494,129,72.5504185015744,28.74884995566137
8495,129,58.225099679621195,23.078922715787048
8496,129,48.26148276577058,19.117997999660787
8497,129,40.056660580951586,15.876359992122026
8498,129,37.13450321864187,14.730640798552981
8499,129,36.105200816045624,14.316930082271806
8500,129,34.66487498439719,13.741903615292598
8501,129,36.32354386561332,14.411254403201225
8502,129,43.658075936363616,17.320414115553234
8503,129,86.30538249743935,34.13910039138018
8504,129,97.93713867927067,38.738684451229666
8505,129,95.36104799200018,38.00885835662441
8506,129,74.9559306560883,33.0992133069647
8507,129,52.33471938298351,29.530097676112774
8508,129,40.34514112035481,27.20778006009418
8509,129,38.53396453622793,25.788801535409682
8510,129,52.22598183311078,28.471474186185386
8511,129,79.1651654493819,33.55194500843671
8512,129,108.51731823647626,42.93534727742154
8513,129,143.056865870264,56.57836985125007
8514,129,136.81718559964295,54.10316841191346
8515,129,127.0373159733289,50.24479589286203
8516,129,115.96361936099342,45.86822809383165
8517,129,69.63391136899943,27.62156709325478
8518,129,59.24180144343083,23.501613231941686
8519,129,48.96236626813533,19.448009698026556
8520,129,43.107595117426456,17.096043109735266
8521,129,37.50657158620285,14.885794226487972
8522,129,34.720171567173,13.77534043675143
8523,129,31.327468143356185,12.43789150178053
8524,129,32.2632159493601,12.80196499859874
8525,129,34.578545249427606,13.714763858195061
8526,129,41.3033860939116,16.401327549661787
8527,129,83.14558410067008,32.89266721801921
8528,129,93.08721663592934,36.81961306910179
8529,129,94.11722889808516,37.77696851269165
8530,129,79.26504029387971,35.41250339988368
8531,129,55.540383687205264,32.21947487632495
8532,129,48.46144112185158,32.78347739484209
8533,129,48.97838038419877,32.64084145900789
8534,129,66.78421724092232,35.34207989148719
8535,129,95.34823415815552,40.285721218169314
8536,129,130.85067087098778,51.76311911022842
8537,129,159.78399038723268,63.19045163579884
8538,129,153.06484151455635,60.53139906702271
8539,129,141.11651401647762,55.81256076971066
8540,129,129.13551148243485,51.08195895467024
8541,129,76.86600571795665,30.468236897414663
8542,129,68.97325385540753,27.36713106358694
8543,129,58.06826344997873,23.04566043365524
8544,129,45.83078959343467,18.180323835251805
8545,129,39.23757799851657,15.561848898479823
8546,129,36.63428814221703,14.53411503978506
8547,129,35.016747539867055,13.88101859562228
8548,129,34.12824133092229,13.535594450736152
8549,129,35.036609374209604,13.898057477777938
8550,129,41.654193501678094,16.52151681437579
8551,129,81.48201010590128,32.22931884055858
8552,129,93.86337861153038,37.12171830379124
8553,129,99.65411537183044,39.61378350647418
8554,129,79.50842431426963,35.37654470224892
8555,129,59.12897453958976,32.318825068909234
8556,129,55.73254314317566,33.501802181449946
8557,129,57.24349364908221,33.08556302537391
8558,129,69.33081818696607,33.907066004349915
8559,129,97.74524613578706,40.03708599470812
8560,129,129.8975935834683,51.366855645360715
8561,129,160.2902794730774,63.38828736447702
8562,129,152.74331277636222,60.40537751613285
8563,129,142.31795360236887,56.29185482143111
8564,129,124.67766100671085,49.317658591980994
8565,129,74.21545245226469,29.426369660080862
8566,129,68.43984540422099,27.133273461313973
8567,129,56.35300664732412,22.356160574843553
8568,129,46.291272173199616,18.347360659097706
8569,129,39.05323261886906,15.480909764803709
8570,129,34.46193153161303,13.666304752664958
8571,129,33.661091904466645,13.3485902043419
8572,129,33.62090061470013,13.340785693166504
8573,129,33.8378373142767,13.42421025116394
8574,129,41.544815813793434,16.49322223845899
8575,129,83.51208241917973,33.03160530105652
8576,129,94.35063400854204,37.31876051046566
8577,129,95.49388947562676,38.152107490278475
8578,129,81.43184797906855,35.11178258335034
8579,129,56.62589586325595,31.831484102004044
8580,129,45.074483867292514,30.156814090461616
8581,129,48.316495468224474,30.73957748762269
8582,129,66.83031152780217,33.995149288750845
8583,129,95.41484064867589,40.26701224750185
8584,129,130.70717671725518,51.6844276183205
8585,129,159.76918913159466,63.187804499600986
8586,129,151.221127274642,59.80244478745929
8587,129,136.4209958898428,53.94823097698792
8588,129,117.99394720635803,46.66308818777308
8589,129,72.56330722389492,28.74451103277418
8590,129,65.24958065149278,25.85042279192959
8591,129,54.61127565152779,21.64707130677511
8592,129,47.037911299611324,18.649304108860072
8593,129,41.88446744209884,16.592955377606295
8594,129,39.337554944314235,15.587505299576495
8595,129,38.47794742920385,15.245456405414812
8596,129,38.21812149575976,15.139293971250973
8597,129,39.59713473090076,15.679743559152103
8598,129,43.02948454791178,17.045532753218325
8599,129,48.43253817042381,19.186727051924166
8600,129,59.35762729096439,23.514972456168007
8601,129,65.30078555646668,27.096754496701877
8602,129,56.68963503491398,27.376959770349075
8603,129,36.69184074668408,27.073677622489686
8604,129,14.462828682020756,26.247010307769216
8605,129,18.248577832942203,26.814853961189808
8606,129,38.779435384924454,26.845199290934318
8607,129,68.81479826103742,29.756486475177823
8608,129,86.54346933060353,34.28168094198801
8609,129,100.20507563109149,39.675300509229366
8610,129,93.2726356746798,36.923871533748574
8611,129,88.12040218804285,34.88760073538402
8612,129,79.35567009985789,31.430427082416347
8613,129,68.49091822286724,27.139843259149615
8614,129,58.12071534158392,23.03091134079646
8615,129,49.400006006482755,19.581889208193978
8616,129,43.59163690105916,17.287337277381603
8617,129,38.489113343477044,15.251144371386236
8618,129,34.005594204675305,13.480309976495088
8619,129,33.77182519723121,13.38558162476456
8620,129,32.594674470264096,12.9168922003692
8621,129,34.25007460635143,13.56652643739481
8622,129,37.720903499611325,14.947522134797088
8623,129,44.051244208230145,17.455238660920287
8624,129,54.82414106960931,21.723381681184513
8625,129,61.76122860787814,25.69794363783017
8626,129,53.68815594190579,26.190712291143523
8627,129,34.136347082231566,26.06368592381078
8628,129,13.965380908974367,26.05045398286535
8629,129,13.956031833430416,25.118383178693637
8630,129,39.62464342714611,27.17920538689682
8631,129,72.12743785437326,31.065709531636884
8632,129,90.00000286313181,35.647660678066444
8633,129,109.06739382145858,43.17777864702992
8634,129,106.78424529083586,42.26388242452021
8635,129,100.04655943878404,39.60108774890997
8636,129,91.29327612575722,36.14842124841422
8637,129,81.1850267661498,32.15676140110979
8638,129,70.41133313534687,27.888419871606935
8639,129,59.24075722500888,23.47123648921448
8640,129,48.794155625724756,19.343544637437088
8641,129,41.88461027747792,16.59542544829598
8642,129,37.135532959958084,14.72415680256868
8643,129,35.86107928283866,14.218157185232796
8644,129,33.3807089288527,13.230975144739544
8645,129,34.232479189252984,13.565326873101943
8646,129,35.956898741503096,14.257164442888948
8647,129,42.479743237656464,16.83978301321151
8648,129,55.98312623537183,22.177816321611527
8649,129,66.89077574189284,26.81740109664989
8650,129,55.30388921594209,27.559961040782817
8651,129,38.32545557547462,28.23742283781651
8652,129,16.260553773889797,27.44108571553129
8653,129,16.337536805970387,26.452508619247318
8654,129,36.515477262337726,26.214607231862143
8655,129,66.06694746630026,28.654277997516395
8656,129,83.70831751116725,33.146038975823025
8657,129,95.80188833452041,37.93964624046832
8658,129,94.10110181415376,37.25132284649344
8659,129,88.45922106392834,35.021497126785114
8660,129,78.52006291208014,31.08406525110542
8661,129,70.48933451139305,27.908932189037788
8662,129,62.90932781887548,24.909640614826312
8663,129,55.72880546079517,22.07281254318872
8664,129,46.56895973664632,18.46521710906177
8665,129,40.9303743975542,16.23665795481075
8666,129,36.164894006549986,14.355532473293112
8667,129,35.35047466484542,14.034779651531876
8668,129,34.48416031232071,13.693537195389911
8669,129,37.533062684982355,14.898517745664845
8670,129,41.31222824414493,16.38526373542653
8671,129,78.46508272025687,31.037014881654503
8672,129,94.60205411753364,37.421812820188165
8673,129,100.06819540412693,40.4588162226705
8674,129,75.97698670106467,33.67292744311575
8675,129,55.935061493968874,31.23341061344904
8676,129,52.04560468171593,32.14002442875759
8677,129,58.15486960721117,33.82840423093117
8678,129,73.83111050342706,37.24358363010693
8679,129,107.37342891302504,44.87969831436737
8680,129,140.87055722609065,55.75405418005168
8681,129,159.5550826741139,63.12031457561124
8682,129,145.43332172804568,57.52408877555257
8683,129,133.892726848174,52.97219745352896
8684,129,130.7046624921817,51.71441715662208
8685,129,80.46306450384932,31.907005394805733
8686,129,69.39906734857715,27.522655885650995
8687,129,57.475512217141755,22.821644351964633
8688,129,49.767280107637646,19.741848302410453
8689,129,42.3828724430102,16.810665550862993
8690,129,39.57081442144528,15.685479456825488
8691,129,37.37855302435733,14.832786295251646
8692,129,36.60377186992747,14.507035004505086
8693,129,39.01621665375998,15.461682180255211
8694,129,45.32315720322089,18.011808613705472
8695,129,81.96147888008909,32.444038176591846
8696,129,100.82093007969206,39.87708215295614
8697,129,103.34652506528741,42.48610337281013
8698,129,85.28749349455111,38.23028763294689
8699,129,60.858965920747465,34.870593189373146
8700,129,60.648427611958766,38.08028926521205
8701,129,60.83579935305039,37.64889773394756
8702,129,84.3083893638017,42.427846127244884
8703,129,117.94745825740804,49.27271382328912
8704,129,156.36746869308027,61.88030737417811
8705,129,182.18077050365977,72.03317481886305
8706,129,167.44321093544912,66.21758240569513
8707,129,147.70569591116356,58.42363998464503
8708,129,133.35042176419876,52.75467200083149
8709,129,74.90877809554064,29.68314417971279
8710,129,70.24268953184531,27.81605067552615
8711,129,57.74469687785455,22.900613568406193
8712,129,47.016479967137315,18.635254216901544
8713,129,38.82130873708434,15.381333977995236
8714,129,35.61521207751994,14.102674357918312
8715,129,35.272284428153,13.970573228689203
8716,129,34.14807638698392,13.53659443156842
8717,129,35.64634484069984,14.132168028377745
8718,129,39.78011903364731,15.762508146893909
8719,129,71.02545230616286,28.09661966634068
8720,129,86.73802342725168,34.29631216748866
8721,129,99.22732167320092,39.2980092876985
8722,129,86.98718382374793,38.530991402415005
8723,129,69.79007109211466,36.86767341256346
8724,129,67.00807114788532,38.31196493254074
8725,129,59.2065194513971,34.14627276564106
8726,129,71.3057175681655,34.878205829952726
8727,129,94.33931590666234,38.77349815368032
8728,129,124.90527900980908,49.38217342008955
8729,129,155.82164371155827,61.59777400322926
8730,129,152.43269110511193,60.26176878899561
8731,129,137.0359566790853,54.204149172199266
8732,129,123.15969979206187,48.717485393487145
8733,129,74.39386356792,29.493271049095075
8734,129,68.26123395972772,27.037307256714904
8735,129,55.2945730907588,21.9068243975112
8736,129,43.51710638772488,17.247457479364034
8737,129,35.494940551920706,14.071128438006474
8738,129,33.053721432182215,13.102857665849871
8739,129,31.336849546093504,12.424273125929165
8740,129,30.15682623355076,11.962502848444304
8741,129,31.043680615901792,12.301509878290192
8742,129,35.40060304611359,14.038426974898085
8743,129,67.49022883234801,26.683261493875268
8744,129,81.07146043226265,32.054362460249926
8745,129,85.95421044400098,34.76661310347042
8746,129,68.96401015705678,30.448362759207946
8747,129,38.84377737073308,25.304397263658096
8748,129,31.950918784854565,25.387024151324677
8749,129,35.55937924716446,25.988322086793865
8750,129,54.26567180506581,29.159096231593
8751,129,83.78658654975268,35.69994593395576
8752,129,120.6574513012093,47.70447251641191
8753,129,149.18985842823673,58.985910304032316
8754,129,142.78331518232434,56.45045651337702
8755,129,127.8575151096426,50.542122525567464
8756,129,115.79136901758602,45.78243726329728
8757,129,72.43633571978947,28.69319275886089
8758,129,67.22044111178604,26.639807907948807
8759,129,57.10142187109568,22.64738666446068
