time,bus,P_sub_kW,Q_sub_kVar
0,129,60.37159832429495,23.895817013172977
1,129,57.106305729021756,22.60406377597684
2,129,52.005656542160494,20.59294861540068
3,129,43.893789944903006,17.38331022132811
4,129,82.99098150843776,15.882105180708237
5,129,81.30567766556851,15.184407031861461
6,129,51.24475701546061,15.912783344621577
7,129,43.598344179677895,17.285959006840518
8,129,50.80117969987086,20.137592481867557
9,129,54.328529310083695,22.624921561549325
10,129,29.739739103217033,21.879059220193973
11,129,0.0,20.36482229834143
12,129,0.0,20.2231645287297
13,129,0.0,20.036031189856786
14,129,12.468445053499977,23.42711327612822
15,129,60.52879308876058,29.072023047246155
16,129,91.24891319759953,36.22441813035255
17,129,114.48768828361011,45.290156796988015
18,129,70.63747583232782,44.917655780857
19,129,65.96094532848795,41.37227713083434
20,129,93.78970660169372,37.10979856254313
21,129,80.18231885127847,31.726919857923306
22,129,113.35871332218517,27.874687142598535
23,129,100.86960153092406,22.93741285817764
24,129,52.66787790455396,20.845077776927837
25,129,47.10828328121508,18.646525144958378
26,129,42.11153216578012,16.675330592509262
27,129,39.9025089195284,15.80347624311694
28,129,39.21248386493659,15.529532855479758
29,129,41.496732453410345,16.43715374169586
30,129,42.33515238287566,18.789754322156597
31,129,49.77119134916563,36.65249921190105
32,129,67.54531950337395,43.682180286542135
33,129,75.28201793975953,47.214360035537545
34,129,87.2520856857264,39.61684704336691
35,129,54.68096503328823,32.22061622979165
36,129,93.16936993044678,32.99767548580378
37,129,56.73918864064831,34.78977821038992
38,129,76.69904140360728,37.911477596141744
39,129,110.00362964136556,45.083226473141366
40,129,148.24511601638335,58.63711247216351
41,129,159.47322690231047,79.16340638368291
42,129,185.5404420094544,73.354309764665
43,129,173.0698374277999,68.42319087058263
44,129,158.35323729819706,62.61026845386787
45,129,91.71044585707477,36.306217143037046
46,129,80.1751434659117,31.73861426858636
47,129,68.95038953932087,27.296238513528177
48,129,58.89620117029537,23.321303636389445
49,129,50.21551856591344,19.88556916777983
50,129,43.123022235878494,17.08599912031665
51,129,38.97235795665921,15.43580436853386
52,129,81.39828173661456,15.245332178770592
53,129,81.70300984845014,15.369375824673075
54,129,85.64881591319562,16.934893719305045
55,129,50.81929975712285,20.130063839767185
56,129,61.70077459524137,24.43556275991634
57,129,21.03989624474778,26.87662759732931
58,129,30.24381680117827,25.03370560712954
59,129,0.0,22.193995029085997
60,129,7.433668991620124,23.041819532149322
61,129,0.0,23.423955752349844
62,129,12.349119596546387,26.558713422419803
63,129,22.854175281054268,33.06799742197623
64,129,101.19429338429597,40.290864116230246
65,129,126.62865221920683,52.13145491026025
66,129,126.79463228237253,50.18311132116503
67,129,114.06782342538335,45.16167001609631
68,129,103.13149975155156,40.838155586197395
69,129,48.95609475421736,36.37635289803419
70,129,80.76202493745654,31.978876846930834
71,129,28.659664106516658,28.33281153452677
72,129,59.86792857068579,23.697930441171252
73,129,50.78944682544062,20.103783440657434
74,129,46.55014218620934,18.427051733114073
75,129,43.721376885986984,17.307828306466263
76,129,74.37144898657166,16.44111230798255
77,129,41.248891990271375,16.329388414513478
78,129,43.80410689307013,17.341687277261737
79,129,49.72960247688718,19.693328177324126
80,129,62.960333991874506,24.923654520232326
81,129,66.49762642963708,28.055514121940885
82,129,42.16776944702616,27.43261267542887
83,129,14.941913149804975,26.193003577979425
84,129,0.0,24.557828736107062
85,129,0.0,24.33541035104103
86,129,23.108589625419285,24.709458014440347
87,129,60.13283135377634,29.037984806159766
88,129,99.66157325604996,39.76765738711072
89,129,86.753398017418,51.30888462064516
90,129,126.67413604600597,50.12712940610004
91,129,118.97234901963216,47.078319804343906
92,129,109.20812654122969,43.215749720048116
93,129,94.83500690505053,37.52771684202414
94,129,83.84739615057057,33.179053506629714
95,129,66.07396204837457,26.155642343205812
96,129,51.68720077167066,20.4720470710335
97,129,44.29493171118182,17.545556630208388
98,129,41.745904819947555,16.53685990430088
99,129,41.96840627778187,16.623582030706714
100,129,42.68820542926832,16.91167607768204
101,129,47.56517062794785,18.845238921850797
102,129,55.33040748170137,21.915542903338526
103,129,103.71416613498141,41.01522034714291
104,129,117.13306405792068,46.321288923619846
105,129,121.15603435387357,48.69272755532292
106,129,90.73287710378253,42.31035596717965
107,129,54.5666411737642,34.2478971795461
108,129,46.459790176324844,33.310380435975894
109,129,48.3042228571442,32.75571267279586
110,129,59.33317490625356,33.40310136977645
111,129,100.05877348064729,42.647598373462834
112,129,145.45860593892712,57.56031558585708
113,129,200.55467150822892,79.29010310414635
114,129,186.0760755811377,73.56752654510761
115,129,174.0461643085709,68.81279533085714
116,129,157.38820442409462,62.228914579028654
117,129,90.22025549736767,35.71239853798949
118,129,79.34203026006159,31.40812817914359
119,129,64.69404407028279,25.61761436983756
120,129,53.12656849594788,21.037289930541995
121,129,46.566391680887165,18.43839334848781
122,129,56.5854938712711,17.59673918209024
123,129,86.4998278378124,17.262827258368322
124,129,87.33725578067819,17.59258338109069
125,129,89.91160721049596,18.613711291319156
126,129,55.67066188017833,22.04884504634912
127,129,104.55190219653687,41.34637806050107
128,129,113.84150075824095,45.07382912722642
129,129,101.25975298911172,41.377480525576246
130,129,73.80134927034732,36.46659717814106
131,129,47.438602616622916,33.2432576357697
132,129,42.34360940024828,34.5685075810513
133,129,41.084601139001364,33.13433227747602
134,129,56.28632364213715,33.69107863751347
135,129,100.07056825743277,43.43091835327963
136,129,158.26499172257158,62.67466967600637
137,129,170.3565482065308,84.31853694277547
138,129,156.4261770446258,78.81161948372656
139,129,145.20307387362053,74.3758478026341
140,129,168.31139421029917,68.5680877194065
141,129,101.3380418415899,40.12438801741803
142,129,89.61918338144415,35.49166623630346
143,129,75.64600124814547,29.955727262281567
144,129,62.62316753726083,24.79535496064989
145,129,65.4596636430469,21.106467358225547
146,129,49.06093574133408,19.424266040292345
147,129,89.90777126901861,18.610944600714298
148,129,88.20869698876521,17.938234661960138
149,129,89.25347268448292,18.35002223995877
150,129,53.4605429260786,21.16926420088758
151,129,101.04622965454269,39.955913934313536
152,129,73.13260337251748,45.91238901093034
153,129,69.97926600709548,45.555522276872196
154,129,82.24356989023462,39.90276352009248
155,129,53.28446195593273,34.44970949009583
156,129,90.98361870324823,34.888021477284894
157,129,90.21002190927874,32.9770720949249
158,129,66.9829255520007,33.8623989284228
159,129,100.64002571933628,42.377359714280225
160,129,149.81673261754835,61.34120686671112
161,129,165.14313174863915,82.25059360242342
162,129,152.21593844087877,77.14024962310037
163,129,137.18247270312744,71.19618254262372
164,129,162.70537834956755,64.32410134694969
165,129,97.45696416280936,38.556688310722784
166,129,87.20421987295524,34.50576519551968
167,129,71.98023138596454,28.488709278011857
168,129,57.9208031673808,22.922370193965016
169,129,61.39381004430433,19.49115313173734
170,129,86.08544551679742,17.095473978472242
171,129,84.11922397438332,16.317149010793674
172,129,82.41889876689612,15.642756565354833
173,129,41.97930290687779,16.6206794295371
174,129,50.82483412924077,20.130098724586293
175,129,94.78523753315926,37.48291138524829
176,129,108.56000740208671,42.96701860346505
177,129,55.90547881447705,39.95314773799319
178,129,65.97466333886004,32.53369224908979
179,129,32.19771278636685,26.86904369224366
180,129,24.59564497340594,26.704804988739465
181,129,31.17074153700017,28.105946923147336
182,129,49.555863623403695,30.174536128765034
183,129,86.16213794842054,38.038465445275364
184,129,133.50023013962442,52.9029420043725
185,129,144.19977316463317,73.98465943001092
186,129,139.13310766644216,71.98092554170182
187,129,159.43761243081767,65.06270869416701
188,129,155.23736883099204,61.383715694557445
189,129,90.28962106534166,35.75445632306684
190,129,78.81709888575372,31.215355174214736
191,129,63.29891646606001,25.068693716312804
192,129,52.88620324525439,20.943489025594104
193,129,47.26771255236528,18.717992075395294
194,129,50.8998227868247,17.478271697981967
195,129,84.2702638412689,16.395008457072112
196,129,83.13645635123734,15.944482002765083
197,129,86.39523859888243,17.23243523127123
198,129,53.79579746016461,21.315072886038923
199,129,62.1697744030314,41.557656567692945
200,129,80.99388060087875,49.00471695261393
201,129,76.80278559989873,48.09810440536413
202,129,88.6204486938702,41.028780258971636
203,129,64.35232098540666,37.24903966063689
204,129,58.77770782730707,37.711402471479914
205,129,63.54781406562182,38.83111650362884
206,129,77.77059303025524,39.59550309284457
207,129,110.34540744654464,46.001920800059104
208,129,144.92137041561648,57.33777114284285
209,129,182.96842457191076,72.34854979718014
210,129,169.99712608496154,67.2219056981279
211,129,156.0678468171055,61.71795775204324
212,129,142.26804412002636,56.26369365123022
213,129,86.84887615457271,34.40287016035277
214,129,76.3977590104794,30.269785840272448
215,129,77.1223288247036,25.749923634675515
216,129,56.426498429228644,22.376561088109668
217,129,48.33347564709456,19.174309652297516
218,129,85.74235755583359,16.999817730853568
219,129,81.8578812435149,15.462125190958458
220,129,82.02011836852918,15.52381293912806
221,129,40.128984087473896,15.922010151021905
222,129,44.95591523290088,17.843127642119256
223,129,52.18940915221992,20.699638245012878
224,129,48.12531868777015,26.061423121891856
225,129,72.74253514366791,30.92188086718005
226,129,37.41377950699487,30.512775425424504
227,129,2.6288226634356704,30.125588322941525
228,129,0.0,31.117905812990607
229,129,0.0,32.024708677457156
230,129,20.417905697335925,33.14512729365107
231,129,64.98418991136035,35.21791971456341
232,129,103.8722478404388,41.846855565817854
233,129,85.35615025183318,50.768866133575784
234,129,80.53501882642067,48.86465323134057
235,129,104.54224501584619,43.412207086156926
236,129,95.99346754587046,38.020772310413136
237,129,86.31987042825173,34.196327350467016
238,129,77.51919379077421,30.716798803157427
239,129,69.34208509143147,27.476520925534423
240,129,58.24946254574215,23.07292380371863
241,129,49.973012014199014,19.78846437789701
242,129,45.47957918568457,18.017367434407817
243,129,44.191692990334985,17.507162876970867
244,129,41.71228252214121,16.522382840175467
245,129,41.359768878287184,16.39275462107635
246,129,43.76827987117693,17.35076520844416
247,129,51.981015980931744,20.617251307867846
248,129,62.86782847425698,24.92850965289666
249,129,25.04711028600326,29.586485704235148
250,129,38.27914797984633,29.24576941881864
251,129,9.250479773218245,28.341749156003466
252,129,0.0,28.600753678555556
253,129,0.0,28.235007095684605
254,129,20.727318194815325,27.875339080513932
255,129,60.28584051928121,31.100282618080534
256,129,97.46944486979459,39.056390133035
257,129,126.29416814187877,50.025370228680316
258,129,126.46662359939498,50.092374931935645
259,129,120.22920921793911,47.62611825924739
260,129,108.92217682039984,43.14871802169577
261,129,97.66993409663272,38.68809779102066
262,129,84.20600015806912,33.372873156680036
263,129,68.34781788496969,27.094316388101564
264,129,51.838282903180044,22.014067482378515
265,129,47.974446322911035,19.033644013243826
266,129,43.99511575895687,17.454827140820175
267,129,87.57982385456131,17.72846040822231
268,129,87.22403197085882,17.587834705270076
269,129,91.41380153143785,19.23890805322128
270,129,59.21192622574267,23.47379965560919
271,129,118.37951883413922,46.82088437003421
272,129,126.63514810598642,50.08629684187511
273,129,122.76828942410134,49.96783777192133
274,129,88.6863929937931,43.22533234783381
275,129,48.36786281174099,33.99137516902907
276,129,40.534175847867004,33.31704727090678
277,129,39.37431873069386,31.507029022327533
278,129,52.80277482976459,32.77400792890664
279,129,92.64749672089678,41.07078815958454
280,129,152.79331221636738,60.68777717434213
281,129,203.38219294717774,80.41128749525444
282,129,202.8130292571575,80.18882248042324
283,129,187.12668508371522,73.99043884690495
284,129,173.5742987322233,68.63540719475334
285,129,100.39147636019408,39.75281219171553
286,129,89.63663337713612,35.49487396619307
287,129,72.92599269269928,28.89036786606093
288,129,58.72545860323086,23.270662437235384
289,129,50.995259124970715,20.208207752758504
290,129,46.68484598964184,18.50461290369369
291,129,46.65744912923131,18.496191442206143
292,129,45.938850735645076,18.209691499115735
293,129,48.68583762001677,19.30144157027365
294,129,56.74369206234786,22.49583449066567
295,129,66.05696395509497,43.09862940129901
296,129,71.56012286472446,45.33554285828266
297,129,46.95578702860104,37.6167650505726
298,129,53.58969919158696,30.05421088572543
299,129,16.592336344960046,23.128864566497715
300,129,2.0570844744476346,20.90395765706495
301,129,0.9206324986124059,19.47443318175661
302,129,23.67432659596247,22.775823242954598
303,129,64.27897569360042,30.72025216372827
304,129,127.85694471506304,50.89656209767325
305,129,192.52171917235827,78.14735875432538
306,129,193.45462266605296,76.49487624088013
307,129,186.79440975134654,73.86256727996165
308,129,172.11419767701486,68.05800353164716
309,129,103.7043514070426,41.060788174323
310,129,91.07382192094704,36.07484297453214
311,129,74.85721324864869,29.658332979153887
312,129,72.64541514330958,23.973115026653293
313,129,98.50932828688741,22.03472333775456
314,129,95.53445232772617,20.854099302883295
315,129,93.51127813807736,20.050877067120325
316,129,48.678411693352075,19.293663881081038
317,129,52.413989827645224,20.767654873056312
318,129,64.02021720572293,25.36203016441881
319,129,77.6401624632399,47.671857858179806
320,129,88.99257771927083,52.18168339540109
321,129,87.10075154674257,48.67941761753454
322,129,122.07871213778532,40.154895009537306
323,129,43.23270051875738,32.450719813956965
324,129,76.56924746072491,31.36143267523503
325,129,35.12529730297942,30.344574615773855
326,129,54.179213565355155,32.57670944832219
327,129,88.32603793257832,38.93472790330896
328,129,144.24991866808412,57.28582535444887
329,129,160.8324069618874,80.55429156546948
330,129,158.48002509185122,79.62575016746446
331,129,185.28156091697667,73.25653741547936
332,129,163.240291151741,64.54633199189338
333,129,92.93264964680858,36.79281263797106
334,129,84.59843104898823,33.50493497063916
335,129,69.48375464567036,27.533654716298187
336,129,99.60328059769452,22.4720938038726
337,129,92.18683906543035,19.53972748577983
338,129,89.18605290423898,18.35373002864297
339,129,45.391286021732924,17.999494719110746
340,129,44.800098129442745,17.75851470141646
341,129,48.64981577022931,19.286113850014754
342,129,57.24916708850358,22.694534461721776
343,129,113.57318297404362,44.91660547416871
344,129,81.09216982586887,49.115047549957765
345,129,67.62999801307146,45.165373785555296
346,129,68.83812580247906,36.40593738022118
347,129,34.02248974006028,29.703530644672334
348,129,23.486245060777122,28.56045552020561
349,129,67.43407588812289,27.79463575984397
350,129,46.15320767448239,30.959953805843767
351,129,84.92885149360063,39.147309779614545
352,129,138.27299549259564,55.18177418663316
353,129,154.17286233584093,77.93756861095208
354,129,144.38563848100827,74.06325909470901
355,129,177.67843573135522,70.25938709628487
356,129,168.98920429330389,66.8276528973308
357,129,100.53133548162663,39.81395279649845
358,129,88.71477586739474,35.138794876259816
359,129,72.80387628296836,28.83952703960456
360,129,60.25924052351428,23.871885433718674
361,129,51.704366913870814,20.48718471515036
362,129,91.1459102844141,19.118526526745132
363,129,89.31500013634164,18.40218340704041
364,129,90.41001202843191,18.83131072796796
365,129,59.046589257356175,18.596161698623952
366,129,54.823306121949855,21.729718210232896
367,129,108.85963024392709,43.05869051099716
368,129,82.57716725591635,49.645299042119476
369,129,117.40928159364472,47.819760238719866
370,129,80.69642217653694,39.424756874081105
371,129,57.556108767080616,36.759337319509655
372,129,51.83212486559441,37.42114257395288
373,129,95.00480745385076,37.96722664072106
374,129,74.45093939158909,40.5344789141045
375,129,106.82133451633646,46.21105135797651
376,129,149.837101522742,59.63656170300655
377,129,164.48928629143822,82.01832111961419
378,129,160.35359304166974,80.38383596042398
379,129,151.7157010193877,76.97449127627051
380,129,182.35845552231567,72.12215315868636
381,129,106.69742969205842,42.26341734451115
382,129,95.19334530977375,37.72514328867868
383,129,79.81471445942745,31.64829620554173
384,129,109.05034433126914,26.24710142842329
385,129,57.35094687094744,22.760242703508844
386,129,64.21034308393914,20.667458484877375
387,129,91.88335075972986,19.451285889686186
388,129,90.99280633532203,19.10170763806586
389,129,48.96880431851258,19.436465268262932
390,129,52.56308302343626,20.86671830560892
391,129,39.29456054727254,25.234624306669872
392,129,37.43282783322499,31.87909320137894
393,129,37.00723220866564,35.14814356240103
394,129,40.47804352498474,35.3258998056604
395,129,0.7822238800940795,34.56296220614468
396,129,0.0,32.813259899974675
397,129,18.265926073304684,30.844506419574763
398,129,3.6829037704926293,31.883902795493523
399,129,52.42294685012894,34.51193309158829
400,129,100.13933837893063,41.6552216323933
401,129,89.27467785696663,52.33953985564781
402,129,82.21966740048003,49.5501416007475
403,129,113.96834786046384,45.1336672934303
404,129,102.43660983010372,40.579552994236415
405,129,95.75290105110312,37.93429405980278
406,129,86.9407622906202,34.45624324482442
407,129,73.93484424765973,29.31594154266486
408,129,60.85832766868293,24.13798784136797
409,129,53.32671368254793,21.14668489400645
410,129,49.18687289515589,19.51164220708454
411,129,46.8210486489582,18.577784109376395
412,129,73.08237470065393,17.66612756889698
413,129,47.75683162091582,18.95498120533263
414,129,49.835557960744126,19.787468042972097
415,129,55.6613305531144,22.105687184590266
416,129,71.88471801894991,28.5297716857887
417,129,74.75785607067209,33.15006170128555
418,129,36.72846183549083,32.31894477026747
419,129,0.0,29.802855341831954
420,129,0.0,31.68926043773758
421,129,31.40872608393508,31.92825918057418
422,129,19.159167176848513,32.87689704836909
423,129,59.783474085985944,33.881822259823394
424,129,101.41751585546288,40.65470262818392
425,129,128.72174866356545,50.9862705295587
426,129,85.35876221240457,50.80390263555819
427,129,73.51113280911648,46.12367746369248
428,129,106.62562541075005,42.25068376061794
429,129,96.75849342652043,38.32793438913557
430,129,85.1915408216648,33.77209859783352
431,129,72.2780561045262,28.651221900321403
432,129,58.58188477284543,23.230821463488066
433,129,49.821347052876774,19.765963694088278
434,129,46.25875654618028,18.35673219053517
435,129,45.91871452738161,18.223559081191855
436,129,45.64478411769812,18.11039910465305
437,129,48.059568304324785,19.061190669470463
438,129,58.207909706801786,23.07335094800936
439,129,112.57787758182758,44.523059433756785
440,129,121.50148326576371,48.053554979620166
441,129,114.52411223002201,47.41663594542804
442,129,84.33324954847521,43.12202231809594
443,129,44.727969549157365,34.90526273328358
444,129,75.88665317985743,33.04509471474314
445,129,76.14475439351054,31.788173052980568
446,129,42.82173932046973,31.29830521535215
447,129,79.40615415610353,37.807964424352974
448,129,134.38657468254078,53.945717701891134
449,129,199.52214598349727,78.89100317174497
450,129,190.79915297858818,75.44456159186659
451,129,176.30114185596923,69.71807641875722
452,129,160.11970853374535,63.32272576741293
453,129,89.52365103562698,35.46599337108446
454,129,80.97811235551688,32.08007619016651
455,129,66.23947781844208,26.25856550320553
456,129,55.07219891233461,21.846136659679264
457,129,46.11524943889833,18.295170681832285
458,129,41.88135845040364,16.620610543063
459,129,83.52723318972366,16.12548770654912
460,129,52.18553069637366,15.892826101153029
461,129,44.248717494159706,17.55621399796297
462,129,54.04761108151135,21.430284511492285
463,129,61.4543719610019,41.28090347799705
464,129,71.20860343153979,45.22353065970178
465,129,52.579694330244564,39.77431889091644
466,129,59.01761409243278,33.77930003346105
467,129,68.02043214971576,28.84548706054709
468,129,54.15591130326547,27.243521601314292
469,129,54.35556421499044,26.31537559704097
470,129,42.97774566283152,30.222060106999184
471,129,80.28128597235806,38.83219393493059
472,129,95.58409570576742,55.506484809023355
473,129,162.78908572038375,81.34089588270943
474,129,152.86343613826503,77.41562663372903
475,129,172.81010477364944,70.3511444806913
476,129,170.1906289055124,67.2982683895095
477,129,100.87791305694438,39.93295343595521
478,129,88.64485466003913,35.107807620072485
479,129,73.63339508384215,29.177233805146177
480,129,61.86067706400422,24.510993048290672
481,129,95.4671279314816,20.82997906543927
482,129,90.93733309208218,19.03963291165169
483,129,89.37315935248336,18.41776892574702
484,129,57.90450326430374,18.13978679627248
485,129,49.21749557454902,19.510347609642015
486,129,57.02766294519179,22.599540641059914
487,129,113.8398737369819,45.01812205784818
488,129,88.47035406546055,51.9619254288441
489,129,80.09281018077985,50.72199547420406
490,129,88.79138042354029,45.505205485159166
491,129,58.285201484192584,40.6747123592511
492,129,94.64720463201459,41.11111710965828
493,129,97.5684951407203,40.703004618738206
494,129,74.43698823535883,43.076208044083714
495,129,108.33539975639894,48.758541023702946
496,129,120.29370384319193,65.03915132364568
497,129,177.8163738291667,87.27638488750253
498,129,168.522056714977,83.60653964332154
499,129,193.20220501315077,76.72323763505665
500,129,178.5800032193876,70.62222338273841
501,129,103.70316540617353,41.071367049224314
502,129,88.6950166075735,35.1590408404747
503,129,70.78010706763038,28.08112700304451
504,129,58.67061510439342,23.289063790600125
505,129,63.12435843375752,20.229651530123448
506,129,88.95263061576486,18.285609691523124
507,129,88.09066538069033,17.953439419718524
508,129,85.34463233104717,16.8596688170752
509,129,45.96519668343291,18.2687153668603
510,129,55.36606151873258,21.98297354175525
511,129,106.22487436651795,44.046897384020994
512,129,79.75165559350472,48.614431564705306
513,129,64.0100269569821,44.31717214737445
514,129,66.39162145372168,35.98021091985642
515,129,30.307106738952427,30.63760759628926
516,129,19.51120231470327,29.67694793691122
517,129,17.786721423842522,27.891268791106754
518,129,37.01086965049427,29.983230387945248
519,129,77.09245333426651,38.14694115557864
520,129,137.14967250698606,55.337713928812725
521,129,149.58617386038142,76.13757099110471
522,129,183.05333017239178,72.40279060129849
523,129,175.8863338867407,69.56894879631612
524,129,164.2935806935064,64.98723053895486
525,129,97.91446791418323,38.80678012017706
526,129,88.14364616385006,34.9536944451012
527,129,73.90650071133109,29.313301239405476
528,129,59.63385711660152,23.657710975720683
529,129,52.239139647468846,20.727770269724196
530,129,47.75032981378402,18.952442667773585
531,129,87.8587581288457,17.846072745866547
532,129,86.92601621461549,17.47135305630493
533,129,51.253980688521494,18.55696801177812
534,129,55.80369834525811,22.132981559609828
535,129,111.70712784940662,44.18889175612414
536,129,83.99559109547283,50.22277884914666
537,129,66.950872809727,45.55855322253907
538,129,68.16107815106776,36.18943867470065
539,129,35.62686642285229,30.60102498371925
540,129,27.812860854005805,30.79225040846146
541,129,32.31970869885359,31.809004001236048
542,129,52.42547442916745,34.61951156694561
543,129,89.00681216573147,41.40699986354046
544,129,140.99259715591472,56.82346866936026
545,129,200.27045258981602,79.1911501025761
546,129,190.7399189481893,75.42449357113676
547,129,175.6891889645189,69.47597483175142
548,129,156.87975587101022,62.041931814292006
549,129,96.72894790884712,38.30144407869156
550,129,88.8582026252962,35.201565756472
551,129,77.8774447062709,30.86180049127664
552,129,64.14114218503286,25.42807722503878
553,129,53.29451896518478,21.13748133223059
554,129,90.53219743564256,18.890442574923792
555,129,89.45115248163304,18.46073971813098
556,129,89.28457745846785,18.400968055181078
557,129,48.25374725863796,19.13677406513798
558,129,52.29908235149594,20.73071153811366
559,129,20.448112691916265,25.106780598098016
560,129,33.66804980762694,30.507541966323647
561,129,30.116302147899177,31.936190789559912
562,129,12.003060524783393,28.296559113491973
563,129,0.0,24.208487635379846
564,129,0.0,21.89961676713882
565,129,0.0,20.048851739578016
566,129,0.0,20.650211725977236
567,129,13.993832219210134,24.605169465895333
568,129,71.16238831444832,32.56014541968544
569,129,114.08687099446979,45.20099600734294
570,129,113.04302247894782,44.78354624199516
571,129,58.587679840599094,40.2172055250036
572,129,94.694882098743,37.53065590392275
573,129,86.36381514589786,34.231914753929466
574,129,43.598849814525664,30.900846590065367
575,129,69.03895698978957,27.37614596043168
576,129,58.82160744926779,23.33196098355727
577,129,51.08173545921346,20.260780243248412
578,129,48.69179912999755,19.314930650958203
579,129,5.894257872984809,19.364536293843006
580,129,47.18845185073306,18.717118411162883
581,129,45.54092430375434,18.075713405976003
582,129,49.56928720159226,19.672677958051388
583,129,58.474566581896426,23.199580277833235
584,129,71.71237080635962,28.727546813208846
585,129,60.12145699139282,29.54445521450512
586,129,12.191935028720735,27.204155829232647
587,129,0.0,26.205642301639735
588,129,0.0,27.18563948849519
589,129,0.0,26.119220531628255
590,129,0.0,26.19536788016877
591,129,32.28403407505098,28.613831249273748
592,129,88.03946353215153,36.78198021419144
593,129,85.23615569108145,50.73624123793846
594,129,85.28685135535952,50.750117965243035
595,129,78.58616109303895,48.10058942530142
596,129,107.9688454035761,44.77622919974526
597,129,101.32260179167218,40.118426048822556
598,129,87.79805644874727,34.76942690850434
599,129,74.68165382535474,29.58057510533807
600,129,60.444514650424,23.94760696794298
601,129,52.63569698161419,20.86255279869094
602,129,47.89727750329931,18.98494566934716
603,129,45.45647509998574,18.0154167032219
604,129,45.20341530679772,17.9117530294002
605,129,47.734318920731766,18.915689424184155
606,129,58.561370829949055,23.19608918818007
607,129,116.20834246572187,45.95300459239422
608,129,122.80471726253239,48.67168256607824
609,129,105.2951316429045,44.882931398729966
610,129,62.23891816056337,36.51555396876894
611,129,30.343478960944026,32.07757608431089
612,129,18.103103460006764,30.36531191110429
613,129,15.976141987064096,28.20450999705719
614,129,29.029996810102432,28.965499023618246
615,129,65.04749807087506,34.663886812770556
616,129,131.41825126645656,53.802573088543845
617,129,200.21498411536243,79.16941360710055
618,129,192.8438067516467,76.2560740901165
619,129,183.3195917279724,72.49181227892159
620,129,164.95155085043223,65.23227744001906
621,129,93.88681541170385,37.20021495074284
622,129,83.03266213486538,32.90676497732818
623,129,68.42613248980811,27.136189378335057
624,129,55.163886898885295,21.889675643375917
625,129,49.10546345721656,19.490365371596276
626,129,88.36696665877852,18.04809200953678
627,129,86.32641870140034,17.24401539642533
628,129,85.86843943955103,17.061775393570002
629,129,57.86829240130942,18.14615625099733
630,129,55.06447787207236,21.837054440265746
631,129,105.66625011697184,41.7962320370156
632,129,117.24969073062397,46.45686612289673
633,129,97.02787913255051,41.33660602083759
634,129,52.25281205423471,33.40010832549888
635,129,22.26823656359045,30.798279423191513
636,129,15.173955428505081,32.2385128174919
637,129,13.595229091340144,30.677952978738183
638,129,33.46444580699526,32.57237188594993
639,129,69.05991186229699,37.17335320650973
640,129,122.80138926039896,50.346229766665154
641,129,133.55315968077974,69.78132869747253
642,129,132.26255063984382,69.27001317297389
643,129,166.88503839937496,65.98807694123718
644,129,151.1036628390947,59.750894685448145
645,129,91.31676209399586,36.15165154193343
646,129,80.32912522863356,31.81028555812551
647,129,68.05268099707718,26.954644714737377
648,129,53.37033543765557,21.145710573607513
649,129,48.341022565665526,17.364395100377024
650,129,82.88943571422891,15.846843459634858
651,129,83.34500694335745,16.026883049138434
652,129,39.63004895038935,15.711530645295255
653,129,42.496807393224145,16.848181762395164
654,129,51.107835789753864,20.252719724228335
655,129,101.38129152415232,40.093128283658146
656,129,65.5031821806773,42.932118844033546
657,129,90.74512133615187,39.2770023111488
658,129,49.016215039795696,32.215443840613
659,129,22.43267173247432,29.670509564938172
660,129,16.993793196906637,30.887746924356403
661,129,19.860822425240343,30.624426686998586
662,129,33.09352544265565,30.3592841929246
663,129,69.9567996179482,36.56186097055289
664,129,85.63589694794516,52.22128696715962
665,129,135.85323342951483,70.69034861428467
666,129,165.89408972943787,67.62250448208918
667,129,156.59061001517927,61.92794590375718
668,129,146.5566581860287,57.95860800857425
669,129,90.56744900864544,35.87364454015933
670,129,77.49093206228963,30.718863861073785
671,129,109.02832840481125,26.224912918730997
672,129,53.579396745242036,21.26342857203839
673,129,45.80899170947461,18.178993259095755
674,129,55.492833195827984,17.207360165208907
675,129,84.08491836847887,16.358128488366077
676,129,83.39192193857059,16.078192557858348
677,129,43.187017836096686,17.158600148778437
678,129,53.38182824761617,21.18907286423777
679,129,105.02001165680497,41.55310708794985
680,129,69.87974511520179,44.802585893102766
681,129,92.18652244640779,39.78240065383354
682,129,51.17807895242521,32.662290050672894
683,129,18.62710121562472,29.32404064883036
684,129,53.594605524370564,29.750567725204686
685,129,12.066398508252973,28.544200636127705
686,129,25.040996819214456,29.059942106081735
687,129,63.19877640660465,35.69769395415901
688,129,121.41573979415554,50.277939875137555
689,129,141.20432027810637,72.82014940817966
690,129,137.43043947723876,71.3236536911523
691,129,173.31956026240647,68.54957585612013
692,129,158.30168911456255,62.61401628801131
693,129,92.27974270941175,36.57357122748179
694,129,77.98885197895444,30.932676582485698
695,129,109.24760803958122,26.317708960126105
696,129,52.48928216312976,20.831390082781365
697,129,45.17198098939801,17.929655777151368
698,129,41.756672834470265,16.574965718770077
699,129,41.48098828959945,16.467220933805248
700,129,84.130348482919,16.362694677362605
701,129,46.10552448607308,16.513558263977256
702,129,51.193680606033354,20.30474712707288
703,129,102.82708976254185,40.67414749663023
704,129,113.95853985512971,46.32342042660829
705,129,97.91528379028591,42.09617372280137
706,129,55.19996312638398,33.70327570163668
707,129,19.162003386398396,27.433808619910135
708,129,9.767651192632343,27.322024781300968
709,129,12.536908774769984,27.866907345110995
710,129,28.631461358120447,29.117534098999517
711,129,67.99101903985516,36.30186749960052
712,129,118.17721527611269,48.96508740485417
713,129,130.82262202565786,68.69500946694292
714,129,134.1379503435931,70.00540833099696
715,129,118.51920146940742,63.83478498488926
716,129,146.47138620819433,57.92394596764928
717,129,87.32512964452255,34.58516408840285
718,129,76.62315942566167,30.356686544094625
719,129,67.59088396906066,26.783174768849285
720,129,56.16660019240172,22.261854059787726
721,129,46.362063296001566,18.380816507516343
722,129,42.29427255162932,16.76698160142249
723,129,81.63910647568073,15.358794233575706
724,129,38.114225186610895,15.116084480193495
725,129,38.77673704577944,15.379116635403236
726,129,43.91047601314213,17.406948105749333
727,129,55.72832524427085,22.078879747662572
728,129,23.389463078245853,26.751055226379698
729,129,37.270703185409815,24.200425804984707
730,129,0.0,20.505435339036378
731,129,0.0,17.014739047033835
732,129,0.0,16.11688039801345
733,129,0.0,15.208908581606977
734,129,0.0,16.11190476158733
735,129,0.0,20.05603834096213
736,129,46.241244592195585,26.63689650919772
737,129,56.08764634075314,39.349302912801726
738,129,56.219417612137335,39.25584595430807
739,129,49.35390638968684,36.54221051363884
740,129,79.73349453781609,33.607060607444076
741,129,79.04458374773071,31.31351110565346
742,129,73.06486635252085,28.945320240055768
743,129,63.408177909085595,25.12390197971441
744,129,54.203366743177384,21.47259872644358
745,129,48.36323140658294,19.15709903223628
746,129,43.34407591448297,17.172111076218158
747,129,40.25079849337487,15.951962136141296
748,129,40.5020192415968,16.043991324736314
749,129,42.27020371815371,16.744050939109897
750,129,44.97202032676384,17.8179649038098
751,129,50.271903763420056,19.91631767348452
752,129,61.7423819745575,24.995783862824236
753,129,40.251640877684736,25.968166614614784
754,129,0.0,24.66704586265471
755,129,0.0,22.952365930062623
756,129,0.0,23.47033834484286
757,129,0.0,23.021955997220253
758,129,0.0,21.714099514888154
759,129,0.0,23.0932467446148
760,129,65.96886176888361,31.327657089809843
761,129,96.52520240110718,45.59874020411052
762,129,71.24391061358182,45.17683294629856
763,129,108.53481624850758,42.952046979750456
764,129,98.27406704351205,38.89552962689678
765,129,87.91508566057615,34.80246085759114
766,129,73.8589911286951,29.237468025408848
767,129,62.401973373589215,24.70690879807369
768,129,49.75787086864969,19.70713535834942
769,129,43.7790003303391,17.347763869949215
770,129,40.92107308120063,16.212110226505995
771,129,40.71521913823162,16.134362265160295
772,129,40.41028498753718,16.017405668428868
773,129,43.6429849425366,17.295092350463918
774,129,52.907888578950235,20.967763798327997
775,129,100.01546679732698,39.55574610709027
776,129,103.9938986898079,41.38415783181496
777,129,71.4216674653656,33.4814759845737
778,129,23.29275406718523,24.32603624667773
779,129,0.0,21.241707579688264
780,129,0.0,21.240464665463307
781,129,29.05003695088837,20.672044499590257
782,129,1.3375727446778285,22.069500057308346
783,129,39.231949244801,27.802360357279834
784,129,103.06785062631718,44.37286171842526
785,129,181.41785667545207,71.76837509000653
786,129,184.8212050903264,73.0901187259907
787,129,126.3258958181872,66.92949308710052
788,129,159.81621547510017,63.208635150297425
789,129,94.55244316026423,37.476539254675174
790,129,81.43234927453591,32.29226501498191
791,129,67.80295768580658,26.905572065271322
792,129,54.87656876683644,21.779683987076982
793,129,47.82116130115455,18.98512128598978
794,129,44.84622785278347,17.812944916378562
795,129,86.23425948422891,17.218378085390896
796,129,43.07059455871709,16.223504472184885
797,129,44.0382892203246,17.494865882280088
798,129,54.35985704397339,21.573062996224287
799,129,68.53766858590049,44.086229429366966
800,129,68.39904123669527,44.25106677518712
801,129,37.59494086922288,37.0521711499535
802,129,34.31841616460929,29.730771422727504
803,129,1.8655240397222883,26.2328809938089
804,129,31.323090937970477,25.97098103256832
805,129,32.14343532892627,25.569662085420788
806,129,51.07247963871586,26.872824949952182
807,129,50.447611739013354,33.38753682325056
808,129,110.03477471157552,47.266881081908416
809,129,139.4009673663632,72.18186615961366
810,129,131.94682541977087,69.14110575267846
811,129,121.24510290136215,64.91017335957974
812,129,150.62093079908578,59.5633653189058
813,129,91.94729590078765,36.410395018554524
814,129,83.1276602599722,32.92341122076246
815,129,67.93267523601898,26.911926991764908
816,129,57.28260093489723,22.69661217702465
817,129,49.44213717992341,19.591763129885223
818,129,87.68979386928422,17.745151918576806
819,129,45.628399852553514,18.066314147957566
820,129,47.550599642313784,17.93833278770404
821,129,46.94583460130275,18.597983090722394
822,129,56.18460606720177,22.250629822785218
823,129,110.09015763605845,43.535010442055544
824,129,71.82550763727846,45.78029365015078
825,129,84.55170570107384,39.16222368396614
826,129,34.454852862985774,30.08324684002798
827,129,0.0,24.450421673974873
828,129,25.947883468795396,24.698745941181432
829,129,0.0,24.588878902159664
830,129,6.959167617885953,24.555936829911403
831,129,43.280737542897185,29.809103044643265
832,129,113.62673242481236,48.20040195775437
833,129,188.36149078222064,74.52138116317944
834,129,147.098598168121,75.13756954538003
835,129,173.86884354444732,68.75724733327921
836,129,157.469760254056,62.27579971849674
837,129,91.6701942081879,36.323150256131335
838,129,78.88617000870823,31.26436792518028
839,129,109.74364845550255,26.50414855661954
840,129,95.64526529904072,20.92235840289206
841,129,89.19814192582365,18.37421690797788
842,129,42.06796007625613,16.70538752560038
843,129,52.915888808243494,16.187694431577196
844,129,39.81024530929389,15.80581449131966
845,129,41.14567551613035,16.328832160657463
846,129,50.73540143824218,20.12268702720086
847,129,52.689841932494375,37.81969382395598
848,129,55.57870804561915,39.46734961317907
849,129,64.24494591702157,33.91488170801364
850,129,33.796914413443346,29.92419321119355
851,129,40.730719547866556,25.792350664531075
852,129,27.99654027881715,24.53155533128312
853,129,0.0,25.425763499941496
854,129,4.472145861697641,25.7971724240828
855,129,47.101182645842954,33.2399150041313
856,129,113.68325003374125,49.41917141716187
857,129,139.6528536740682,72.31742720334537
858,129,130.93845610413624,68.75430732693644
859,129,113.09993469474833,61.69902307339637
860,129,141.0578920951444,55.78917194751255
861,129,86.10468825696316,34.125764225486925
862,129,76.05785665197118,30.146410269146273
863,129,64.15933591672385,25.432828750847005
864,129,54.37640291017942,21.56150934449183
865,129,46.0923117857277,18.278951789851394
866,129,83.26087949102501,16.009460350331235
867,129,81.20506674731232,15.19448699935135
868,129,38.006228273339104,14.525552403226161
869,129,82.10536107007016,15.546625741012063
870,129,46.81162478605927,18.554763470611785
871,129,50.79349780139353,37.057885544614244
872,129,54.11921736121528,38.78005466856864
873,129,29.84231197623899,34.726245255202485
874,129,26.573234482992092,26.588633686059897
875,129,0.0,23.177687453485042
876,129,28.40700519697492,23.18682401403043
877,129,28.906763200016172,23.073742734844412
878,129,5.451990897419989,25.22342463564261
879,129,42.408410804601004,30.430087902138553
880,129,98.82250128135794,43.58821833945386
881,129,121.16449076152591,64.9921172533731
882,129,125.95334099330557,66.77786550789804
883,129,157.92021534151246,62.45389694121037
884,129,148.00310372034886,58.53528745569776
885,129,89.02950614205452,35.27329565218792
886,129,79.77754403608728,31.61542180225012
887,129,67.89675683718244,26.910025715886544
888,129,53.79813079255413,21.325754959052517
889,129,43.37445156694386,17.197503611182487
890,129,39.97522285903443,15.85764871779434
891,129,40.07996806011249,15.00649356599277
892,129,80.06938957274556,14.73834198222562
893,129,38.050484987316224,15.093280303435622
894,129,44.05425629783011,17.475832283410465
895,129,54.66015511174405,21.670022141132645
896,129,17.261563554065162,25.707350563902867
897,129,18.766746294780035,23.77846705311643
898,129,0.0,20.78027106694918
899,129,0.0,17.42769678302235
900,129,0.0,17.238553337935116
901,129,0.0,16.1375975280759
902,129,0.0,16.05956062074766
903,129,0.0,18.428203697026024
904,129,26.183409358136345,26.743741282270694
905,129,56.015328474178006,40.032803837816786
906,129,59.85835896712999,40.69024758817724
907,129,53.00590826551854,37.98427539236786
908,129,87.8018664309117,34.77822051605106
909,129,76.50045228850644,30.305548842471442
910,129,68.9995415143585,27.336085725824283
911,129,60.100844506454365,23.815420728768682
912,129,50.69861645240081,20.093352704143413
913,129,86.36990884065199,17.233285621396213
914,129,39.78495326361298,15.775150994991744
915,129,37.85630442999022,15.014060334070273
916,129,36.365465307095945,14.423630139915312
917,129,38.59116733011092,15.30452131655768
918,129,42.574422472942075,16.88370496465467
919,129,51.095329626463126,20.250218018153568
920,129,43.07979536653761,25.71068441716571
921,129,0.0,26.603544749245554
922,129,0.0,25.08442177248472
923,129,0.0,23.534065445778193
924,129,0.0,22.65988949664177
925,129,0.0,21.672264087772763
926,129,0.0,21.172135789794087
927,129,0.0,22.389598455934934
928,129,44.20506396841617,28.76834224413155
929,129,106.62693734476392,44.62942246874195
930,129,75.52267835457016,46.88379319198562
931,129,65.78330334090765,43.02841377308879
932,129,56.42218843801672,39.32612208595597
933,129,91.43244660596395,36.204817742176886
934,129,78.82895284482316,31.221123951785344
935,129,63.34133004294884,25.095074811090182
936,129,53.53069638810837,21.217569882508638
937,129,44.375549048666585,17.594396955273346
938,129,41.40732358545307,16.418785582644325
939,129,41.03256191235616,16.27307563444405
940,129,40.457720909429895,16.048317185233646
941,129,43.895340113316195,17.41304137694253
942,129,52.60753437088894,20.86486097284821
943,129,103.87822512450384,41.089657921431105
944,129,100.93128493068804,40.75006576435572
945,129,59.543136819925735,31.98144474722895
946,129,6.181902447764287,22.48091567229956
947,129,0.0,17.701855764158417
948,129,0.0,16.14009994632091
949,129,0.0,14.50296982717888
950,129,0.0,16.023855525793685
951,129,6.448769889814798,19.417271257762593
952,129,72.95178224301324,35.220761066044815
953,129,127.61675658126848,67.67429827421232
954,129,133.87684906477304,69.91558063334452
955,129,163.89075852372414,64.8182920556487
956,129,105.57091673693719,58.72334063375634
957,129,88.34468747204482,35.00993322480378
958,129,67.80593648151978,28.91485598707092
959,129,60.84297528808236,24.140318406092156
960,129,52.64716850907192,20.8840603021561
961,129,87.94601513764988,17.871990828890695
962,129,84.94745888274835,16.685660958428958
963,129,53.1857905112787,16.28708632002878
964,129,82.49195039539003,15.71280458090207
965,129,42.31587747851506,16.79365717940579
966,129,44.31036100206853,19.606864925009184
967,129,55.275533338125626,38.84260289554818
968,129,49.68428091328647,37.65917068908357
969,129,9.007502268005396,29.145050839116898
970,129,0.0,19.766875589795035
971,129,0.0,15.42662007013728
972,129,0.0,14.225409524054513
973,129,0.0,14.250300413496209
974,129,0.0,16.482080873930776
975,129,6.285032881915953,22.50944104652336
976,129,38.769398916258524,38.887570759171325
977,129,133.5586581844943,70.22866141276381
978,129,144.4939292278704,74.10047089008475
979,129,165.9406556955787,65.6186736189148
980,129,152.0558417557254,60.13214775093448
981,129,92.54888946472306,36.6532183302078
982,129,83.44777527768699,33.05865585904881
983,129,67.10558392123644,26.59975795731209
984,129,98.90502456970296,22.197334866391497
985,129,91.48866303135605,19.26736696923097
986,129,85.67610822468552,16.971291426019242
987,129,42.3072092200556,16.77444638443056
988,129,53.94745489970276,16.569971362161333
989,129,45.80705576724142,18.1541291069192
990,129,55.650127038813224,22.050440134638826
991,129,106.22388999749788,42.012049880556496
992,129,62.21356315576543,42.885356478685495
993,129,26.178499824283108,36.24450272448623
994,129,14.110428295197153,27.933912338629366
995,129,0.0,22.77793462017947
996,129,0.0,21.842757302888295
997,129,0.0,21.884371108017813
998,129,0.0,23.32191953646057
999,129,22.87693309016703,26.252339196661588
1000,129,89.53288871924414,41.450177123266045
1001,129,170.1184020531734,67.51758558697746
1002,129,128.72772008133637,67.88794270527212
1003,129,161.01715921147175,63.68880593373404
1004,129,147.20525040203114,58.228624687329706
1005,129,85.0187769856241,33.711180656774104
1006,129,77.03592884557864,30.54517660116783
1007,129,64.20425345748626,25.472428656104107
1008,129,52.91550992396665,20.99498645312927
1009,129,48.330570195389555,19.173164688203112
1010,129,46.603803036141755,18.495526149269402
1011,129,45.2412788107992,17.954560577473295
1012,129,41.84299799694813,16.609066153222287
1013,129,45.14085772732557,17.90888096097205
1014,129,55.69295173649991,22.08909250058781
1015,129,110.41154959018584,43.67664022880665
1016,129,62.51270165065392,43.05202793083673
1017,129,45.25914345039084,34.85787773884618
1018,129,16.163227884369746,28.016448281203076
1019,129,0.0,24.174873024177682
1020,129,0.0,22.883031021046158
1021,129,0.0,22.053278757420298
1022,129,0.0,22.01495731815354
1023,129,24.29710084670944,28.685613526748508
1024,129,89.52701869458224,42.711834928676964
1025,129,170.91152167089163,68.15057533740077
1026,129,134.32786398515262,70.09069497764783
1027,129,121.99829692775666,65.21407965034676
1028,129,149.31043141317346,59.05037539819504
1029,129,89.05216843870178,35.28920539255859
1030,129,80.72756945101744,31.994406820097083
1031,129,68.2800591265682,27.06265340773728
1032,129,56.62909802870786,22.450646950934573
1033,129,54.83197779125604,19.947990727339324
1034,129,45.26000356676718,17.948753603520093
1035,129,86.41976159619702,17.253024765455812
1036,129,42.69561948866141,16.92676319466793
1037,129,87.24351162661392,17.567718038607985
1038,129,51.522689771182684,20.41068028891696
1039,129,98.05876482807463,38.780110684065434
1040,129,61.44831119942751,42.53796106977322
1041,129,26.850905817305204,36.85843492072072
1042,129,0.0,30.227284997150328
1043,129,0.0,25.957252732329433
1044,129,0.0,26.685261648290833
1045,129,0.0,26.034793714135116
1046,129,0.0,25.947956970909903
1047,129,23.25629381845218,27.668837036432915
1048,129,80.13415186743345,39.21674080078938
1049,129,128.2562183406455,68.2215237536582
1050,129,141.67420193851044,72.99587972940803
1051,129,168.63321528042619,66.79254378314228
1052,129,147.43615005497546,58.31498127327794
1053,129,90.88005723513959,36.01320638459538
1054,129,79.70347544089407,31.594707405091384
1055,129,68.24169117748724,27.05734394779173
1056,129,57.01282159020238,22.607296998588538
1057,129,48.5047647580501,19.24459646272826
1058,129,48.821240390015674,17.590602347533046
1059,129,83.30309569421956,16.04311997083691
1060,129,83.16713951645838,15.98216443294337
1061,129,40.7644033655572,16.184156846741274
1062,129,44.50170594186531,17.674586968407105
1063,129,13.138703957377373,22.23619503242622
1064,129,10.782901939311529,26.033388311662797
1065,129,0.0,23.709545700368455
1066,129,0.0,21.007497316422896
1067,129,0.0,18.83639117615901
1068,129,0.0,17.51009521073689
1069,129,0.0,15.012366987550863
1070,129,0.0,15.385976530009533
1071,129,0.0,18.655061119944502
1072,129,7.015305848657505,26.368817506878734
1073,129,57.086243130015646,41.90461612978526
1074,129,66.97827392295252,43.533267351813535
1075,129,59.11832219265989,40.43036408553487
1076,129,90.49061694604887,35.87374890363305
1077,129,82.20760454290499,32.58916971525857
1078,129,71.83710662373599,28.483259179884225
1079,129,61.15128208988807,24.25499376590738
1080,129,52.23363820628535,20.726805732697265
1081,129,43.91246495925927,17.429570453141505
1082,129,40.5265666384409,16.092590817199124
1083,129,38.43822006982478,15.268381486705566
1084,129,37.111470424552095,14.742788187559588
1085,129,38.79281980777449,15.410911055598456
1086,129,42.17844858757047,16.75751253429204
1087,129,50.16912912613947,19.913288565264274
1088,129,49.4707100637477,24.361848494218755
1089,129,0.0,24.74859195541861
1090,129,0.0,23.340163470240785
1091,129,0.0,22.65555705487162
1092,129,0.0,23.094586489204577
1093,129,0.0,23.002049312731934
1094,129,0.0,23.501122716026167
1095,129,0.0,24.472841427311625
1096,129,25.538139968126927,29.171306343089082
1097,129,60.04451171739689,42.46599007620904
1098,129,69.07894921951652,44.35862378167172
1099,129,57.530749780223545,39.792167897124116
1100,129,82.30713629068376,34.640090292342734
1101,129,78.35563592885819,31.059586053604654
1102,129,68.80387465684024,27.28446560171946
1103,129,55.90607533319414,22.17349378697447
1104,129,47.4369784478732,18.822597223234713
1105,129,40.16404050416966,15.93718249647265
1106,129,36.006720050746566,14.296496800299096
1107,129,36.101543765866495,14.327905027369608
1108,129,35.685677564703866,14.162294705981436
1109,129,37.846317592073575,15.025942057668038
1110,129,46.63329411713946,18.503640830437107
1111,129,86.37771136523398,34.175340322617785
1112,129,78.49110212352173,33.16818025785243
1113,129,41.82009105890927,28.680799594847453
1114,129,1.6194964330544792,26.08288187989634
1115,129,0.0,23.462993808162462
1116,129,0.0,25.347577400111813
1117,129,0.0,22.714465392583904
1118,129,0.0,22.16488673606261
1119,129,1.519233276127352,22.48343389218659
1120,129,60.4385662229916,33.53161198091195
1121,129,143.82011205020362,57.703226290508084
1122,129,156.89104189739922,65.32881015483244
1123,129,150.67003341791363,59.58565994345024
1124,129,137.7508915837211,54.47720275544181
1125,129,81.21262196906542,32.17043392040238
1126,129,70.00391968718844,27.73794078190616
1127,129,59.12513612720005,23.431075862984997
1128,129,47.40584248830615,18.7956349781771
1129,129,42.07200230835895,16.68753893249994
1130,129,41.31917094090909,16.38634224454078
1131,129,38.520552412382614,15.275407684179058
1132,129,38.40237992090678,15.221427852777174
1133,129,42.37096125349282,16.795978917752347
1134,129,52.62881573372624,20.864752895728227
1135,129,59.8329122770771,40.65103413846057
1136,129,44.58289380355396,37.10383593999711
1137,129,0.0,28.18724136790552
1138,129,0.0,20.59282416521393
1139,129,0.0,17.88110114880628
1140,129,0.0,17.37044856130084
1141,129,0.0,16.292072318934014
1142,129,0.0,17.686768074319254
1143,129,1.7020841848847112,23.686690427134863
1144,129,74.09213367734324,39.2192377728795
1145,129,125.98644343392706,67.91918563484501
1146,129,132.97438515302673,69.55736382289346
1147,129,118.48979276955518,63.83264669351171
1148,129,142.51143514094977,58.3871628547668
1149,129,89.02473800047517,35.282133151084125
1150,129,80.1800912605728,31.784054870393167
1151,129,68.3918455617416,27.111656378090128
1152,129,55.89214830639122,22.15446092415133
1153,129,47.57013109316688,18.873803611468837
1154,129,43.75672227066829,17.372712357357255
1155,129,84.63986529070411,16.562840189420598
1156,129,82.10617452776958,15.562670903258173
1157,129,44.55317644116619,15.889125628617194
1158,129,45.76272673767079,18.157129504211362
1159,129,43.29220807425571,34.15618596708727
1160,129,30.42716444267768,31.840223536565542
1161,129,30.170048005015104,24.379854317309317
1162,129,0.0,18.552237298843902
1163,129,0.0,17.060775324068636
1164,129,0.0,17.129510993112078
1165,129,0.0,17.48497639747585
1166,129,0.0,20.81985777823354
1167,129,7.494568951191383,25.066066108666053
1168,129,72.45763382083226,38.0356746581275
1169,129,115.92077792083444,63.672967945890015
1170,129,125.50578086822739,66.60821834019417
1171,129,113.08244945180945,61.69686192509119
1172,129,143.42489503028233,56.73073880404179
1173,129,84.34350093422083,33.43449213852876
1174,129,73.94541156024204,29.311534731771484
1175,129,60.6271711219577,24.03930121165894
1176,129,47.02429746399517,18.652132552616866
1177,129,40.744455705773674,16.161685713389716
1178,129,37.73632099209223,14.965513294857715
1179,129,78.45815902339126,14.437851011868396
1180,129,77.6854461584584,13.792511793261546
1181,129,36.02760440985975,14.281687358473572
1182,129,44.088078023278854,17.478346232125507
1183,129,44.49873712781027,34.646374908226846
1184,129,32.59375734822001,32.77911981378739
1185,129,30.35654396545695,24.934087581291195
1186,129,0.0,19.175927776111553
1187,129,0.0,16.82931034727049
1188,129,0.0,16.929725288344486
1189,129,0.0,16.03994664231041
1190,129,0.0,17.7546002387445
1191,129,0.0,23.0188981399268
1192,129,65.40199025539906,36.495433301695286
1193,129,116.25461311758656,64.3311803442792
1194,129,125.52525518101376,66.59861981259083
1195,129,117.81921290618769,63.55281948054009
1196,129,144.78223219855835,57.25117409408442
1197,129,86.61084938545116,34.2978492338679
1198,129,74.72219683144843,29.60643782523796
1199,129,64.29571763759512,25.46852897057942
1200,129,52.88451038487807,20.952421751612217
1201,129,45.5563994252941,18.059749685051028
1202,129,41.88798504793567,16.607425749343992
1203,129,40.06514362152558,15.88213819447179
1204,129,78.70318229077711,15.427109963756221
1205,129,39.155218051547536,15.526175153119773
1206,129,47.58135500902583,18.864867381127432
1207,129,92.51686687042238,36.62449282978708
1208,129,44.64010728045409,37.3663254867688
1209,129,52.20586219574841,33.12273928566181
1210,129,8.491515976420061,28.703054191959918
1211,129,0.0,28.408218620980747
1212,129,0.0,29.885142215093648
1213,129,0.0,28.72896800678089
1214,129,0.0,28.92292118722759
1215,129,15.994950052490964,29.586649568567253
1216,129,68.41356848951463,38.07756571265085
1217,129,157.03071074133845,63.57599331365415
1218,129,175.329909451289,69.3438934533248
1219,129,124.85227640628693,66.35199770435065
1220,129,154.32798767908196,61.03967284185674
1221,129,93.41527438620645,37.02477303240878
1222,129,81.22879414481687,32.21076099855143
1223,129,70.60174634905536,28.00338131584231
1224,129,59.42072126322273,23.568563368438465
1225,129,89.12736742356486,20.001004234341654
1226,129,44.23558448057463,17.564592274031313
1227,129,40.68298115439006,16.159280591929033
1228,129,38.574051477286986,15.322166536350451
1229,129,39.78661024699903,15.798966430152234
1230,129,45.35132500566874,18.01165091415312
1231,129,10.773218867594636,21.47972111186368
1232,129,0.0,22.68262144103099
1233,129,0.0,20.946454202109173
1234,129,0.0,17.39492663727809
1235,129,0.0,16.271932912366754
1236,129,0.0,16.18531702220542
1237,129,0.0,14.441447452680146
1238,129,0.0,13.079755208882506
1239,129,0.0,15.135588212669894
1240,129,0.0,21.268731196617573
1241,129,35.67080937467537,36.119761564139296
1242,129,58.572215499673064,40.2013904791988
1243,129,54.78352503739359,38.70395624955411
1244,129,82.8474171193534,34.85601102532825
1245,129,76.67922197272503,30.39456102813326
1246,129,68.36858533242918,27.107497373903627
1247,129,58.85193190280802,23.343830371226343
1248,129,48.61384816043568,19.29255962607757
1249,129,42.424093098549776,16.843780302500516
1250,129,39.956270879915934,15.863558299802287
1251,129,37.964245846939804,15.073792750329059
1252,129,36.47673139472829,14.480988185206394
1253,129,36.54735403498677,14.512541292604384
1254,129,40.363529751260785,16.028033097055353
1255,129,46.120875191959954,18.413945937550253
1256,129,26.63939657685077,19.185602346174825
1257,129,0.0,17.74132661495411
1258,129,0.0,16.287754130594703
1259,129,0.0,15.242628140519958
1260,129,0.0,15.649534753410178
1261,129,0.0,15.735561480811834
1262,129,0.0,15.41045753027765
1263,129,0.0,17.021544056890146
1264,129,0.0,21.06913952891732
1265,129,66.29163382430647,33.05305990526927
1266,129,49.832418909545595,36.73984529437308
1267,129,49.30837437450464,36.53268514117554
1268,129,41.30209858252698,33.36228924347538
1269,129,75.36800350754902,29.870236646089726
1270,129,66.84338485388608,26.50100500094167
1271,129,57.328933497750256,22.72606422428059
1272,129,49.05416471479995,19.442271263022377
1273,129,43.06217526125167,17.064341621385314
1274,129,40.5186834959963,16.06637594451888
1275,129,38.349004129983655,15.204034583976837
1276,129,37.82929091654452,15.003510090565804
1277,129,40.93553025313312,16.229936105949353
1278,129,50.28748241463887,19.93336972517263
1279,129,91.46266266798264,36.270199433065436
1280,129,72.8582120289687,32.550950394343225
1281,129,28.977081850879216,26.86532149266637
1282,129,0.0,24.831198457194894
1283,129,0.0,23.0861752695981
1284,129,0.0,23.392073391543548
1285,129,0.0,23.324983140361173
1286,129,0.0,22.294279146748483
1287,129,0.0,24.088707629274015
1288,129,49.7677525283855,33.43119858957379
1289,129,91.6463383376005,55.439406307534064
1290,129,113.46595784020863,61.842797234058764
1291,129,109.54198152962746,60.28950652246998
1292,129,135.79891087868745,55.722550145510134
1293,129,89.12222865180652,35.29061235457999
1294,129,77.21957166583948,30.58025623651247
1295,129,64.76227216824171,25.644611086230668
1296,129,50.672751892022916,20.07479798038971
1297,129,42.7646252305216,16.946850293421814
1298,129,39.438288573027336,15.627298438392366
1299,129,83.16581854390392,15.951279423464797
1300,129,81.78008984891605,15.39873631932321
1301,129,84.0207482385722,16.287958956531963
1302,129,36.336733416021616,19.716442059013517
1303,129,49.469525883292675,36.67893543118511
1304,129,22.887323764411605,30.29565493372326
1305,129,0.0,25.036429994493922
1306,129,0.0,20.56153406801447
1307,129,0.0,19.090418011132012
1308,129,0.0,17.790627066314638
1309,129,0.0,17.58000266881727
1310,129,0.0,18.46347046176211
1311,129,0.0,23.39437383160557
1312,129,53.148716508189864,35.37865330767854
1313,129,152.32523663236108,62.940615282235825
1314,129,124.4023153726097,66.18293198561241
1315,129,109.12567444322363,60.14505049089169
1316,129,136.005496276983,53.81166075869541
1317,129,82.6308334585164,32.79404790057157
1318,129,73.69909477886694,29.25540701743346
1319,129,62.0736655209555,24.63999491132264
1320,129,90.95083002596027,19.068077196424852
1321,129,84.75429428403203,16.622662841767713
1322,129,41.62646968758921,16.547791230646183
1323,129,40.84707691972156,16.227635754373722
1324,129,40.68405644498441,16.163190821562814
1325,129,42.520181431104476,16.892536990922103
1326,129,27.587330181887637,20.767492259656393
1327,129,54.55590347610695,38.78731488486282
1328,129,28.1549346473966,32.650502876088574
1329,129,0.0,23.14641868297241
1330,129,0.0,15.647275579990866
1331,129,0.0,12.297968759236301
1332,129,0.0,11.767468538795383
1333,129,0.0,12.910870593382311
1334,129,0.0,15.084904047546734
1335,129,0.0,18.75718181687943
1336,129,43.56742990199436,31.2873802219355
1337,129,98.99602967720966,58.66656611677554
1338,129,126.1468054410173,66.87501909754789
1339,129,119.42028124293103,64.19938335685949
1340,129,149.80497084831512,59.24749730101983
1341,129,93.76792557909042,37.15696290455576
1342,129,78.53713927872974,31.12648263915415
1343,129,63.18113250803137,25.050009694360206
1344,129,50.94292883334006,20.20584954536297
1345,129,41.806065921917934,16.591085628485224
1346,129,38.711134815940795,15.35816061366213
1347,129,75.22163808692994,14.059860241008895
1348,129,35.746018073858465,14.182662052464156
1349,129,38.06558445558039,15.09455837585878
1350,129,47.287661681693294,18.739346351833657
1351,129,88.44598854689067,35.24061012727228
1352,129,23.101643149967543,30.745783629908033
1353,129,14.906003941494106,22.035699821333743
1354,129,0.0,16.331784200184742
1355,129,0.0,14.174480362318723
1356,129,0.0,15.356530096331708
1357,129,0.0,14.46770821231498
1358,129,0.0,16.986227738333074
1359,129,0.0,21.036682297630936
1360,129,41.98312849899111,31.840777921550796
1361,129,125.63359650007655,53.05047927436364
1362,129,111.43044721424289,61.04437611021808
1363,129,103.27019378170377,57.803284427071524
1364,129,135.9727577828913,53.76990258227352
1365,129,79.31267772437423,31.407693427533175
1366,129,68.91163073181872,27.30293828532186
1367,129,60.42005373510051,23.939383591909973
1368,129,52.13766519871399,20.657353324633856
1369,129,46.34583843955653,18.3718751220352
1370,129,43.315597687254126,17.170621633599293
1371,129,81.91531517813999,16.695566456447388
1372,129,40.895950845257545,16.21550468194356
1373,129,41.99215221126806,16.654825146358515
1374,129,50.41392262710431,19.993053353345967
1375,129,48.56190805893945,36.374831848365815
1376,129,29.84476683391435,33.193407337040284
1377,129,27.150114596217634,26.215908777655386
1378,129,0.0,20.61312759749815
1379,129,0.0,18.512504104815136
1380,129,0.0,17.444309747630893
1381,129,0.0,18.277182273508704
1382,129,0.0,18.424337824649395
1383,129,0.0,20.675878567983354
1384,129,37.89263213368699,30.815948042752815
1385,129,125.01424068806344,53.03836059279944
1386,129,116.3322712850281,63.04072879462287
1387,129,107.89193659001484,59.64903380094691
1388,129,142.12517289633908,56.216882483894835
1389,129,82.41953862208007,32.672829619699996
1390,129,74.53819942650242,29.556757119347722
1391,129,64.78399426132242,25.69796743567006
1392,129,75.14665130354459,22.198455081196684
1393,129,48.3621351814989,19.197844069326486
1394,129,43.99693793560644,17.46410648781661
1395,129,44.11082457439974,17.504253974047757
1396,129,42.16661627954821,16.73220483738784
1397,129,42.342110285833456,16.803963327195934
1398,129,50.11498182762608,19.8869008484326
1399,129,13.589125876453778,23.099568363866528
1400,129,0.0,21.942135084998544
1401,129,0.0,18.643279968698337
1402,129,0.0,14.302746351022238
1403,129,0.0,13.275152654519493
1404,129,0.0,13.700494184763736
1405,129,0.0,13.083923652211658
1406,129,0.0,12.716260108087631
1407,129,0.0,13.908625394305663
1408,129,0.0,19.86114539120276
1409,129,21.887112988633106,36.02633305608664
1410,129,64.20680123412836,42.58362033522613
1411,129,59.97163203028677,40.75809019462622
1412,129,88.4361549685515,37.06723790469966
1413,129,87.57334153856533,34.70730891244542
1414,129,76.97506114545405,30.512515751541986
1415,129,70.03761832164912,27.763357933919952
1416,129,56.85674132038443,22.547854980108827
1417,129,51.82360485331472,20.558578466562388
1418,129,47.382419463382064,18.79723680508183
1419,129,44.3919717071779,17.614101837048075
1420,129,43.01155457038064,17.06366827547431
1421,129,42.84916709116615,16.999482700843757
1422,129,47.59600912013795,18.877963595762576
1423,129,52.492991469186734,21.364188739311338
1424,129,15.373798318030651,18.846037981105045
1425,129,0.0,15.855139434433841
1426,129,0.0,12.207101199448099
1427,129,0.0,10.654279349648462
1428,129,0.0,10.419112937348702
1429,129,0.0,9.419113879085355
1430,129,0.0,9.743872844050685
1431,129,0.0,11.569813501256593
1432,129,0.0,17.828125877509326
1433,129,16.680361267784605,34.570061965940155
1434,129,66.38570467618266,43.736988208670155
1435,129,59.84174670715703,40.688371089615316
1436,129,90.89482503334168,38.011027925220226
1437,129,82.89405142812001,32.84106295628356
1438,129,72.53815874778624,28.748005416943187
1439,129,60.293834882628516,23.89418625432172
1440,129,48.44003939269115,19.198296230736823
1441,129,42.04689095336178,16.661853269489324
1442,129,38.68602711090574,15.335977429278921
1443,129,37.26212161734921,14.776874774345215
1444,129,37.83884649318736,15.002441743205718
1445,129,41.35568545459378,16.393599357772477
1446,129,51.73724757814213,20.496693204711555
1447,129,92.35010589271653,36.85756288250891
1448,129,60.90924831169886,29.459116989068157
1449,129,11.004442702702733,22.584014979133148
1450,129,0.0,17.240484962731273
1451,129,0.0,15.430206696135372
1452,129,0.0,14.789949749427311
1453,129,37.12745199279155,14.673821205969697
1454,129,39.77602947133008,15.720651766801392
1455,129,0.0,18.21886399215773
1456,129,25.64696891499807,29.253295901534734
1457,129,139.06357260086466,59.91706577454897
1458,129,176.8186148934454,72.1427640693105
1459,129,131.25746940767513,68.8713705504614
1460,129,157.86050013036856,62.42258712729162
1461,129,97.56712563337899,38.626854345597955
1462,129,86.20465352424844,34.130015283643594
1463,129,71.33632757329522,28.24505764423191
1464,129,55.98913437026809,22.16978243943755
1465,129,48.017686107890256,19.01076414171905
1466,129,45.72589183887388,18.10615203637051
1467,129,46.80146302251842,18.53002773072937
1468,129,47.810252434487666,18.934825910494425
1469,129,50.193002167819856,19.87409321133308
1470,129,59.620221423489994,23.61458068491882
1471,129,66.2516688476451,43.60757889748456
1472,129,32.89976759351987,35.997449691057795
1473,129,22.07816436414234,27.60723920226898
1474,129,0.0,21.444376909377194
1475,129,0.0,17.803629154865856
1476,129,0.0,15.957944130203984
1477,129,39.44027268659056,15.587872694152127
1478,129,0.0,17.377953832123243
1479,129,0.0,21.153712868060175
1480,129,34.12276426868033,33.53231905185634
1481,129,146.4143049780624,63.474783075008716
1482,129,139.66031735553486,72.37334041029581
1483,129,134.27068929089359,70.07434391222957
1484,129,121.53360254966117,65.04039660803969
1485,129,101.51779250873716,40.23428710843657
1486,129,86.68559364793182,34.37460583245481
1487,129,72.33601858633776,28.692381791852796
1488,129,58.426746207210556,23.175626751924852
1489,129,50.87571638293653,20.190025503081138
1490,129,46.092096982103925,18.30543532483056
1491,129,44.44967753141427,17.6538837041585
1492,129,84.09408142614083,17.595356301189653
1493,129,48.60733882698298,19.298352501660005
1494,129,58.83560731097148,23.35667838563943
1495,129,58.05012938481369,40.50563391571456
1496,129,66.37429103341574,32.3966451000373
1497,129,16.20724409248453,24.906010952380846
1498,129,0.0,18.53478535421416
1499,129,0.0,14.938639003223066
1500,129,37.03673386322848,14.637991233064788
1501,129,0.0,14.809837863000332
1502,129,0.0,15.971680763151097
1503,129,0.0,19.815423893828225
1504,129,30.52281386337441,31.98475151706034
1505,129,89.00472089396771,57.71339938961742
1506,129,126.59294989843772,67.36812332872461
1507,129,131.5138981500077,68.97931454518552
1508,129,153.84887400519887,62.86351653745864
1509,129,95.99237329859278,38.0240215965114
1510,129,87.2602687252737,34.571624722553274
1511,129,71.58528444922752,28.369180318510345
1512,129,58.52860246983127,23.194224772418654
1513,129,48.12732100667105,19.0796879253551
1514,129,47.72272358219354,17.133445873638074
1515,129,83.67925258032116,16.17360065893083
1516,129,83.43297311223097,16.071432581040135
1517,129,45.56262037526437,18.063555697250433
1518,129,54.87646863029738,21.751934160043835
1519,129,47.27714513019876,36.288166658377456
1520,129,12.24115944335935,28.145791205348694
1521,129,0.0,19.227965209075762
1522,129,36.28511626271447,14.34102182363808
1523,129,73.98758485506818,12.283717817877179
1524,129,74.92381778377677,12.653767376693285
1525,129,42.60523339914357,12.067130404019254
1526,129,35.130478352485284,13.884603246822063
1527,129,0.0,16.802509364498203
1528,129,20.48430078492558,29.049740047088083
1529,129,115.49957099282793,52.21647882584084
1530,129,121.5420071041784,65.33512031599672
1531,129,115.73923062792346,62.7408902418211
1532,129,151.43295309806604,59.888421754388546
1533,129,86.42342717405072,34.23962342647835
1534,129,77.44356802718855,30.689272730550908
1535,129,64.09650660900112,25.416569888424583
1536,129,93.69447129964215,21.376488458253267
1537,129,47.03704479515736,18.655953704089367
1538,129,42.5570893056495,16.882909979406538
1539,129,40.19494150096037,15.943239140952002
1540,129,40.04841043886387,15.88045929784794
1541,129,40.39577877960454,16.017737978206213
1542,129,5.819678714406251,19.311834178892706
1543,129,37.43330977193793,32.330622022847315
1544,129,49.47797818488908,25.738053600601074
1545,129,2.042497915105912,19.357313433360343
1546,129,0.0,14.848342383232758
1547,129,0.0,12.706172490127441
1548,129,43.240522256265734,12.288409819339606
1549,129,32.87500277800959,12.993097308782124
1550,129,0.0,14.25030065034718
1551,129,0.0,18.12516733691365
1552,129,17.049143264706856,28.295999918876344
1553,129,67.41036690580415,50.44719511559008
1554,129,116.02926265211266,63.283182708032875
1555,129,115.37361804086643,62.59940551961882
1556,129,145.55855878865387,57.56733403440464
1557,129,89.04535883205966,35.27791726643576
1558,129,78.96870514240817,31.289320631169634
1559,129,66.21328219750211,26.249212493443167
1560,129,96.05107821897363,22.29671486479068
1561,129,49.644483658539684,19.68992035366092
1562,129,46.57592154906354,18.472303257733678
1563,129,43.12980706242797,17.110306932222837
1564,129,43.01185437802246,17.0624828567641
1565,129,42.14020162221388,16.714402972665106
1566,129,47.66294647254554,18.919016848334614
1567,129,3.617981492972433,20.187581644603597
1568,129,0.0,16.577281245882453
1569,129,0.0,12.787995237745559
1570,129,0.0,9.886044846673398
1571,129,0.0,9.513965587726164
1572,129,0.0,9.555712640525874
1573,129,0.0,9.369078724534157
1574,129,0.0,9.656443394939904
1575,129,0.0,11.794042727503738
1576,129,0.0,18.778182127025346
1577,129,37.51963955016535,34.38824549312418
1578,129,62.839955876249576,42.86344110115178
1579,129,61.299122520967586,41.282538421517415
1580,129,50.67698998391279,37.08198698133515
1581,129,83.31373954366583,33.017712859796006
1582,129,76.32267310527041,30.25220437860881
1583,129,65.09457576397182,25.806048869742096
1584,129,54.349541874248786,21.553242269864096
1585,129,49.406493366642934,19.59118707269243
1586,129,45.81830894920813,18.177914054497645
1587,129,43.49316573863504,17.25892533040812
1588,129,39.7043648864539,15.757891878411565
1589,129,41.099145525073766,16.303110674539774
1590,129,45.80641346557357,18.167172561160427
1591,129,45.29739389905174,19.57728305183261
1592,129,3.8474942164405945,18.781110137779166
1593,129,0.0,17.29620081403367
1594,129,0.0,13.952326092497492
1595,129,0.0,12.217681367058795
1596,129,27.487773753623657,10.864014719676934
1597,129,26.896212041453538,10.63019850443112
1598,129,0.0,11.243025146334897
1599,129,0.0,13.509504884854948
1600,129,0.0,19.29150104845156
1601,129,0.0,35.35960483095781
1602,129,60.63961969158527,42.71340679074508
1603,129,62.36400972364464,41.70356061207718
1604,129,95.7871683657956,37.95366604763661
1605,129,85.08253975097801,33.722940260403064
1606,129,73.183040711438,29.015083324505834
1607,129,60.5598736115418,24.01874659256532
1608,129,50.230189135252346,19.92646804393187
1609,129,42.40748401675276,16.822639200271425
1610,129,39.69168449471283,15.755317139566332
1611,129,39.31464056804401,15.619637827262443
1612,129,38.0912191358469,15.120339117517208
1613,129,41.71467861839773,16.553625600563297
1614,129,45.342266160567135,20.191644387263842
1615,129,90.42690396293906,36.54739812348495
1616,129,61.017624685003824,31.353286734800935
1617,129,6.010586261815831,23.745475695763396
1618,129,0.0,18.43328858091922
1619,129,40.79774777719791,16.12447514399209
1620,129,81.05216721667219,15.07576260547087
1621,129,47.90731800086334,14.132943910065798
1622,129,37.91793102911356,14.986302371846605
1623,129,0.0,17.476850652014384
1624,129,9.396391074343313,27.85592378900969
1625,129,117.16155867350508,54.28917763461313
1626,129,169.82120727161742,67.86077247148955
1627,129,126.16887039961,66.86636341071606
1628,129,154.40920959098747,61.06451319112705
1629,129,90.77330370987724,35.96111558900743
1630,129,79.91971174737245,31.660552429095095
1631,129,65.54259208030899,25.973480770419652
1632,129,51.40106211536022,20.375907261208415
1633,129,44.96902500806854,17.822838755612302
1634,129,41.36153478693316,16.4018884619538
1635,129,39.61877641355116,15.702163519217303
1636,129,38.67974415790698,15.337093913017013
1637,129,41.274396091512955,16.357734874885384
1638,129,7.143751655867447,19.835198494902638
1639,129,47.3376761213018,36.64073202312852
1640,129,55.43325092613571,31.998644878002747
1641,129,11.522926843262837,26.720064691538397
1642,129,0.0,20.712507163673912
1643,129,0.0,17.011835131342973
1644,129,0.0,16.01061967370925
1645,129,0.0,14.259580600871551
1646,129,0.0,14.65651511482495
1647,129,0.0,19.547878671549544
1648,129,19.08170218067795,32.53926050682976
1649,129,125.60319343128867,58.21767579870025
1650,129,122.35510430932806,65.95495979085995
1651,129,124.93510517898443,66.3703955295416
1652,129,157.05617118841175,62.1072514074255
1653,129,96.01478140853104,38.02189744972112
1654,129,83.65380552211121,33.13645669369147
1655,129,70.93142131838093,28.099650466461767
1656,129,57.278398941328135,22.693861567284035
1657,129,49.55756982036519,19.643570616186004
1658,129,45.09375431909035,17.878116617889003
1659,129,43.09168318838985,17.083239519819372
1660,129,42.085341366927764,16.692780601761402
1661,129,45.0858812755186,17.876240797985
1662,129,53.55301763544773,21.238480954844785
1663,129,47.35592848683012,36.81892327618874
1664,129,49.939974715634605,29.8432054540507
1665,129,3.844860846388798,23.212255114781588
1666,129,0.0,17.356876208563506
1667,129,0.0,14.928739782276296
1668,129,0.0,15.309899717657188
1669,129,0.0,15.892002622830026
1670,129,0.0,16.845275800594735
1671,129,0.0,18.973448322444263
1672,129,13.462905613149445,30.171836054132292
1673,129,113.01853214381197,53.27317439973869
1674,129,110.44224382617784,61.61463746968595
1675,129,105.7023099811758,58.773000622406244
1676,129,88.8902823297073,52.127201504188186
1677,129,82.06956569254942,32.510485902077455
1678,129,73.304833575218,29.045118121687633
1679,129,63.007074560673004,24.969060381335733
1680,129,50.308680296353714,19.93690001439181
1681,129,42.04372333124695,16.672793824774658
1682,129,37.356206294731464,14.816488636627458
1683,129,36.22899167190852,14.37584966343208
1684,129,34.64808718903711,13.7473945877393
1685,129,36.75351501557245,14.57224140210667
1686,129,45.92300371544766,18.210861659442298
1687,129,68.04533431680682,30.141561196699023
1688,129,41.08246825471795,24.71932826424483
1689,129,0.0,18.503095483902797
1690,129,0.0,12.826148673384555
1691,129,0.0,10.015109569147109
1692,129,0.0,9.920755174646214
1693,129,0.0,9.789201860637865
1694,129,0.0,10.218828150730642
1695,129,0.0,12.761258094982566
1696,129,0.0,22.681990400540293
1697,129,86.7764385499612,43.84526493535403
1698,129,92.82951268773232,54.572004706409935
1699,129,97.39451506491648,55.48813395601034
1700,129,86.10716655852357,51.02581061112168
1701,129,80.16725024626226,31.76218151331009
1702,129,73.0065533999138,28.930834679221583
1703,129,61.0395161799282,24.196202517847222
1704,129,50.25288817104823,19.9233039017087
1705,129,42.585135751757264,16.886724253168968
1706,129,38.93895770050193,15.443203955348794
1707,129,79.70720211128679,14.595168519735177
1708,129,69.89170518230736,14.647677573161829
1709,129,38.85124523995742,15.397574583394801
1710,129,48.38684660936465,19.167552913020465
1711,129,30.571421857398917,30.241066527168112
1712,129,0.0,21.974009382279
1713,129,0.0,15.213141503329773
1714,129,0.0,11.6560259976357
1715,129,0.0,11.412270519488077
1716,129,0.0,10.899330510289362
1717,129,0.0,11.045829866340766
1718,129,0.0,12.665279782432354
1719,129,0.0,16.30889908694515
1720,129,0.0,26.547342837244887
1721,129,98.48783532108385,48.941097905234194
1722,129,111.86126259717355,62.32557477651543
1723,129,110.797196293273,60.78405325808013
1724,129,130.42491072318896,57.02507680746284
1725,129,82.18474722896119,32.55709260103141
1726,129,73.44844420127572,29.103012869353613
1727,129,62.63744578127728,24.820480357478573
1728,129,51.2768009460558,20.32310178270181
1729,129,44.81192586699123,17.770440507318206
1730,129,41.28680198267176,16.374749281789637
1731,129,38.852068348582236,15.41860401732725
1732,129,38.276884834374414,15.19245162220385
1733,129,39.2916896151938,15.57892501544791
1734,129,42.57194040559753,16.898443584217286
1735,129,0.0,17.154356626530163
1736,129,0.0,13.495221415940339
1737,129,0.0,11.541449077478106
1738,129,0.0,9.781823807949406
1739,129,0.0,10.042268516613252
1740,129,0.0,9.853057533116424
1741,129,0.0,9.195898334139924
1742,129,0.0,8.197170055096098
1743,129,0.0,9.824872129347822
1744,129,0.0,15.731245798288423
1745,129,0.0,30.82693628875457
1746,129,54.45106563967528,41.11060098931253
1747,129,60.12863177689809,40.81026710610522
1748,129,60.275704976085365,36.720517805716156
1749,129,84.67782259580048,33.54462552584699
1750,129,74.01744064805627,29.3264756210635
1751,129,64.21979838248859,25.448100958760005
1752,129,52.391620714249854,20.762332283412366
1753,129,44.80672753123471,17.76090359873443
1754,129,40.37898661220751,16.01221185879758
1755,129,37.44265536551694,14.8517441410117
1756,129,35.76541723409221,14.177918005379121
1757,129,35.73993119579555,14.1618084326244
1758,129,38.727856044857845,15.375462452877233
1759,129,30.69082778024068,15.80125991114606
1760,129,0.0,16.18860126273294
1761,129,0.0,16.68009678856413
1762,129,0.0,14.64795504657939
1763,129,0.0,13.770676689678938
1764,129,0.0,13.125480184881335
1765,129,0.0,11.605515109507582
1766,129,0.0,10.793947308616168
1767,129,0.0,12.120274405406322
1768,129,0.0,16.93916006335801
1769,129,4.4149985793389135,29.894577060662243
1770,129,38.80343192007629,36.14925477157813
1771,129,47.0652057482539,35.659344964523
1772,129,38.834030336811765,32.40745248049867
1773,129,72.04719031163265,28.571193222312775
1774,129,66.29435729231759,26.285377353196452
1775,129,55.84671592313484,22.153627493602222
1776,129,45.441417554666685,18.032640136296777
1777,129,41.21966947029776,16.35311287395098
1778,129,37.789652504908844,15.00235883981902
1779,129,36.40857882959381,14.463785386506101
1780,129,37.243816395324814,14.786595806697171
1781,129,39.825215285308246,15.799574579223357
1782,129,50.26959769561401,19.949311845580695
1783,129,83.91279165359222,34.85857501068239
1784,129,48.15659591587007,29.103296643921077
1785,129,0.0,23.196016838210234
1786,129,0.0,18.073514184876444
1787,129,40.274501322258516,15.917684998899173
1788,129,80.99289397357978,15.05239065604172
1789,129,42.21154723083487,14.600707683520321
1790,129,0.0,16.35910468763762
1791,129,0.0,19.042909360201804
1792,129,1.3068977700747553,29.5410814932829
1793,129,114.2853036361835,56.225630923733405
1794,129,160.96846130578157,67.27605314862153
1795,129,123.80921297168257,65.93241135350483
1796,129,156.36478050291558,61.83609449254895
1797,129,91.5125725605428,36.255697913920514
1798,129,80.4563813195962,31.873835162853247
1799,129,65.40516016856301,25.92155238604282
1800,129,52.43610891035999,20.78973232611365
1801,129,42.978939972645236,17.04715545019729
1802,129,38.49784173815962,15.274877102638182
1803,129,36.32011783698985,14.40570398231233
1804,129,34.78362992196793,13.792397952393323
1805,129,36.680360822735736,14.53840653565292
1806,129,2.987393529799931,18.19856913141386
1807,129,31.05540083152647,31.2320173134136
1808,129,37.46447395420205,26.070168222806437
1809,129,0.0,19.41343822887537
1810,129,0.0,14.391783559818482
1811,129,0.0,11.767830684962334
1812,129,14.15921466401926,11.380822023043276
1813,129,24.517219060616213,9.689949924816974
1814,129,0.0,10.320667508373502
1815,129,0.0,14.591141266266378
1816,129,0.0,26.779500654994607
1817,129,100.84052719902203,51.523464942000885
1818,129,111.36321988271547,62.43187636720653
1819,129,120.97612127280044,64.80191160717557
1820,129,109.18251686346991,60.14083988698629
1821,129,90.40355959640323,35.794451308891674
1822,129,80.16909997504484,31.74836249523974
1823,129,66.24996624240609,26.240966274023
1824,129,52.55467114255907,20.805134643005825
1825,129,42.85007283315423,16.96838665349678
1826,129,38.35517045510173,15.193072553019139
1827,129,76.04253089790802,14.362299432912934
1828,129,35.50477004316477,14.067700889784927
1829,129,38.864760562542955,15.396862768170264
1830,129,47.06225906917538,18.69499379964998
1831,129,24.93997719060559,28.97375417417677
1832,129,23.44253147236941,20.30129147958207
1833,129,0.0,14.424726822443692
1834,129,0.0,11.433039161591111
1835,129,27.02316865420684,10.680359489253675
1836,129,40.333856683719915,11.015290550885231
1837,129,30.01234931428698,11.861737965113795
1838,129,0.0,13.510202397650009
1839,129,0.0,14.97699106863626
1840,129,0.0,24.880632895697534
1841,129,90.85923919021965,47.662210176035444
1842,129,98.43445749620727,57.95047219458342
1843,129,102.70505521283368,57.57682796276463
1844,129,128.96120822545853,50.99091524977873
1845,129,76.97756213028129,30.474567086215934
1846,129,66.9127421903255,26.49189433312633
1847,129,54.285214590709785,21.502414019342776
1848,129,43.14636578989095,17.098821023796507
1849,129,77.32861464373286,14.979459393205966
1850,129,34.2153985595246,13.572732722991091
1851,129,33.381086051100795,13.239311888825066
1852,129,34.12568651839365,13.533579728878072
1853,129,35.640082138097995,14.124807315987388
1854,129,0.0,17.025263011530857
1855,129,19.37524311072636,26.958928731986195
1856,129,25.20738453904059,21.687991991811067
1857,129,0.0,17.01139894618865
1858,129,0.0,11.667121912402298
1859,129,0.0,8.505344756214374
1860,129,20.733091671512938,8.194300123489905
1861,129,18.317304272656543,7.239506698202558
1862,129,0.0,7.17626729228094
1863,129,0.0,8.598824727344363
1864,129,0.0,17.657831872695617
1865,129,64.47348310129897,40.12013229509052
1866,129,88.7992334688299,53.98346898524206
1867,129,101.75526122149847,57.20037690920509
1868,129,94.90258781304206,54.48707768321276
1869,129,82.97285875004334,32.84658700515946
1870,129,73.33898977830344,29.030501183338913
1871,129,61.78044238705027,24.459832436623383
1872,129,49.233129705676504,19.49951742493239
1873,129,42.43316543728071,16.809583447733292
1874,129,37.67223074630621,14.920617414321987
1875,129,33.770764435434586,13.378638962177273
1876,129,34.38408799812365,13.623472480450348
1877,129,35.1939294209096,13.937470311120977
1878,129,42.24091290573284,16.802709569086506
1879,129,55.3232463279798,24.221527613018928
1880,129,16.10095562142888,18.14950481953012
1881,129,0.0,14.03454761093312
1882,129,0.0,10.84387259817185
1883,129,0.0,10.849805869370861
1884,129,0.0,11.006307539718604
1885,129,0.0,11.1132724023388
1886,129,0.0,11.735656312270079
1887,129,0.0,14.330491887562369
1888,129,0.0,22.550346000265304
1889,129,65.03742169923754,41.07807644478371
1890,129,89.02791681822819,54.465673194344674
1891,129,98.76789718742884,56.02793470794719
1892,129,86.97110007005193,51.36189504050058
1893,129,79.65285431719593,31.5427769448903
1894,129,71.4270278368545,28.299015197397
1895,129,61.64585264150091,24.421134629932585
1896,129,52.79945801679631,20.921103217645364
1897,129,44.26101288427731,17.542828576221904
1898,129,38.908257711412375,15.424849054982037
1899,129,35.26473157500121,13.99089857382766
1900,129,35.028267481973074,13.896247795326708
1901,129,35.999135165411644,14.266645488624171
1902,129,39.58400418762409,15.847273095508482
1903,129,18.47318364228201,14.135605092074046
1904,129,0.0,12.656117058597035
1905,129,0.0,11.136383368309618
1906,129,0.0,9.35411330532086
1907,129,0.0,8.349748775397213
1908,129,22.933878050043432,9.064163720646741
1909,129,22.80843972168256,9.014588456158029
1910,129,20.451648355521712,8.083096526789678
1911,129,14.647073180295678,9.238276944449046
1912,129,0.0,12.803086061682006
1913,129,0.0,24.109702069218397
1914,129,29.458841155875604,33.91934132038104
1915,129,45.079115082828025,34.87822563446413
1916,129,36.85184895201843,31.609513415150168
1917,129,68.59870612539254,29.21361169297325
1918,129,66.77594895301908,26.468304482222504
1919,129,57.52398708563078,22.809186537922596
1920,129,48.51617098905692,19.239303079020143
1921,129,41.91461780888872,16.622900903110818
1922,129,38.7163310348555,15.358844007554758
1923,129,37.26299110692821,14.78323145953175
1924,129,35.92739170050052,14.248103488060636
1925,129,37.282193741905445,14.776255228385917
1926,129,40.382054625663244,16.14947636398048
1927,129,19.511012162727326,15.613599724668743
1928,129,0.0,16.136828912002628
1929,129,0.0,16.402002129027682
1930,129,38.794334959558086,15.332645656175725
1931,129,38.028081395900415,15.029758026470747
1932,129,78.37396465743396,14.017235897784298
1933,129,74.47561014960513,12.47652266447851
1934,129,36.03281509356293,10.894521814461006
1935,129,30.99654928372786,12.250736562179775
1936,129,0.0,18.26615734622616
1937,129,0.0,31.053100506381227
1938,129,38.55310718636673,38.338425749985404
1939,129,55.91212356488384,39.171624218420135
1940,129,48.04359792182922,36.024105470567285
1941,129,78.80843389023084,31.223708512646205
1942,129,67.64993646315531,26.800270394018316
1943,129,55.953556964972506,22.17388384843925
1944,129,45.67956266108553,18.107297647863543
1945,129,40.113160528203906,15.904878535888095
1946,129,37.5739117369136,14.896435013996898
1947,129,36.166755840145726,14.341510317532041
1948,129,36.12035595251584,14.330449511720786
1949,129,41.15655940899643,16.320900364976662
1950,129,47.284841198344196,18.94923271665842
1951,129,48.34633300450619,24.6076612346929
1952,129,6.4471044951979195,17.800497563715975
1953,129,0.0,12.81115379108876
1954,129,0.0,10.423365566325286
1955,129,0.0,7.9714111818606455
1956,129,0.0,7.5468406022857275
1957,129,0.0,7.44810927227593
1958,129,0.0,8.845662487584228
1959,129,0.0,11.97831885266021
1960,129,0.0,24.433666498773494
1961,129,73.47538017777566,42.84099114981392
1962,129,101.5653989070664,58.12752309829021
1963,129,107.99383344296132,59.69899712526574
1964,129,142.55394639681995,56.373034312183364
1965,129,84.10010519261135,33.31523259095308
1966,129,72.09561793402486,28.56094311838122
1967,129,55.20002752479414,21.874942967846984
1968,129,46.471937675821806,18.420469572396588
1969,129,40.369984833674266,16.013643489902503
1970,129,38.09720074260525,15.120209039697924
1971,129,37.041990795220414,14.704356402316176
1972,129,35.6924609213678,14.168565977124706
1973,129,40.0212918939431,15.872126755426773
1974,129,48.86840982587515,19.67689680051924
1975,129,14.37298671875098,26.65856015578961
1976,129,0.0,20.2304955474415
1977,129,0.0,15.552397452730883
1978,129,0.0,11.986994858734928
1979,129,0.0,9.525507845381506
1980,129,0.0,8.22153696030898
1981,129,0.0,7.626584027437242
1982,129,0.0,8.099456761867678
1983,129,0.0,11.690981269280387
1984,129,0.0,24.912806038000618
1985,129,72.78119944965766,44.92830962618079
1986,129,95.47003705435131,57.290416005962754
1987,129,105.45334300315545,58.71992068132233
1988,129,92.78907295335159,53.66137873483701
1989,129,75.97243102074813,30.08586995682637
1990,129,64.70359784763602,25.633282325299085
1991,129,51.68672233671856,20.47889074736388
1992,129,42.44493347966127,16.806852832539157
1993,129,36.53372786403608,14.4718108482425
1994,129,32.626479014084,12.930003922586222
1995,129,32.304651054271716,12.806455676800566
1996,129,34.58241417520824,13.705492020070958
1997,129,38.72971696881322,15.34218614413192
1998,129,45.64184582085318,18.543570050089233
1999,129,56.10282817602652,26.348192803855465
2000,129,8.262699707657362,19.338111695619432
2001,129,0.0,14.164669095256043
2002,129,0.0,11.699987410495453
2003,129,0.0,10.62919430295008
2004,129,0.0,9.913382748752086
2005,129,0.0,9.691424060080779
2006,129,0.0,11.043602996962628
2007,129,0.0,14.758583638718983
2008,129,0.0,25.645830004891796
2009,129,66.89549770504755,41.12447792016663
2010,129,84.32372815507705,53.518613374921294
2011,129,96.5635927786721,55.17856971659374
2012,129,89.84772855297152,52.495227939548016
2013,129,77.98798329438128,30.875218142681575
2014,129,67.55126722180904,26.747893896333668
2015,129,57.98880468280032,22.96128541188427
2016,129,47.51715578257887,18.823774782559916
2017,129,40.22380555453253,15.935202391982758
2018,129,37.11468439167476,14.705192254794733
2019,129,35.547721325727366,14.082261269811475
2020,129,34.74884278699619,13.768983621057208
2021,129,37.161628994020646,14.716559644060396
2022,129,43.84180304266749,17.973152902102
2023,129,50.889032164452175,26.56649077149494
2024,129,14.482984018680867,22.694683082614485
2025,129,0.0,18.871151496231285
2026,129,0.0,14.673105469587863
2027,129,0.0,12.148890096973048
2028,129,0.0,11.552087965452962
2029,129,0.0,10.99048403717586
2030,129,0.0,11.836882738484059
2031,129,0.0,14.577524175554617
2032,129,0.0,25.303816634749147
2033,129,62.221826976124106,39.56518657181218
2034,129,76.53074571961227,50.340611762647676
2035,129,94.41285250159481,54.369991904373954
2036,129,84.76203849944852,50.48550473491475
2037,129,76.75937426690638,30.401854197499375
2038,129,66.81667687113801,26.461256474649858
2039,129,55.14802868218638,21.84215194793475
2040,129,45.471627136645765,18.011716715975368
2041,129,40.45998124002992,16.024857418102282
2042,129,37.71242132907204,14.936566998372236
2043,129,37.04330415284929,14.675764220966132
2044,129,37.833053788478566,14.986668760887326
2045,129,41.931877766963055,16.600560734120872
2046,129,48.75765203541249,19.807918649847288
2047,129,57.684210010631176,29.24951281617127
2048,129,20.904439993962853,25.02016501324764
2049,129,0.0,20.62411310596166
2050,129,0.0,17.86004926209046
2051,129,0.0,16.90436893394752
2052,129,0.0,16.98874930566465
2053,129,0.0,16.679692256078926
2054,129,0.0,17.598685168743934
2055,129,0.0,18.66834563556607
2056,129,0.0,27.646677246188084
2057,129,61.45536044967059,40.21246588797134
2058,129,69.17074893743802,47.86388400120667
2059,129,77.15768162333703,47.56873874466405
2060,129,72.75457802963459,45.74355021012916
2061,129,69.4699432281709,27.516081283925384
2062,129,63.2593377420001,25.06760959347163
2063,129,55.4377626839937,21.97139981483746
2064,129,49.475437146146106,19.60762069643998
2065,129,43.909365196597605,17.401667096453007
2066,129,39.52222723154364,15.664072182595683
2067,129,38.35923326627011,15.204422806030506
2068,129,36.27745515766989,14.376793334964546
2069,129,38.06519016137244,15.0785239450409
2070,129,34.97968994140521,16.67259115554379
2071,129,9.109903741251202,16.10608965661871
2072,129,0.0,14.4885293265086
2073,129,0.0,12.993797900063244
2074,129,0.0,11.98562577216137
2075,129,6.079574792334341,11.773897252412606
2076,129,27.484236618104063,10.862653325454101
2077,129,0.0,11.401606095026462
2078,129,0.0,11.05561651005675
2079,129,0.0,12.90628540125029
2080,129,0.0,19.24911908398743
2081,129,0.0,27.42415877392098
2082,129,24.47507496379231,34.7912598979733
2083,129,50.032927253134574,37.04603557357992
2084,129,43.33839612001711,34.169546273211644
2085,129,69.69552614182817,29.651961889645023
2086,129,65.85682575400398,26.107470939725577
2087,129,55.587158687266935,22.04611063765402
2088,129,48.985516618856195,19.429638759784105
2089,129,43.2552173132521,17.161250423211094
2090,129,0.0,0.0
2091,129,40.96987779977823,16.25440330483808
2092,129,39.291169176344454,15.59334461280756
2093,129,40.739066980201244,16.160698076312343
2094,129,42.74993088708001,16.962756423820466
2095,129,44.12112788401146,18.335803990447
2096,129,8.462254946007164,17.906572148505056
2097,129,0.0,17.15615501946565
2098,129,0.0,15.169591013754381
2099,129,0.0,13.340270022147886
2100,129,0.0,12.740022793327178
2101,129,0.0,11.19651443451074
2102,129,0.0,9.938862768283846
2103,129,0.0,9.64396930781924
2104,129,0.0,12.382228632378936
2105,129,0.0,19.98367555788663
2106,129,0.0,25.90723610586105
2107,129,15.52086982602674,31.503318672482372
2108,129,42.0042468361963,33.85699974741228
2109,129,37.29254517698877,31.77156521532184
2110,129,64.18736607339781,27.461567711653803
2111,129,57.429754947460054,22.75727425094607
2112,129,48.58680265733639,19.255024859630968
2113,129,43.3159940567478,17.168226257641756
2114,129,38.772437169086515,15.374910386307837
2115,129,40.11973367858701,15.902544188386265
2116,129,40.52981371031805,16.065817476741817
2117,129,42.262617243057576,16.719442006617484
2118,129,48.161592774160766,19.0347878982531
2119,129,86.6461569954069,34.24497513576308
2120,129,65.04321573322258,25.706905721821368
2121,129,43.62133182812755,17.24039735608688
2122,129,30.616971401769888,12.100697418355551
2123,129,69.50454921333815,10.511797666068755
2124,129,69.34496932757028,10.44874357076095
2125,129,68.39171377768949,10.071988048179216
2126,129,37.92148908812365,10.186211327058658
2127,129,27.782900516832854,10.98057774332161
2128,129,0.0,15.292892248911055
2129,129,0.0,30.530326275902233
2130,129,70.87471056265215,43.62798392017907
2131,129,130.51572440117098,55.25604376321548
2132,129,147.75190828983398,58.54601695993645
2133,129,89.75421004366524,35.537642083998726
2134,129,77.73981924185236,30.79527176150327
2135,129,66.37550579929297,26.295300718197744
2136,129,51.06655598111587,20.226603550793584
2137,129,44.19515596683965,17.50718720270327
2138,129,38.9403958455361,15.436450048405348
2139,129,38.806717917136524,15.389675518725284
2140,129,37.50298933100282,14.875628616561025
2141,129,33.83826512229149,15.442444430749978
2142,129,1.8172649907732819,17.732443027876194
2143,129,38.26533764760498,32.69829094049384
2144,129,8.298468368533207,27.30071057180655
2145,129,0.0,20.052833582663325
2146,129,0.0,15.97501931011517
2147,129,0.0,13.241022523804006
2148,129,0.0,11.822365360045254
2149,129,16.60545188373419,9.879703739768415
2150,129,0.0,9.278632371096265
2151,129,0.0,10.834418948350011
2152,129,0.0,16.363380805043988
2153,129,0.0,33.07674415629884
2154,129,33.283294646867745,45.57870426100462
2155,129,86.70860107793388,54.9977116700501
2156,129,146.68443040828194,58.19337255902338
2157,129,87.11258352066054,34.49358914504726
2158,129,73.94257939973059,29.286137652846698
2159,129,63.597189154119604,25.19489812007313
2160,129,52.14899845521259,20.664160247280122
2161,129,44.195363315843395,17.512150919596976
2162,129,41.1892440541024,16.325282260770344
2163,129,78.5457978396451,15.372260051788288
2164,129,38.946118606467905,15.444802501146459
2165,129,39.478251089192895,15.656374085867716
2166,129,3.7219989434298384,18.505922683489665
2167,129,40.75229685506088,33.818504464773916
2168,129,53.92814860503847,28.444677581280338
2169,129,0.0,22.10741750645757
2170,129,0.0,16.638518728598616
2171,129,0.0,14.385206134483482
2172,129,36.064774271828526,14.25393494603447
2173,129,43.46527036603476,12.595318387140702
2174,129,28.209167404718016,11.149171975258572
2175,129,0.0,11.410161860504868
2176,129,0.0,18.59943505485953
2177,129,0.0,34.41613084303828
2178,129,20.974900719643585,41.92517172537032
2179,129,74.05334943924302,50.351810323908246
2180,129,136.14421209877037,53.978075349367174
2181,129,85.19535792378363,33.75662816248122
2182,129,77.46171683972847,30.692785157744893
2183,129,62.4675796853289,24.77517606612697
2184,129,50.59749958661541,20.072838857015057
2185,129,81.91844957420358,16.716148220981193
2186,129,39.01925434204401,15.47735678120144
2187,129,37.626407049749844,14.926858492238603
2188,129,36.13232950430856,14.335132511829965
2189,129,37.27086032584381,14.782704259381157
2190,129,0.5276244301946065,17.223927806515814
2191,129,37.41182593000758,32.57322974540283
2192,129,63.02752286028124,32.41688759752528
2193,129,11.953039920978625,28.023115786493747
2194,129,54.04252230240658,21.359063551274975
2195,129,54.256635546657606,16.64223578409092
2196,129,78.14257296319127,13.925765208235118
2197,129,77.66465384257515,13.73685412246482
2198,129,80.03975000271168,14.675571000982462
2199,129,42.14419175480444,16.656542476096323
2200,129,61.33680469451974,24.241937116488973
2201,129,15.396413146863352,40.62025282937873
2202,129,37.881096268300496,48.29121537415793
2203,129,86.75293408276374,55.5027690069071
2204,129,145.055693155971,57.58718774212769
2205,129,92.94890573479364,36.80509554179156
2206,129,85.93957082851489,34.02765753114795
2207,129,72.11197944499403,28.556566589475175
2208,129,98.90093212193207,23.16064415653844
2209,129,92.80440002476453,19.750904111680885
2210,129,44.546769935148944,17.635316941313892
2211,129,40.97717315260496,16.224484476086033
2212,129,40.45575242317767,16.02084289180103
2213,129,0.0,16.370777989802544
2214,129,6.452751760544828,19.54519852017867
2215,129,42.972834092037004,34.71549410385428
2216,129,66.03460543563244,33.566710968157956
2217,129,17.99688637719754,29.7518961414671
2218,129,62.486928415093956,24.696683062010408
2219,129,56.79842834494764,20.055672914918258
2220,129,92.64706375972409,19.658450874857813
2221,129,91.04678128994692,19.025954733359494
2222,129,42.92576555551264,16.965571495325452
2223,129,0.0,16.892020019593815
2224,129,0.0,19.942201668237878
2225,129,0.0,33.69303645370018
2226,129,23.43725753106085,43.89081383237965
2227,129,77.29442187978108,52.17993115938185
2228,129,134.70586405865248,53.53817560659177
2229,129,83.53099628648764,33.085496079118535
2230,129,74.57273237912787,29.549790619922142
2231,129,65.63358680182674,26.008281144622302
2232,129,54.07041914202182,21.427208442591883
2233,129,47.054075171583776,18.651770587204332
2234,129,40.77199440669688,16.171338079084553
2235,129,38.593506996150495,15.309133942462818
2236,129,39.268046881833385,15.580580142048616
2237,129,38.13118514607794,15.122781885045255
2238,129,0.0,16.595734612958914
2239,129,32.693609826655035,17.799959926905437
2240,129,0.0,17.34654055755485
2241,129,0.0,15.978835253893271
2242,129,0.0,13.14396083098659
2243,129,0.0,12.354098538176814
2244,129,28.732538524607776,11.355970670453795
2245,129,25.788865562251573,10.192538118377561
2246,129,23.908452917954293,9.449367679267015
2247,129,0.0,9.450693559203186
2248,129,0.0,11.222829750665381
2249,129,0.0,18.43170232102981
2250,129,0.0,24.61918116965933
2251,129,2.5866833299339476,28.78042660547838
2252,129,36.65537252215145,32.217474735935404
2253,129,75.6314786455583,29.978053054441073
2254,129,66.80709336593083,26.49280219989398
2255,129,13.11679709784741,22.21179507277786
2256,129,47.11853364872809,18.679737720404653
2257,129,40.571179733422724,16.082309736928593
2258,129,37.61503773537456,14.913945194360652
2259,129,35.61896918187912,14.127432481618538
2260,129,35.07455803345039,13.911067177778104
2261,129,36.63498458195136,14.526570563173712
2262,129,34.79161894130556,15.835013280503473
2263,129,35.49382255243927,16.645307127965626
2264,129,0.0,15.607332629686704
2265,129,0.0,14.00804254196498
2266,129,28.755829708231317,11.365177390563131
2267,129,66.53410230212842,9.337857069327379
2268,129,64.67816949739458,8.604347408567946
2269,129,34.844683060214265,7.919644180863843
2270,129,18.62990811324039,7.363111034995613
2271,129,0.0,7.320143695968833
2272,129,0.0,9.788467122842611
2273,129,0.0,17.85283346555454
2274,129,0.0,23.390572908382985
2275,129,1.1143125016985778,28.93863245176461
2276,129,39.382728864403305,33.23097080741834
2277,129,35.417424731281955,31.021914041052636
2278,129,68.5524138247402,27.16425879003163
2279,129,56.230261560017425,22.284431974028745
2280,129,48.773518530886406,19.32154013015401
2281,129,41.42777502853079,16.414667087019144
2282,129,37.10173591209909,14.702460673097418
2283,129,34.91744516654194,13.845251041096908
2284,129,34.17579782858837,13.546076598650968
2285,129,33.854971607897966,13.420479887743017
2286,129,31.45399927414161,14.512208046436147
2287,129,27.89314908333651,15.12632863650735
2288,129,0.0,14.102138189189391
2289,129,33.635979376665404,13.293896628194503
2290,129,28.957094809470618,11.444664530358162
2291,129,23.511962351300042,9.292584213519328
2292,129,64.67727121192013,8.603934817211137
2293,129,62.94024686029687,7.91743336775547
2294,129,30.229315760539777,6.947369155991591
2295,129,0.0,7.022073626061869
2296,129,0.0,9.277170286757329
2297,129,0.0,17.99050353871577
2298,129,0.0,24.037501842298198
2299,129,0.0,28.659717649678562
2300,129,80.83907951276714,33.00911758598422
2301,129,77.69607142051171,30.77569690057165
2302,129,68.31832307026531,27.060857483185526
2303,129,58.37289869774054,23.12773801205568
2304,129,50.68130478221988,20.073183292070695
2305,129,43.39516425136125,17.199542700855105
2306,129,38.92518210397711,15.432887085827275
2307,129,38.773385951760275,15.37532867400253
2308,129,38.610952005168286,15.30266891204404
2309,129,30.65169798124856,16.067036401053926
2310,129,7.596505505883755,20.009374282229228
2311,129,37.87817712558095,33.372939938618366
2312,129,36.505227929421125,24.980071779407677
2313,129,0.0,18.295214928564008
2314,129,0.0,13.881609873477897
2315,129,0.0,10.985813895717154
2316,129,0.0,10.309060588198891
2317,129,0.0,9.17604135315597
2318,129,0.0,8.877509075906168
2319,129,0.0,10.14898348470766
2320,129,0.0,15.680961617848883
2321,129,0.0,30.358534643506527
2322,129,8.657432478717197,38.14159077290907
2323,129,67.44632730464417,48.77529001361797
2324,129,92.68619984545623,54.02723699536909
2325,129,83.32818891820537,33.01255321331068
2326,129,74.43829052345308,29.492880837765473
2327,129,100.50878214051195,24.498987204546637
2328,129,50.27027027023223,19.925226669318487
2329,129,86.69272043578502,17.352366015666313
2330,129,81.44621784362016,15.275176686235039
2331,129,36.997933665897875,14.674833790380447
2332,129,37.379829433085376,14.825750196302806
2333,129,0.0,14.898782894126095
2334,129,2.046622583836921,17.842459088109422
2335,129,31.849962042134194,31.1782741171987
2336,129,36.665890732372475,24.929480271036518
2337,129,0.0,18.973721559004343
2338,129,0.0,14.171699883074284
2339,129,0.0,11.87271351582714
2340,129,0.0,13.068930809534349
2341,129,0.0,13.010715753843687
2342,129,0.0,11.601562850739274
2343,129,0.0,11.920184392110585
2344,129,0.0,17.722435664578523
2345,129,0.0,32.12231843379671
2346,129,0.0,35.21272585789286
2347,129,50.82303341007588,42.53898619226071
2348,129,78.54416569911393,48.39323398863343
2349,129,78.83470074104437,31.23900763918413
2350,129,72.01836318424171,28.546273577207877
2351,129,60.00730066658022,23.802838101232457
2352,129,47.922121555387776,19.017904871883147
2353,129,38.70345503670691,15.363555600851374
2354,129,71.21141343314719,13.793309124950124
2355,129,33.252574964141246,13.206760880818925
2356,129,33.16386851937381,13.176585824791372
2357,129,34.75756503110006,13.791899570171237
2358,129,0.0,16.89686250473938
2359,129,74.59016795965567,31.257910586892283
2360,129,38.65512050117559,26.36491746296287
2361,129,0.0,21.23281929767146
2362,129,0.0,15.209800949564311
2363,129,0.0,12.203778740817883
2364,129,0.0,11.636965463836159
2365,129,27.022732787155945,10.680164608061679
2366,129,0.0,10.941296264335264
2367,129,0.0,12.254181403211533
2368,129,0.0,18.585720519469355
2369,129,0.0,32.468886824878176
2370,129,46.17786277725955,39.215332137429
2371,129,57.91635735301881,45.57302189037204
2372,129,125.86790192679942,50.24786331636796
2373,129,78.7810179821058,31.20333451853391
2374,129,73.3007436749773,29.02516835688869
2375,129,60.71869826223519,24.045093661555505
2376,129,48.58056934840249,19.235608247494106
2377,129,40.78676863884567,16.144351981295078
2378,129,38.08124656116618,15.077438083896705
2379,129,37.34527337443794,14.7865763327959
2380,129,37.08556476231806,14.685185028446883
2381,129,39.567847744660156,15.671112815799654
2382,129,3.7764602629764,18.499477632439614
2383,129,30.779186507391643,30.87637875930663
2384,129,36.28348124491154,25.490445610484997
2385,129,0.0,21.572737928167783
2386,129,0.0,17.81703562598762
2387,129,0.0,15.004426274620007
2388,129,0.0,14.060296280978543
2389,129,0.0,13.081116837367876
2390,129,0.0,11.522597497994644
2391,129,0.0,11.19610649916509
2392,129,0.0,15.325238648496574
2393,129,0.0,29.74001262111924
2394,129,0.0,36.878309316565364
2395,129,59.17859876921483,46.60943341682818
2396,129,128.7018427075779,51.445625341252516
2397,129,82.210443754974,32.55511561471368
2398,129,75.18595622628155,29.776345163605054
2399,129,66.39111174228418,26.29065694977473
2400,129,56.950141165909685,22.54955922645462
2401,129,47.08890323000503,18.64607186109989
2402,129,42.03155530610303,16.65568732122719
2403,129,37.99384004641482,15.061071801418514
2404,129,36.32305086758336,14.410424467369431
2405,129,36.64508262261634,14.530409423641082
2406,129,14.856198307736435,15.783171537528979
2407,129,0.0,15.118624272690925
2408,129,0.0,13.807809842974757
2409,129,0.0,11.885241440177825
2410,129,21.88794006194783,8.95336936897406
2411,129,18.967793406016398,7.496613063966343
2412,129,16.084868953804232,6.357197428768262
2413,129,12.8327312260339,5.071860901062498
2414,129,0.0,4.979226907946168
2415,129,0.0,5.473608087965732
2416,129,0.0,7.564514689012747
2417,129,0.0,14.350769325509804
2418,129,0.0,19.10882835025307
2419,129,0.0,25.862980935374072
2420,129,32.43330279558876,31.231667663082316
2421,129,29.591916167277077,28.73521928391909
2422,129,66.87503402145367,26.490338700727808
2423,129,38.70735089713051,22.975604496377695
2424,129,47.594725470492705,18.84350113787038
2425,129,41.35700512426865,16.381813472154356
2426,129,37.42172614310846,14.819186438798937
2427,129,34.25332996096486,13.574235987555806
2428,129,33.28151785688149,13.18408956096621
2429,129,32.87627528573722,13.026390023207732
2430,129,35.52424154195677,14.100809201760903
2431,129,20.643839632040084,13.747459923593247
2432,129,0.0,13.015057645815103
2433,129,0.0,12.884373278377884
2434,129,0.0,11.16475689343356
2435,129,23.90548276457949,9.44812438332147
2436,129,21.2791957637819,8.410126976707351
2437,129,60.44372345575866,6.930715911453852
2438,129,15.938203302727771,6.299248210359547
2439,129,0.0,6.68256405898018
2440,129,0.0,8.641238773467625
2441,129,0.0,17.378018353237206
2442,129,0.0,23.070397570916022
2443,129,0.0,27.64558581864709
2444,129,37.16516243733281,33.05589979391424
2445,129,33.60686981615402,30.31131046805269
2446,129,49.19670856709857,26.489314852904215
2447,129,54.00846309505525,21.39800487863805
2448,129,44.115567283306234,17.468620058586552
2449,129,38.81637561437046,15.381465571271308
2450,129,36.00072429455636,14.264971550068855
2451,129,34.52132265540442,13.676622239390781
2452,129,33.28168539038501,13.193966774154859
2453,129,35.05984052093325,13.887030828558114
2454,129,41.88354872374234,16.684675973792565
2455,129,62.98247803249524,27.365278984737422
2456,129,18.599464297452073,20.686434773507283
2457,129,2.6340036259639987,15.133212500231592
2458,129,28.06077284734343,11.090455410375899
2459,129,22.11524020378164,8.740603077441436
2460,129,64.0497374194986,8.3559237256156
2461,129,61.90928479878366,7.509974300788267
2462,129,19.377804361123907,7.6586955898928
2463,129,21.205407327570924,8.38100818243764
2464,129,0.0,10.851105002604282
2465,129,0.0,21.672489875263324
2466,129,18.63959114801972,28.913895754338352
2467,129,71.12434892155406,38.83385313573559
2468,129,123.66561499501927,49.5375717126474
2469,129,81.8358613054464,32.3949962290921
2470,129,76.15143589494267,30.130067052268448
2471,129,61.29131975428237,24.250844500113324
2472,129,47.94613967327166,18.988536869711055
2473,129,40.485451055655375,16.042324207265697
2474,129,37.289077409685234,14.776579756828115
2475,129,35.22160249524475,13.9618822054287
2476,129,35.9460382065393,14.246972769679237
2477,129,0.0,14.98768791576857
2478,129,3.8330541090694226,18.616535236192778
2479,129,21.66258045589231,28.348347330185383
2480,129,13.69974933267315,20.2035222523147
2481,129,0.0,14.049094337274138
2482,129,0.0,9.587128192465165
2483,129,0.0,8.053469548416562
2484,129,0.0,8.100859397093751
2485,129,0.0,8.244773455204271
2486,129,0.0,7.7161245070408855
2487,129,0.0,8.649787778914929
2488,129,0.0,13.910873246617248
2489,129,0.0,27.066860318011603
2490,129,0.0,32.40036446181615
2491,129,40.91118997980203,39.948888737753684
2492,129,77.95668566776826,48.53607601346184
2493,129,77.28746343523696,30.64212577460647
2494,129,68.57850191915915,27.190414064554457
2495,129,59.320729036564046,23.516931804859937
2496,129,47.29450793661272,18.750402790912922
2497,129,39.57980895355462,15.689201074257097
2498,129,34.769190706793296,13.786695164046607
2499,129,32.80917730300814,13.018098609904582
2500,129,33.10637843325637,13.130701348251876
2501,129,34.71571902892734,13.769166036038321
2502,129,40.7845263557256,16.299981376401536
2503,129,38.309922472464564,25.85537339866567
2504,129,10.677892472855888,18.477667997232864
2505,129,0.0,13.46837763124241
2506,129,0.0,10.00280493969
2507,129,0.0,7.987932210294976
2508,129,0.0,8.088386826785449
2509,129,0.0,8.124153898358163
2510,129,0.0,7.936036671297107
2511,129,0.0,8.852594820340173
2512,129,0.0,13.829655024124827
2513,129,0.0,24.82996171502944
2514,129,0.0,28.61444448681912
2515,129,32.162440881329246,36.86843739108083
2516,129,112.9338672461131,45.355539599315165
2517,129,72.19584262087508,28.626190653841075
2518,129,65.96966245565739,26.153290209641828
2519,129,55.769007570368956,22.110815152888968
2520,129,45.23370709683405,17.93842215811682
2521,129,39.094235790571474,15.516740739771086
2522,129,35.241194138585286,13.987834651708317
2523,129,33.585362044959766,13.332186466750944
2524,129,32.92872581940287,13.079923717814502
2525,129,34.667410558924416,13.751322438131488
2526,129,0.0,17.031957733767317
2527,129,26.046496288085308,26.788409733910193
2528,129,13.776389934385236,20.43998098077239
2529,129,0.0,14.297529565614333
2530,129,0.0,11.61293584017907
2531,129,0.0,9.787443832196752
2532,129,0.0,9.832874203727064
2533,129,0.0,7.969274201206806
2534,129,0.0,7.9564578755287485
2535,129,0.0,8.900193820991994
2536,129,0.0,13.336721999162343
2537,129,0.0,24.185557606016893
2538,129,0.0,29.930749608495926
2539,129,34.21917323641921,37.81980713320023
2540,129,116.53194945511558,46.88572945751224
2541,129,77.6859387705322,30.79114047300981
2542,129,70.45483129458674,27.902920481737947
2543,129,60.11221877002981,23.812735628408085
2544,129,49.01288808401816,19.407764001558547
2545,129,40.91464491355978,16.198594239919434
2546,129,38.48199631671889,15.232243171151609
2547,129,36.763382159023195,14.555430152297156
2548,129,34.013557692794905,13.468617648598496
2549,129,33.841751380940366,13.411631215734797
2550,129,11.967265608248567,16.130227362349263
2551,129,15.95472706183898,26.37743717444887
2552,129,15.934377381746856,21.23829219598645
2553,129,0.0,16.726657484358935
2554,129,0.0,12.282005431026928
2555,129,0.0,9.135673594770163
2556,129,0.0,8.885985526081956
2557,129,0.0,7.652248475799474
2558,129,0.0,7.0982282604771365
2559,129,0.0,7.259986431744738
2560,129,0.0,11.580413431274602
2561,129,0.0,22.236924276192482
2562,129,0.0,28.56941202707611
2563,129,23.33628749178729,34.105892421488754
2564,129,56.13500326182219,40.09002587169609
2565,129,68.85239039870683,27.297560380094605
2566,129,64.50934777109651,25.542185218270863
2567,129,27.46999892879387,22.136604349594823
2568,129,48.39262124177779,19.177209240025494
2569,129,43.25460881614163,17.13799737579276
2570,129,38.01518136314286,15.072050934454207
2571,129,35.2779459494208,13.993885184462284
2572,129,34.50752881927244,13.697885639408588
2573,129,33.67181005991071,13.356654350509414
2574,129,34.53837496201473,13.950281820818457
2575,129,0.0,11.767456567345286
2576,129,0.0,10.114121132636273
2577,129,0.0,8.795106855283276
2578,129,0.0,6.659031649919942
2579,129,0.0,5.237985110150495
2580,129,0.0,5.6748082089346745
2581,129,0.0,5.95498648726223
2582,129,0.0,5.8029217432250215
2583,129,0.0,6.168819814926705
2584,129,0.0,8.482194060949741
2585,129,0.0,14.318909652263333
2586,129,0.0,18.265639742108657
2587,129,0.0,22.47329222130902
2588,129,21.49560476573953,27.736325605863456
2589,129,24.993190963179757,26.94569374178901
2590,129,24.453791698803684,24.29918702023127
2591,129,54.46570149627661,21.582327754566204
2592,129,45.55127362851508,18.055419369753142
2593,129,38.764407386512545,15.379117060698304
2594,129,35.62952982740697,14.136443070658782
2595,129,32.250122043357976,12.798363557136113
2596,129,31.684110919425024,12.56373206921532
2597,129,32.22542086820468,12.76916403716185
2598,129,33.34830045248793,13.436219819080591
2599,129,6.438001092647028,11.755881562720672
2600,129,0.0,11.61242159294462
2601,129,0.0,11.328055368210295
2602,129,0.0,9.628161379577504
2603,129,0.0,8.357845471652496
2604,129,20.520690955414977,8.110392409502346
2605,129,18.47154103749915,7.300497154128891
2606,129,18.145191186153653,7.171538266747492
2607,129,0.0,7.884680581139395
2608,129,0.0,10.711118703663946
2609,129,0.0,19.205498904139098
2610,129,0.0,21.867285287904277
2611,129,0.0,24.924042063406006
2612,129,25.95925343355532,29.441114452625893
2613,129,74.34721391605592,29.48374298965217
2614,129,64.69900255970629,25.626751673639824
2615,129,52.121341257350906,20.65204283509565
2616,129,42.33845491874533,16.783109711996943
2617,129,36.66201471029851,14.539660891530293
2618,129,34.11152139991813,13.529210101233462
2619,129,32.68993511231244,12.967373556839124
2620,129,0.0,13.562302728907794
2621,129,0.0,14.64294412333249
2622,129,35.41046013211613,16.418499804995747
2623,129,52.99861319744892,24.796505621704974
2624,129,12.983788363595039,21.961389147146654
2625,129,47.880874014449404,18.923986192514143
2626,129,40.98823151136344,16.199813500258617
2627,129,51.88999928762428,15.157958136731983
2628,129,80.98248998625479,15.048273386730223
2629,129,35.146045306856166,13.890769627762262
2630,129,31.1258409666344,12.301886211753025
2631,129,0.0,12.724995793220174
2632,129,0.0,15.743987986425852
2633,129,0.0,28.303352768123368
2634,129,0.0,33.80604052800297
2635,129,40.28092587919474,40.949620721855354
2636,129,80.88269387668845,49.93777286943977
2637,129,57.28205276687959,32.01631234545193
2638,129,69.1732627230941,27.396415643403387
2639,129,54.10669130734291,21.435556925976936
2640,129,43.68477247362179,17.30073068871536
2641,129,38.448709650783286,15.238543675103896
2642,129,35.955459670599765,14.247088252605872
2643,129,36.46808294417525,14.446006068404543
2644,129,36.17702495747821,14.328557563106756
2645,129,38.08760542010248,15.078768834453589
2646,129,44.48138719988037,18.03042656740899
2647,129,54.72980394244331,25.962264832200077
2648,129,4.09379681482136,19.948472094164796
2649,129,0.0,15.106558342797008
2650,129,0.0,10.402455479391591
2651,129,0.0,9.695616425342866
2652,129,0.0,9.113805726097375
2653,129,0.0,8.674501050333175
2654,129,0.0,7.656029705506561
2655,129,0.0,8.73008091436788
2656,129,0.0,13.565211675272314
2657,129,0.0,25.43912179928403
2658,129,18.883052574739878,30.989057884953425
2659,129,33.04808413032845,38.10172282576976
2660,129,75.94709266134458,48.07660073569403
2661,129,80.48692626788778,31.93330375545711
2662,129,74.9151191075228,29.708107529096708
2663,129,62.04470311021737,24.601889271259893
2664,129,50.43219372152308,20.00022620410319
2665,129,43.46592445558528,17.237226514297042
2666,129,39.78602180151114,15.782839960515036
2667,129,77.79239739995347,15.195120196384536
2668,129,36.882737797863996,14.630576327435843
2669,129,39.936047656400575,15.830038190492061
2670,129,0.0,17.358094121095103
2671,129,9.267495571140927,24.875020415351326
2672,129,0.49308787015434064,17.376468254779052
2673,129,0.0,12.118966506386021
2674,129,0.0,9.397450525511465
2675,129,0.0,7.732044416635207
2676,129,0.0,6.956793834541006
2677,129,0.0,6.060947370523559
2678,129,0.0,6.755085311722687
2679,129,0.0,7.863104624674516
2680,129,0.0,12.752799280472408
2681,129,0.0,23.250509255015572
2682,129,0.0,30.084778465563108
2683,129,34.21617481790307,38.89587766121314
2684,129,78.96626481858604,49.22246009856565
2685,129,81.1351002999885,32.18460953785579
2686,129,74.49448011698934,29.5224653925794
2687,129,61.32743224140924,24.306371107728257
2688,129,49.97820141298703,19.819599967329598
2689,129,43.392919815705255,17.232656237249003
2690,129,46.29334850216438,15.58897731496528
2691,129,37.9727530715428,15.074626093586915
2692,129,36.6019616161708,14.540126515744063
2693,129,39.08502400379987,15.505713869217328
2694,129,0.0,17.115716390935972
2695,129,52.823794404140756,25.280511373307203
2696,129,1.503700724075685,18.318152191122184
2697,129,0.0,12.877510948774793
2698,129,0.0,9.738879807055133
2699,129,0.0,8.61864869605461
2700,129,0.0,8.852563058868741
2701,129,0.0,7.849991139652677
2702,129,0.0,7.299115595207833
2703,129,0.0,8.409617430278342
2704,129,0.0,12.260507548124753
2705,129,0.0,24.59099334348238
2706,129,0.0,29.723874519463
2707,129,28.832173490187074,36.79212230015297
2708,129,74.47616852926942,47.526607159541264
2709,129,78.61692754039495,31.19416921868522
2710,129,74.22999298658084,29.40573156668122
2711,129,64.28952626221474,25.47095229206789
2712,129,52.87830206241395,20.9475243346594
2713,129,45.22639225582026,17.919635335939244
2714,129,39.96633507776792,15.833427068219285
2715,129,37.96592686101263,15.046473483495237
2716,129,35.68825742794246,14.141416233172073
2717,129,36.95909191147351,14.64124784018591
2718,129,41.53700628472379,16.972272677774026
2719,129,22.128192157882864,26.2954704423349
2720,129,9.757168316291143,21.227133562605193
2721,129,0.0,17.16725098490162
2722,129,0.0,13.385100782747738
2723,129,0.0,11.848271151421487
2724,129,0.0,12.010727501649432
2725,129,0.0,10.259365893926468
2726,129,0.0,9.078990519988837
2727,129,0.0,9.293473915193506
2728,129,0.0,13.38165571549056
2729,129,0.0,25.41474746148749
2730,129,0.0,29.79629677632895
2731,129,23.663264215436186,35.332904925654084
2732,129,62.04387897981789,42.76721793652827
2733,129,67.98831549647133,27.193354754843597
2734,129,63.11739636379343,25.007648618697477
2735,129,56.878998416792115,22.522633934441785
2736,129,48.778211273507566,19.334391370208134
2737,129,41.5951174290754,16.491775384409294
2738,129,37.15765054231923,14.736748202217424
2739,129,35.85513041189259,14.228021731185073
2740,129,37.03417420130606,14.70249151108095
2741,129,35.091729413085915,13.917815197530963
2742,129,0.0,14.396310247900248
2743,129,0.0,12.520963380348084
2744,129,0.0,11.396245686322338
2745,129,0.0,10.398378871348847
2746,129,0.0,8.75060127835949
2747,129,0.0,7.118775190821646
2748,129,0.0,7.748631683928867
2749,129,0.0,8.081784226721375
2750,129,0.0,7.867615388872765
2751,129,0.0,7.764636725970055
2752,129,0.0,10.708533003359635
2753,129,0.0,17.395568615738245
2754,129,0.0,19.678909363432478
2755,129,0.0,23.152352225360378
2756,129,20.002190962259192,27.935861969878463
2757,129,30.59083397564777,29.205238611640475
2758,129,68.24166402684995,27.07180228364456
2759,129,19.213626303621112,23.862811570260593
2760,129,49.358602468903,19.56624354451872
2761,129,43.67344406228213,17.320536122063157
2762,129,38.123060032084766,15.124443071984235
2763,129,36.087863022828515,14.31276873763592
2764,129,34.67079931692041,13.746611968377168
2765,129,35.95006509690535,14.246176368985399
2766,129,32.624902359287944,13.61017632640029
2767,129,0.0,10.742278287119209
2768,129,0.0,9.922749152452392
2769,129,0.0,8.769647782617321
2770,129,17.876395195020933,7.065266839638746
2771,129,17.859897722477314,7.0587395377193705
2772,129,17.439503475262796,6.892576350099231
2773,129,14.576637496659828,5.7610863026481915
2774,129,15.374368462158117,6.076391902562105
2775,129,16.748953758860097,6.619651598761
2776,129,0.0,9.42556734928884
2777,129,0.0,15.748843545138266
2778,129,0.0,18.753084956374973
2779,129,0.0,22.538379696932648
2780,129,25.149958593772226,29.930474492805477
2781,129,77.53143257992434,31.68224106987201
2782,129,26.257140395784972,27.40509857251918
2783,129,12.48884726018673,21.956179232090616
2784,129,48.76343522678184,19.315140179009127
2785,129,43.39856958720034,17.199665330576938
2786,129,38.48158206491448,15.25270560812868
2787,129,35.46632788168225,14.05251410588288
2788,129,34.561834085121035,13.69501145170161
2789,129,33.25798767029298,13.17848599873215
2790,129,29.701786064173064,12.78123169600649
2791,129,0.0,9.619381616444736
2792,129,0.0,9.220378836045567
2793,129,22.101968936819816,8.73533622750011
2794,129,17.72844316671751,7.006796230074839
2795,129,60.48478972662963,6.946945824441513
2796,129,59.62937317051242,6.6088332611203855
2797,129,56.99125724028775,5.566178324667336
2798,129,0.0,6.0820819628178615
2799,129,0.0,6.384015531344517
2800,129,0.0,8.249057494735968
2801,129,0.0,13.84017427794046
2802,129,0.0,17.11558266171397
2803,129,0.0,20.745649550550006
2804,129,18.18799888503264,27.73937705764723
2805,129,62.24185847324293,31.167950682962708
2806,129,69.97219762720164,27.71933831677581
2807,129,57.33320465140679,22.71433516241402
2808,129,47.07642133694634,18.649667629326316
2809,129,40.815704041303746,16.18739395018684
2810,129,36.3423317014977,14.416930051376019
2811,129,35.05363708154263,13.89909599517955
2812,129,34.22070046758208,13.563846946912143
2813,129,0.0,14.409219738430686
2814,129,0.0,16.107178980624276
2815,129,38.87050358941124,20.83477389338833
2816,129,0.0,14.877552168561639
2817,129,0.0,10.993350258993093
2818,129,20.758666951230964,8.204435229350509
2819,129,18.344810344590456,7.250404418626555
2820,129,16.831726715487605,6.652382143581291
2821,129,16.827658435271786,6.650750300356674
2822,129,15.139651085810613,5.983615787701785
2823,129,0.0,6.620660156857445
2824,129,0.0,10.579009744067015
2825,129,0.0,22.463670745472196
2826,129,0.0,27.640117493528965
2827,129,22.58543457626061,34.88732409489211
2828,129,70.12258841184149,46.112931240211005
2829,129,82.82263126946177,32.893927541743324
2830,129,73.98163949445902,29.33300527172712
2831,129,60.6027134944398,24.02347773064331
2832,129,47.00956000425194,18.6438195829744
2833,129,39.657197090413376,15.728266748507716
2834,129,36.388502208115625,14.435159849700257
2835,129,34.52392010878569,13.704291229686048
2836,129,33.255196853044566,13.20413083877656
2837,129,30.689615042408747,14.131019908928302
2838,129,0.0,14.920330172504492
2839,129,28.742660082315297,16.617251226364928
2840,129,0.0,13.377866450993157
2841,129,0.0,9.711108895849353
2842,129,0.0,7.038703449068804
2843,129,14.156785957602835,5.595195912836063
2844,129,14.065009129097916,5.558925467113411
2845,129,11.655391227883172,4.606576427635069
2846,129,13.29975922821447,5.256484316172179
2847,129,0.0,5.825246930126419
2848,129,0.0,9.484847707300425
2849,129,0.0,19.910373308927262
2850,129,0.0,26.014749585305676
2851,129,16.17105580983491,32.76136678874195
2852,129,60.539380076914284,42.30496188053148
2853,129,73.7425218313632,29.29573805743991
2854,129,67.87798804894152,26.885669420626154
2855,129,57.949160189522786,22.959071219289843
2856,129,46.530970316734255,18.451120726747643
2857,129,40.02818898667471,15.857978013847976
2858,129,35.51024263648728,14.068739607833628
2859,129,32.87647953796835,13.03021847486902
2860,129,32.15050701992794,12.77122607987465
2861,129,19.447758347471478,13.727139287916678
2862,129,0.0,14.13162614617742
2863,129,28.723821227718105,16.769927368144067
2864,129,0.0,13.14598030226522
2865,129,0.0,9.53696112781797
2866,129,0.0,6.971166390900568
2867,129,14.87364833042193,5.8785198483470635
2868,129,15.307773211944209,6.050079548658693
2869,129,13.420663447401893,5.304246043367615
2870,129,12.034997248274948,4.756591651330921
2871,129,0.0,5.7726968951072255
2872,129,0.0,11.140448148000747
2873,129,0.0,23.463700101893572
2874,129,0.0,29.317577250209222
2875,129,22.87421147945423,35.46519401495781
2876,129,60.50619334252616,42.352504366160765
2877,129,34.493958004429004,28.61072386248364
2878,129,65.0946408716635,25.763884083484804
2879,129,57.310160214335326,22.6714071147951
2880,129,49.02322077122889,19.408222824505085
2881,129,41.97367554383291,16.61716239479563
2882,129,37.45935259846789,14.834194284058976
2883,129,34.49690007889927,13.662134383136275
2884,129,32.39617639503933,12.827022681996054
2885,129,33.19894764416986,13.14553695860166
2886,129,34.02805839520795,14.494849239356087
2887,129,40.10757262430431,21.299566308801616
2888,129,28.750011093993777,18.610122184977747
2889,129,39.72862792002729,15.702068534597176
2890,129,33.13972227580564,13.097865783781828
2891,129,74.51095378624828,12.490575252218674
2892,129,76.42084961651463,13.245408533135063
2893,129,73.3500654769692,12.031734276727127
2894,129,26.55750632669651,10.496336557585332
2895,129,0.0,10.128879823189493
2896,129,0.0,12.339230185033223
2897,129,0.0,23.810996707125653
2898,129,0.0,28.246827687317793
2899,129,13.995323490902933,32.731239076351024
2900,129,61.97530957197728,43.16349918746008
2901,129,31.338880679534498,29.49855303894849
2902,129,66.52660732086346,26.338162999150324
2903,129,57.22419091255304,22.643433268958372
2904,129,49.1897786502804,19.477708960250958
2905,129,41.83956100585107,16.569040147712453
2906,129,37.064980637531164,14.680770351266421
2907,129,35.4138901160681,14.030570019151565
2908,129,35.98780561549475,14.256154544872562
2909,129,34.619437824716215,13.716529218780645
2910,129,26.840857308858546,12.765545614329302
2911,129,0.0,9.951151722122665
2912,129,0.0,9.940733236835257
2913,129,0.0,9.046544156502462
2914,129,0.0,7.817156850341884
2915,129,17.047581062879402,6.737666968373045
2916,129,16.50565361173406,6.523485688833081
2917,129,15.944685209042575,6.301791860393711
2918,129,0.0,6.66084499770093
2919,129,0.0,7.6403637716935355
2920,129,0.0,13.209536177527065
2921,129,0.0,20.302750610464706
2922,129,0.0,22.448444704904244
2923,129,0.0,24.541414390132932
2924,129,18.654359176519364,28.449137416704094
2925,129,26.491391653543417,27.604529297531258
2926,129,61.88030752260332,24.512777239370127
2927,129,54.15382009514147,21.450529993657028
2928,129,44.0594745533609,17.442783325968723
2929,129,39.435203283616715,15.619952730807727
2930,129,36.98509766435265,14.646724324488249
2931,129,34.9142201593331,13.819766567791735
2932,129,33.076091999181045,13.098142674059945
2933,129,0.0,12.974978127896101
2934,129,16.16448549931704,12.539007915187826
2935,129,0.0,9.202335584805464
2936,129,0.0,8.697257893185393
2937,129,0.0,8.664835748073918
2938,129,18.83751263664024,7.445132853146217
2939,129,17.955520660503765,7.096533781214512
2940,129,16.665830831023243,6.586806781962152
2941,129,15.063620927858068,5.953570192826106
2942,129,15.647259819516535,6.184242082249836
2943,129,0.0,5.944098214103435
2944,129,0.0,7.20512367787924
2945,129,0.0,11.870098438342739
2946,129,0.0,15.388401027155648
2947,129,0.0,18.60920201487002
2948,129,9.066530834012099,24.695991061986053
2949,129,25.30978849416954,27.134915740763397
2950,129,19.194172906313867,24.602655049087446
2951,129,46.92345873315773,20.61039679446491
2952,129,43.97581194655942,17.425401966113096
2953,129,37.6130844033753,14.908247169841502
2954,129,33.396628462867284,13.242994438864889
2955,129,31.706666435045605,12.570223395067453
2956,129,31.056823972125613,12.306093201966382
2957,129,32.873671608221855,13.026568417139043
2958,129,30.783907336523697,13.509765722781232
2959,129,26.81084782472709,16.723544067835732
2960,129,13.441562977760668,13.327717289159018
2961,129,26.700351977350323,10.552717622779667
2962,129,19.23049745088079,7.600415572535166
2963,129,16.259994247246112,6.426388914602989
2964,129,25.76580116584637,6.45649575990288
2965,129,58.20428933838784,6.045633329470855
2966,129,14.51530494465203,5.736860776746502
2967,129,16.06631244254686,6.349868419154364
2968,129,0.0,11.006396652947917
2969,129,0.0,22.961695221569585
2970,129,0.0,26.047590520946613
2971,129,16.49832183920452,30.45252464309374
2972,129,49.859536650771474,38.522014896758144
2973,129,69.33372875159094,27.579878886394255
2974,129,62.61754494569516,24.800465903109195
2975,129,51.126433203041444,20.2503583510582
2976,129,38.68214209497012,15.31989946332979
2977,129,31.0715931320118,12.315635234151722
2978,129,29.262185242874494,11.59928871103167
2979,129,27.80615401703912,11.021392560316805
2980,129,27.569301816587455,10.927762508695354
2981,129,0.0,11.376142022857179
2982,129,0.0,12.69518357434303
2983,129,22.56117016468906,15.772008725730421
2984,129,0.0,12.05050893307677
2985,129,0.0,9.709046263308085
2986,129,0.0,7.5062178697542015
2987,129,0.0,6.182387790467247
2988,129,0.0,6.44043822179678
2989,129,8.357216358103159,6.401429442550493
2990,129,0.0,6.057799392650604
2991,129,0.0,6.72080468122765
2992,129,0.0,10.935978905033428
2993,129,0.0,22.274971222788945
2994,129,0.0,25.855281921259117
2995,129,46.82776528724375,28.91185772211316
2996,129,45.806088618782326,36.97339695308568
2997,129,56.579714623833155,25.745094990698792
2998,129,61.00439619865128,24.16297698909133
2999,129,51.39271276955881,20.353258757974558
3000,129,41.17416510486294,16.308514695064527
3001,129,34.19796633395933,13.541583892205514
3002,129,30.595570770476144,12.120251778476282
3003,129,29.45662319548248,11.676138098212743
3004,129,30.289604001776382,12.007792303429186
3005,129,0.0,12.680571218439113
3006,129,0.0,12.709713637917716
3007,129,0.0,15.46525603034031
3008,129,0.0,12.787865736197858
3009,129,0.0,9.752340673104195
3010,129,0.0,8.131235850575205
3011,129,0.0,6.68830914773017
3012,129,0.0,6.395200525502865
3013,129,0.0,5.475321513780695
3014,129,0.0,5.514095754933946
3015,129,0.0,5.927369596007372
3016,129,0.0,9.840334176701296
3017,129,0.0,19.713990795533302
3018,129,0.0,24.253004758466883
3019,129,5.070147042104622,29.874793498901873
3020,129,51.18779454353728,39.11374418175064
3021,129,71.65190783679165,28.525271808048295
3022,129,66.93510885495968,26.494816316566986
3023,129,55.60339736765485,22.019803404344085
3024,129,44.540327537152535,17.641290981470195
3025,129,68.86029754793555,15.131076230268285
3026,129,36.471859125477124,14.435388657919914
3027,129,33.62276319257873,13.310537123564194
3028,129,31.12174752681085,12.336600681362661
3029,129,0.0,12.557260048172207
3030,129,0.0,12.084414857531302
3031,129,0.0,14.354924279110621
3032,129,0.0,12.52076245069109
3033,129,0.0,10.184775892113349
3034,129,0.0,7.649931547223259
3035,129,0.0,6.031931246128002
3036,129,0.0,5.621912139045379
3037,129,0.0,4.842772853956193
3038,129,0.0,4.702779239251057
3039,129,0.0,6.22136853177312
3040,129,0.0,11.239784605154842
3041,129,0.0,24.113301937209037
3042,129,4.8049486675481035,29.285557253469175
3043,129,14.721469640626594,33.733933448851865
3044,129,54.26871161764879,39.74821368939909
3045,129,68.93774964813915,27.435332869985714
3046,129,64.83899271119142,25.65654069354667
3047,129,55.9722185734195,22.14368239139556
3048,129,45.723815252966205,18.088354006871214
3049,129,37.81425466698707,14.968340078254835
3050,129,33.14562916029473,13.125569008142325
3051,129,31.383519176294783,12.419455119309207
3052,129,30.366835566788097,12.020049028491357
3053,129,30.949349727269038,12.261182288060207
3054,129,0.0,11.70413276814682
3055,129,0.0,16.319801270170537
3056,129,0.0,14.848335166999467
3057,129,0.0,11.761799471773767
3058,129,0.0,9.730920008568186
3059,129,0.0,8.991518537366334
3060,129,0.0,9.847324846221879
3061,129,0.0,8.811330330834446
3062,129,0.0,8.082863381142174
3063,129,0.0,8.182043119833786
3064,129,0.0,10.391341636784333
3065,129,0.0,19.21436232187896
3066,129,0.0,23.15680399290438
3067,129,0.0,27.43681150743903
3068,129,39.335557355059336,34.7483299010614
3069,129,64.09338914013674,25.537821200058367
3070,129,61.630039464656505,24.388284759958925
3071,129,55.8443113152336,22.09674443048505
3072,129,46.996150614290855,18.6057629658454
3073,129,42.02973926921061,16.271834679598445
3074,129,36.3320954927957,14.383772096911628
3075,129,34.105622071631814,13.50623625443204
3076,129,31.27127916044259,12.382396796644365
3077,129,0.0,12.621604727169627
3078,129,0.0,10.184177831717177
3079,129,0.0,6.959610038074813
3080,129,0.0,6.917424206393087
3081,129,0.0,6.066564800179858
3082,129,0.0,5.28595601006192
3083,129,0.0,4.5259002009804625
3084,129,0.0,4.723353869758137
3085,129,0.0,4.463575407177112
3086,129,0.0,4.623781943245238
3087,129,0.0,5.278478054660002
3088,129,0.0,8.910235161468577
3089,129,0.0,14.948095547013494
3090,129,0.0,17.654517281831776
3091,129,0.0,19.83505109433119
3092,129,4.30912054255117,24.02305588829208
3093,129,21.525193528855624,25.685410083951503
3094,129,57.96031086710585,22.931933960641278
3095,129,8.205002160011077,20.22194434808278
3096,129,43.055809476260976,17.035201298312007
3097,129,36.65678363173441,14.513370010734906
3098,129,32.30215032064265,12.788610639139119
3099,129,24.605885403200745,11.759584577405953
3100,129,28.627206576704367,11.327685840945126
3101,129,27.474841572040276,10.88557529978594
3102,129,17.569475147379165,9.1351937547861
3103,129,0.0,6.746869973742252
3104,129,0.0,7.237146592027757
3105,129,0.0,7.172251413110637
3106,129,14.285338773010636,5.645985831491162
3107,129,11.421029255767934,4.5139280609725745
3108,129,53.59953844445897,4.225718900647659
3109,129,53.89590079273887,4.342850178264312
3110,129,11.906478312596391,4.705797757608963
3111,129,0.0,5.221124538861456
3112,129,0.0,6.333853166539892
3113,129,0.0,10.722880717246683
3114,129,0.0,14.064132465234007
3115,129,0.0,17.28273145937955
3116,129,3.87854084508632,23.895383797001575
3117,129,21.740765201251122,25.765756538012887
3118,129,57.22725547301977,22.65791615677779
3119,129,6.415290959566278,19.52537192453769
3120,129,39.66897685170778,15.70859027035517
3121,129,27.51281182450427,12.909649681258822
3122,129,29.59133792291624,11.71718458776429
3123,129,29.02676661014425,11.494032819481706
3124,129,28.821044789332007,11.40910859281978
3125,129,28.73143021711755,11.383405207993649
3126,129,21.638697176594945,10.556644686283846
3127,129,17.533672616451668,14.33221436956275
3128,129,32.42192269049582,12.814109633610665
3129,129,25.782998559748194,10.190190055703468
3130,129,18.869702502335883,7.457841083778525
3131,129,60.40563836242896,6.915670284536681
3132,129,62.23401757100788,7.638285860808407
3133,129,61.77075481586414,7.45519131813129
3134,129,30.798631496292472,7.371066318329604
3135,129,8.93721860700225,8.124687832291045
3136,129,0.0,13.734433060184644
3137,129,0.0,25.868835627836948
3138,129,0.0,26.934146939210866
3139,129,3.8214091869406275,30.30938178334684
3140,129,52.24698346584944,36.80151296210514
3141,129,69.18055888061403,27.58115394369252
3142,129,65.28127902750924,25.84470387551595
3143,129,54.68555509851569,21.648450022671526
3144,129,44.76039138080523,17.726991931686445
3145,129,36.94433341589942,14.634240369727676
3146,129,33.57873423059843,13.300418505931562
3147,129,31.825775007682466,12.611237915640517
3148,129,31.455408917956618,12.461218966628593
3149,129,0.0,12.93543155869538
3150,129,0.0,11.719695458498643
3151,129,16.535390579626608,14.763869408110128
3152,129,0.0,12.109710093877977
3153,129,0.0,10.377034295580037
3154,129,14.301628977158032,7.660684188963126
3155,129,16.369304622852354,6.4696368145469485
3156,129,59.11513006345004,6.405637691151251
3157,129,47.76027365132762,6.147871735177076
3158,129,16.37393997774339,6.471472032147314
3159,129,0.0,7.530639311484713
3160,129,0.0,12.619100041168899
3161,129,0.0,24.801121358803623
3162,129,0.0,28.735459256455634
3163,129,12.996099699755348,33.86750763483182
3164,129,51.176826058313196,37.3793092168066
3165,129,61.93509259022889,24.75161061489705
3166,129,57.94595975669026,22.943217839736295
3167,129,49.68338528070504,19.675149312483846
3168,129,39.842721532092895,15.771337269823146
3169,129,33.4027056512447,13.22481948025812
3170,129,30.326272386645314,12.013798313496013
3171,129,30.518225933597876,12.088429510065925
3172,129,29.585860634380623,11.722357474258711
3173,129,0.0,12.312606442850539
3174,129,0.0,10.998775355870011
3175,129,18.990223558667196,15.226958315250487
3176,129,0.0,12.988794608423303
3177,129,0.0,10.515994377066946
3178,129,21.610766970400874,8.54123104154055
3179,129,18.773768733048257,7.419957439169142
3180,129,35.323098634581385,7.3579757112141095
3181,129,17.238638253981975,6.813231464710513
3182,129,17.760344610582735,7.019448954049024
3183,129,0.0,7.672587527006317
3184,129,0.0,12.696811401259508
3185,129,0.0,22.671444625248743
3186,129,0.0,25.24193232985863
3187,129,0.0,27.60463018206804
3188,129,40.01284023755858,35.18000491342994
3189,129,62.41056332033068,26.62300742105477
3190,129,67.00879407114613,26.534827877895143
3191,129,57.154738705030184,22.62809891548485
3192,129,44.32034247915695,17.538599059420825
3193,129,38.92311956633421,15.407848460540034
3194,129,34.359515933818585,13.602950321076834
3195,129,31.936092350544953,12.642707133191676
3196,129,30.329756622744952,12.004205038312538
3197,129,0.0,12.084459259793064
3198,129,0.0,9.519633931826863
3199,129,0.0,6.713683758855879
3200,129,0.0,7.051561073013589
3201,129,0.0,7.133295329033718
3202,129,0.0,5.924440205374757
3203,129,11.865210423135153,4.689484640267904
3204,129,11.349676988359647,4.48573436819392
3205,129,11.272950357557932,4.455414035618178
3206,129,10.50872398670677,4.660019817907045
3207,129,0.0,5.130312690274868
3208,129,0.0,6.886881261857547
3209,129,0.0,11.798050440532522
3210,129,0.0,15.577669399212569
3211,129,0.0,18.630673533385636
3212,129,4.025384581442637,24.44254409664208
3213,129,29.87258645526225,28.262473465921833
3214,129,62.91812606512792,24.908556754327044
3215,129,52.357550895312244,20.723741627050387
3216,129,45.237001597342896,17.903397503219445
3217,129,37.9213170284487,15.016841734192674
3218,129,34.82292137373122,13.792206608744552
3219,129,31.2846871379584,12.387741130222496
3220,129,28.560931112998844,11.311228384939819
3221,129,0.0,11.131566131599133
3222,129,0.0,8.964929483513947
3223,129,0.0,10.648874018231652
3224,129,0.0,10.395390475519223
3225,129,0.0,10.00689926249267
3226,129,19.8682403601822,7.852511272742439
3227,129,15.123053680742515,5.97708992048012
3228,129,58.15964746126667,6.02802268016635
3229,129,19.947808535903278,6.534682072507781
3230,129,19.115799802264632,7.5551410933554655
3231,129,20.5345897048268,8.11589187183572
3232,129,0.0,11.703670000317427
3233,129,0.0,19.778706653051646
3234,129,0.0,24.415042789651334
3235,129,0.40526064788437566,29.945573199873106
3236,129,46.80618417458504,38.04185780754361
3237,129,64.49416124112517,26.88625357363593
3238,129,64.57951530970618,25.563769989661484
3239,129,54.89315902005032,21.728132046167957
3240,129,47.0350385833207,18.619971877434708
3241,129,40.98816883251288,16.22518385288254
3242,129,35.88020316653129,14.202761652790095
3243,129,33.080817617577196,13.098779152550241
3244,129,31.01387127438926,12.2818407384092
3245,129,0.0,11.67178245692527
3246,129,0.0,9.027319576791266
3247,129,0.0,6.895277498413116
3248,129,0.0,7.042099485762928
3249,129,0.0,6.790701751497338
3250,129,0.0,5.6565323715868265
3251,129,0.0,4.545330120822638
3252,129,0.0,4.299688664693234
3253,129,9.874239203917057,3.9026140188467053
3254,129,0.9099661605738163,3.8242331037751325
3255,129,0.0,4.403881625853778
3256,129,0.0,6.291114691381286
3257,129,0.0,11.453113248796578
3258,129,0.0,14.190686947057207
3259,129,0.0,17.033571443565513
3260,129,0.0,21.47604002439633
3261,129,20.967128635835053,25.564408087308905
3262,129,19.18895930976916,24.604360251202543
3263,129,56.25153454431242,22.2650952579065
3264,129,38.207472827998856,18.98757541485941
3265,129,40.78677717875934,16.14440887023694
3266,129,37.92456156815405,15.015558000229998
3267,129,35.01309035583233,13.862444477976851
3268,129,33.81358035698412,13.38474210256351
3269,129,33.35894219219071,13.22931833396821
3270,129,17.172903064430756,9.847167703417805
3271,129,0.0,7.107608532813307
3272,129,0.0,7.536606457245985
3273,129,4.452001475261369,7.376365413031772
3274,129,14.89844666263096,5.888316905127962
3275,129,11.201757474786689,4.427265827292901
3276,129,9.681473620034353,3.826398129479687
3277,129,9.453699942490346,3.7363755693472145
3278,129,9.751717084490963,3.854154659376793
3279,129,10.949418557107293,4.327517021881334
3280,129,0.0,6.525242614362501
3281,129,0.0,11.731679052106987
3282,129,0.0,14.355740671863934
3283,129,0.0,17.67959649383534
3284,129,0.0,22.932645011915632
3285,129,23.748525722144365,26.628416796814168
3286,129,64.90700656347315,25.694442452628316
3287,129,11.267093782524995,21.44190535892414
3288,129,38.92973358245655,17.844285665954082
3289,129,37.672553970253375,14.909937191266293
3290,129,33.144981917867966,13.12414110486995
3291,129,31.446884143111475,12.453039257813849
3292,129,30.91920663468173,12.243263709751128
3293,129,31.87220134202917,12.64174756197085
3294,129,19.400275776177978,10.323490532581625
3295,129,14.56657417411833,14.130155832855422
3296,129,0.0,12.27314636054943
3297,129,0.0,10.128878826865417
3298,129,18.839598929112356,7.445956411748596
3299,129,16.43795434580042,6.496776226453369
3300,129,17.164596381306296,6.783981147281723
3301,129,60.740978512008326,7.048250987789772
3302,129,21.67315545700177,8.565912205542826
3303,129,22.236306551491225,8.788498412046927
3304,129,0.0,13.426111462083085
3305,129,0.0,24.47242220711588
3306,129,0.0,27.49498008901688
3307,129,8.533959965323135,29.916145687520128
3308,129,41.653882502611594,36.202345562312146
3309,129,66.77255791460013,26.689092265695436
3310,129,64.61347335680401,25.596707953410824
3311,129,56.059749421191185,22.20626647306876
3312,129,46.33561022121668,18.362918313749486
3313,129,39.43270815004851,15.633453208684534
3314,129,35.24923724060969,13.97154646472554
3315,129,32.7345272849584,12.981333082571643
3316,129,33.31368925898914,13.211444707895657
3317,129,0.0,13.595522432075082
3318,129,0.0,11.873207909353923
3319,129,18.143769700273538,16.417543873096125
3320,129,0.0,13.223996912051721
3321,129,0.0,10.333083915731983
3322,129,0.0,7.639766944726645
3323,129,0.0,6.23989264423626
3324,129,0.0,5.300367226456812
3325,129,0.0,4.791304380752532
3326,129,0.0,5.31746094680015
3327,129,0.0,7.194494552523642
3328,129,0.0,12.622752448673918
3329,129,0.0,24.365250444672636
3330,129,0.0,27.49996258172062
3331,129,7.257370308046518,32.47667367867352
3332,129,44.69144905219835,37.36869224927851
3333,129,70.49124694942321,28.20358864992487
3334,129,68.85215127771005,27.275483439093573
3335,129,58.65979427492363,23.23748542779391
3336,129,47.39745668045359,18.776631538498727
3337,129,38.649488964857426,15.31432142168674
3338,129,36.106748769945796,14.31176507004496
3339,129,33.894278116306964,13.434890365168828
3340,129,31.94650882030814,12.663860132597124
3341,129,0.0,12.661163768175218
3342,129,3.2732073347503388,10.593335230828675
3343,129,14.418196305520325,14.340836220592998
3344,129,0.0,11.217760822338981
3345,129,0.0,9.859119370882595
3346,129,0.0,7.721917075867047
3347,129,0.0,7.082144244036747
3348,129,0.0,7.561236182144178
3349,129,0.0,7.281322666979969
3350,129,0.0,7.878270698706306
3351,129,0.0,7.634504118347724
3352,129,0.0,13.13670508900873
3353,129,0.0,26.329925352728683
3354,129,0.0,28.642626367077497
3355,129,0.6162155324496155,30.42453957980601
3356,129,46.17201033413565,37.99133145927805
3357,129,44.99788555672879,28.564385440545585
3358,129,69.8143978348078,27.653315021059495
3359,129,60.10231345939587,23.79417624558496
3360,129,49.75480893726214,19.694879515527575
3361,129,40.42284132189522,16.005409116247947
3362,129,36.14423955839996,14.322899130971336
3363,129,33.3160274206179,13.194155887110668
3364,129,32.3824427792303,12.82880296000614
3365,129,31.97804647805569,12.705388937684507
3366,129,0.0,11.782578619078416
3367,129,17.686405570650265,15.807251691978191
3368,129,0.0,12.644071723853667
3369,129,0.0,9.425959568141232
3370,129,0.0,6.801353929840235
3371,129,15.339552650704746,6.062647081598764
3372,129,18.120159995895335,7.161630105088754
3373,129,27.20583563025869,10.752558372506847
3374,129,27.987303886845893,11.061420734470515
3375,129,0.0,8.1378777096767
3376,129,0.0,10.831564801825646
3377,129,0.0,18.250105415182194
3378,129,0.0,20.53855253992716
3379,129,24.541065205909263,22.85032815130493
3380,129,28.723100755296826,31.0223534037612
3381,129,19.030450829468748,24.747932598549472
3382,129,64.73243898661352,25.649603423865464
3383,129,14.208045377927192,22.616288304288293
3384,129,44.53472412349768,17.639084584917576
3385,129,33.70103185759632,15.378562934004155
3386,129,33.57262027796182,13.304123475011934
3387,129,32.055743887553945,12.710664798852502
3388,129,30.117874816294687,11.939903662593292
3389,129,29.357734036072003,11.658891689060123
3390,129,16.08652101350927,9.43843073193551
3391,129,10.035116357478557,12.883901594512743
3392,129,0.0,12.089001727793907
3393,129,26.30054807615423,10.394716032248686
3394,129,22.142214423951145,8.751230189185154
3395,129,19.60169830672598,7.7471497010929165
3396,129,32.03242798847583,8.032538239348595
3397,129,66.43753880491587,9.299660134161044
3398,129,28.380137539816275,11.216691205026025
3399,129,27.11464112649864,10.716529031945035
3400,129,38.72931910501265,15.307013205719203
3401,129,0.0,25.568026690707075
3402,129,0.0,27.85372285103834
3403,129,7.407545650842451,30.35573432447223
3404,129,31.713054800295737,32.58402459003751
3405,129,18.604710850080863,24.63929844196729
3406,129,61.07229345625953,24.177758864889036
3407,129,53.31837214438906,21.109497518755965
3408,129,44.88066199808571,17.77220911150657
3409,129,38.7061411249654,15.329445532430636
3410,129,34.45941101693606,13.641287168541911
3411,129,32.57727474706584,12.899797634826232
3412,129,31.810224704887702,12.601494192110339
3413,129,29.75292163911547,11.825975284275879
3414,129,0.0,9.257420067945722
3415,129,0.0,7.5603869931392
3416,129,0.0,7.572270125244709
3417,129,0.0,7.56520421236267
3418,129,0.0,6.372657157397538
3419,129,0.0,5.426932282506768
3420,129,0.0,5.095165663461878
3421,129,0.0,4.641972030733814
3422,129,0.0,4.361187902245903
3423,129,0.0,4.730446897386334
3424,129,0.0,6.053000907983425
3425,129,0.0,10.343294104930827
3426,129,0.0,12.459904009259622
3427,129,0.0,14.773200793978601
3428,129,0.0,19.294326130394627
3429,129,14.975135252257132,23.248223441743743
3430,129,15.007932121903877,22.979706668327907
3431,129,36.40087860987151,21.37964131523218
3432,129,46.52273897481152,18.425938763536834
3433,129,40.205214073189666,15.92180946587781
3434,129,34.949678393246586,13.844695438341224
3435,129,30.88435115823529,12.239207447699611
3436,129,29.666524154627893,11.75668605165503
3437,129,29.694343688518643,11.808950832044147
3438,129,12.779215584416193,9.009774142377491
3439,129,0.0,6.423781632378373
3440,129,0.0,6.587422553107077
3441,129,0.0,7.300227538750859
3442,129,0.0,6.424853256240149
3443,129,8.726444020560109,5.834500913533811
3444,129,14.416780335263724,5.697981340600058
3445,129,0.0,5.221992091736278
3446,129,0.0,4.916648027483839
3447,129,0.0,5.255698146032938
3448,129,0.0,7.331650331197717
3449,129,0.0,13.199861986282084
3450,129,0.0,14.861911264840835
3451,129,0.0,16.33946370971624
3452,129,0.0,21.163661303072512
3453,129,21.279195995937528,25.70350579291492
3454,129,20.595044580474564,25.149235392822987
3455,129,54.46983295652785,21.573088210941886
3456,129,34.601073680253336,18.82839012934713
3457,129,40.99700703475406,16.23723329539629
3458,129,35.9514433736976,14.239460830383344
3459,129,32.60858758374141,12.919471345372038
3460,129,30.876122489299718,12.234740419860398
3461,129,30.518675744101387,12.146834531421097
3462,129,12.054363596551099,9.06297052727252
3463,129,0.0,6.783996119780587
3464,129,18.383230269797934,7.265604624182321
3465,129,20.122942374193542,7.953175747410833
3466,129,17.625173378252867,6.96597159333268
3467,129,16.865665802022534,6.665806157229904
3468,129,30.70844224745528,6.803000009546622
3469,129,58.91519080353547,6.326595670527651
3470,129,15.444753403034639,6.104204066562458
3471,129,15.983425303257803,6.317096487005495
3472,129,19.942898963215328,7.882014455522633
3473,129,0.0,14.856457509449598
3474,129,0.0,16.810421117525028
3475,129,0.0,18.296239316376397
3476,129,0.0,21.950877826551743
3477,129,29.054180800894613,25.63479704296643
3478,129,64.35332842458052,25.488961864765784
3479,129,55.18209246858419,21.858139806511698
3480,129,48.374878793623566,19.166542410062146
3481,129,39.924587636672726,15.81944737471034
3482,129,35.848077838462444,14.204641472936382
3483,129,33.87760248327254,13.42584458814997
3484,129,32.27344789027242,12.802774196718662
3485,129,0.0,12.716237002853521
3486,129,0.0,11.04754642817877
3487,129,0.0,15.581723674335578
3488,129,0.0,11.810260374917865
3489,129,0.0,8.761425285831237
3490,129,16.517225794753898,6.528097854594768
3491,129,13.123990667267549,5.186990060985177
3492,129,22.143249136608034,5.728788635307354
3493,129,14.172575021149214,5.601407864898248
3494,129,14.874438683840197,5.878797829422561
3495,129,20.056318694607,7.926817277101995
3496,129,0.0,14.143321914442101
3497,129,0.0,25.76148148394913
3498,129,0.0,28.8001968768527
3499,129,2.6723391949232678,31.6533386614146
3500,129,39.89542982986549,35.826215520411225
3501,129,21.317625301211507,25.762284847726477
3502,129,59.6748520748811,25.66108321722237
3503,129,54.412547061453154,21.55520457538523
3504,129,43.06913298435333,17.065931346357573
3505,129,36.747735280069804,14.562688428697571
3506,129,32.519051288240064,12.89141972067901
3507,129,56.19276387679761,11.892590269212207
3508,129,29.24488404436687,11.59370967622714
3509,129,29.371416123765925,11.691030534294503
3510,129,0.0,9.946441293786469
3511,129,0.0,12.985120145722393
3512,129,0.0,10.401398796340718
3513,129,0.0,8.323277089011029
3514,129,0.0,6.659947589248301
3515,129,0.0,6.0824505443106505
3516,129,0.0,7.087173167026911
3517,129,13.607318170027582,7.155071720903932
3518,129,0.0,6.4751273428778005
3519,129,0.0,6.254736587079868
3520,129,0.0,9.962452534956387
3521,129,0.0,20.48774837170575
3522,129,0.0,21.384596730796282
3523,129,0.0,23.38900582929135
3524,129,24.304175713599108,29.723701549707602
3525,129,17.081753950531464,24.0736702150524
3526,129,63.05423853832082,24.980359019800037
3527,129,52.69055171218895,20.867408582618236
3528,129,45.7254082293268,18.10362775996007
3529,129,39.37620582628654,15.591800542755335
3530,129,35.499231020168054,14.061934975927167
3531,129,31.90525656163956,12.635428999383397
3532,129,32.21170743919188,12.75654083515789
3533,129,30.333649186417233,12.364028526515607
3534,129,0.0,10.060467635456666
3535,129,0.0,13.098694312687128
3536,129,0.0,10.158622419479933
3537,129,0.0,8.037648018989616
3538,129,0.0,5.981709999335408
3539,129,0.0,5.649284224835559
3540,129,0.0,5.923251002789702
3541,129,0.0,5.463778000077988
3542,129,0.0,5.505741575509357
3543,129,0.0,5.379408075900587
3544,129,0.0,7.910986298671858
3545,129,0.0,15.425104672137639
3546,129,0.0,20.144459705194123
3547,129,0.0,23.464412778018847
3548,129,25.75260059725437,30.190519433316403
3549,129,18.431353337856393,24.51239624023294
3550,129,60.625408016257154,24.020402123855963
3551,129,28.847132531705455,21.14729113895261
3552,129,43.47284941548324,17.227848884617288
3553,129,36.61205488561947,14.513825330346714
3554,129,32.91300556466936,13.04943997752305
3555,129,31.59504495074472,12.527336608412632
3556,129,29.66987878525984,11.764038053452825
3557,129,28.961510560897352,11.511982399539988
3558,129,15.116868599410083,9.63519457599963
3559,129,8.631781570493047,13.156814241699086
3560,129,0.0,11.955043058062731
3561,129,0.0,11.139717937599222
3562,129,0.0,9.857484763201246
3563,129,0.0,8.549611108463527
3564,129,19.77444190520572,7.815461101472494
3565,129,16.493501495993712,6.518723605203244
3566,129,15.813036204015418,6.249785405668182
3567,129,18.064888831222703,7.139784953898737
3568,129,0.0,10.343406561263702
3569,129,0.0,19.726522991925734
3570,129,0.0,23.091917065298396
3571,129,0.0,26.279172607663334
3572,129,29.554926296228246,32.13727054705679
3573,129,18.900429959778364,24.837248279428742
3574,129,61.89283354701658,24.503115685688734
3575,129,54.05182650333629,21.400476534954922
3576,129,44.254848605262964,17.528461254291095
3577,129,39.00687457038998,15.445762125873536
3578,129,35.55360710815947,14.07606668059645
3579,129,31.662178824888088,12.536912326624435
3580,129,30.57141862562318,12.114288610813446
3581,129,23.01342575809784,11.84621915417915
3582,129,0.0,9.514364631280873
3583,129,0.0,8.414513481884603
3584,129,0.0,9.130866890044377
3585,129,0.0,9.44502368048041
3586,129,6.391022369900412,8.27327833872327
3587,129,18.52645678459197,7.322233328307805
3588,129,17.53466044582197,6.93024894081897
3589,129,17.354119395779577,6.858874652087851
3590,129,14.82797769262234,5.860464534870109
3591,129,0.0,5.597500199759707
3592,129,0.0,6.772246653974306
3593,129,0.0,11.023838857663025
3594,129,0.0,13.644799843968416
3595,129,0.0,16.239722482534795
3596,129,0.0,19.64561314326985
3597,129,18.9121275226789,24.839465934507963
3598,129,21.03573739525544,25.370609070048726
3599,129,38.574974431647036,22.86687254149697
3600,129,49.572304659033506,19.63369261889373
3601,129,41.38993456910356,16.39375060923202
3602,129,36.845213886206096,14.589045163331384
3603,129,32.919567934690974,13.042358166292141
3604,129,30.37127122748018,12.033980942688531
3605,129,29.389576372057746,11.711483046059861
3606,129,10.62618470627541,8.838249989568784
3607,129,0.0,6.950994821134503
3608,129,0.0,7.452346766606857
3609,129,0.0,8.041371615692194
3610,129,18.110918589258063,7.157961190934433
3611,129,18.843380910020358,7.447447249895395
3612,129,20.467824844836002,8.089469263301647
3613,129,18.626037169401144,7.361532191516718
3614,129,18.318254773959097,7.239909252075536
3615,129,10.338870332560646,7.593942169755094
3616,129,0.0,9.208556829251975
3617,129,0.0,15.25271451669295
3618,129,0.0,17.194483745107284
3619,129,0.0,18.217383630496624
3620,129,0.0,22.394359454467224
3621,129,25.588506221417617,27.442942510003817
3622,129,23.14875803050498,26.165619511852697
3623,129,41.61684428386536,21.374898134225827
3624,129,44.56523127415579,17.649833693054124
3625,129,37.694517537421035,14.934355596627746
3626,129,33.725190700529595,13.361907058019733
3627,129,31.0608835215902,12.323466299629585
3628,129,30.91185173824229,12.25852365865295
3629,129,30.239232965794116,12.02422692093738
3630,129,14.03575042237648,9.385003283290155
3631,129,7.14664463981407,12.924101867505307
3632,129,26.139352512092984,10.331080935687929
3633,129,21.366117062832757,8.444552916374095
3634,129,17.89695988859208,7.073447412998497
3635,129,15.207387301622077,6.010433743917276
3636,129,15.139792124983842,5.983705632837937
3637,129,57.30058679121797,5.688485213197058
3638,129,45.546632875129944,5.231726043901332
3639,129,14.637672303567939,5.785231203035719
3640,129,26.437185714257794,10.448740483075337
3641,129,0.0,22.316853978038427
3642,129,0.0,24.68856896843218
3643,129,30.8226177172628,27.173489412605917
3644,129,36.580836725349286,35.009989179062465
3645,129,28.215644619074,25.859321575147913
3646,129,63.97335863644926,25.33998313905326
3647,129,56.821407716387995,22.501154074645875
3648,129,43.484953632965784,17.22418394068579
3649,129,37.59004072315619,14.881002883248346
3650,129,33.26568177535805,13.174346112920743
3651,129,30.930116228731208,12.256106532284358
3652,129,31.75435770672763,12.583053134947807
3653,129,0.0,12.612545014665955
3654,129,0.0,10.50966278489614
3655,129,0.0,14.191785897937182
3656,129,0.0,10.71344919710407
3657,129,0.0,8.012534526226252
3658,129,0.0,5.311562831296882
3659,129,0.0,3.967256103483131
3660,129,0.0,4.755231236976052
3661,129,0.0,4.933761141013375
3662,129,0.0,5.313334606226473
3663,129,0.0,6.612942801907654
3664,129,0.0,10.730291080674924
3665,129,0.0,20.94541189462468
3666,129,0.0,25.750322322173627
3667,129,0.0,29.55022716912232
3668,129,38.20121481003369,35.54253452452179
3669,129,19.90409537115667,25.24735962460937
3670,129,64.62707570280912,25.59348372540099
3671,129,53.946485314504855,21.373384792641268
3672,129,44.51963675972337,17.629450982661115
3673,129,37.42593503886127,14.82580859801798
3674,129,33.58135147671604,13.307517599849941
3675,129,30.33084963362498,12.028896777552633
3676,129,30.78272236288626,12.197793615153833
3677,129,19.393113350933078,11.943840891828438
3678,129,14.467125051229601,9.722986563212514
3679,129,7.109171751608301,12.882660758089825
3680,129,0.0,10.879020233520384
3681,129,0.0,8.273627921344389
3682,129,17.696366972085542,6.994155853965891
3683,129,17.101154433650123,6.7589052880643115
3684,129,21.347766101165178,8.437298910900653
3685,129,42.6671413730908,7.879188985970828
3686,129,18.327068737633567,7.243392533887159
3687,129,17.692718536398644,6.9926780689410695
3688,129,0.0,10.488270876629969
3689,129,0.0,19.11805967601145
3690,129,0.0,21.057832507660464
3691,129,0.0,23.84026009025206
3692,129,25.05432203874136,30.405898784708274
3693,129,49.92332401093691,26.7492336067747
3694,129,69.05822091480118,27.383569515068444
3695,129,57.6484513615938,22.831699539431447
3696,129,47.34639913140626,18.74906231105022
3697,129,40.94059651884763,16.216084587153844
3698,129,37.05269348500906,14.683090918742337
3699,129,35.49514742964632,14.061423490174741
3700,129,34.70025285803047,13.744808538787716
3701,129,0.0,12.756628572993794
3702,129,0.0,9.882422682748173
3703,129,0.0,12.803309013383261
3704,129,0.0,10.78331411708574
3705,129,0.0,8.569493342529668
3706,129,0.0,6.418269235252585
3707,129,0.0,5.552469024345671
3708,129,0.0,5.942872799220332
3709,129,0.0,5.926273130780795
3710,129,0.0,5.218108956024443
3711,129,0.0,5.192685338786878
3712,129,0.0,8.119597079906525
3713,129,0.0,15.796584594976071
3714,129,0.0,20.919941523845328
3715,129,0.0,24.228271019595557
3716,129,27.681548312258997,31.291270219456088
3717,129,23.637753157970565,26.593130066796416
3718,129,68.9844012307006,27.32528961441011
3719,129,60.462764751193276,23.951315378194103
3720,129,49.15766426736212,19.473503802220556
3721,129,41.902278243892255,16.60717783734033
3722,129,35.98113132240144,14.262118889628466
3723,129,33.109551042272756,13.119939501911718
3724,129,31.046937860399026,12.30475163318265
3725,129,21.97259405543761,12.410054428131565
3726,129,0.0,10.261331006784022
3727,129,12.511295937137845,15.052882392449833
3728,129,0.0,12.856035346730101
3729,129,0.0,10.016372885884087
3730,129,0.0,7.4997211712847225
3731,129,0.0,5.41132809305046
3732,129,0.0,5.3914627557317685
3733,129,0.0,4.8840154701515415
3734,129,0.0,5.226799832156608
3735,129,0.0,5.767374218062143
3736,129,0.0,8.772983026685326
3737,129,0.0,16.912255422791045
3738,129,0.0,19.555703282980488
3739,129,0.0,23.52898323566642
3740,129,22.494825927111606,29.731562560166168
3741,129,19.366298225307332,25.086974138241715
3742,129,33.088061028319515,24.94890962337868
3743,129,57.1980357426618,22.652488254502032
3744,129,49.09403403999235,19.43497583697304
3745,129,42.493271031439406,16.8225432860105
3746,129,37.44793133411761,14.829690078640422
3747,129,35.135220007664,13.910764941459625
3748,129,34.044407836884005,13.48693524113814
3749,129,31.87013748277323,12.68945532433062
3750,129,12.987864304545127,9.587222937601984
3751,129,0.0,8.184562644758294
3752,129,0.0,8.595920863793978
3753,129,0.0,8.854994390685485
3754,129,18.056938728310712,7.136637708209717
3755,129,15.285465479443872,6.041267117073097
3756,129,15.619361458600878,6.173230345175048
3757,129,14.043282430371562,5.550325117343597
3758,129,12.691179363347516,5.015932698490047
3759,129,5.9848625556639945,5.059504740525952
3760,129,0.0,6.540522385926622
3761,129,0.0,10.823774220650638
3762,129,0.0,13.350085086089077
3763,129,0.0,15.742908951671735
3764,129,0.0,19.806912609968176
3765,129,16.28944779871233,23.844161275260745
3766,129,17.52016008282098,23.97509302438447
3767,129,33.8597315159852,21.722771166620657
3768,129,48.217702378881455,19.100671301083853
3769,129,42.355747433116875,16.782642644285666
3770,129,37.74674026344371,14.948942998975449
3771,129,33.98503249572471,13.461022345786741
3772,129,32.21814001900469,12.76149614416329
3773,129,30.335466355630558,12.097464971609236
3774,129,10.330915115201122,9.010303814317064
3775,129,0.0,7.039860743696703
3776,129,0.0,6.989977132170254
3777,129,0.0,6.694784693228354
3778,129,0.0,5.911255512435048
3779,129,0.0,5.690969158602142
3780,129,0.0,5.768849853428777
3781,129,0.0,5.317099439850443
3782,129,0.0,5.815040036288126
3783,129,0.0,6.2251742803425545
3784,129,0.0,7.28484757540389
3785,129,0.0,11.56434061813886
3786,129,0.0,13.884351807932422
3787,129,0.0,16.633651379664915
3788,129,0.0,20.494960239329245
3789,129,18.528393332346127,24.703698621767348
3790,129,42.1346199062711,24.366039204392052
3791,129,6.4604898511895215,19.564064389804486
3792,129,41.32514169606338,16.370647661184506
3793,129,35.43987106638724,14.044591477193043
3794,129,32.99956897883405,13.07886349426363
3795,129,30.52007338327911,12.098846527626947
3796,129,29.78062023037964,11.805365086780473
3797,129,29.68584025502352,11.807908522633035
3798,129,14.253854061070825,9.651988409166236
3799,129,25.155224931033615,12.938614140956158
3800,129,29.846525567958082,11.796162015271141
3801,129,23.692146081490506,9.363795332896164
3802,129,20.450257874074396,8.082514815795648
3803,129,18.548278990675016,7.330780234010979
3804,129,41.67932760572057,6.230627203192949
3805,129,56.34807711718892,5.312009746640272
3806,129,56.36775838248198,5.319788158865783
3807,129,14.714697897687756,5.815670378192422
3808,129,24.974774530612365,9.870741340943887
3809,129,0.0,20.27563843662022
3810,129,0.0,23.432730834033862
3811,129,28.408350445655373,27.101327507185754
3812,129,73.77469238841172,35.13801994594045
3813,129,21.750323755082235,26.037638390382764
3814,129,22.582273960519927,25.940584373403027
3815,129,10.536289099636775,21.169976457428966
3816,129,46.387272472898644,18.366366077778267
3817,129,41.24608460178791,16.328314544210315
3818,129,38.42442133779045,15.216753770240157
3819,129,36.18207744981916,14.337781229998958
3820,129,34.148488670822985,13.521936897909145
3821,129,33.39192696305915,13.295723404803576
3822,129,14.896348015085437,10.680003438293818
3823,129,5.667082241156862,13.423957319592226
3824,129,0.0,10.725075601137709
3825,129,19.433253790133165,7.680585577168831
3826,129,14.010402714305314,5.537316604878491
3827,129,11.005440778593112,4.349671231078534
3828,129,53.284314814135314,4.10113222358689
3829,129,32.334547197290675,4.00124407246591
3830,129,10.723743120578888,4.2383497186779255
3831,129,11.700918748232425,4.624578604968614
3832,129,0.0,7.960224902111255
3833,129,0.0,17.095554051442125
3834,129,0.0,21.052925394773695
3835,129,0.0,24.3400875596683
3836,129,24.732972990051394,30.543560059537484
3837,129,18.051054184557103,24.57696995433969
3838,129,35.105863164055506,24.12986829146092
3839,129,54.31673377625401,21.51625121382873
3840,129,42.824820232315375,16.952465301279044
3841,129,37.317793598656834,14.774711870403936
3842,129,34.4455057224593,13.652785012639782
3843,129,33.16874676871606,13.139683490729436
3844,129,32.556806611587774,12.890543160719835
3845,129,31.980222720047635,12.736631964647167
3846,129,13.59823698214413,9.523954730882995
3847,129,5.9054090677079785,12.541549544866058
3848,129,0.0,10.81149653923025
3849,129,0.0,8.654398541906708
3850,129,0.0,6.682908289261339
3851,129,0.0,5.803063241731204
3852,129,0.0,7.152816622652092
3853,129,0.0,6.6045367459419175
3854,129,0.0,6.2511325288062505
3855,129,0.0,6.639786540549263
3856,129,0.0,10.357214685195716
3857,129,0.0,19.373024168451852
3858,129,0.0,21.303448918619935
3859,129,24.754790475473243,25.879519915935465
3860,129,28.44325684086968,32.0475265197778
3861,129,30.349109541521813,26.75977932040697
3862,129,69.49452128549183,27.542780382483997
3863,129,16.92313381153454,23.693043215352656
3864,129,49.27356771354141,19.50954590771658
3865,129,42.1017306483904,16.67138799802273
3866,129,36.60709943620688,14.509441870906127
3867,129,35.168767552992364,13.928826852700176
3868,129,34.27295130140706,13.578395048431359
3869,129,32.16826702209019,12.814523078873837
3870,129,0.0,9.159009000628739
3871,129,4.279032954791262,11.94599595793951
3872,129,0.0,9.37606787310371
3873,129,0.0,7.223692390168276
3874,129,0.0,5.241286196983011
3875,129,0.0,5.0327633267381175
3876,129,5.402509275324263,5.512527365789471
3877,129,12.982631532938882,5.131128000894964
3878,129,11.470535362050782,4.533497660972018
3879,129,0.0,4.982662712774854
3880,129,0.0,7.93362193286406
3881,129,0.0,15.981705828043813
3882,129,0.0,20.372910127715535
3883,129,0.0,23.97575384250329
3884,129,29.80932008230397,32.382131719609795
3885,129,26.237771429439505,27.65833335189628
3886,129,69.3549281714212,27.470556730299243
3887,129,58.866316526199114,23.31666004712905
3888,129,47.84683887192642,18.956591791524026
3889,129,39.857156622119305,15.797623269214752
3890,129,36.88298196419382,14.611187833638231
3891,129,34.37211370139437,13.616388362342462
3892,129,31.839785835376944,12.615559011742327
3893,129,3.523491727488448,12.28455172081871
3894,129,14.272426190576226,9.75395093953128
3895,129,7.959310576541867,13.395698650479224
3896,129,0.0,12.404635260388607
3897,129,0.0,9.750991174970281
3898,129,19.27809993386731,7.619253059129614
3899,129,15.86684696696139,6.271024213790902
3900,129,15.12583494705666,5.978170671056901
3901,129,36.253598375470375,5.308586097739825
3902,129,14.758517980684616,5.832966735081662
3903,129,16.472066619890313,6.51020859546005
3904,129,0.0,9.721654622709465
3905,129,0.0,18.64658685686891
3906,129,0.0,20.976367146575697
3907,129,0.0,25.40158316481712
3908,129,28.95290001914219,32.52651380667649
3909,129,37.753827654078975,26.81428676161203
3910,129,70.24703516644948,27.830350348047304
3911,129,63.41783510665877,25.108166506563126
3912,129,52.500569268204345,20.78366182848147
3913,129,43.56317269704135,17.247719735770037
3914,129,40.161410460342495,15.90202274008328
3915,129,36.53400551938901,14.469617446720655
3916,129,35.17115237279711,13.930971486486026
3917,129,0.0,12.558356496829328
3918,129,0.0,8.16225964780871
3919,129,0.0,6.443485405754709
3920,129,0.0,6.30140863071573
3921,129,0.0,5.961864273906025
3922,129,0.0,4.657475062152779
3923,129,0.0,4.098751896992711
3924,129,0.0,3.9124770946483425
3925,129,0.0,3.9033811448453943
3926,129,0.0,4.411672120860071
3927,129,0.0,4.651310125676896
3928,129,0.0,5.805879798778324
3929,129,0.0,10.187775045075195
3930,129,0.0,13.434481001344821
3931,129,0.0,16.377418068457516
3932,129,0.0,21.281460725170266
3933,129,18.356663709393928,24.68308463639262
3934,129,62.75233366680766,24.86351997201737
3935,129,54.558830387385626,21.617885759965
3936,129,45.156164113574704,17.900399370346502
3937,129,38.46392054951053,15.251799692396997
3938,129,33.77769108093176,13.387569070374164
3939,129,0.1423393196375855,12.181405910290902
3940,129,0.0,12.21606352084599
3941,129,29.82552599972621,11.89957697071397
3942,129,6.095007867632063,7.457484857932919
3943,129,0.0,5.828461674230012
3944,129,0.0,7.204647385926628
3945,129,19.4406417927091,7.683541771391173
3946,129,18.44292390356017,7.289220521538624
3947,129,15.765781992875816,6.231125267200323
3948,129,15.283026557984414,6.040324329532844
3949,129,27.018650558499502,5.877125985536018
3950,129,13.765921705900297,5.440715412049174
3951,129,15.75408930617428,6.226497561177987
3952,129,0.0,7.738438569139656
3953,129,0.0,11.713042354706737
3954,129,0.0,14.230870350067935
3955,129,0.0,16.88805258380257
3956,129,0.0,21.86814004330462
3957,129,23.472655518187224,26.706318637080887
3958,129,25.365166427636865,27.04055523759432
3959,129,56.77862526385269,22.48435104253109
3960,129,26.986756836699044,17.44517501783213
3961,129,38.39951311451628,15.19971408910148
3962,129,35.90715287693058,14.220730429133344
3963,129,32.902968341694816,13.027345087191664
3964,129,33.2696416954299,13.168633474334206
3965,129,32.163893001293076,12.782587264151932
3966,129,17.57301601344352,11.035490245164087
3967,129,11.976192384206996,15.081636692579853
3968,129,0.0,12.840630980346656
3969,129,0.0,9.8756306256422
3970,129,19.956798817617027,7.887523284693492
3971,129,17.549914156877122,6.936249389952442
3972,129,38.342857549494624,6.3408849902300695
3973,129,14.106938913883482,5.5754874133829935
3974,129,13.62030294464489,5.383158029191652
3975,129,14.830112072370838,5.861302198080824
3976,129,0.0,9.036749654214862
3977,129,0.0,18.8087750375186
3978,129,0.0,22.064531805859737
3979,129,0.0,25.347174420222004
3980,129,28.37019237277616,32.315687521668366
3981,129,24.558024017281355,27.192229903934876
3982,129,68.72467162461504,27.226265341066014
3983,129,52.06510207297654,23.198692601363106
3984,129,47.81269850487391,18.92848683007346
3985,129,41.95228871951784,16.613480688125
3986,129,36.8731369548847,14.608502068355467
3987,129,33.10832299604982,13.124208748616198
3988,129,32.54020960212145,12.892412455435341
3989,129,31.76041850023381,12.655799563932504
3990,129,0.0,10.129555050208705
3991,129,0.0,13.18121072933711
3992,129,0.0,10.749808233239278
3993,129,0.0,8.127446650424329
3994,129,0.0,6.289364535543613
3995,129,0.0,5.948689780618797
3996,129,0.0,6.144334695801367
3997,129,0.0,5.098378128655672
3998,129,0.0,5.471956027435892
3999,129,0.0,6.437775160211046
4000,129,0.0,13.0023874837072
4001,129,0.0,24.910161956143003
4002,129,0.0,27.81589783958538
4003,129,0.0,29.880949238713093
4004,129,37.40704755732338,35.716573105792115
4005,129,26.15285363313191,27.809356424094272
4006,129,68.23375656703234,27.008137536223202
4007,129,59.54465443980794,23.595794545733337
4008,129,49.30795459281612,19.532972722806907
4009,129,42.2103057471972,16.704696182371528
4010,129,38.26902886255468,15.155451275149618
4011,129,36.85027195491486,14.588618128705034
4012,129,35.82133540779964,14.174641982911247
4013,129,21.180319785987223,13.427343252830276
4014,129,15.072026843785835,10.134310321790487
4015,129,8.153785533046687,13.472593804319324
4016,129,0.0,11.0976380405166
4017,129,0.0,8.777371282994643
4018,129,0.0,6.128462981801234
4019,129,3.456206802070483,4.85240163926635
4020,129,12.149506594834492,4.8018443971143245
4021,129,11.06231475981545,4.3721595121486985
4022,129,10.688549518597767,4.224421713801546
4023,129,0.0,4.865331629434146
4024,129,0.0,7.642780303751466
4025,129,0.0,15.627335937883652
4026,129,0.0,19.779540787926
4027,129,0.0,25.44763538751174
4028,129,28.647639410316117,32.28813828156479
4029,129,24.19504852679566,26.99397973053041
4030,129,43.884071717805284,27.308882248275545
4031,129,60.286104306001675,23.86181702625325
4032,129,49.44297846465773,19.569041203438157
4033,129,42.67355129154282,16.889977889688343
4034,129,37.96817130797692,15.037577820279646
4035,129,35.31628289312749,13.982202326289494
4036,129,33.166968137873454,13.137642575341117
4037,129,31.809262474656208,12.671402041423994
4038,129,11.957774824328027,9.222528194823099
4039,129,4.1495122480235125,11.94697603890625
4040,129,0.0,10.052313222237652
4041,129,0.0,7.264006985096473
4042,129,0.0,5.219147343803441
4043,129,9.45683033262057,5.39529532401339
4044,129,17.9331820325217,7.087690532532436
4045,129,18.05491827013128,7.135819345477777
4046,129,16.892244089788733,6.6762997417619925
4047,129,0.0,7.602413502056845
4048,129,0.0,13.291394222890204
4049,129,0.0,24.115559665920852
4050,129,0.0,27.575187768335446
4051,129,0.0,29.21287347806049
4052,129,32.12424791801283,33.42199878842211
4053,129,20.577480679964566,25.455100541603947
4054,129,48.57108470218208,25.092986893846916
4055,129,56.46566045242096,22.365387793548688
4056,129,48.56365599994916,19.23376754176804
4057,129,39.61321124220163,15.690243472374805
4058,129,36.30458480719767,14.376500241411348
4059,129,31.764339329381386,12.584523183820002
4060,129,30.317141913442924,12.012570779443047
4061,129,29.7507542884361,11.83602162616023
4062,129,13.69569156261008,9.516328445928353
4063,129,8.17494019794296,13.483406188395655
4064,129,0.0,12.70518749579034
4065,129,25.986031310772262,10.27046338840512
4066,129,40.24268458754321,8.232129982380751
4067,129,18.100434706521895,7.153863694298906
4068,129,20.160167724608158,7.967918329571685
4069,129,17.786829751734956,7.029882230641656
4070,129,18.064627709438952,7.139682513219498
4071,129,19.559397414369073,7.730475629363717
4072,129,0.0,10.452353583883797
4073,129,0.0,16.08599030190469
4074,129,0.0,19.215137355074663
4075,129,0.0,21.174984209569768
4076,129,16.420784150732004,27.675525266840882
4077,129,11.446118017399698,22.042747189640288
4078,129,57.37289540032009,23.69692335738241
4079,129,57.02407506312568,22.581253257833847
4080,129,48.847434496551045,19.347173491159705
4081,129,41.95170904641188,16.613296816507788
4082,129,36.75211526029187,14.547329853050314
4083,129,32.579855323849216,12.904420238516114
4084,129,30.61080002777672,12.131064625722484
4085,129,0.0,11.389699948716993
4086,129,0.0,7.154008325259268
4087,129,0.0,5.973182525771669
4088,129,0.0,6.030193900832179
4089,129,0.0,6.054931374913716
4090,129,0.0,5.15970535617353
4091,129,0.0,4.467008841788543
4092,129,0.0,4.2734206247631175
4093,129,0.0,3.9822860541158582
4094,129,0.0,4.171605066884224
4095,129,0.0,4.769503625325059
4096,129,0.0,6.677109534869896
4097,129,0.0,12.097764734456916
4098,129,0.0,14.780832863279196
4099,129,0.0,17.052506856058038
4100,129,0.0,19.739973004705238
4101,129,18.112845946774314,24.60612679769958
4102,129,21.82339798457278,25.639470232586852
4103,129,33.38517217905235,22.291431123278116
4104,129,50.728367608982694,20.093099035538962
4105,129,45.160357025711306,17.88395227921033
4106,129,40.814144563572796,16.161341656974567
4107,129,37.904660032470616,15.01140849421355
4108,129,36.13765054244311,14.309401614246482
4109,129,32.32647261274124,12.885640156093606
4110,129,7.532646213764593,7.974756454752157
4111,129,0.0,6.0908116662468
4112,129,0.0,7.233711960626577
4113,129,0.0,8.2008008001659
4114,129,15.864671439832279,7.601721306957985
4115,129,17.9238625760334,7.084030879173551
4116,129,17.649287382177192,6.975506690037363
4117,129,16.25545765334735,6.424631272268812
4118,129,15.820523512481088,6.252730043703645
4119,129,0.0,6.578129065771547
4120,129,0.0,7.904956361454777
4121,129,0.0,11.936828694846886
4122,129,0.0,13.39030798481348
4123,129,0.0,16.587355269925787
4124,129,0.0,21.842022957944906
4125,129,26.179476852355776,27.811245345539174
4126,129,23.504601141173254,26.328286325952238
4127,129,35.17640315960335,20.85849766700634
4128,129,43.986920851271094,17.414129920049266
4129,129,38.5657220168909,15.264216395573925
4130,129,36.010501970721975,14.254280657145829
4131,129,33.86954289457478,13.408103241215157
4132,129,32.08794826217698,12.704004530300534
4133,129,31.09764968118256,12.35991645416648
4134,129,15.79983309040145,10.272765183952547
4135,129,28.59808164396682,14.295485059491481
4136,129,32.199278073164805,12.726077841268078
4137,129,43.953876332160746,9.549827632597262
4138,129,62.948568369140645,7.920709813660932
4139,129,17.544810652836418,6.9342111096358865
4140,129,16.97570206403398,6.709265118999903
4141,129,16.460104184144342,6.5054850675262665
4142,129,16.447610371269406,6.500541660193318
4143,129,19.097887911119216,7.547999191260934
4144,129,23.909799811434596,9.449808905202156
4145,129,0.0,18.58378312160717
4146,129,0.0,20.78310288778974
4147,129,0.0,25.784058262818434
4148,129,29.268592107296598,32.69737112214316
4149,129,24.046476738760703,27.0178322760761
4150,129,47.0287708534336,27.96913109625686
4151,129,62.31009521141928,24.672774592245705
4152,129,51.07069905890427,20.21853257934394
4153,129,42.00017097042874,16.633686853625164
4154,129,37.50040466636051,14.845492822672245
4155,129,34.59170503792919,13.697109694055909
4156,129,32.4046242295708,12.83754502507048
4157,129,32.3729542978235,12.894230368968172
4158,129,14.475328541351473,10.468730929998395
4159,129,5.415393106350308,13.23959402894707
4160,129,0.0,10.153142735211317
4161,129,0.0,7.23503919767892
4162,129,13.914912552689174,5.499568495355664
4163,129,12.91698260912355,5.10514940773573
4164,129,13.796034355717524,5.452573646843653
4165,129,55.025942526107485,4.789450872095942
4166,129,56.82804880221681,5.501697406760948
4167,129,47.24924430632882,6.6481981923655376
4168,129,30.723409132995982,12.142708633621247
4169,129,0.0,22.92396911392492
4170,129,0.0,24.216694702027016
4171,129,21.60222551758295,26.382854026014297
4172,129,30.334006328455843,32.94260605758854
4173,129,21.08643887093109,25.818884679126594
4174,129,24.126420845679064,26.55326285064785
4175,129,55.46377475551978,21.988918982954576
4176,129,45.85560925267984,18.175740224199746
4177,129,39.28384903383275,15.555309360316182
4178,129,35.71582783655458,14.140241929708395
4179,129,34.211700292797076,13.540895300757136
4180,129,33.275700675904574,13.16981272804065
4181,129,31.289851731166607,12.455332788868342
4182,129,14.581925263204454,9.846031028755219
4183,129,9.591201759263868,13.875772342345236
4184,129,0.0,12.043483319259504
4185,129,0.0,9.294017407818714
4186,129,16.995058735638224,6.716988914572898
4187,129,13.368153146423367,5.283526283418824
4188,129,12.400420756211616,4.90104643190507
4189,129,10.783930820203125,4.2621473322637735
4190,129,10.481384804919003,4.142567326336103
4191,129,11.894995248308504,4.7012584344396915
4192,129,0.0,8.252658591287078
4193,129,0.0,17.32762490337871
4194,129,0.0,21.176251050448055
4195,129,0.0,24.77922039215776
4196,129,26.690694349326805,31.534420502697813
4197,129,21.541795401830655,25.968654119744556
4198,129,67.72774736367282,26.8177803284453
4199,129,59.043141366085905,23.378066850993193
4200,129,47.27774956252162,18.72076204637882
4201,129,41.2074009415484,16.320362647369837
4202,129,37.18200779626102,14.720928264108666
4203,129,35.77220744149656,14.162548523102052
4204,129,33.991980123566634,13.461406114023138
4205,129,27.25887022307205,12.662841653694707
4206,129,0.0,9.902740884286652
4207,129,0.0,13.299229757737477
4208,129,0.0,11.123945401727271
4209,129,0.0,8.254640788071633
4210,129,0.0,5.879892424644467
4211,129,0.0,5.840709681837752
4212,129,0.0,7.703594574677138
4213,129,0.0,8.304387514475385
4214,129,0.0,7.943190862526602
4215,129,0.0,9.219971213854212
4216,129,0.0,15.7315807062372
4217,129,0.0,30.56038451408017
4218,129,0.0,34.91685913038773
4219,129,10.564111471147442,37.18673539914759
4220,129,49.90540146518896,40.46169640921695
4221,129,31.319689864158562,29.69707788369059
4222,129,67.43292783836097,27.95743019496625
4223,129,60.92501129508676,24.14117753936948
4224,129,51.118203330315026,20.238520353092586
4225,129,43.28648366081822,17.144409674334455
4226,129,38.61491092678904,15.288401305947065
4227,129,36.545646430806045,14.470580365141263
4228,129,33.54605190468618,13.286287278370894
4229,129,32.941919832524036,13.091193861004134
4230,129,17.316999277934286,10.794670791694006
4231,129,13.885287300897886,15.467243503134839
4232,129,0.0,13.223431248373842
4233,129,0.0,10.85255443872167
4234,129,0.0,8.625437483221347
4235,129,0.0,7.12234925575738
4236,129,0.0,8.176963867231356
4237,129,0.0,7.874074623017951
4238,129,0.0,7.706006104045466
4239,129,0.0,8.54047588758995
4240,129,0.0,12.319491944009942
4241,129,0.0,20.348646983528713
4242,129,0.0,23.443213885438464
4243,129,0.0,24.06290305422462
4244,129,34.87312110319607,30.275707044646722
4245,129,16.25985103039085,23.941612160042506
4246,129,63.07425160415647,25.0087908650547
4247,129,59.794163378477094,23.6893989139356
4248,129,50.14007600217596,19.866551394698032
4249,129,44.25801531240481,17.541748541450087
4250,129,40.21456210097085,15.927876946108643
4251,129,37.02757389010358,14.663449323048466
4252,129,34.65973958218882,13.73127907926875
4253,129,0.0,12.471447148273523
4254,129,0.0,8.619383756347437
4255,129,0.0,7.126408462687195
4256,129,0.0,7.555328637893937
4257,129,0.0,8.234917706561227
4258,129,0.0,6.6971075899357775
4259,129,0.0,6.229946336760931
4260,129,0.0,6.005267196080771
4261,129,0.0,5.387207051777102
4262,129,0.0,4.7183116581012605
4263,129,0.0,5.562571110590182
4264,129,0.0,7.28924242663304
4265,129,0.0,12.91304487949976
4266,129,0.0,16.48096436154182
4267,129,0.0,18.395302317886348
4268,129,0.0,20.98357133985624
4269,129,17.66726233158522,24.425192463964276
4270,129,20.76202353049794,25.25519361427209
4271,129,38.68184413874687,23.093856778844778
4272,129,49.93860852579601,19.772425627320764
4273,129,42.97049691342636,17.0183856274281
4274,129,38.851288548741536,15.380653918492774
4275,129,36.70353188172726,14.534206375148827
4276,129,33.07170780125546,13.100015830781594
4277,129,30.306307011535694,12.073805111776162
4278,129,8.214026422066922,7.966174957355283
4279,129,0.0,5.548880259272807
4280,129,0.0,5.955861184712616
4281,129,0.0,6.2416045092075025
4282,129,14.933230843301004,5.902041424649242
4283,129,13.13537007941079,5.191485039386391
4284,129,13.81827333064578,5.461385316308168
4285,129,13.509993226989536,5.339537984713788
4286,129,12.705051067648299,5.021382622644034
4287,129,11.803664438915007,4.665146396570294
4288,129,0.0,5.8585620142240336
4289,129,0.0,9.91432946630142
4290,129,0.0,13.190707401287613
4291,129,0.0,16.38174710256964
4292,129,0.0,21.58177007328229
4293,129,21.53108536559145,25.9437055218651
4294,129,20.718571115097006,25.231874802962224
4295,129,35.741782095723096,21.211024023503256
4296,129,43.936084548885646,17.398840581683444
4297,129,36.38478523489752,14.408281075498634
4298,129,33.66380663799973,13.324387818761412
4299,129,32.073106564784126,12.696893651140497
4300,129,31.166496390344633,12.339786642669493
4301,129,30.193981920920265,11.997895252302138
4302,129,13.60612942541195,9.169135920515782
4303,129,4.738176065234967,11.706516101639972
4304,129,0.0,9.726521521095627
4305,129,0.0,8.129850116702585
4306,129,18.038063877906296,7.129237855889348
4307,129,16.126305091884063,6.373633562805961
4308,129,34.72034320289197,6.282918259049581
4309,129,58.71887684360999,6.2490504544262
4310,129,17.89860507289731,7.074082225778507
4311,129,20.261655735115625,8.008017311811903
4312,129,0.0,9.655547327597253
4313,129,0.0,18.215478934006196
4314,129,0.0,19.897347370507266
4315,129,1.7836853470321046,23.121348208576276
4316,129,25.597742617321728,31.133883224681693
4317,129,20.670824876226845,25.677717100753338
4318,129,67.02662814556604,26.578216571408458
4319,129,55.877427901961596,22.124449499753315
4320,129,43.8850919286331,17.387111384920143
4321,129,38.54770261580853,15.26428552774296
4322,129,35.582855613196074,14.083987406685338
4323,129,32.113343946829076,12.711551345412385
4324,129,31.774511366240432,12.581248766535234
4325,129,0.0,12.415062638628713
4326,129,14.125445753752075,10.018565995828364
4327,129,4.611396393212175,12.430431514490099
4328,129,0.0,9.410296725991579
4329,129,0.0,7.624426978875383
4330,129,0.0,6.3041673101883235
4331,129,0.0,5.454287404991231
4332,129,0.0,5.899459612081468
4333,129,0.0,5.303904328637474
4334,129,0.0,5.280547947274315
4335,129,0.0,6.268276011940739
4336,129,0.0,9.037755027185638
4337,129,0.0,18.54094080751667
4338,129,0.0,21.468635287075795
4339,129,0.0,25.17942037132231
4340,129,27.831663981821464,31.821471379399682
4341,129,22.440377921402188,26.371100252266263
4342,129,43.843946294117586,26.62135564150094
4343,129,57.35587418994115,22.714933389432954
4344,129,47.447457190223474,18.79513482947111
4345,129,41.45927341470923,16.421125526846303
4346,129,37.73268115730133,14.937330574132899
4347,129,34.446399493088364,13.638473531153759
4348,129,33.168932324475264,13.128739024776987
4349,129,30.877775309324562,12.286324566837221
4350,129,14.993813565844505,9.703019179305226
4351,129,13.20804112508256,14.79312760235579
4352,129,0.0,13.499890538143916
4353,129,0.0,11.473426825878835
4354,129,0.0,9.45159355247473
4355,129,0.0,8.528144196313491
4356,129,0.0,7.5911759411705315
4357,129,0.0,6.349560347422292
4358,129,0.0,5.26447568622791
4359,129,0.0,5.907259030412881
4360,129,0.0,9.973834767801083
4361,129,0.0,21.799026369901572
4362,129,0.0,25.255364524136763
4363,129,0.0,29.184318317450774
4364,129,39.558615899096594,36.44417738858376
4365,129,23.73337217177962,26.82873714093522
4366,129,51.28339078650157,25.93784348612132
4367,129,56.97134261210124,22.560581696470276
4368,129,46.02209155385495,18.234232831240895
4369,129,39.824298300839445,15.785850503858063
4370,129,35.53956513698964,14.071794376070626
4371,129,33.93079823779743,13.43598352899279
4372,129,33.755207739659454,13.365320839183095
4373,129,33.50646765779075,13.33007072423406
4374,129,18.88564166678819,11.46199077460572
4375,129,12.189072909919219,14.317631106494623
4376,129,0.0,11.099600143696765
4377,129,0.0,8.315302913702492
4378,129,0.0,6.255891601054639
4379,129,0.0,5.516844793381253
4380,129,0.0,6.294608392702215
4381,129,0.0,6.570387283871916
4382,129,0.0,6.235947766326316
4383,129,0.0,6.163770144543305
4384,129,0.0,9.58786196333398
4385,129,0.0,20.893176287888615
4386,129,0.0,25.124294426761235
4387,129,0.0,26.4074887725549
4388,129,29.347238109718177,32.179235756761386
4389,129,22.031161725625026,26.020240830221447
4390,129,56.565362564086286,24.947882307232234
4391,129,53.02440911399131,21.024953762137965
4392,129,46.18087583938291,18.29708984490222
4393,129,39.70694496891625,15.733490000443062
4394,129,34.86021826335417,13.817925153018013
4395,129,30.765561423134358,12.198380500007914
4396,129,29.225697566904074,11.583724479326793
4397,129,29.15116857828437,11.59310658298624
4398,129,0.0,9.162120627929937
4399,129,7.689179325705453,12.40937612559623
4400,129,0.0,10.899551054251274
4401,129,0.0,8.609009590147108
4402,129,0.0,6.249148002249903
4403,129,0.0,5.414103482128116
4404,129,0.0,5.398304472747053
4405,129,0.0,5.085698721581656
4406,129,0.0,5.102396542180853
4407,129,0.0,5.953365890707145
4408,129,0.0,8.827052166764512
4409,129,0.0,16.619281275664065
4410,129,0.0,19.468637393009246
4411,129,0.0,21.49024376750506
4412,129,15.231382803978732,27.035605875453665
4413,129,11.596445124855137,22.063419172860677
4414,129,24.290388414566877,23.628326705147643
4415,129,56.37538775970796,22.324953138984437
4416,129,48.981536528213354,19.400241213442726
4417,129,42.36372838346014,16.795620460328212
4418,129,37.17501911129162,14.73760401646648
4419,129,33.72950759849758,13.36612737941119
4420,129,32.13665312116731,12.736615381129019
4421,129,28.53227094248112,11.366652959847693
4422,129,11.253273962871901,8.379974338101672
4423,129,0.0,6.724232911791004
4424,129,0.0,7.157460383034624
4425,129,0.0,7.334140766619908
4426,129,0.0,6.388214593360304
4427,129,0.0,6.355149716065338
4428,129,0.0,6.453442091967576
4429,129,0.0,5.25482596745802
4430,129,0.0,4.4708540022654155
4431,129,0.0,4.708193717199383
4432,129,0.0,6.4818093446061145
4433,129,0.0,12.134280059221602
4434,129,0.0,14.725108268256246
4435,129,0.0,16.280034951669048
4436,129,0.0,20.0111210156267
4437,129,16.69859362873538,24.039924208299002
4438,129,18.633757668247597,24.460103572661808
4439,129,36.3858401794559,22.68682087280818
4440,129,49.73024824520067,19.710602375267445
4441,129,41.059634336836126,16.272840168441874
4442,129,37.33619919653819,14.792700319970738
4443,129,34.736788928093176,13.760465748042684
4444,129,33.530134269348366,13.293302345134146
4445,129,31.469206173770914,12.524886585360823
4446,129,12.204762415649384,9.009531177639126
4447,129,0.0,6.021929425357179
4448,129,0.0,6.333391980550215
4449,129,0.0,6.323450315077594
4450,129,14.97618629292674,5.919023406036692
4451,129,15.190970781290503,6.003925144140317
4452,129,15.551277487080739,6.146330026157489
4453,129,15.544772471375978,6.143755832257668
4454,129,15.732856070222567,6.2180968736998965
4455,129,19.65956562620974,7.7700492245113635
4456,129,0.0,8.27018619964234
4457,129,0.0,11.689934020536734
4458,129,0.0,14.229409736053102
4459,129,0.0,17.368894683174048
4460,129,0.0,22.497573598042894
4461,129,22.989571827192634,26.497237215408468
4462,129,20.90607519426868,25.273302045923018
4463,129,38.40044904014306,20.879014283923865
4464,129,44.30070271271447,17.538091324649084
4465,129,39.53828305311191,15.653431801910978
4466,129,35.68701871281732,14.126395212167699
4467,129,33.60400750399961,13.3018961169479
4468,129,31.815375397883372,12.593767331239215
4469,129,30.749052933423116,12.208721537413613
4470,129,17.29176840487412,10.203532227962087
4471,129,8.678448898251645,12.552794226613443
4472,129,0.0,10.241601750551267
4473,129,0.0,8.905782960674275
4474,129,0.0,7.71982847138085
4475,129,0.0,6.901795571867342
4476,129,0.0,6.4364985150684015
4477,129,0.0,5.860873441960862
4478,129,0.0,6.4594597843289
4479,129,0.0,6.5189933652875665
4480,129,0.0,9.739975082603939
4481,129,0.0,18.811863394327688
4482,129,0.0,21.290845263176593
4483,129,0.0,23.46081651878281
4484,129,20.612585395202387,28.962334538355233
4485,129,12.922690699141981,22.554913961897856
4486,129,59.50724443069433,23.581041483432596
4487,129,27.209178581497184,19.717342953820253
4488,129,41.044493590050024,16.256032763682814
4489,129,36.74072601495837,14.545288628134687
4490,129,34.34639598224365,13.597789135764812
4491,129,31.32714945848747,12.403290919206555
4492,129,31.31483239117472,12.39600209736057
4493,129,30.352004811650346,12.071249573531812
4494,129,14.11951635078168,9.482482478325403
4495,129,0.0,11.613957597676736
4496,129,0.0,8.864984646855628
4497,129,0.0,7.173621798309227
4498,129,0.0,6.018826992989861
4499,129,0.0,5.295535249243642
4500,129,0.0,5.697018780434121
4501,129,0.0,5.167187880546976
4502,129,0.0,5.031091355912065
4503,129,0.0,6.398221023281952
4504,129,0.0,10.49807084051681
4505,129,0.0,23.00025716325293
4506,129,0.0,28.167176413648765
4507,129,44.88297924757134,32.58749512571931
4508,129,44.20583139945222,38.089253019558356
4509,129,23.339677760240818,26.698628563301636
4510,129,69.05125463995176,27.394260328758442
4511,129,60.948804961547864,24.12759459873691
4512,129,48.381135295791466,19.159215070876552
4513,129,41.406394900707966,16.39654008646101
4514,129,37.86559057023808,14.985000324458305
4515,129,34.86841695395526,13.805301685823054
4516,129,34.577958999303604,13.685680680345547
4517,129,21.005216514193847,13.561113518211641
4518,129,0.0,11.590092228664428
4519,129,0.0,14.416298809550815
4520,129,0.0,12.966612157766455
4521,129,0.0,11.318529822374018
4522,129,0.0,9.787136706805692
4523,129,0.0,8.95406899973529
4524,129,0.0,8.35968578782236
4525,129,0.0,6.431100667132927
4526,129,0.0,6.023295004688952
4527,129,0.0,7.062918558055701
4528,129,0.0,9.768469135745985
4529,129,0.0,19.40910349753507
4530,129,0.0,22.211789677857677
4531,129,0.0,24.863193822684387
4532,129,26.0287532980108,30.890550790406234
4533,129,16.39385044678221,23.874554306318142
4534,129,62.80042323917101,24.884919804957793
4535,129,57.02781963635317,22.57069600984704
4536,129,47.4353193750261,18.784330740247025
4537,129,41.151335704441294,16.309165454836798
4538,129,37.45344929771477,14.830648284849062
4539,129,34.26166605971659,13.567941690923362
4540,129,33.423489040590226,13.236664493087094
4541,129,31.71382045517035,12.60704436955898
4542,129,6.7626479593734246,10.955122561014754
4543,129,0.0,13.442876933085746
4544,129,0.0,10.225412366799537
4545,129,0.0,8.326553931694374
4546,129,0.0,6.330712408756658
4547,129,0.0,5.5346738740347545
4548,129,0.0,5.77434934501247
4549,129,0.0,5.549040346562582
4550,129,0.0,5.294892591164175
4551,129,0.0,5.54154144583194
4552,129,0.0,8.094076945101655
4553,129,0.0,16.260287659388766
4554,129,0.0,19.498545170047358
4555,129,0.0,22.992160131022718
4556,129,23.791222240355125,29.79993622172583
4557,129,22.278143330822786,26.098288809076816
4558,129,66.6167425175459,26.41870948772715
4559,129,56.689183341774196,22.447718431120958
4560,129,48.683558208836075,19.28249785868829
4561,129,39.92814655767063,15.81599921254093
4562,129,36.112721823830185,14.312906852591674
4563,129,33.91330422147476,13.44239734026736
4564,129,31.797227482414314,12.601214698020176
4565,129,3.910010032633693,12.617883093583867
4566,129,18.040788232600136,10.256982717721089
4567,129,13.062688623296737,13.822185059602413
4568,129,0.0,13.607823844174465
4569,129,0.0,12.516868369525922
4570,129,0.0,10.759297619996836
4571,129,0.0,9.703284999518013
4572,129,0.0,9.564953711694404
4573,129,0.0,7.765047293472475
4574,129,0.0,7.306159086711233
4575,129,0.0,7.677914615380377
4576,129,0.0,11.179715392676034
4577,129,0.0,21.15775136303834
4578,129,0.0,24.41055587335026
4579,129,0.0,26.43154085757778
4580,129,30.36873573977772,32.81323919041848
4581,129,20.55163682991079,25.542131091937495
4582,129,64.02813509926375,25.368991071137152
4583,129,56.14230309733159,22.220743959684153
4584,129,48.4438010530539,19.17199996336549
4585,129,40.04944289224355,15.862743713531462
4586,129,37.0628143888041,14.683520487985856
4587,129,34.40586842175364,13.628541048181068
4588,129,33.04666478674534,13.092531000567664
4589,129,10.84978958630245,12.888157606173685
4590,129,15.48259094056803,9.547945292372402
4591,129,0.0,6.85692287297563
4592,129,0.0,7.563675248342024
4593,129,0.0,7.43726523085439
4594,129,0.0,6.866155636731111
4595,129,0.0,6.8793455711062785
4596,129,0.0,6.381142263317551
4597,129,0.0,5.63048465492145
4598,129,0.0,5.208897265645822
4599,129,0.0,5.118493653610195
4600,129,0.0,6.613153402820594
4601,129,0.0,12.047003829497564
4602,129,0.0,14.235521520244653
4603,129,0.0,16.36402563201834
4604,129,0.0,21.54123140019235
4605,129,22.97832903427377,26.48417950819487
4606,129,66.79891614918887,26.495593305600877
4607,129,18.34028518807429,24.239870329535226
4608,129,51.880407292294706,20.554504418689756
4609,129,30.438793884243864,18.38889404511208
4610,129,40.86420563216109,16.18595402934203
4611,129,38.000209012228225,15.049154394088193
4612,129,35.61639936076588,14.111846267418818
4613,129,34.29379590043169,13.623117744453731
4614,129,14.406784464053857,9.2744382889115
4615,129,0.0,6.340188142783455
4616,129,0.0,6.49284461152475
4617,129,0.0,6.526443401590563
4618,129,0.0,5.999096247720595
4619,129,0.0,5.910463204800341
4620,129,0.0,5.926252629429298
4621,129,0.0,6.136270822835063
4622,129,0.0,6.18229520475365
4623,129,0.0,7.9599057839184475
4624,129,0.0,8.21462161845105
4625,129,0.0,10.537373743820359
4626,129,0.0,12.988561620546887
4627,129,0.0,15.561397138150975
4628,129,0.0,21.227833039261906
4629,129,23.619990960810355,26.728139832464283
4630,129,49.92380521621698,26.384082946141632
4631,129,13.324416390751992,22.25621584549245
4632,129,46.854247824938966,18.54488108230312
4633,129,39.40000667154209,15.596328707296047
4634,129,35.62172237848671,14.105464012695139
4635,129,34.34667950352477,13.60031062930139
4636,129,32.573317200277785,12.894575144043488
4637,129,32.932377379538025,13.065605324587768
4638,129,18.391365788289704,10.168613423581874
4639,129,9.391312052450473,12.152681580987718
4640,129,0.0,9.581628666891298
4641,129,0.0,7.941445706681791
4642,129,0.0,6.610312348089125
4643,129,0.0,5.854850385888344
4644,129,0.0,5.589285357556885
4645,129,0.0,5.143678688368292
4646,129,0.0,5.235104217624888
4647,129,0.0,5.711123222211865
4648,129,0.0,9.056517186751627
4649,129,0.0,18.112215607781813
4650,129,0.0,22.845621929942023
4651,129,0.0,27.087020347650594
4652,129,34.456588828962964,34.31844701849467
4653,129,22.56651815060806,26.33109618296156
4654,129,67.19688465014784,26.622475127808972
4655,129,57.24514032140249,22.677090820202135
4656,129,45.4183088976734,17.977289023415498
4657,129,38.2775135837079,15.156290315024266
4658,129,33.672400078401665,13.332607927192747
4659,129,32.798082239562376,12.98705685088622
4660,129,33.47347838170123,13.25765126362429
4661,129,31.543829777895382,12.982313550615109
4662,129,0.0,9.894887179989325
4663,129,5.33658054440167,11.207763841284107
4664,129,0.0,8.699740178740809
4665,129,0.0,7.148011727226726
4666,129,0.0,5.371506642308285
4667,129,0.0,4.544045586553711
4668,129,0.0,4.420402261721441
4669,129,0.0,4.033084390276215
4670,129,0.0,4.3955702280827875
4671,129,0.0,4.530414992228301
4672,129,0.0,7.999839838491896
4673,129,0.0,18.77657220523367
4674,129,0.0,24.72335174265979
4675,129,0.0,30.223664418044603
4676,129,44.812247166618135,38.229430510783075
4677,129,30.176879638361243,29.35357921552526
4678,129,62.4109930680703,28.29175108144008
4679,129,58.33813353359574,23.1067326134404
4680,129,47.6311166781187,18.866528443594294
4681,129,39.79024883888371,15.766345986142586
4682,129,37.909119326055674,15.011940735880255
4683,129,34.930268008086074,13.838221739514672
4684,129,33.33519095915349,13.205347128933981
4685,129,33.713146393399285,13.385066962041881
4686,129,22.029175554077796,11.57357193800222
4687,129,11.905011623344564,13.013854352634517
4688,129,0.0,10.942419142589186
4689,129,0.0,8.693139637393843
4690,129,0.0,6.792520482070235
4691,129,0.0,5.869599593605304
4692,129,0.0,5.51618855943817
4693,129,0.0,5.067162490046486
4694,129,0.0,6.044085728313187
4695,129,0.0,6.231802034040946
4696,129,0.0,9.195480710784487
4697,129,0.0,17.56851385852945
4698,129,0.0,21.494270420321758
4699,129,0.0,25.183256642591974
4700,129,30.41835257585035,32.51612753087182
4701,129,22.09211687053525,26.091360141152023
4702,129,64.51820471417236,25.550252470921958
4703,129,54.43445938837144,21.54799944079156
4704,129,45.74037343038029,18.11545715112222
4705,129,39.55514861390341,15.67212283323275
4706,129,34.62437231293336,13.716040558846142
4707,129,34.19717225704133,13.544783632561636
4708,129,32.6619164248676,12.937992093912616
4709,129,32.14518522849019,12.765351361148296
4710,129,6.51029687574578,10.626735521564505
4711,129,0.0,12.267802325394074
4712,129,0.0,10.532035852945803
4713,129,0.0,9.59826575264877
4714,129,0.0,8.342526372022089
4715,129,0.0,7.999827997907993
4716,129,0.0,8.573641787608075
4717,129,0.0,7.757046672990803
4718,129,0.0,7.191854349334765
4719,129,0.0,7.83213786912719
4720,129,0.0,11.342270952578588
4721,129,0.0,21.59516113243126
4722,129,0.0,25.248818378525254
4723,129,0.0,28.48948910119315
4724,129,33.31360793900018,33.43940285027125
4725,129,21.219795718142365,25.645805700118725
4726,129,49.952935168214196,25.213249067353026
4727,129,56.37453459402053,22.315922653587744
4728,129,48.1949347432149,19.079475147102425
4729,129,41.006229988383325,16.240761276408513
4730,129,36.68136519130627,14.53019938805641
4731,129,34.40464383788466,13.629167673773459
4732,129,32.58341933080189,12.913046966455976
4733,129,31.783051294809184,12.617338454181379
4734,129,19.909470427773357,10.55135183218238
4735,129,12.467368170852922,13.018906708733391
4736,129,0.0,12.914628476188943
4737,129,0.0,12.805708351311408
4738,129,0.0,10.587189221915938
4739,129,0.0,9.338330394970365
4740,129,0.0,9.060659984335224
4741,129,0.0,7.62072397658291
4742,129,0.0,7.185500649193856
4743,129,0.0,7.550754111689341
4744,129,0.0,9.423949690198434
4745,129,0.0,16.900950895915347
4746,129,0.0,19.897750210421826
4747,129,0.0,23.5839657545504
4748,129,27.82575206186877,31.64558008584344
4749,129,18.96641202070981,24.86940330954145
4750,129,35.02652432776898,25.106727744238288
4751,129,55.83886009952721,22.107946480231362
4752,129,47.70594557830776,18.88270061855102
4753,129,42.41863963837034,16.79420051082694
4754,129,37.20859755367201,14.736317250146675
4755,129,34.28348600159481,13.575389618287081
4756,129,32.562171959774844,12.895076524098052
4757,129,30.798826408837243,12.22972399131121
4758,129,15.732170479584084,9.151649223592285
4759,129,0.0,6.755099206338537
4760,129,0.0,6.780532107092934
4761,129,0.0,6.5798969167678925
4762,129,0.0,5.876334126416013
4763,129,0.0,5.515219426726026
4764,129,0.0,5.217348686767036
4765,129,0.0,5.231913321260779
4766,129,0.0,4.983865704657161
4767,129,0.0,4.884307147977736
4768,129,0.0,6.522272505667673
4769,129,0.0,10.89331000682963
4770,129,0.0,14.392972778671504
4771,129,0.0,15.77755256219033
4772,129,0.0,19.307317434652393
4773,129,14.1251135123035,22.94510961714172
4774,129,15.17367624357746,22.996710028711927
4775,129,35.076736184748825,22.07002991137991
4776,129,47.76823926107099,18.90851375119739
4777,129,40.411049797988596,15.995897121900711
4778,129,37.27940274132635,14.760585744867077
4779,129,36.354401523411184,14.393767175657553
4780,129,34.21193225977248,13.543353682304527
4781,129,32.14157734284129,12.751785339614763
4782,129,16.80219839589725,9.621778894564915
4783,129,0.0,6.640378452083168
4784,129,0.0,7.03749159587225
4785,129,0.0,7.402629443312623
4786,129,0.0,6.579103042842519
4787,129,0.0,6.742206346929163
4788,129,0.0,7.016284567288425
4789,129,0.0,6.264789443815141
4790,129,0.0,5.160663867413512
4791,129,0.0,4.924037712889779
4792,129,0.0,6.554634733446012
4793,129,0.0,11.18407376475355
4794,129,0.0,13.645203970584719
4795,129,0.0,15.597261916545808
4796,129,0.0,21.884800098384968
4797,129,22.466308490447062,26.21021177548808
4798,129,42.86327603408324,25.695704809179965
4799,129,56.197276781436045,22.249618622472475
4800,129,47.16691820032537,18.670914168561854
4801,129,40.489968002891175,16.023501810137585
4802,129,37.485922753546674,14.839838138271904
4803,129,0.0,13.77816045936354
4804,129,32.118093868056974,12.71589344397267
4805,129,31.902450379028835,12.651284330233853
4806,129,19.52865569601414,10.140069180583875
4807,129,10.984916175768689,12.15887960764625
4808,129,0.0,10.411706682892257
4809,129,0.0,8.988417222513736
4810,129,0.0,7.01997760047729
4811,129,0.0,5.999099955257441
4812,129,14.687652075327406,6.5651879500696095
4813,129,0.0,5.753398345018725
4814,129,0.0,5.487264685765292
4815,129,0.0,5.9181262096443685
4816,129,0.0,9.237813044376558
4817,129,0.0,19.66554890807819
4818,129,0.0,24.43131702492543
4819,129,0.0,28.903293098600823
4820,129,34.71474197657898,34.223746162032235
4821,129,24.022656292263633,26.868897221398523
4822,129,54.969086248721766,26.72033927660326
4823,129,58.47774173205167,23.173948896527747
4824,129,47.50016137896651,18.80251762597256
4825,129,40.02537193957778,15.847077001911257
4826,129,36.91922361496225,14.61943857243691
4827,129,34.412470557558805,13.631141080089945
4828,129,34.272939670618285,13.583275551659408
4829,129,33.55884716897606,13.310754116459355
4830,129,22.000975929771016,11.415660307115495
4831,129,13.084747193214952,13.506880366698667
4832,129,0.0,10.903739193772493
4833,129,0.0,8.419424889842622
4834,129,0.0,7.092169300649013
4835,129,0.0,6.6698697899145625
4836,129,0.0,6.355363800405822
4837,129,0.0,5.472947288858161
4838,129,0.0,6.151957359813091
4839,129,0.0,6.600472526104049
4840,129,0.0,9.293304604688007
4841,129,0.0,17.14996708607628
4842,129,0.0,20.470185682326502
4843,129,0.0,24.467982791548888
4844,129,26.621964116202435,30.840943995483496
4845,129,18.997424255324802,24.898605176561986
4846,129,61.86846624282083,24.535847583604905
4847,129,51.465608702091714,20.391635970837957
4848,129,43.13982102764413,17.09258312895359
4849,129,37.03100854180974,14.678177622280064
4850,129,34.25295487424407,13.570530707727588
4851,129,32.78940386525875,12.99576376097585
4852,129,30.84732385990563,12.226994233128508
4853,129,32.39908107376621,12.849975118692962
4854,129,0.0,11.13912894078567
4855,129,11.680025714731812,12.331233028425414
4856,129,0.0,11.004498198441095
4857,129,0.0,9.37147430042852
4858,129,0.0,7.406395954832887
4859,129,0.0,6.311211894030467
4860,129,0.0,5.7045628608286245
4861,129,0.0,5.185694094480326
4862,129,0.0,5.315033991045054
4863,129,0.0,5.093705047288444
4864,129,0.0,7.565715953445438
4865,129,0.0,14.981889751289064
4866,129,0.0,18.917457997362238
4867,129,0.0,23.549138954422297
4868,129,30.11768964785233,32.16680798953193
4869,129,21.178776786086928,25.719543640381087
4870,129,40.7384208062922,26.368984007973218
4871,129,58.41316064068991,23.126560073915055
4872,129,49.65013990802092,19.66315173166225
4873,129,42.14618637669787,16.69137586146404
4874,129,38.331106401727766,15.177473288613754
4875,129,35.85817404221814,14.201321145009798
4876,129,35.52069101052169,14.0703983614536
4877,129,34.96296860277326,13.862101754792812
4878,129,23.08170652526087,11.55162335391504
4879,129,16.945983273302545,14.169061402124525
4880,129,0.0,11.993581729427074
4881,129,0.0,10.986440707320632
4882,129,0.0,9.532821042667333
4883,129,0.0,8.80257574093569
4884,129,0.0,9.12229630475959
4885,129,0.0,8.60189665034204
4886,129,0.0,8.346247180770632
4887,129,0.0,8.42588468445615
4888,129,0.0,11.99418793752297
4889,129,0.0,23.558515433441332
4890,129,0.0,27.071682802976024
4891,129,0.0,28.33454769906626
4892,129,33.405037077937294,33.24281925607736
4893,129,19.303085645027807,24.856870024900296
4894,129,61.65511493419373,24.435807994131217
4895,129,53.93836359393234,21.356843080327998
4896,129,46.933381351109915,18.578569989609136
4897,129,42.29707304516239,16.75221986268598
4898,129,38.19378617404112,15.126802648451319
4899,129,36.7253064987878,14.547646152712383
4900,129,35.732943437622566,14.15786674399339
4901,129,23.605693107775494,14.399492787494891
4902,129,27.221704705890915,12.856538172470513
4903,129,18.534141293368833,14.56008058873025
4904,129,0.0,12.69796825985608
4905,129,0.0,11.186944756754322
4906,129,0.0,8.209383946234288
4907,129,0.0,6.786715513843032
4908,129,0.0,6.463700509894507
4909,129,0.0,6.400137760572903
4910,129,0.0,6.452054805060746
4911,129,0.0,7.544439868155237
4912,129,0.0,9.431526724747483
4913,129,0.0,16.723013743214956
4914,129,0.0,20.318914780010463
4915,129,0.0,24.50408998786697
4916,129,28.023566858735194,31.426482100255573
4917,129,21.01108614490599,25.64595192271277
4918,129,64.63856395734524,25.635574708378808
4919,129,32.823518245628236,22.63277079361864
4920,129,49.64092733728265,19.65106181836689
4921,129,43.21653937888925,17.108337264078777
4922,129,39.50267261990703,15.645368415555145
4923,129,36.03082316301709,14.269565377104357
4924,129,35.52383240162982,14.064319616936775
4925,129,34.005238306558994,13.481117249849808
4926,129,22.05129720740473,10.997525086720993
4927,129,0.0,7.71838443996787
4928,129,0.0,7.06910879767984
4929,129,0.0,6.623466583913801
4930,129,0.0,5.699637575839929
4931,129,0.0,4.779622962548131
4932,129,0.0,5.142236684917523
4933,129,0.0,5.3028463018147365
4934,129,0.0,5.735081963037347
4935,129,0.0,5.378156178529691
4936,129,0.0,6.6267946447643284
4937,129,0.0,11.808244415427042
4938,129,0.0,15.503153831195755
4939,129,0.0,17.02345370672166
4940,129,0.0,20.9910533902375
4941,129,18.641410406004866,24.681492863290995
4942,129,21.77391017955088,25.610117462160098
4943,129,45.11032974902918,23.590979420402107
4944,129,50.69166458094543,20.066276497704852
4945,129,44.37255026815734,17.57123768237331
4946,129,39.76636236237496,15.7471084140074
4947,129,36.97350387316334,14.642083335425278
4948,129,35.20384066702675,13.956007464520074
4949,129,34.654628819648536,13.738945599377857
4950,129,23.69092648097393,11.594572531659125
4951,129,0.0,7.879568293082357
4952,129,0.0,7.728725082909117
4953,129,0.0,8.35457441818055
4954,129,0.0,7.77883573895934
4955,129,0.0,7.7439813268059
4956,129,0.0,7.9106345317367275
4957,129,0.0,6.780207966785951
4958,129,0.0,5.7853259364878955
4959,129,0.0,5.385564593899853
4960,129,0.0,6.775357638478567
4961,129,0.0,11.651818875170223
4962,129,0.0,14.867830107604572
4963,129,0.0,17.231251924056757
4964,129,0.0,22.787639433157736
4965,129,20.803358962780294,25.4925076006216
4966,129,19.391595087171254,24.662678830741207
4967,129,43.52600754599223,20.972041220300515
4968,129,44.90968827676767,17.779992790144867
4969,129,38.16524236098218,15.110743374302173
4970,129,34.61659176191745,13.709438741874438
4971,129,30.862250139016112,12.226826523431477
4972,129,31.520887485058324,12.487095755764761
4973,129,31.673086952793028,12.550867944353666
4974,129,23.65859866720399,11.186280049519397
4975,129,15.18388341245469,12.937567735758305
4976,129,0.0,12.26478732688031
4977,129,0.0,11.004846461117715
4978,129,0.0,9.254245444750051
4979,129,0.0,7.749819733749839
4980,129,0.0,8.37103574451761
4981,129,0.0,7.610919136610145
4982,129,0.0,7.349830531969789
4983,129,0.0,7.8648167221064185
4984,129,0.0,11.411798733438005
4985,129,0.0,23.141320038906553
4986,129,0.0,26.34982222331982
4987,129,0.0,30.096545776244902
4988,129,38.64005696579653,35.387065814407876
4989,129,52.23667358326267,25.896284734868793
4990,129,63.10597961406472,24.97893215540149
4991,129,52.46703556115051,20.771698849592372
4992,129,42.62368265322536,16.872835331740404
4993,129,37.52665186672033,14.859585231133797
4994,129,33.62637235204602,13.315667844103194
4995,129,31.036193389660127,12.29193259052877
4996,129,31.273019845208694,12.390393100809524
4997,129,31.507975108276298,12.486897483304286
4998,129,0.0,11.437474339449041
4999,129,0.0,12.789598580842942
5000,129,0.0,9.980332093772713
5001,129,0.0,8.337945087254647
5002,129,0.0,6.973482084101333
5003,129,0.0,6.003891165796686
5004,129,0.0,5.929639168075349
5005,129,0.0,5.479221640428914
5006,129,0.0,5.675722843543437
5007,129,0.0,6.1748142132227715
5008,129,0.0,8.672921213721807
5009,129,0.0,15.624921872161577
5010,129,0.0,20.988002167222255
5011,129,0.0,25.13592265938563
5012,129,30.502843483411368,32.00845404158621
5013,129,20.068848405092155,24.284778191576358
5014,129,57.45779242241866,22.780567600291633
5015,129,47.676628950284794,18.882002549360323
5016,129,40.385887334316806,15.994443980107668
5017,129,34.62768571581876,13.711361420708013
5018,129,31.413789622984467,12.439895012463406
5019,129,30.066019247563247,11.907232172304948
5020,129,28.97403420500666,11.481753416569793
5021,129,28.27308794621075,11.204752411247513
5022,129,0.0,10.08984726296314
5023,129,13.906557056913016,12.13671831654155
5024,129,0.0,11.3328824179744
5025,129,0.0,9.97674299890383
5026,129,0.0,8.046148759495681
5027,129,0.0,6.234997468782189
5028,129,0.0,6.372731688696166
5029,129,0.0,6.418318726942741
5030,129,0.0,5.4629704277359155
5031,129,0.0,5.058077906777968
5032,129,0.0,7.437940286747597
5033,129,0.0,15.481690658814902
5034,129,0.0,19.953014192047654
5035,129,0.0,25.038228116430908
5036,129,34.68419339143125,33.59682461894156
5037,129,23.08078473846109,26.404532213539195
5038,129,43.181660188810866,24.956260647876256
5039,129,55.26664748922272,21.878193979002837
5040,129,47.9689675580417,18.989105306084962
5041,129,38.77006498567681,15.354671575378035
5042,129,36.73898804480302,14.549492661535986
5043,129,34.695542421609105,13.738187291843541
5044,129,33.68712612149238,13.34449434079385
5045,129,34.85684082236418,13.807961022950463
5046,129,26.3848606269228,12.206727614430978
5047,129,23.920212221060666,15.970576779725478
5048,129,0.0,14.069170206924548
5049,129,0.0,12.749877647274795
5050,129,0.0,9.97407308816213
5051,129,0.0,9.134151870573321
5052,129,0.0,9.412108131354923
5053,129,0.0,8.239318373852747
5054,129,0.0,7.868829912505476
5055,129,0.0,8.194620386138187
5056,129,0.0,11.30108443332739
5057,129,0.0,20.663229521994346
5058,129,0.0,24.262715922117952
5059,129,0.0,27.81076592563895
5060,129,41.195701114098426,35.98689223959777
5061,129,23.393211512214407,26.44177164789415
5062,129,63.46741784404131,25.137456082838515
5063,129,54.85638649575364,21.712385695834246
5064,129,49.41948335443058,19.564769042325103
5065,129,43.10033227574195,17.066046034952194
5066,129,37.24965696021698,14.74643242430624
5067,129,35.59471579751161,14.097238723533575
5068,129,34.418839993190176,13.633674092977035
5069,129,21.224450618415602,13.125685195137814
5070,129,28.977301738393635,12.94749081248438
5071,129,24.484066385014103,15.924137960530556
5072,129,0.0,13.994488828145416
5073,129,0.0,12.089135854841428
5074,129,0.0,8.762495747284312
5075,129,0.0,7.525908759085022
5076,129,0.0,6.707609448046559
5077,129,0.0,6.0770058640521745
5078,129,0.0,5.888409637630718
5079,129,0.0,6.608503955150344
5080,129,0.0,9.19972501106671
5081,129,0.0,16.965863834494996
5082,129,0.0,20.772441143373275
5083,129,0.0,24.10820606557671
5084,129,26.59648786038815,30.468162266913296
5085,129,16.90809873431931,23.960076093809498
5086,129,60.78877639617275,24.09338906049169
5087,129,53.78576515059663,21.305022321612014
5088,129,46.1525592182106,18.2736158586718
5089,129,39.360929734872485,15.583280452796037
5090,129,34.19992119496129,13.543501928672729
5091,129,32.766375600392195,12.980544563102141
5092,129,30.948346337968502,12.258377337128014
5093,129,30.253654324933876,11.98748338899326
5094,129,0.22347479970363793,10.806680875010136
5095,129,0.0,7.411580105417987
5096,129,0.0,6.425734740176497
5097,129,0.0,6.086393890924117
5098,129,0.0,5.322892157753976
5099,129,0.0,4.929321930172427
5100,129,0.0,5.596604321792586
5101,129,0.0,6.1865226628571035
5102,129,0.0,6.981884543527214
5103,129,0.0,6.350337041980327
5104,129,0.0,7.149285371311997
5105,129,0.0,11.478609659343311
5106,129,0.0,13.667179922705353
5107,129,0.0,16.04900401975024
5108,129,0.0,20.959921257804893
5109,129,17.144827268293028,24.01854427040539
5110,129,47.19926380803585,23.499278994203824
5111,129,9.363370391096026,20.69562037267293
5112,129,46.14916675845038,18.268728212256434
5113,129,39.190894065473714,15.519812783831533
5114,129,35.00609675830191,13.864622139390478
5115,129,32.938865315795596,13.048800249930077
5116,129,33.471479452934716,13.276268113802878
5117,129,32.213841693145895,12.769492293863438
5118,129,22.999423300603894,10.633414229557648
5119,129,0.0,7.369755198844353
5120,129,0.0,6.972472168503118
5121,129,0.0,7.18700437169094
5122,129,0.0,6.4145568086008895
5123,129,0.0,6.041811842841775
5124,129,0.0,6.207533021701338
5125,129,0.0,5.631559737912404
5126,129,0.0,5.01685745839505
5127,129,0.0,5.031385819103355
5128,129,0.0,6.30256794877263
5129,129,0.0,10.847933685680767
5130,129,0.0,14.277556318595694
5131,129,0.0,16.512826392785602
5132,129,0.0,21.501259404696373
5133,129,18.834444985468934,24.67539323431264
5134,129,14.58006318991778,22.760966378547398
5135,129,37.28122616271534,18.75397732973731
5136,129,43.173858794553155,17.096356150414767
5137,129,37.22042233805567,14.738496271029602
5138,129,32.99852501510259,13.0759668279108
5139,129,31.40558949255734,12.44758900114926
5140,129,31.42832100724746,12.454163183658325
5141,129,32.449456617772654,12.852889849892293
5142,129,26.7664344015337,11.88805974501213
5143,129,21.417319601869877,14.479131734711146
5144,129,10.126057361230067,11.949993956109187
5145,129,23.626046614523943,9.337743913647337
5146,129,18.73174868870464,7.403359210715949
5147,129,15.381239325023444,6.079125761695711
5148,129,48.675512661905174,6.325132653881327
5149,129,57.8059442326726,5.888214667995441
5150,129,13.694183390420278,5.412364288000577
5151,129,14.935009562503154,5.902769048063951
5152,129,0.0,8.966554835396897
5153,129,0.0,17.904022656753842
5154,129,0.0,22.10067216006687
5155,129,0.0,27.43243988700648
5156,129,78.1275483736259,33.570562517605765
5157,129,44.548500691689696,24.9941439120536
5158,129,61.10857258626723,24.21619303646161
5159,129,55.41619553968147,21.94449248942644
5160,129,47.78856150200639,18.917758583828473
5161,129,41.324699089550165,16.375181481161086
5162,129,37.47668506062851,14.842201795129299
5163,129,35.04275115506772,13.883890716153092
5164,129,34.49042109659217,13.664381948497647
5165,129,0.0,13.355679949253647
5166,129,0.0,12.17964092177264
5167,129,0.0,13.496324764981217
5168,129,0.0,10.030450595053322
5169,129,0.0,8.487167699453128
5170,129,0.0,6.313931149088527
5171,129,0.0,5.1732478327427485
5172,129,0.0,4.976315437828595
5173,129,0.0,4.532947591532764
5174,129,0.0,4.12643243375358
5175,129,0.0,4.1165219276793374
5176,129,0.0,7.131455929010247
5177,129,0.0,16.084729847012913
5178,129,0.0,22.101004801856085
5179,129,0.0,27.90786518766888
5180,129,40.802692244191974,35.6255763597355
5181,129,24.920401549838544,27.072280840428895
5182,129,66.08779219988037,26.17815006155299
5183,129,55.92387361966544,21.99585773950051
5184,129,87.08858802609853,17.50045679533845
5185,129,79.60335490773929,14.525054077262618
5186,129,33.890027382128096,13.417389398445847
5187,129,32.61518972829691,12.91232318785122
5188,129,0.0,12.47840116833999
5189,129,0.0,12.568955536781012
5190,129,0.0,12.09091679956429
5191,129,21.760980124273743,14.340720945090652
5192,129,0.0,12.857454345305058
5193,129,27.773383529456908,10.976834848306021
5194,129,22.79462602150062,9.009102473930875
5195,129,19.655789846957816,7.768542129436734
5196,129,59.932358553332676,6.728623886494564
5197,129,59.090584869096574,6.395940059620643
5198,129,41.993517296464944,5.1190722536824556
5199,129,13.365281546807495,5.282357382825658
5200,129,19.796312621792822,7.824092219916194
5201,129,0.0,16.23907730662309
5202,129,0.0,20.750755867242773
5203,129,34.88905380694618,26.464486540129283
5204,129,45.37188368036382,37.33179639751283
5205,129,39.02923766835542,28.29483601163086
5206,129,65.09498717311146,25.78690170773968
5207,129,55.21066093369953,21.866956631501928
5208,129,44.84313706592147,17.759702401696803
5209,129,38.65118194713091,15.310067046662903
5210,129,35.27329493320153,13.976220877401317
5211,129,35.32196934348519,13.989377895713115
5212,129,33.27428985350522,13.187388409576128
5213,129,0.0,12.461915912744018
5214,129,0.0,12.140457968355237
5215,129,23.377111590189514,14.833821096759847
5216,129,0.0,12.209789053749846
5217,129,27.002039744076,10.671952209177723
5218,129,21.75208878567858,8.597029639389888
5219,129,19.815573680482146,7.83167624632208
5220,129,37.04946562695355,8.235946408741226
5221,129,16.73296138768876,6.613364590097067
5222,129,15.976625994255755,6.314418486662258
5223,129,0.0,6.2132067234494235
5224,129,0.0,8.601062200499756
5225,129,0.0,16.743815397417386
5226,129,0.0,21.491146488859872
5227,129,0.0,25.496061553195396
5228,129,40.899494778791734,35.40883664489421
5229,129,22.584643224220713,26.07850651275137
5230,129,64.42171183114098,25.50615546191891
5231,129,58.41421337695252,23.120869160518808
5232,129,50.67557050703897,20.062348624623507
5233,129,43.69732612271804,17.297085249274065
5234,129,38.60630347994487,15.283759176638116
5235,129,35.486080356943006,14.055436857692921
5236,129,33.451847987812755,13.247788304207791
5237,129,34.410315275820835,13.62662415053182
5238,129,16.51878654163852,13.25660735524736
5239,129,27.79573574534311,16.252575672259336
5240,129,0.0,13.37429452090644
5241,129,0.0,11.231232353298982
5242,129,0.0,8.816732285141592
5243,129,19.559506033552054,7.730481429554315
5244,129,18.479800304142202,7.303761927052539
5245,129,15.973783499092065,6.313323175670972
5246,129,14.28658828203666,5.646490385198812
5247,129,0.0,6.156872524688202
5248,129,0.0,8.379492468664635
5249,129,0.0,15.801091675303073
5250,129,0.0,21.83583809145543
5251,129,0.0,27.221750735325028
5252,129,40.22641041398245,35.31031063553513
5253,129,21.95576905727492,25.87737100955178
5254,129,63.2574229757914,25.048514584338935
5255,129,57.61577520829775,22.808997325181053
5256,129,49.10868640851618,19.437109722476478
5257,129,43.567370830373875,17.249392246536857
5258,129,38.07415452045504,15.080801417891053
5259,129,35.29117827462969,13.986966226535312
5260,129,34.62540462520636,13.716580148399132
5261,129,34.229721470943275,13.556530308551137
5262,129,18.662257958286688,12.935131508122495
5263,129,0.0,9.302727572317952
5264,129,0.0,8.426270044583585
5265,129,0.0,7.469230690406081
5266,129,0.0,5.939044662588355
5267,129,0.0,5.150103618156664
5268,129,0.0,5.164297404323519
5269,129,0.0,5.183304769278587
5270,129,0.0,5.145997160274078
5271,129,0.0,5.315385660352515
5272,129,0.0,6.65091694651382
5273,129,0.0,11.128018761924892
5274,129,0.0,14.081047490768366
5275,129,0.0,17.14378337762725
5276,129,0.0,22.31920712763568
5277,129,17.648382735483636,24.170157691245375
5278,129,16.975759548412128,23.72224352415433
5279,129,49.332902278727886,21.665394351083656
5280,129,47.66431049338493,18.866175972251153
5281,129,42.38094174316842,16.778048974312053
5282,129,37.81336667629276,14.971583880795954
5283,129,35.81600561438236,14.188235063294828
5284,129,34.07844978738339,13.50149735567707
5285,129,33.98511999738929,13.460966865954845
5286,129,28.91003440903006,12.363918831098147
5287,129,0.0,8.42232908881631
5288,129,0.0,7.609212192918519
5289,129,18.766967591247408,7.4172320848595374
5290,129,16.077102374243424,6.354126080426656
5291,129,13.38118911432673,5.288627692751974
5292,129,13.443715091959518,5.313336076391948
5293,129,33.25855306708547,5.099119734963291
5294,129,11.787300765938369,4.658687943033283
5295,129,12.136000926844304,4.796498294755711
5296,129,0.0,6.075761392650603
5297,129,0.0,11.030621141013773
5298,129,0.0,14.800557384182842
5299,129,0.0,18.950593791363794
5300,129,8.221533214182841,25.336361661769466
5301,129,25.651640529542163,27.335678915449527
5302,129,20.79281453600146,25.23573717154721
5303,129,56.1540452959548,22.2361867434796
5304,129,46.80064285196295,18.52736075472866
5305,129,41.405758634553536,16.395098697814255
5306,129,37.58435591934983,14.893268641935881
5307,129,35.25428900465144,13.966297094220721
5308,129,30.438992328988945,14.083200299407814
5309,129,34.64644109903503,13.726051180623397
5310,129,31.51779226806184,13.287860036025458
5311,129,27.168063401301623,15.646583203026893
5312,129,32.02395762257382,12.65677297801069
5313,129,24.54882686260973,9.702413260057444
5314,129,18.802714137297727,7.431374090135752
5315,129,58.283304119360224,6.076861885184498
5316,129,58.19172328361688,6.040647697807704
5317,129,56.42445375799099,5.342173374469678
5318,129,13.108469369473852,5.180827281661396
5319,129,0.0,5.51001639526117
5320,129,0.0,8.992690012864625
5321,129,0.0,19.14202288903693
5322,129,0.0,25.98605451586441
5323,129,31.226377477604927,31.403942440791713
5324,129,56.808050476295335,41.498497208453195
5325,129,73.40212228742615,29.22775229245298
5326,129,69.69050012653,27.61152160033335
5327,129,57.55006279097685,22.789084494974013
5328,129,49.00048770076992,19.399131377117644
5329,129,43.36395695804285,17.181102916742375
5330,129,40.051522397892114,15.86341597522633
5331,129,37.74739316465414,14.955187424324928
5332,129,36.1282918846868,14.316504119280307
5333,129,0.0,14.835410540338964
5334,129,0.0,14.17185128789818
5335,129,27.514239331491552,15.97145733635516
5336,129,0.0,11.565635290128004
5337,129,0.0,8.55082981126997
5338,129,0.0,6.479987174438877
5339,129,0.0,5.462168720436868
5340,129,0.0,5.347321502766016
5341,129,0.0,5.665364108740155
5342,129,0.0,5.360177536845307
5343,129,0.0,5.452135887224895
5344,129,0.0,8.950083334252826
5345,129,0.0,19.48378226347006
5346,129,0.0,26.849124584342842
5347,129,14.675090795002177,33.47329526230406
5348,129,53.861211580954915,40.20802720540542
5349,129,26.602738240757873,27.67773918582511
5350,129,67.59592976575846,26.78508910580369
5351,129,57.05774945364084,22.590922910963585
5352,129,47.25007653814117,18.713426746006817
5353,129,38.789648553859024,15.358732949162416
5354,129,34.658879629841266,13.726096266386534
5355,129,33.69596487450721,13.344327151374422
5356,129,32.6013887773513,12.91296390362968
5357,129,32.88527875753644,13.026364813635634
5358,129,23.964296768536286,12.224284651368231
5359,129,24.997517008092274,14.515791417632325
5360,129,0.0,12.477121429459052
5361,129,0.0,11.031978524178253
5362,129,0.0,9.7998165180572
5363,129,0.0,9.953108171454616
5364,129,0.0,10.030298536948381
5365,129,0.0,8.665666515308402
5366,129,0.0,8.544307631178466
5367,129,0.0,7.840391142255206
5368,129,0.0,10.325988222107929
5369,129,0.0,18.434403949560902
5370,129,0.0,21.71031012256444
5371,129,0.21637067142066257,27.837450695278175
5372,129,48.18399891648539,37.82685193911062
5373,129,24.421751331367147,26.79487403459596
5374,129,61.646200513234106,24.430964617061832
5375,129,51.824483132882904,20.53219840301694
5376,129,42.8638616262873,16.973747664080772
5377,129,36.42888126065813,14.426807753188932
5378,129,34.42428965680122,13.634551516139123
5379,129,33.116073484279696,13.117532193314307
5380,129,31.046715788001222,12.304519642148872
5381,129,25.008926294116662,11.932180267882341
5382,129,27.856216488036267,11.7702833755965
5383,129,22.5138588410978,13.380037238141389
5384,129,0.0,10.721137776235476
5385,129,0.0,8.701281530816624
5386,129,0.0,6.786902203716692
5387,129,0.0,5.663589196166906
5388,129,0.0,5.471405446537809
5389,129,0.0,5.521760231544667
5390,129,0.0,5.2864386301697515
5391,129,0.0,5.252038678162874
5392,129,0.0,7.877443890564953
5393,129,0.0,16.098423210172
5394,129,0.0,20.885517050612062
5395,129,0.0,26.56807001739024
5396,129,45.0117477233718,36.462672622748244
5397,129,25.284197820209187,27.092116469568314
5398,129,66.905975662511,26.489242508244686
5399,129,57.59010279738064,22.80010516779918
5400,129,50.77598499013192,20.10085973630942
5401,129,42.63619719712253,16.87773459047907
5402,129,38.47826861007064,15.235621430102004
5403,129,36.583208788698585,14.48785597451126
5404,129,35.054256765874925,13.883567112864224
5405,129,35.43176947868076,14.033986694445233
5406,129,27.176665757114193,14.03949762925701
5407,129,33.4850304805947,17.337612373128632
5408,129,0.0,14.608359208949175
5409,129,0.0,12.293341215079707
5410,129,0.0,10.472209641754995
5411,129,0.0,9.01708361821751
5412,129,0.0,8.73171771990544
5413,129,0.0,7.493503230906482
5414,129,0.0,6.140632600814318
5415,129,0.0,6.488941976466973
5416,129,0.0,9.79751305892237
5417,129,0.0,18.87178788116439
5418,129,0.0,23.85148065079888
5419,129,7.339225002866101,30.468022031647536
5420,129,48.72439158962649,38.01486243086302
5421,129,21.796314284568297,25.74633687924668
5422,129,59.05485521778786,25.43176324637065
5423,129,57.34662776065136,22.718429070132586
5424,129,48.58645503997394,19.240411715347857
5425,129,41.71334369815227,16.523915677715348
5426,129,37.22816627507086,14.753682190972912
5427,129,35.666422072225146,14.13765703535531
5428,129,34.36578978543636,13.621231863503041
5429,129,32.42931708961905,12.847355942846669
5430,129,31.404020246512232,13.007532217937774
5431,129,1.9593840142704266,11.030455721972142
5432,129,0.0,9.428821893968848
5433,129,0.0,8.66086126063299
5434,129,0.0,7.019308926335424
5435,129,0.0,5.696058020828921
5436,129,0.0,5.211050839898909
5437,129,0.0,5.548990249685558
5438,129,0.0,5.5362529979055815
5439,129,0.0,5.353081352291371
5440,129,0.0,5.691938188919436
5441,129,0.0,9.368890529819918
5442,129,0.0,13.408573297219126
5443,129,0.0,17.20181301475849
5444,129,8.559269822558946,24.285733859298393
5445,129,22.682673409732956,26.10649028923423
5446,129,56.44508937558612,24.389451936835705
5447,129,15.239204837630638,23.02743589995286
5448,129,50.73725833073439,20.10982325033734
5449,129,44.593084918204795,17.652299026607047
5450,129,39.24518917962061,15.53864646158794
5451,129,36.466883984896725,14.4503094119373
5452,129,34.25562359625545,13.573924473898627
5453,129,33.8358664385261,13.425015157680228
5454,129,31.455164934961033,12.861420630657035
5455,129,0.0,8.758778588064798
5456,129,0.0,7.658199941230993
5457,129,0.0,6.73924678415714
5458,129,0.0,5.621778101041308
5459,129,0.0,4.456469679867915
5460,129,10.349112394997917,4.090260547145902
5461,129,9.631337781318194,3.8065761492975465
5462,129,8.52658846565646,3.839881055678897
5463,129,0.0,4.175690010893188
5464,129,0.0,5.359491599544574
5465,129,0.0,9.774725559778888
5466,129,0.0,14.040277894871865
5467,129,0.0,18.81453617363871
5468,129,11.90458825731966,25.23898521352359
5469,129,26.111549393654343,27.438508722894372
5470,129,64.68430465929131,25.626962428509714
5471,129,12.093665290709765,21.78300084609614
5472,129,46.412182194281115,18.373645476728534
5473,129,39.89172445453448,15.797815060539781
5474,129,35.91262372698978,14.234872948533061
5475,129,33.320558003595124,13.200716746078818
5476,129,26.854620694802378,12.668884991173048
5477,129,32.46247860348461,12.864024382164287
5478,129,32.729467163253645,13.345677691699983
5479,129,32.43664649374267,16.531347226799852
5480,129,0.0,13.129549971313288
5481,129,0.0,10.589947740068357
5482,129,0.0,8.507043159926816
5483,129,0.0,6.701612958900222
5484,129,0.0,6.004596496669481
5485,129,0.0,5.181023877182406
5486,129,0.0,4.979720294068401
5487,129,0.0,5.326619533277082
5488,129,0.0,8.955405218414331
5489,129,0.0,19.51719184505689
5490,129,0.7730389824374129,25.42562865875841
5491,129,17.799015311226185,33.1921618462509
5492,129,86.52485168403246,43.63198698889781
5493,129,74.70707481790839,29.657361997118542
5494,129,69.67939362942133,27.583002045485475
5495,129,60.513367598822754,23.959103568750873
5496,129,50.255183618155286,19.897492151246915
5497,129,43.726408520370796,17.315940066127713
5498,129,41.670940529414224,16.498717222863657
5499,129,38.97757797758672,15.439099592131464
5500,129,35.830949382376076,14.19911007848215
5501,129,0.0,14.013041861398928
5502,129,0.0,14.34277086151987
5503,129,31.147250313892982,16.129783784740606
5504,129,0.0,11.347309610691427
5505,129,0.0,8.424380706718349
5506,129,0.0,6.336390145513373
5507,129,0.0,5.06139957226646
5508,129,0.0,4.855869844769442
5509,129,0.0,5.133396430430258
5510,129,0.0,5.65753056874476
5511,129,0.0,6.2629633052843605
5512,129,0.0,10.503307726035043
5513,129,0.0,20.586570889068994
5514,129,0.0,27.578664919061946
5515,129,19.618021620235737,33.467096318226595
5516,129,60.70170982574652,42.31794806479494
5517,129,68.50267587012837,29.071101636364116
5518,129,67.05158289510393,26.553977352230156
5519,129,56.47597914428104,22.382720707477116
5520,129,46.047750799697695,18.235768821776535
5521,129,40.392791793848914,16.00561684878623
5522,129,37.15762528203825,14.716079254538329
5523,129,33.79762492971139,13.386910219369083
5524,129,33.51496649637653,13.277636646586675
5525,129,33.42101186536084,13.238076139224509
5526,129,0.0,13.683375325641087
5527,129,31.52902668746904,15.966465252778752
5528,129,0.0,12.194047585017257
5529,129,0.0,9.8269850701843
5530,129,0.0,8.238689929473335
5531,129,0.0,8.463686484605507
5532,129,0.0,9.54107875633692
5533,129,0.0,9.158071357881786
5534,129,0.0,8.810092842918177
5535,129,0.0,7.7443455660917735
5536,129,0.0,11.362709712996892
5537,129,0.0,20.6271067305303
5538,129,0.0,25.50064844800929
5539,129,16.68181845060701,32.31388627245785
5540,129,58.650240426732836,41.35434148065206
5541,129,72.93275747915118,28.94518798522803
5542,129,65.71813570925755,26.01976855714453
5543,129,54.29349677233475,21.499615229954152
5544,129,46.42862366870304,18.376591704889144
5545,129,39.661232981966776,15.698345617825733
5546,129,35.27053538891067,13.966643502865493
5547,129,34.08486085192308,13.495612716291536
5548,129,33.80796230405991,13.388607333437887
5549,129,34.377195669961225,13.609936391165228
5550,129,24.01138624667709,14.038504211112999
5551,129,0.0,17.3895380106843
5552,129,0.0,13.078920092051256
5553,129,0.0,9.973339372678627
5554,129,0.0,7.508628037473597
5555,129,0.0,6.879979818788493
5556,129,0.0,8.077954484083474
5557,129,0.0,7.532598214900301
5558,129,0.0,6.3966498042725695
5559,129,0.0,7.230341476153496
5560,129,0.0,10.883111913423521
5561,129,0.0,20.420859521887433
5562,129,4.856779578666703,25.147059682402993
5563,129,16.93745068667951,32.0619708517297
5564,129,58.46555086507621,41.23278507286182
5565,129,70.87410817265649,28.115778735173762
5566,129,66.79864931566826,26.450460073856217
5567,129,57.13174008334221,22.612847204822437
5568,129,52.48989811687821,20.778238820012945
5569,129,46.069091806344886,18.23324785295457
5570,129,40.39281493481539,15.992267144157129
5571,129,36.878301398491686,14.604464337873628
5572,129,35.52799939583906,14.0683473884437
5573,129,35.174488006767035,13.931059040386286
5574,129,0.0,14.579271127967225
5575,129,30.422133013544794,19.670821026595114
5576,129,10.565147791794516,18.112792404460805
5577,129,0.0,17.161326523441964
5578,129,0.0,14.133967289640244
5579,129,0.0,13.99858472948024
5580,129,0.0,13.565737343429955
5581,129,0.0,11.350695028987063
5582,129,0.0,10.394930091234848
5583,129,0.0,10.791647412922043
5584,129,0.0,13.499294165085988
5585,129,0.0,24.306228486163864
5586,129,11.569258847970332,28.702499320633237
5587,129,21.52339946479387,34.04406976050071
5588,129,56.55942753798371,40.508417931216
5589,129,24.706140272403587,26.83322008223349
5590,129,65.13943057187888,25.812795030161638
5591,129,59.085488272636155,23.406788817927517
5592,129,51.615960254800086,20.44006858171323
5593,129,44.85575506635797,17.763376322527822
5594,129,41.55679730612505,16.45709431838404
5595,129,37.962877085089275,15.041570054106039
5596,129,37.529340051722926,14.865355942467753
5597,129,35.96816517629264,14.243493381142173
5598,129,29.708385382754443,14.012755415466025
5599,129,9.204160562003239,11.334909802702585
5600,129,0.0,8.99996332176699
5601,129,0.0,8.469007379600393
5602,129,0.0,7.597338423835524
5603,129,0.0,7.065720729202496
5604,129,0.0,6.548518967360733
5605,129,0.0,6.878767016500876
5606,129,0.0,6.56636248316032
5607,129,0.0,6.3087638100797765
5608,129,0.0,7.144921762557196
5609,129,0.0,12.275551199706507
5610,129,0.0,16.043472721559453
5611,129,0.0,18.99916229854443
5612,129,10.59192080303717,23.730065279223172
5613,129,18.809524000250377,24.524596207243135
5614,129,54.02121310448038,22.94834832977359
5615,129,9.494048560988233,20.749488663800538
5616,129,45.43753341497947,18.01155317201491
5617,129,40.646086354925615,16.087495782860866
5618,129,37.042203584363165,14.677700550208131
5619,129,34.3847470000469,13.618898775307136
5620,129,32.93280090831274,13.042618773452897
5621,129,32.00053498726163,12.693577079301686
5622,129,30.175712320875903,12.083991210606051
5623,129,3.6249537068506754,8.673615660460564
5624,129,0.0,6.855619882298474
5625,129,0.0,6.709069441539709
5626,129,0.0,5.756131801204497
5627,129,0.0,5.313102099891192
5628,129,0.0,5.44416360891605
5629,129,0.0,5.290863576529746
5630,129,0.0,5.344298824015835
5631,129,0.0,5.289460671622915
5632,129,0.0,6.650465355520265
5633,129,0.0,11.950663008800026
5634,129,0.0,16.110119390293164
5635,129,0.0,20.95114916150259
5636,129,23.010601463838043,28.274289144562534
5637,129,28.869995058773412,28.453548000751645
5638,129,24.18304532920601,26.11451370645047
5639,129,55.440563522218156,21.949308938093
5640,129,45.782963478160354,18.120238719816673
5641,129,39.776997155041016,15.747740235910024
5642,129,37.1867479037391,14.72765429291993
5643,129,34.804090986654046,13.787164851945938
5644,129,34.212667457978796,13.55340721567063
5645,129,35.06986235157328,13.888520909622724
5646,129,38.76662617985005,15.501231786236545
5647,129,41.385822728567945,19.13532180559749
5648,129,0.0,12.645740797236487
5649,129,24.226478330227508,9.575046562048048
5650,129,17.812148151062246,7.039918071473035
5651,129,14.698189209777723,5.809163719223132
5652,129,56.13798379531332,5.2289789713793935
5653,129,24.315776889327623,4.808870182267272
5654,129,12.577983113587266,4.971200355065726
5655,129,0.0,5.474797211604316
5656,129,0.0,9.117874409388293
5657,129,0.0,19.754852721674688
5658,129,7.350120459939546,24.942175208796655
5659,129,20.579984387829597,32.44487679988364
5660,129,84.86919909442747,42.23729273133693
5661,129,70.83120062820925,28.074726769692656
5662,129,63.89652278039293,25.313349107203994
5663,129,53.514270532712516,21.19902129124337
5664,129,43.981446858950335,17.418009717329927
5665,129,38.87038722400504,15.398023825307282
5666,129,36.480561809455025,14.448602276174322
5667,129,34.458254512532704,13.657792271949093
5668,129,33.078698040828414,13.108897633372349
5669,129,0.0,13.455768178562693
5670,129,0.0,14.838679333166647
5671,129,41.71259349929812,19.323941764369152
5672,129,0.0,12.498531341236648
5673,129,0.0,9.103201429279526
5674,129,0.0,6.75671614292581
5675,129,0.0,5.119455713725487
5676,129,0.0,4.734558947039901
5677,129,0.0,4.736534732724539
5678,129,0.0,5.703183134519136
5679,129,0.0,6.631776932214979
5680,129,0.0,11.24404583814198
5681,129,0.0,22.58404555984278
5682,129,0.0,28.401201071121747
5683,129,27.741867558052746,34.89585832601725
5684,129,65.75859216439284,43.803780619621556
5685,129,44.79735181680766,29.179492119774103
5686,129,66.98716373382396,26.525224745009947
5687,129,56.94136487389656,22.566935142907102
5688,129,48.691627666865855,19.286934808307024
5689,129,41.07006646163569,16.280697450359856
5690,129,38.18066669068543,15.126582206338204
5691,129,34.96350739453291,13.858696384187308
5692,129,34.10842023401628,13.514678538350877
5693,129,35.25360072634243,13.96361661456302
5694,129,37.34002235998801,14.903474694904201
5695,129,45.813773314900885,20.7483113732225
5696,129,6.4549646789586745,15.429146314893805
5697,129,0.0,11.442392145566565
5698,129,0.0,8.661584132220321
5699,129,0.0,6.947622161680577
5700,129,0.0,6.660651653820652
5701,129,0.0,6.144561811649424
5702,129,0.0,5.45815553587458
5703,129,0.0,5.656785889492314
5704,129,0.0,9.549089926599232
5705,129,0.0,18.837296992694025
5706,129,0.0,25.11706329805265
5707,129,24.089361528805142,33.34795862759636
5708,129,64.30803296400356,43.06065394426418
5709,129,69.97691693587527,27.73474360993941
5710,129,63.08041726816782,24.995625091317226
5711,129,53.6932246808739,21.270946678843348
5712,129,42.880127876259166,16.985158728485512
5713,129,34.841019576543175,13.801811978701586
5714,129,32.969632557119155,13.067007432560988
5715,129,31.262308081846157,12.392215196409778
5716,129,30.82871170364143,12.219643781198203
5717,129,30.45926132054788,12.07121004461073
5718,129,33.43919965870512,13.367867097097557
5719,129,1.1469947660955881,18.357744080756742
5720,129,0.0,12.645160653161888
5721,129,0.0,8.44560545546873
5722,129,0.0,5.689129478628668
5723,129,0.0,4.8854073894857075
5724,129,0.0,5.972623326552382
5725,129,0.0,5.474549205661454
5726,129,0.0,4.689325620808728
5727,129,0.0,6.1112513810118365
5728,129,0.0,9.847498018133672
5729,129,0.0,20.744261149934644
5730,129,0.0,26.550722118818616
5731,129,29.532839543545464,35.20569744227678
5732,129,112.1349400980769,45.01204289405717
5733,129,74.43199887244134,29.51006909901559
5734,129,67.06447272128457,26.581175206151844
5735,129,55.69344925922337,22.05667397605181
5736,129,48.00845417764066,19.015694473252466
5737,129,40.01158388878423,15.855048493529036
5738,129,36.171878366957344,14.33018251413811
5739,129,34.4511743493463,13.657409761782146
5740,129,32.98249187425384,13.075775633143325
5741,129,33.737866702566066,13.36943017469307
5742,129,5.048853042641355,14.627233194280969
5743,129,7.815518231328866,22.233671222233653
5744,129,19.83569352305281,19.862226611822514
5745,129,0.0,18.07155967007188
5746,129,0.0,16.552663889344775
5747,129,0.0,15.656261828778113
5748,129,0.0,14.890032420260674
5749,129,0.0,12.838622048524147
5750,129,0.0,10.659892805617613
5751,129,0.0,10.510545456316729
5752,129,0.0,13.61377110706467
5753,129,0.0,24.395951430059682
5754,129,0.0,30.28304411500298
5755,129,37.011997438082034,38.23062318667648
5756,129,72.35105426757116,46.22940179016958
5757,129,75.1990998868095,29.785136891765198
5758,129,67.11542550269911,26.574559954720936
5759,129,59.231572456624804,23.45373289647241
5760,129,51.10789528674076,20.233321885529396
5761,129,43.95383307732814,17.404586362530434
5762,129,39.095599042525464,15.478463023612234
5763,129,36.20674816869496,14.347619550849434
5764,129,33.84566619514828,13.405945395073118
5765,129,34.366078221136576,13.605522684551257
5766,129,27.67846057041723,14.063056193690283
5767,129,0.0,12.144074717649588
5768,129,0.0,10.165460763761917
5769,129,0.0,8.67549121707227
5770,129,0.0,7.114379442291514
5771,129,0.0,6.265823977458317
5772,129,0.0,5.696025241542329
5773,129,0.0,5.246221844360421
5774,129,0.0,5.001301114071353
5775,129,0.0,5.380667424957698
5776,129,0.0,7.784119908822115
5777,129,0.0,13.950870777185084
5778,129,0.0,19.3281538052604
5779,129,0.0,23.18266603130088
5780,129,22.277762120843647,27.19140360149278
5781,129,23.06976876151623,26.184347721063187
5782,129,60.897630028467375,24.134178433302253
5783,129,52.49445193972235,20.828749027026216
5784,129,46.51662522486788,18.449107104296953
5785,129,40.36893408807529,15.996321292648469
5786,129,35.984763530905184,14.269638345797041
5787,129,31.776203483165233,12.596586488570663
5788,129,30.66960235812033,12.151951361889449
5789,129,30.449439431642134,12.060049767455197
5790,129,5.080569142577929,12.126891296219217
5791,129,11.110907201434372,9.581857750261412
5792,129,0.0,7.633812067634109
5793,129,0.0,7.18249437972437
5794,129,0.0,6.006634254418213
5795,129,0.0,5.119277392803615
5796,129,0.0,5.383868145345572
5797,129,11.421027005141582,5.559876555961874
5798,129,13.178099389573816,5.2083661556615635
5799,129,0.0,4.965765211359893
5800,129,0.0,6.398994726417374
5801,129,0.0,12.165533058257859
5802,129,0.0,17.24018188282373
5803,129,0.0,23.28437752499086
5804,129,31.09389120244188,30.419680905758387
5805,129,29.974146078817654,28.864548175683694
5806,129,40.98744494099549,26.127888968806758
5807,129,53.86498640101678,21.336403532443043
5808,129,44.80913663739372,17.746346608850526
5809,129,37.004912203343565,14.659462011366298
5810,129,34.09487690434432,13.508132804965538
5811,129,32.48211904103471,12.875604049682593
5812,129,31.867038937232195,12.630032509733033
5813,129,32.18955148140523,12.75261324563172
5814,129,34.40024984538326,13.672472357020736
5815,129,41.81756923360069,18.52471630161207
5816,129,2.845093372656038,12.74426120405165
5817,129,0.0,9.086155043071322
5818,129,0.0,6.636828854817275
5819,129,0.0,5.361255667524175
5820,129,38.435976972067465,4.809994069536945
5821,129,10.798516068007302,4.267907315635892
5822,129,0.0,4.658602678779418
5823,129,0.0,6.10636776062093
5824,129,0.0,11.644905577445588
5825,129,0.0,25.591768566792293
5826,129,0.0,30.27521242944805
5827,129,34.848225790408804,36.334563877528005
5828,129,107.68794606025622,43.00439285725699
5829,129,69.98587473524864,27.717516769458
5830,129,62.661279617810095,24.818973427721208
5831,129,54.289229028114505,21.502840607427423
5832,129,43.48503408873938,17.2205592169405
5833,129,37.3855667930485,14.812252379495384
5834,129,35.40197389552091,14.027055718292164
5835,129,33.116745496599265,13.125071205337985
5836,129,32.873977259114895,13.026665219424089
5837,129,34.37325505580091,13.611937483677165
5838,129,0.0,14.863719963606115
5839,129,24.203578320115327,21.539458485501317
5840,129,5.749217820230967,14.385771974974201
5841,129,0.0,9.547745475617477
5842,129,0.0,6.55688483053416
5843,129,0.0,5.280578115635154
5844,129,0.0,4.9015822304361825
5845,129,0.0,4.645385069777162
5846,129,0.0,4.892232067650928
5847,129,0.0,6.147304711939306
5848,129,0.0,11.186767662702785
5849,129,0.0,25.250404759455726
5850,129,0.0,33.40947163498698
5851,129,46.175237952851944,40.49842144786004
5852,129,75.62501071773653,47.304064593827846
5853,129,75.93141801811143,30.077251496195263
5854,129,69.58752280107205,27.55040875292776
5855,129,58.13056913034487,23.016218296543656
5856,129,47.38165141097639,18.77401661024756
5857,129,40.0727230536404,15.879217036854756
5858,129,37.05962910699512,14.693189759432792
5859,129,34.12993337870773,13.535334492894538
5860,129,33.025893910167525,13.096552898901631
5861,129,32.991774842866306,13.072138352534516
5862,129,28.454026593944803,14.776713809224818
5863,129,51.6204282440853,22.295935790202197
5864,129,17.394992651588836,17.899095603308524
5865,129,0.0,13.597639495610327
5866,129,0.0,9.769852139618678
5867,129,0.0,7.01958530078085
5868,129,0.0,5.934511199667138
5869,129,0.0,5.344305780260594
5870,129,0.0,4.986338048742003
5871,129,0.0,5.943151418454095
5872,129,0.0,10.728029360152103
5873,129,0.0,22.39429788083224
5874,129,0.0,28.805551968458904
5875,129,40.1256543247932,37.924137106763354
5876,129,113.34842531103817,45.10206216244522
5877,129,74.55127350668178,29.517058040109276
5878,129,68.43908275995503,27.107399637172737
5879,129,57.19538682812697,22.65022009591801
5880,129,46.315752154626466,18.34300773091705
5881,129,37.64554306614798,14.918757796038083
5882,129,34.00643101628731,13.482886180914127
5883,129,31.755479023328093,12.59323304686328
5884,129,31.15246926867954,12.354898448265924
5885,129,31.787881524667938,12.598776631270333
5886,129,13.940122826468837,14.22792945235139
5887,129,7.890588407992283,21.872784908719655
5888,129,13.949697877112754,16.348174217788188
5889,129,0.0,12.145918057102728
5890,129,0.0,8.699613337535789
5891,129,16.87808089077336,6.6707446948767375
5892,129,15.195373618681174,6.005675983736915
5893,129,12.806119024659779,5.061371293921931
5894,129,0.0,4.68531355750577
5895,129,0.0,6.070752066428303
5896,129,0.0,10.286778704025636
5897,129,0.0,23.174997215796765
5898,129,0.0,30.256917753046697
5899,129,48.65107744264563,41.02798705129323
5900,129,82.37007925112394,49.85091328628792
5901,129,67.14533911461373,32.413283474957055
5902,129,72.6680257470953,28.7836491894275
5903,129,105.89359364313822,24.944858825823736
5904,129,96.132424674515,21.077251618031028
5905,129,87.28198981122404,17.59029514643233
5906,129,52.40682173349498,15.951454305989817
5907,129,36.65981922926065,14.535287632468314
5908,129,35.11459678900053,13.923312690580449
5909,129,0.0,13.396269857566534
5910,129,0.0,14.809408333035881
5911,129,16.3934369046963,24.938472175594292
5912,129,3.1097118657612555,19.102331970659975
5913,129,0.0,15.854372979545692
5914,129,0.0,13.961663457019872
5915,129,0.0,11.980385941221302
5916,129,0.0,11.32466455251932
5917,129,0.0,10.007263305234403
5918,129,0.0,8.34588087622394
5919,129,0.0,8.942937273457229
5920,129,0.0,13.31077869040907
5921,129,0.0,23.807158442543475
5922,129,0.0,31.906823290088585
5923,129,44.227425724354674,39.20784120269648
5924,129,81.71362336145904,41.27111109026194
5925,129,63.821938263881606,25.261903642808072
5926,129,60.54679972315924,23.96749403612327
5927,129,52.59672556967132,20.82664373856932
5928,129,44.98613298597576,17.81262431115715
5929,129,39.45643748581773,15.624720492551278
5930,129,35.73742171840166,14.15361622722675
5931,129,34.144899640370596,13.529068823002046
5932,129,32.01000862257075,12.681682737024461
5933,129,31.844548449345922,12.615062840108482
5934,129,0.0,13.042909556493484
5935,129,22.40172274052199,12.65147460497914
5936,129,0.0,10.872501824008495
5937,129,0.0,9.878663218352862
5938,129,0.0,8.050369061577074
5939,129,0.0,6.2525343934855035
5940,129,0.0,6.105757474338065
5941,129,0.0,5.4049600891550575
5942,129,0.0,5.003221864052628
5943,129,0.0,5.602265503648257
5944,129,0.0,7.531174763786007
5945,129,0.0,13.461393407685572
5946,129,0.0,19.099595020059777
5947,129,0.0,24.173777240612086
5948,129,25.525721754650732,27.69836836369881
5949,129,22.387217143528204,25.89868177252964
5950,129,62.782684391397225,24.879028162561255
5951,129,54.549431972098716,21.64565358132322
5952,129,49.4023983778753,19.593142897835197
5953,129,43.51612645885794,17.247299238725283
5954,129,40.11950963460009,15.898840022097223
5955,129,37.92805745850103,15.026677539413159
5956,129,36.283844659518394,14.374450285778822
5957,129,35.70774888296313,14.145543349931579
5958,129,21.51657161732956,13.410511451495411
5959,129,22.34969096897288,12.218409571837025
5960,129,0.0,9.275163875324255
5961,129,0.0,8.376759602514449
5962,129,0.0,6.176411314323796
5963,129,12.656480011091986,5.002216108662501
5964,129,12.918240081720711,5.105666671959252
5965,129,12.241573461128752,4.838219294032498
5966,129,3.0736835842297694,4.684955416090465
5967,129,0.0,4.6777704553679325
5968,129,0.0,6.778267399111486
5969,129,0.0,14.094252650983744
5970,129,0.0,18.67931560987752
5971,129,0.0,26.47938380342979
5972,129,33.9494359847734,30.83949100225631
5973,129,31.725452119150788,29.543165992033423
5974,129,65.77648063709773,26.0536149145015
5975,129,51.90044050894116,22.919156233917224
5976,129,47.94537987331893,18.994259413857122
5977,129,41.74025562119965,16.533300628120724
5978,129,38.69898738435751,15.331300644127802
5979,129,35.688800702271095,14.144020201849488
5980,129,35.22959391989744,13.960133163001734
5981,129,35.313458045351354,13.989661563032483
5982,129,38.70651899454458,15.334334568427114
5983,129,59.60156195816779,24.077389506546044
5984,129,43.27410113062413,17.103167167399477
5985,129,29.802542915678742,11.778825445329831
5986,129,19.24048325970773,7.604379304919524
5987,129,54.41919265356532,5.482579438394185
5988,129,56.040720806986855,5.190534720992116
5989,129,54.66479396162427,4.646715467614311
5990,129,13.064929284826832,5.163640488167463
5991,129,17.02500458058509,6.728780518145991
5992,129,0.0,13.398467375381918
5993,129,0.0,27.08057508971095
5994,129,5.176881699721747,34.78948946337672
5995,129,98.2453734725297,42.67801833334063
5996,129,116.09030076327542,46.04235188633278
5997,129,74.59830278173385,29.551368520733874
5998,129,65.32417949783209,25.856862839855758
5999,129,55.09771151496068,21.816294081039487
6000,129,44.84278082482973,17.759611682966575
6001,129,38.98369471372476,15.445180464403487
6002,129,36.70991688591485,14.544040802770052
6003,129,34.3995237343897,13.628452685254036
6004,129,32.790274080131354,12.997273102062092
6005,129,21.959868461184584,12.911922972330595
6006,129,0.0,14.816010896534909
6007,129,16.25996846065192,24.726680860743826
6008,129,18.31656947481619,17.002675898707864
6009,129,0.0,10.103254926301636
6010,129,0.0,6.515145517037554
6011,129,0.0,5.347913996809419
6012,129,0.0,5.561697516763497
6013,129,0.0,5.920722900823967
6014,129,0.0,6.27897242719387
6015,129,0.0,7.790001851990461
6016,129,0.0,13.768559342369564
6017,129,0.0,29.455034456508248
6018,129,12.596201707683718,36.63488491608998
6019,129,58.550896007805164,43.727309697178804
6020,129,122.0724197524703,48.437089973347554
6021,129,75.35338055864571,29.842563541494457
6022,129,67.08619864931364,26.555696689249903
6023,129,57.45448162154787,22.74413073638712
6024,129,47.3641909145357,18.758545887599336
6025,129,40.289620070726784,15.955224433361593
6026,129,78.2195458432895,13.997603034079615
6027,129,58.22654397146465,13.092913027144531
6028,129,31.855876868387867,12.626801249434726
6029,129,0.0,12.720393729659055
6030,129,0.0,14.945104395604481
6031,129,18.20276584065539,25.380492953346195
6032,129,31.458629184172082,21.354700901920108
6033,129,0.0,17.173004969684904
6034,129,0.0,12.38756155007727
6035,129,0.0,9.927674022035024
6036,129,0.0,9.076358451607108
6037,129,0.0,8.192223230119874
6038,129,0.0,7.928482232442873
6039,129,0.0,9.213895570427166
6040,129,0.0,14.595283419659474
6041,129,0.0,28.064821904277924
6042,129,1.4814026408309644,32.778123321061294
6043,129,54.578848444460704,41.949926950746544
6044,129,117.73812083945145,46.63904347266807
6045,129,73.36089829298942,29.039140564992987
6046,129,65.1929697521858,25.808545166109273
6047,129,55.14320110171056,21.83056528011378
6048,129,44.917859628196055,17.783177407404292
6049,129,69.72237536489345,15.343630662693748
6050,129,35.864650034127976,14.214796928662627
6051,129,34.36447613060878,13.612156502263423
6052,129,31.6601613640195,12.54945026831866
6053,129,30.971509088033145,12.270003224644853
6054,129,0.0,13.700546794357438
6055,129,14.305477954092538,23.767577518527307
6056,129,22.79814577450523,17.700223647891367
6057,129,0.0,12.955160913137936
6058,129,0.0,9.466263500706958
6059,129,0.0,8.075722122179847
6060,129,0.0,7.585487134772673
6061,129,0.0,6.213646788773001
6062,129,0.0,5.630691287948429
6063,129,0.0,7.234820704589976
6064,129,0.0,11.864398680061058
6065,129,0.0,25.49440225240083
6066,129,7.120002256847613,33.69513396255182
6067,129,56.17968324876799,42.36905014408393
6068,129,113.87523650730458,45.13306262243842
6069,129,69.99741860424535,27.72091823092984
6070,129,66.0286490521571,26.151084092177594
6071,129,54.76419314210901,21.68934910576542
6072,129,46.34926341007173,18.353765093276785
6073,129,40.723239907151765,16.127812244551592
6074,129,37.18892877087043,14.735810259916319
6075,129,66.45620927021767,13.570711604563884
6076,129,32.70082457967405,12.964462036981203
6077,129,32.69097633440765,12.962963750110863
6078,129,0.0,14.169623795886228
6079,129,13.961169441490284,23.38024211264555
6080,129,21.18461097738944,16.327213709278
6081,129,0.0,11.838445155983022
6082,129,0.0,9.346066771950703
6083,129,23.557694791044526,9.310690306669683
6084,129,24.841423754278225,9.818043235541253
6085,129,23.592673773652706,9.324511213732308
6086,129,22.72036346439066,8.97976002584135
6087,129,0.0,9.700233521007489
6088,129,0.0,14.085730076301743
6089,129,0.0,25.65105209784961
6090,129,5.0691331879555435,33.292227573407615
6091,129,54.114793969571195,41.38792609457019
6092,129,69.18971683099784,44.40731266724928
6093,129,64.31887493828725,27.47954063360143
6094,129,65.10040023043118,25.76713405858745
6095,129,57.00157963029184,22.566223837288415
6096,129,48.33664292591067,19.145246119372015
6097,129,83.8247265703771,16.199450084609893
6098,129,80.84708223000447,15.026256370010929
6099,129,56.57811859899553,13.665829356488986
6100,129,35.66159205433905,14.122358874635044
6101,129,0.0,14.0092042690462
6102,129,0.0,14.541194951038856
6103,129,0.0,14.334374288591793
6104,129,0.0,12.151551226160455
6105,129,25.937373195102253,10.25117447065547
6106,129,19.634660226095946,7.760180622378581
6107,129,16.81821292834229,6.647039988584515
6108,129,29.05251197991987,6.854203055512672
6109,129,14.584130880692214,5.76406246914757
6110,129,13.870464538175753,5.4820027680133885
6111,129,14.39437599933413,5.689071481241232
6112,129,0.0,8.161186981579325
6113,129,0.0,14.921071951918622
6114,129,0.0,20.471754178717806
6115,129,7.660726563400999,26.16543245877193
6116,129,27.55130160806729,28.079211396148455
6117,129,25.77667442966103,27.234644184825825
6118,129,56.42846511115707,24.376765936424587
6119,129,54.98062688335992,21.78328806887351
6120,129,48.37242595675306,19.158187520998634
6121,129,42.16152910560211,16.703457723974296
6122,129,36.98025910929559,14.650788367727946
6123,129,33.92759799760725,13.443129307579225
6124,129,33.36621745949486,13.223690605006723
6125,129,34.05692400915328,13.497865676199162
6126,129,34.76133644031165,13.773837803634775
6127,129,32.001983712024895,14.52380943772371
6128,129,0.0,12.07169863029111
6129,129,0.0,11.262086355231933
6130,129,0.0,9.735495812194104
6131,129,0.0,8.756949416689176
6132,129,20.85960209230109,8.244286097520442
6133,129,20.036624431497785,7.91903722192249
6134,129,18.665206415970914,7.3770159106080575
6135,129,0.0,8.440937485178262
6136,129,0.0,10.737396918377287
6137,129,0.0,19.1613649608784
6138,129,0.0,25.163220002351242
6139,129,19.21233368985753,30.516263227650878
6140,129,40.844999050889896,33.23019623461276
6141,129,79.38320296339185,31.41954564290775
6142,129,69.69129370350657,27.61815557007686
6143,129,57.23975755179467,22.6859523665364
6144,129,49.03683805419945,19.430530167430817
6145,129,41.57658437539524,16.467499300684125
6146,129,36.49294361229849,14.45828295225126
6147,129,35.35524331957163,14.003763800812273
6148,129,35.077960764148486,13.899020805675468
6149,129,35.06056409505476,13.888483009195388
6150,129,35.05297307571098,15.914000377067275
6151,129,23.110316015618082,26.844512355795263
6152,129,29.069866775699893,18.992296436580464
6153,129,0.0,13.051741816500671
6154,129,0.0,9.42637565563512
6155,129,0.0,6.985509428327666
6156,129,0.0,7.172706479566391
6157,129,16.021575900321494,6.332167404500384
6158,129,0.0,6.016310229542202
6159,129,0.0,6.994026238010015
6160,129,0.0,13.978345559060156
6161,129,0.0,27.766121209734692
6162,129,13.276464446583702,34.75333927293674
6163,129,59.28896807338546,42.67185679705547
6164,129,67.44985267595283,43.65398229151564
6165,129,62.26345321259785,26.70106789681325
6166,129,62.8840996551574,24.91058056734838
6167,129,52.35497605462314,20.735831794981596
6168,129,42.1649797176471,16.70363057265424
6169,129,37.3383793399924,14.757188249628426
6170,129,34.898762869424615,13.793011407368212
6171,129,66.77542339640041,12.325448156003619
6172,129,29.711177405044253,11.742765397712622
6173,129,29.419377583856487,11.654118591732804
6174,129,0.0,13.421138152391451
6175,129,60.00738589846932,24.458042359958696
6176,129,24.448757189357906,17.35400609879406
6177,129,27.67892458994936,10.939547550092868
6178,129,19.135555063886756,7.562972039800421
6179,129,28.57724479722279,6.4931528622253
6180,129,60.96088640970976,7.135173246762064
6181,129,62.06780809701229,7.572662673020704
6182,129,63.03300619823915,7.954117369834304
6183,129,22.468534415065022,8.880253136020235
6184,129,0.0,15.204120542425411
6185,129,9.357750795022213,32.12372500353426
6186,129,33.037398133096474,41.48999977425837
6187,129,71.69684224514583,47.40011712973437
6188,129,116.85580638026494,46.239407092128445
6189,129,70.43098198530373,27.926268909873535
6190,129,64.45960875504753,25.540783069837765
6191,129,53.533288703281556,21.158044239607925
6192,129,44.84546833291958,17.72429242958161
6193,129,38.3706072077068,15.165182360777074
6194,129,32.43069580033975,12.817533474088494
6195,129,31.124628055543724,12.301382127873573
6196,129,30.555193584095974,12.076300674464209
6197,129,30.281884233467338,12.013184220331384
6198,129,34.99189537468084,13.883246823972838
6199,129,63.30432141604092,25.757506770640333
6200,129,32.29292073994827,19.84643543465459
6201,129,39.63949586889726,15.666732277183137
6202,129,30.750464790756382,12.153501281187543
6203,129,66.70314354480666,9.404676083527884
6204,129,27.723902796211064,9.1722423876094
6205,129,21.26442320275501,8.404350590835156
6206,129,20.479272520670833,8.094037834942686
6207,129,22.33300793763604,8.826688464836026
6208,129,0.0,13.837881512075237
6209,129,0.07188120926926445,27.777923428670555
6210,129,14.096874858207542,34.50524782910512
6211,129,61.60697137287485,43.29601920404522
6212,129,111.3950110028199,44.06922162625385
6213,129,67.90820883476911,26.886716652957485
6214,129,62.1331365948663,24.607785806503003
6215,129,53.81103961223843,21.308949088219073
6216,129,43.87286132479673,17.37380348881181
6217,129,81.53295744457978,15.297390886825774
6218,129,50.4643839367418,13.357773684983902
6219,129,31.283688391557263,12.389771516408638
6220,129,30.401216426476196,12.048271123648053
6221,129,32.65631573999883,12.935877337562232
6222,129,0.0,14.497377107041146
6223,129,19.26220223532482,25.237571177415838
6224,129,0.0,16.800417862789143
6225,129,0.0,13.149156588035966
6226,129,0.0,9.620026811012554
6227,129,0.0,8.216907664899093
6228,129,0.0,8.65434834505223
6229,129,0.0,7.508180590002296
6230,129,0.0,7.584479705681009
6231,129,0.0,9.145937148301439
6232,129,0.0,14.411277289832048
6233,129,0.0,29.609115760819773
6234,129,22.446097514301044,36.63171254799272
6235,129,67.36582517548939,45.3861624580724
6236,129,75.19506823967603,45.922903467508
6237,129,71.39736705553545,28.288579053637324
6238,129,62.804335046159565,24.89724575162691
6239,129,54.71943661811807,21.68244365702501
6240,129,46.15814771959492,18.27573106769107
6241,129,83.09385343329723,15.909340041056076
6242,129,78.11032518632288,13.944569008791927
6243,129,76.71978850274996,13.39136520369911
6244,129,31.893113530077954,12.64627747386246
6245,129,0.0,12.591013147646946
6246,129,0.0,14.737970275915766
6247,129,20.938453385987543,25.697325511095833
6248,129,20.384217287126916,18.294285853396882
6249,129,0.0,13.433092287872629
6250,129,0.0,9.1783218418454
6251,129,0.0,7.750353298441312
6252,129,0.0,8.044351268113594
6253,129,0.0,7.663267482828203
6254,129,0.0,8.703810518212373
6255,129,0.0,9.947909038136078
6256,129,0.0,15.40606202960232
6257,129,4.786274233033794,28.998189181761177
6258,129,20.801333250506815,36.21851129773577
6259,129,63.442281749242824,43.697427529147596
6260,129,112.55372180590939,44.525876467312614
6261,129,68.34261900796434,27.07175348169851
6262,129,60.23094802641182,23.86703108719364
6263,129,51.11470252969852,20.26276156820738
6264,129,44.612199683463416,17.679422411864504
6265,129,39.49550182764838,15.651061081993053
6266,129,35.75732510006446,14.168787687803881
6267,129,33.571082240026584,13.307163411200976
6268,129,32.086543722719796,12.720465546491564
6269,129,31.14406499194189,12.343119528003202
6270,129,0.0,12.91361387294281
6271,129,17.622049136488016,14.342615315025395
6272,129,0.0,12.387371331142157
6273,129,0.0,10.304281176284753
6274,129,0.0,8.20303454470156
6275,129,0.0,7.622738320787158
6276,129,0.0,7.400642738992507
6277,129,0.0,6.832309922926872
6278,129,0.0,6.595238285587636
6279,129,0.0,7.706025274789858
6280,129,0.0,10.331044611611043
6281,129,0.0,19.152877670462114
6282,129,0.0,25.034855161570665
6283,129,24.88353489904327,30.039846666020676
6284,129,31.20202212652856,29.360650280176536
6285,129,67.64167488119455,26.807923994108773
6286,129,61.870380771562594,24.520825014444593
6287,129,52.39793465008802,20.76255189170526
6288,129,45.622848908799085,18.06667857646872
6289,129,40.32074364815941,15.979602054376308
6290,129,36.648495852279694,14.516081711640181
6291,129,34.121288198949884,13.525726644340482
6292,129,32.16552792209626,12.749152029475137
6293,129,0.0,12.193645249260685
6294,129,20.60310091263773,12.44327672090113
6295,129,29.605035450884998,12.551308226344007
6296,129,0.0,10.979006747517186
6297,129,0.0,9.76956336063498
6298,129,0.0,8.251377125880635
6299,129,17.8494997393166,7.054643332262379
6300,129,18.232949242889873,7.206187907009044
6301,129,17.737231236360174,7.01025385495376
6302,129,0.0,7.2190812257615455
6303,129,0.0,8.278010337044599
6304,129,0.0,11.182411998298337
6305,129,0.0,19.603253384434787
6306,129,0.0,25.603367636865507
6307,129,24.534382253794007,29.804918821381595
6308,129,29.3798798061502,28.658858068048286
6309,129,22.923463964854562,26.081623280863607
6310,129,59.264439124156354,24.054829143836827
6311,129,48.72625608988557,19.324767125655438
6312,129,39.42949175193533,15.633417853190396
6313,129,33.10330596859501,13.120990434503838
6314,129,31.539674625907566,12.506657960965528
6315,129,30.888187682364787,12.241869369303986
6316,129,29.786208878149978,11.808785057288231
6317,129,30.87082919973838,12.236255428818799
6318,129,36.59211197781076,14.530205062579354
6319,129,68.48298136502962,27.421932141005488
6320,129,41.5444268014582,22.041935004205065
6321,129,17.40970667059827,14.789722743164264
6322,129,27.880991438159697,11.019369880731617
6323,129,23.055423612202475,9.11216734449065
6324,129,0.0,9.639028482587937
6325,129,0.0,9.33150317473541
6326,129,0.0,8.470764054880386
6327,129,0.0,9.32353552142955
6328,129,0.0,16.814732508717533
6329,129,23.959270531058507,33.78374277977262
6330,129,40.67823074026222,42.37779044749518
6331,129,108.10897271544562,48.43181732662494
6332,129,121.50997802978836,48.059262567786675
6333,129,69.72346444178612,27.61496506150392
6334,129,65.70183922747219,26.03038538758064
6335,129,55.11516855961318,21.824363752565386
6336,129,43.80033701784569,17.3463799081654
6337,129,36.5165334791655,14.465147566357262
6338,129,33.81492849300827,13.396218878090504
6339,129,31.64469231852962,12.532451641313337
6340,129,30.451182551907152,12.064377391706307
6341,129,30.8813956358307,12.235603025543927
6342,129,0.0,14.465678653243645
6343,129,26.91324606317025,27.94726209147797
6344,129,38.35133619430309,20.881970135448622
6345,129,0.0,14.313645931825933
6346,129,0.0,11.045867300913848
6347,129,0.0,10.182892787485253
6348,129,0.0,9.563396408176956
6349,129,0.0,9.227487601903217
6350,129,0.0,8.483622633988029
6351,129,0.0,10.268361206719767
6352,129,0.0,17.258181418587235
6353,129,28.687876700949744,35.126315019260026
6354,129,44.684907485549985,42.86723232886564
6355,129,109.27311304986986,47.86719768328328
6356,129,123.92932635901843,49.002267492640634
6357,129,74.09006374416194,29.353021871317758
6358,129,68.21502805005508,27.026181044787435
6359,129,56.0332513266637,22.193307412221458
6360,129,44.57430585460287,17.658368591427287
6361,129,38.82071362492212,15.378281777690734
6362,129,35.51709449433105,14.077460199470059
6363,129,32.469980246911945,12.868304053313913
6364,129,31.485656474934842,12.480455673522739
6365,129,31.862425022204377,12.637852667502006
6366,129,0.0,15.33663216166262
6367,129,26.773749435065497,27.91508073934836
6368,129,41.76631321775659,21.83002571222416
6369,129,0.0,16.20129721786419
6370,129,0.0,11.629739426918212
6371,129,0.0,8.893979909414481
6372,129,0.0,8.53857251622539
6373,129,0.0,7.734239563870124
6374,129,0.0,6.81036757366125
6375,129,0.0,8.193849511034173
6376,129,0.0,14.596927072319914
6377,129,0.0,30.13794377118345
6378,129,28.759586921538016,36.92016754819234
6379,129,74.27666558274026,41.9607739805129
6380,129,109.90801264455285,43.46932599824861
6381,129,66.3819018013605,26.307731056972038
6382,129,59.33476943098981,23.506662354884675
6383,129,51.07722458753372,20.234544384730654
6384,129,42.900739526622544,16.992042575847236
6385,129,37.62578253325799,14.905975869648202
6386,129,33.37875778173682,13.222599920548731
6387,129,31.435681487980816,12.449731984039293
6388,129,31.814135156064793,12.605348311883201
6389,129,32.88225800002209,13.026280459841985
6390,129,38.29435325533126,15.183515856937824
6391,129,25.90299805298457,27.51991559650305
6392,129,40.05002562474047,20.803443112773863
6393,129,0.0,14.94575661202763
6394,129,0.0,10.973701281295801
6395,129,0.0,8.805250720033142
6396,129,0.0,8.28549606300944
6397,129,19.476507248210595,7.6976513825575115
6398,129,0.0,7.714595897272455
6399,129,0.0,9.494575809585314
6400,129,0.0,16.592399096524403
6401,129,31.847701910741932,34.46886760784451
6402,129,42.869998178691304,41.38290341322648
6403,129,78.95615504361331,48.95737381035399
6404,129,120.95902116476864,47.83529194899266
6405,129,73.01471616751698,28.92160591825162
6406,129,65.0578653326086,25.780487793923673
6407,129,54.970057416113605,21.78132455105086
6408,129,45.60407473168837,18.06024191115741
6409,129,41.16926884920602,16.301488413294972
6410,129,35.60063904768285,14.09822022342127
6411,129,33.957867130713026,13.451402760330838
6412,129,31.633455937427613,12.533954982358972
6413,129,31.409883510281844,12.443134677597133
6414,129,30.293509949256503,14.03894492504654
6415,129,24.779741882660744,26.946097649853755
6416,129,40.40559870027138,20.194092778219098
6417,129,0.0,14.579502803903576
6418,129,0.0,9.559854201753907
6419,129,20.160157013446423,7.967882893693163
6420,129,0.0,8.409152677977954
6421,129,0.0,9.006034928678133
6422,129,0.0,10.678406910960545
6423,129,0.0,13.745399237613077
6424,129,0.0,20.49892152254071
6425,129,39.04733134896077,37.18592139501231
6426,129,52.8332126158908,45.36454348751168
6427,129,83.54288314569658,50.690449036253085
6428,129,121.63843984808409,48.112721202482874
6429,129,73.16714146076464,28.997858606023573
6430,129,63.20024322338824,25.046572304003924
6431,129,55.110459016077584,21.848053649074885
6432,129,45.799052386591654,18.14241973868925
6433,129,40.281686784538806,15.965426907727107
6434,129,36.87022367726911,14.612234794313236
6435,129,33.74208483396046,13.37716225304898
6436,129,33.415814581474024,13.249393879723359
6437,129,34.60516948432968,13.71458978732855
6438,129,31.011584494891054,14.424931612443848
6439,129,0.0,17.405932603264223
6440,129,13.53930708623352,16.31210209677305
6441,129,0.0,13.54999928855799
6442,129,0.0,11.181548399097938
6443,129,0.0,9.41673574172985
6444,129,0.0,8.388663255309057
6445,129,0.0,7.832898593145346
6446,129,0.0,7.430755533982847
6447,129,0.0,9.141174548492174
6448,129,0.0,11.526388294608665
6449,129,0.0,19.91627968654048
6450,129,0.0,25.967722930657697
6451,129,29.673840904802518,30.007559834821425
6452,129,46.27148427442407,28.177121935636467
6453,129,63.48386125466021,25.1464396158922
6454,129,58.29578536690505,23.091131758749444
6455,129,51.01934176819256,20.206742474281338
6456,129,44.57886817640855,17.653974641626053
6457,129,38.478229839526534,15.244066980583545
6458,129,34.90112720981742,13.8290592644655
6459,129,33.431071962613856,13.25051553467399
6460,129,33.658239848165294,13.3366332574454
6461,129,32.788515156259024,13.0001620252581
6462,129,35.21828599850352,13.970179113295025
6463,129,0.0,15.471613310559365
6464,129,10.693055692083675,13.80762197101799
6465,129,0.0,12.147817084023817
6466,129,0.0,8.732048765012031
6467,129,0.0,7.133515262784423
6468,129,0.0,7.037896521593773
6469,129,0.0,6.967248645015812
6470,129,0.0,7.323419220363772
6471,129,0.0,8.179569521434411
6472,129,0.0,10.587165558229708
6473,129,0.0,19.699845374133066
6474,129,0.0,28.273541879305718
6475,129,41.78413605649567,34.765823704637995
6476,129,42.665025085149466,33.904280780274924
6477,129,57.489722480049466,29.629804571129124
6478,129,64.91751092032771,25.751765401295536
6479,129,52.87173550737023,20.938807444022316
6480,129,43.12977133412943,17.093396202294326
6481,129,39.45234427888877,15.62413994318818
6482,129,36.31866717392285,14.395379368994
6483,129,33.84782357719729,13.41402175629637
6484,129,34.97780032129327,13.86061697600506
6485,129,35.7039877421883,14.146435273985729
6486,129,41.76367511274748,16.570503504725203
6487,129,80.05128004463558,31.759953805217393
6488,129,56.712142843629465,26.01174869631708
6489,129,5.447493130176895,18.268081348173432
6490,129,0.0,13.771384689232296
6491,129,0.0,11.809940269984768
6492,129,0.0,11.841161896647753
6493,129,0.0,11.395353160738726
6494,129,0.0,11.52202535160725
6495,129,0.0,12.27676630525815
6496,129,0.0,19.896833151915303
6497,129,3.672910959458875,37.3327185171231
6498,129,61.02905673875014,47.186526060725285
6499,129,128.41451646581703,51.194682780530144
6500,129,120.24696383793554,47.557750530688736
6501,129,72.38808023706156,28.66923889698702
6502,129,63.688843117535754,25.22376344041086
6503,129,53.43124389365883,21.155118979913603
6504,129,43.73528622842571,17.32055848685738
6505,129,38.950514831046945,15.430716048922513
6506,129,72.7043850421829,14.084308168327956
6507,129,34.00195515632021,13.477355045961147
6508,129,32.54708825583563,12.898737862336965
6509,129,32.85430170952708,13.017707013629442
6510,129,0.0,16.01280807517446
6511,129,35.304627622103624,31.028215022856223
6512,129,58.98133845046161,26.858736837523622
6513,129,10.92225973326677,19.987717431441904
6514,129,0.0,14.979940113063954
6515,129,0.0,13.2824917594955
6516,129,0.0,12.965486600018473
6517,129,0.0,10.985854001203831
6518,129,0.0,9.794181011923305
6519,129,0.0,12.047575254413704
6520,129,0.0,21.18160587723525
6521,129,10.758223606988082,39.63191265263674
6522,129,75.00525909215128,51.71553033477731
6523,129,97.87651792371577,55.98424855077039
6524,129,132.40946565099065,52.36379397441007
6525,129,76.90645197581247,30.445502068466887
6526,129,69.79131141116213,27.63943882497821
6527,129,56.32904367545777,22.323581903751943
6528,129,48.05032608521742,19.030911765659614
6529,129,40.91538902807912,16.209755106193708
6530,129,79.39590080915337,14.447862207215067
6531,129,72.40438262772386,13.631634838507546
6532,129,32.766522626861416,12.98059682516121
6533,129,32.35042081484707,12.816147449588604
6534,129,0.0,15.464434664262669
6535,129,37.434197169371686,31.88933429603887
6536,129,60.365133096055956,27.257711854916156
6537,129,13.113719138331703,19.65153053176509
6538,129,0.0,14.865021754695684
6539,129,0.0,12.602851105234306
6540,129,0.0,12.674931488584464
6541,129,0.0,11.26074398838707
6542,129,0.0,11.31478009692142
6543,129,0.0,12.870575998422556
6544,129,0.0,20.91790033176969
6545,129,11.627322807093776,38.910094666080795
6546,129,62.45047241817403,47.07018568201943
6547,129,83.72162719219389,50.3934557050487
6548,129,122.76835635199035,48.55311209358821
6549,129,75.86115259304549,30.052842762186124
6550,129,66.76376661861383,26.447640382922444
6551,129,57.50236285795651,22.777536402294942
6552,129,47.246914963885445,18.707301363564735
6553,129,81.76522208814774,15.39279683133675
6554,129,71.68902358505846,13.40004954801246
6555,129,32.684401211867,12.951811217902321
6556,129,31.909602731946762,12.646821015852852
6557,129,33.57038241414401,13.299580761652788
6558,129,0.0,15.438566297002195
6559,129,30.72890663326433,29.217480043546498
6560,129,49.02738153045405,22.417650935887107
6561,129,0.4522525908434716,14.248200816474595
6562,129,0.0,9.19849949374151
6563,129,0.0,8.097219533050783
6564,129,0.0,7.644314021688222
6565,129,0.0,6.516597699581776
6566,129,0.0,6.292283273995446
6567,129,0.0,7.419989695222159
6568,129,0.0,13.915603606159614
6569,129,0.0,30.87312328382884
6570,129,53.39211727841331,42.53298925106385
6571,129,84.323114088523,50.54032681480116
6572,129,117.0412759118662,46.31661161215654
6573,129,68.27779994016225,27.05105287033556
6574,129,60.39203178426078,23.927080980895866
6575,129,50.957058712430836,20.189564515284985
6576,129,43.53159343046187,17.242660749349866
6577,129,66.36945991768073,14.782934217310855
6578,129,75.28239368199507,12.828247057062436
6579,129,31.707070088092593,12.572889649520393
6580,129,29.73217605863354,11.783838286445445
6581,129,31.562110518663644,12.509537911389337
6582,129,0.0,14.978387135031923
6583,129,32.43927738547825,29.85343867420393
6584,129,59.8721398908566,26.23547885751773
6585,129,14.287186783338512,18.27110822511004
6586,129,0.0,11.973306406949005
6587,129,0.0,9.534651040057923
6588,129,0.0,10.16413537212396
6589,129,0.0,10.230142612407006
6590,129,0.0,10.818550614968343
6591,129,0.0,12.871253427323861
6592,129,0.0,18.224525546432744
6593,129,0.0,33.274621903039304
6594,129,59.31391544210385,44.848968868125255
6595,129,82.02006602902046,49.56316958984798
6596,129,121.98929554732274,48.24405003028275
6597,129,70.71630399421025,28.019540314797954
6598,129,64.29389585398582,25.503106253080798
6599,129,55.96543187122549,22.164126365235287
6600,129,47.19780929410433,18.692798114221002
6601,129,40.23871783113009,15.944761394858554
6602,129,35.58174027318728,14.098146585352824
6603,129,33.7086220558831,13.363897510661603
6604,129,33.63092169360016,13.327127782369544
6605,129,33.0188377375471,13.085191787729636
6606,129,34.60485676737335,13.719339163779383
6607,129,41.94905620466116,16.766327531707997
6608,129,20.46982975155842,16.89779396095101
6609,129,0.0,12.918076062840157
6610,129,0.0,9.918451725930328
6611,129,0.0,7.651044192262179
6612,129,0.0,7.467875926115306
6613,129,0.0,6.941328264389824
6614,129,0.0,6.738383240575067
6615,129,0.0,7.736937009286491
6616,129,0.0,10.660890459509826
6617,129,0.0,20.215634371805283
6618,129,7.171889549073995,28.464338371152582
6619,129,36.96725471637308,31.894062963643215
6620,129,27.514958595986627,27.954420917999684
6621,129,62.884694608985825,24.91088668272883
6622,129,58.8059263226306,23.30733708882868
6623,129,50.615476536819415,20.004737657220485
6624,129,46.18134371339977,18.252208991975742
6625,129,38.88595063798306,15.368862306504086
6626,129,78.2061528686846,13.95096806723837
6627,129,33.226888889419826,13.13223287603246
6628,129,39.38180770267863,12.887221223695018
6629,129,33.23532206410107,13.135575851051358
6630,129,35.07625315580043,13.863182543076944
6631,129,41.98636159919289,16.59426249644639
6632,129,27.728216193917632,16.480794447372805
6633,129,0.0,13.750641941584929
6634,129,25.176296720001545,9.95045101834915
6635,129,19.8800668239123,7.85722546089687
6636,129,18.926889312282924,7.48049706181375
6637,129,17.577811402539112,6.947304850572623
6638,129,59.2866618924468,6.473462520903695
6639,129,17.79256879915536,7.032170875001775
6640,129,24.27798339688536,9.595390550052928
6641,129,0.0,19.542571440030034
6642,129,51.98820519305869,30.276821416209465
6643,129,87.50259735812449,34.90268050284574
6644,129,80.78200644313327,31.92731012189573
6645,129,73.56829492172423,29.076263847495905
6646,129,62.801774020584844,24.821020072218907
6647,129,49.05549994705538,19.388098966074704
6648,129,39.59221250512002,15.64795550511074
6649,129,34.05357916990326,13.458935947703342
6650,129,30.60376146998678,12.095460249032467
6651,129,72.9719824718984,11.882212839229476
6652,129,30.53109695871825,12.066731752717805
6653,129,32.87775120405456,12.994185461133139
6654,129,39.69059729239177,15.686814455086143
6655,129,79.56431423061971,31.446044174777114
6656,129,69.5973602470552,27.506867563990753
6657,129,48.20407658606385,19.05163489429671
6658,129,31.40148261163489,12.410813158157273
6659,129,25.805311087580662,10.199055820074275
6660,129,27.361620572182943,10.814141226948056
6661,129,23.212807397989366,9.174414505217012
6662,129,25.436859167800918,10.053428578268186
6663,129,30.65351871505939,12.115187115052112
6664,129,0.0,20.900347969661155
6665,129,61.91657408678353,38.98486436480056
6666,129,109.02557666607748,46.721804429551455
6667,129,124.2550125869819,49.23085965123391
6668,129,120.14965231987418,47.51601788918183
6669,129,68.26283357981566,27.042730155784625
6670,129,59.206469352474755,23.449994498175613
6671,129,47.779501454563444,18.921579299721365
6672,129,41.14132080119148,16.299120563885914
6673,129,35.95426862914053,14.245406564102524
6674,129,33.4676694894398,13.265051484948216
6675,129,31.51386769949127,12.49887586578502
6676,129,30.096860386937152,11.930331276971524
6677,129,30.067970748074657,11.912839210499035
6678,129,0.0,14.484978324137629
6679,129,32.275613190346775,29.74375156730407
6680,129,22.640357188997484,27.800527983744438
6681,129,6.422990710053256,18.948987584435155
6682,129,0.0,13.749959559851334
6683,129,0.0,10.925783715637717
6684,129,0.0,9.986128973474086
6685,129,0.0,8.690667402702093
6686,129,0.0,8.595250025976709
6687,129,0.0,9.760508929602139
6688,129,0.0,16.806725059357973
6689,129,11.992073023595395,34.26212860119853
6690,129,68.75234666772911,46.97652177527771
6691,129,132.76016452731199,52.56767047286858
6692,129,129.0255175741173,51.030873507494135
6693,129,73.00767559894084,28.917811992034142
6694,129,64.96083767737915,25.73388176608217
6695,129,52.62046617323435,20.854209100715583
6696,129,43.6932267740886,17.310113416238785
6697,129,80.25081704639092,14.796676903270672
6698,129,78.04091675945557,13.911181380198409
6699,129,34.27476905361715,13.577995316539525
6700,129,33.031191804575144,13.086492257954141
6701,129,35.02041761666064,13.869042764445489
6702,129,0.0,16.552168827503362
6703,129,39.67812576068397,32.68296958313814
6704,129,27.78915272412874,29.891461517862123
6705,129,19.98091184859163,21.484720286548377
6706,129,0.0,15.871281878385687
6707,129,0.0,13.455266812784629
6708,129,0.0,13.575472957429824
6709,129,0.0,12.399876646969094
6710,129,0.0,13.337272204707256
6711,129,0.0,15.178490622985638
6712,129,0.0,23.977359863175813
6713,129,29.743860993178828,42.10193726648046
6714,129,78.77573549476224,51.3132976518332
6715,129,89.71796103978136,52.513817486887504
6716,129,122.83819540697394,48.59077957362314
6717,129,71.99639615672027,28.508579547842817
6718,129,62.09548702304346,24.60389334168691
6719,129,50.50892846867683,20.014801165870697
6720,129,42.31821867322694,16.76424164747855
6721,129,77.3732484023526,14.526731972753819
6722,129,75.97153868128004,13.107834977790171
6723,129,75.52529298017774,12.931463323513778
6724,129,31.53599412545205,12.501558889563446
6725,129,30.71589420325438,12.171404529420144
6726,129,0.0,15.674753911018833
6727,129,34.419187768843784,30.61529081570911
6728,129,22.645262006996347,27.56224352763946
6729,129,25.291762229798564,20.835672926164026
6730,129,0.0,13.87423951297878
6731,129,0.0,12.226603279636008
6732,129,0.0,12.603299281371164
6733,129,0.0,10.535155834388483
6734,129,0.0,11.308907068151525
6735,129,0.0,13.126763550265306
6736,129,0.0,22.875638504948462
6737,129,27.1322455897689,40.90659181229177
6738,129,82.60726359209514,52.092862665449665
6739,129,99.11975041069354,56.198468331001244
6740,129,128.8920182777602,50.99377749279197
6741,129,75.3445864536495,29.852271729859048
6742,129,68.70679131495905,27.22035941820475
6743,129,57.13471689746896,22.623712965134136
6744,129,46.800484787763,18.54176511055709
6745,129,39.49667231345089,15.661153846752345
6746,129,78.15422304637565,13.9777323577263
6747,129,71.45359882454017,12.527526203109012
6748,129,30.2566856010138,12.012900355744438
6749,129,32.47048846583667,12.874503007585911
6750,129,0.0,16.21690011230905
6751,129,37.82805667627187,31.957676973769917
6752,129,71.1450772294242,29.52838774418038
6753,129,29.86983991595693,21.54823087154182
6754,129,0.0,15.449314848074996
6755,129,0.0,12.193710519677602
6756,129,0.0,12.46779319293341
6757,129,0.0,12.442876819512735
6758,129,0.0,11.469915138864705
6759,129,0.0,13.248403175380833
6760,129,0.0,19.05483862725645
6761,129,17.03197647551491,36.612848694711445
6762,129,72.44853912400728,48.04308019329157
6763,129,128.9058933297227,50.99232759393159
6764,129,123.28158880077567,48.75359685709935
6765,129,72.75264272038484,28.80972947278209
6766,129,65.14591990316987,25.84701583541411
6767,129,56.593040052653976,22.420577762169255
6768,129,48.46258932824554,19.19873905361116
6769,129,42.606009201215045,16.887692966350418
6770,129,38.4886325624727,15.248275720808998
6771,129,35.2833737051057,13.983883340312795
6772,129,35.05964523331073,13.89665834847821
6773,129,34.82978857559971,13.799749884643164
6774,129,33.87257865236393,15.451145187101869
6775,129,4.761772800421227,18.941105015842627
6776,129,42.701454357708,20.646551929642253
6777,129,0.0,15.266968218284326
6778,129,0.0,11.807482966981816
6779,129,0.0,10.411260718516706
6780,129,0.0,10.173152714109655
6781,129,0.0,9.45620605108528
6782,129,0.0,9.345686080844805
6783,129,0.0,9.239582182836706
6784,129,0.0,12.534514478213978
6785,129,0.0,22.51912993471269
6786,129,23.966827650255595,31.07651660736443
6787,129,40.18520784410029,32.91848458581458
6788,129,62.94767767820275,28.825002980506284
6789,129,66.94527899317038,26.52433041599165
6790,129,59.01784266598398,23.411784428893068
6791,129,51.76111018251106,20.520643497914193
6792,129,44.5048352075581,17.626033161283694
6793,129,38.00464479640553,15.059412723198237
6794,129,34.29724656077582,13.588086417638232
6795,129,32.88163157215607,13.026160904287728
6796,129,31.04526863477375,12.307636992669298
6797,129,32.22257546601881,12.765666121207367
6798,129,34.1512122177825,13.53882820369319
6799,129,40.77931951395186,16.200907614770443
6800,129,0.0,18.19658263515699
6801,129,0.0,15.433798861252415
6802,129,0.0,12.181088529696023
6803,129,0.0,10.316292169737709
6804,129,0.0,9.53818307223441
6805,129,0.0,8.570588912401575
6806,129,0.0,8.638635469498851
6807,129,0.0,9.377351549359252
6808,129,0.0,13.56214344448306
6809,129,0.0,25.972112205204034
6810,129,36.50417522721483,36.821625555907495
6811,129,52.76791427557015,37.89516690107809
6812,129,46.231921749793514,35.34953421037482
6813,129,77.16540886330492,32.61754742766501
6814,129,72.42193531819296,28.699698746457074
6815,129,56.98135400653115,22.582556145433514
6816,129,45.42506000244373,18.00184679296419
6817,129,39.12459878367258,15.505628455117538
6818,129,37.22783959343445,14.762041863413144
6819,129,35.057222104526886,13.906536627968174
6820,129,35.38510375522819,14.026409949792022
6821,129,37.73594633786104,14.954334071375744
6822,129,45.798890752958954,18.167694956216465
6823,129,88.62595721027233,35.06368208584843
6824,129,80.29211998136887,32.853427087228376
6825,129,35.88031775217715,23.96242388205409
6826,129,0.0,19.107772327808643
6827,129,0.0,16.313136296700385
6828,129,0.0,16.606980037654026
6829,129,0.0,15.758257889282422
6830,129,0.0,15.599275449644622
6831,129,0.0,16.68284407281507
6832,129,0.0,24.981652182518808
6833,129,89.40771597626451,46.691437269056976
6834,129,136.77523000900038,56.014044088745784
6835,129,137.4528941677262,54.3856829161313
6836,129,129.38329839282758,51.178178286202055
6837,129,77.54183237269174,30.71213113179147
6838,129,68.4286952183335,27.10189313444021
6839,129,55.76202073832448,22.086020778389706
6840,129,45.70247651997761,18.10052491922462
6841,129,38.49534115517628,15.249647931326212
6842,129,34.87994314398435,13.824382676902875
6843,129,31.52115942695133,12.499339636229728
6844,129,31.173781078123852,12.355988664836904
6845,129,33.602251920509474,13.310891743019123
6846,129,0.0,16.019619945108474
6847,129,37.73005604600854,31.897043185413782
6848,129,28.576295812875685,29.201322983070934
6849,129,18.707225179298348,19.499482800681328
6850,129,0.0,12.437784290819359
6851,129,0.0,8.075717322937471
6852,129,0.0,7.450167437771217
6853,129,0.0,6.5625769230450235
6854,129,0.0,6.902384189621222
6855,129,0.0,9.24462199314514
6856,129,0.0,17.096700434289975
6857,129,27.655846473390255,38.990346264607645
6858,129,89.6777744087629,53.82461252642065
6859,129,99.37947005800751,56.280739261263435
6860,129,123.81973610180097,48.97707948941325
6861,129,75.04439765808968,29.747045050686406
6862,129,65.63868947901597,26.00781180211137
6863,129,54.327478780205496,21.520333122125603
6864,129,43.174275638541815,17.103777178555376
6865,129,35.829488227694384,14.194854822541059
6866,129,75.19511972279957,12.788844777609595
6867,129,72.94194450927804,11.905638864996693
6868,129,67.502554191055,11.598811074841695
6869,129,30.798040460862097,12.202706352123299
6870,129,0.0,14.743560525712894
6871,129,32.206342597216775,29.714212476693675
6872,129,25.37134598108537,28.107200222768356
6873,129,28.781404838714053,19.90729014224826
6874,129,0.0,12.957306180541563
6875,129,0.0,9.971460065879842
6876,129,0.0,10.259167604976335
6877,129,0.0,10.908209421861516
6878,129,0.0,11.130502340940208
6879,129,0.0,13.567602205622737
6880,129,0.0,22.888179297860972
6881,129,46.68268646493701,45.617488934297384
6882,129,92.04513613267906,55.014046399653274
6883,129,95.22392282240233,54.63854813658829
6884,129,126.70345995530496,52.12834459138076
6885,129,73.15019743695927,28.964442840578954
6886,129,63.4754676531486,25.144386455809073
6887,129,53.585167747165485,21.23052997966336
6888,129,43.54719345450775,17.251123573365735
6889,129,79.14135196235605,14.831316399124786
6890,129,76.4471862397258,13.293398525394386
6891,129,73.30761819193299,12.045281956051955
6892,129,29.650160181557084,11.747770426243392
6893,129,29.965096089988208,11.869794128637915
6894,129,0.0,14.022957842096378
6895,129,26.685916240023033,27.539551907908827
6896,129,29.41336133548944,29.381925492216983
6897,129,39.92532069950627,23.844518254668685
6898,129,0.0,17.32281972706217
6899,129,0.0,14.863751662505491
6900,129,0.0,16.113363217638945
6901,129,0.0,15.607006812324324
6902,129,0.0,14.86497965035504
6903,129,0.0,15.392792649533773
6904,129,0.0,22.775804047387055
6905,129,38.39843002616661,42.339706476993925
6906,129,85.47345287652774,51.95453645708695
6907,129,84.64423846377045,50.44499629123335
6908,129,115.69478015829304,45.75515831736335
6909,129,71.40872189279435,28.29448577328921
6910,129,66.80701060563976,26.495163293498248
6911,129,60.07551367828157,23.782468860156936
6912,129,50.096847198705774,19.86411519535844
6913,129,43.628748822467145,17.28591157774953
6914,129,37.6045752108638,14.909817292042522
6915,129,74.7638166499982,13.866639475355127
6916,129,34.30722768050032,13.615043660717244
6917,129,36.14939628045377,14.327325634621548
6918,129,43.28811000043942,17.177872221397795
6919,129,44.72931293527793,34.673072017902626
6920,129,90.5639744767619,36.3540081831049
6921,129,58.354379163507275,30.1926885756403
6922,129,13.538621304171272,25.62508133981598
6923,129,0.0,21.45674770552681
6924,129,0.0,20.457084603764407
6925,129,0.0,19.48279182222151
6926,129,0.0,20.15951491869143
6927,129,0.0,22.17158961254657
6928,129,12.566420341684648,29.552828693424487
6929,129,101.68365674319446,51.96800650790645
6930,129,106.61267225249915,60.28861017013094
6931,129,142.22461507455364,56.269374517341056
6932,129,124.22516112997783,49.13854147195904
6933,129,75.12980416647963,29.764963177613694
6934,129,65.16953842247375,25.836912070258567
6935,129,58.210050166366045,23.071743514738884
6936,129,48.751439011986974,19.317653513184084
6937,129,41.834501509161015,16.585111874195583
6938,129,40.16901136086304,15.921971437923247
6939,129,38.708219852104264,15.336164374505172
6940,129,36.12579286323481,14.330090461184469
6941,129,36.01435241753137,14.270269567579422
6942,129,40.28517753119942,15.978814921740653
6943,129,5.295964108373852,19.1084137003792
6944,129,10.006107449452628,22.804485338385827
6945,129,5.244009320421128,19.23098568078583
6946,129,0.0,14.904706801756918
6947,129,0.0,13.429895236283228
6948,129,0.0,14.27114046541832
6949,129,0.0,12.838717903048652
6950,129,0.0,12.260721040774056
6951,129,0.0,13.403517206414179
6952,129,0.0,17.61126692591112
6953,129,0.0,29.99570529159664
6954,129,46.83861381694854,37.60945437722916
6955,129,48.38757750940559,36.18451023402105
6956,129,79.97470640938076,31.688407739875498
6957,129,71.44411723898614,28.311988711698476
6958,129,63.597618410014434,25.21802266150934
6959,129,55.24928973274612,21.90517420650097
6960,129,47.53747415032805,18.833026014761444
6961,129,40.10218006002475,15.89318601463232
6962,129,37.22537563616157,14.756169785864408
6963,129,35.08450305007571,13.90520810082306
6964,129,33.43855873410462,13.261976286708995
6965,129,31.691209720765556,12.568977653673958
6966,129,34.39419781382114,13.640907193260844
6967,129,12.463888948911261,16.075860536029904
6968,129,45.762239065403776,19.470888353945895
6969,129,2.841559457714027,17.256252951759127
6970,129,0.0,13.968509304270672
6971,129,0.0,12.170015144844916
6972,129,0.0,11.758248314006597
6973,129,0.0,9.496922609243121
6974,129,0.0,9.512073665041994
6975,129,0.0,9.82937761379294
6976,129,0.0,14.74475639720614
6977,129,0.0,27.000702706728774
6978,129,30.133543145439035,31.435562491857564
6979,129,36.98913848158725,31.692977572770126
6980,129,73.44952922509762,29.1557142627455
6981,129,33.779845795862684,26.698526339862905
6982,129,57.75461322922837,22.91615709645008
6983,129,47.41516107235455,18.81517582863869
6984,129,41.034915311982445,16.27772777624061
6985,129,35.69011590999693,14.158030399644487
6986,129,33.48523754310406,13.293850545875559
6987,129,31.776612628426903,12.616111588939132
6988,129,30.75872150954595,12.201660947185866
6989,129,32.47931192360198,12.887747417844272
6990,129,38.229837854331095,15.179936486498635
6991,129,76.04142026221083,30.097394384537505
6992,129,79.95152226705216,32.154793469699946
6993,129,48.48405888399654,26.22133258341311
6994,129,2.659121906795292,21.2949623556207
6995,129,0.0,18.53722623035772
6996,129,0.0,17.41927731088069
6997,129,0.0,16.3929802813906
6998,129,0.0,16.19395890373733
6999,129,0.0,17.847771114607813
7000,129,0.0,28.29421272484241
7001,129,112.80359389036221,52.75515070990445
7002,129,148.21462449525313,59.39799936631517
7003,129,146.8396438977848,58.0925967230884
7004,129,138.16937039653254,54.66456446063518
7005,129,80.55366152929722,31.929484664365127
7006,129,68.94643395401445,27.31770249124902
7007,129,56.82226533217616,22.52099241946646
7008,129,46.92575751806416,18.598648415756333
7009,129,39.85303640006066,15.800815442494276
7010,129,46.37434876435975,14.794614317457086
7011,129,34.656760824770316,13.751977009504714
7012,129,33.178946976018864,13.164273272829963
7013,129,35.81045510128078,14.198229711022716
7014,129,42.462475060812466,16.8624607025699
7015,129,40.64514898747973,33.06134694461514
7016,129,40.73677227297523,33.460275985029405
7017,129,1.2743658570535388,23.649855641782384
7018,129,0.0,15.151152883927766
7019,129,0.0,11.161687834649817
7020,129,0.0,11.977378489951493
7021,129,0.0,11.2638128534794
7022,129,0.0,9.402978939864434
7023,129,0.0,9.773042603768099
7024,129,0.0,18.397538508886306
7025,129,42.917587966279314,41.767183984281566
7026,129,98.13164507173866,56.25153283189285
7027,129,98.26356673915981,55.31154128237943
7028,129,131.2309861123282,51.91259577476057
7029,129,82.64872813760604,32.779225277670896
7030,129,71.587108843854,28.38067229283212
7031,129,61.63994401028816,24.44436543802079
7032,129,49.82347831480638,19.743843616011066
7033,129,85.29200906058065,16.80364013261572
7034,129,82.1581152867985,15.560179830921447
7035,129,80.20366397616385,14.780449107696699
7036,129,36.20610983893968,14.350893714063703
7037,129,37.46502165335741,14.85330956668787
7038,129,1.6364765530241243,17.675514106408162
7039,129,44.2167186818736,34.47289358745044
7040,129,46.37683830784667,35.78292776235295
7041,129,53.714913619920424,26.95654096148131
7042,129,0.0,17.85211148354082
7043,129,0.0,14.536408905866496
7044,129,0.0,14.888886606334157
7045,129,0.0,14.556641626605407
7046,129,0.0,14.203725756658683
7047,129,0.0,16.001321320503177
7048,129,15.989304866089071,26.64230877203543
7049,129,64.33621349228957,49.24242971550983
7050,129,101.48752808621353,57.68928648652509
7051,129,147.05490918028374,58.16156705921202
7052,129,131.4570244609179,51.98476032977642
7053,129,77.78721098067365,30.818987422423902
7054,129,68.74434587323819,27.252242993816555
7055,129,57.07673554131176,22.632389430159318
7056,129,46.3703903174455,18.364542057798
7057,129,38.96031752918461,15.439513355249536
7058,129,36.01087849623852,14.275005090189444
7059,129,33.348606084061316,13.215539868730986
7060,129,31.88637793975957,12.640051695060217
7061,129,33.32341617236523,13.21040279111076
7062,129,39.20822340950281,15.564169532580332
7063,129,73.11737447649591,30.95085805000229
7064,129,39.92465993464833,33.15746104357719
7065,129,49.88884425703688,24.89709042652813
7066,129,2.196099203459312,17.877193425383098
7067,129,0.0,14.316700895015396
7068,129,0.0,15.59240040665518
7069,129,0.0,15.563572401900222
7070,129,0.0,14.99208642399844
7071,129,0.0,16.185133333267267
7072,129,0.0,23.792412251679796
7073,129,61.371260407387496,48.181910478618
7074,129,105.27258869008804,58.99700693022637
7075,129,103.25310595118253,55.99232166735719
7076,129,126.45345593277213,50.02910991609785
7077,129,75.78811560880183,30.045846734059744
7078,129,69.20720954531134,27.48242821106841
7079,129,58.03482346475519,23.00853876143345
7080,129,45.6238764475323,18.111940361797732
7081,129,38.75065861769755,15.370013948960963
7082,129,34.1656819846925,13.565158977524607
7083,129,31.024030874544195,12.323487174707136
7084,129,73.55015007465582,12.176323732982903
7085,129,32.25659455397789,12.803379055549991
7086,129,37.55611274316095,14.944010763035644
7087,129,34.77385519875398,29.899081654861515
7088,129,82.93674674204965,32.9842080842176
7089,129,68.89136706329069,31.543720584472343
7090,129,29.262360351570038,26.76321252017212
7091,129,0.0,22.00051981895552
7092,129,0.0,20.425237653722228
7093,129,0.0,18.28711807754086
7094,129,0.0,19.588390758031508
7095,129,0.0,20.42493007135364
7096,129,0.0,27.4582643424019
7097,129,60.943126482097654,47.477982257862436
7098,129,100.02002741924798,56.90302534606031
7099,129,105.22279755501529,52.35889253817084
7100,129,120.0327180433014,47.491554874549685
7101,129,70.07205547643736,27.822047162325003
7102,129,65.24252426216037,25.87813888316464
7103,129,58.363828896407455,23.14734990499883
7104,129,48.19176683969317,19.104006375771093
7105,129,84.19323787670763,16.376836822094774
7106,129,80.6101169003739,14.961820359156604
7107,129,78.21657400115711,14.010966031178139
7108,129,48.04297844041372,14.244827567431539
7109,129,35.591920909784136,14.12889071271939
7110,129,0.0,14.47885741385423
7111,129,3.069033947124211,18.2491137299537
7112,129,8.744532380173808,21.261561743676012
7113,129,8.832667996173882,18.595022028975688
7114,129,0.0,14.212071462599011
7115,129,0.0,12.138468842378789
7116,129,0.0,11.154644107051231
7117,129,0.0,9.444917268130608
7118,129,0.0,9.419586949987469
7119,129,0.0,10.96115351458611
7120,129,0.0,15.469065224557786
7121,129,0.0,28.85613253669575
7122,129,45.743039464078095,36.09415923518376
7123,129,46.68532191075414,35.53356785881867
7124,129,70.54910055121155,32.795546916504755
7125,129,73.94313439287359,29.3057742069196
7126,129,65.91923496868546,26.13088139618109
7127,129,59.74258701474611,23.72845171840507
7128,129,51.80637779488961,20.47540750261212
7129,129,45.49451112340819,17.980730400582864
7130,129,75.99932176366408,30.037086050726934
7131,129,33.148584207207676,13.101239138613074
7132,129,33.67768707025576,13.310369167277955
7133,129,35.83777624003304,14.16411896972884
7134,129,39.765174164259065,15.825559513379703
7135,129,48.577530867849106,19.705210005990168
7136,129,19.37275824858986,17.68338952389834
7137,129,0.0,15.831507288413537
7138,129,0.0,14.212823549446506
7139,129,0.0,13.703931259680854
7140,129,0.0,13.385806570898149
7141,129,0.0,13.12701548017127
7142,129,0.0,14.274610901683047
7143,129,0.0,18.45882347960932
7144,129,47.26436818875612,32.14294403793217
7145,129,62.469605356501035,42.48409486530446
7146,129,57.9741195559329,39.98180187262524
7147,129,47.20831881297727,35.72811783410992
7148,129,73.96418989812048,31.354747945177294
7149,129,72.50164972055018,28.749395386617255
7150,129,62.10574906349109,24.634566596417205
7151,129,48.383171812510284,19.178269212002576
7152,129,39.021999913305905,15.474792804888317
7153,129,33.623655040091904,13.340056033559604
7154,129,30.948937113919328,12.281689107022702
7155,129,30.766133802966777,12.202156397764567
7156,129,30.512017583220086,12.10905471908485
7157,129,35.58999490555337,14.123304497375734
7158,129,44.373568125141816,17.62398447057853
7159,129,76.69640383950949,30.55308417566644
7160,129,51.00269397831525,24.331583878131898
7161,129,9.761661929129417,18.77811839156862
7162,129,0.0,17.067766733089496
7163,129,0.0,15.754566364463637
7164,129,0.0,16.10474749837217
7165,129,0.0,15.743488795080099
7166,129,45.54001979948907,17.998688952792083
7167,129,26.25394761362898,28.06499559012766
7168,129,108.60744155296587,48.694054056790385
7169,129,116.80790420582099,63.357122063844415
7170,129,112.84959389057292,61.60465472301925
7171,129,96.36008953793151,55.09470302280851
7172,129,118.83510081406357,49.02692329656557
7173,129,71.95528860428624,28.498192137823814
7174,129,60.848035115089516,24.10470701949449
7175,129,51.73364930911006,20.497578952062746
7176,129,43.04357396991776,17.056932688480973
7177,129,50.67775567307464,15.272735034265915
7178,129,78.7338805569,14.159506038627221
7179,129,78.03985189837093,13.885209135574746
7180,129,77.13638552821322,13.52816120006287
7181,129,39.2501902332647,15.579544726641156
7182,129,8.8667009362986,19.029388866341353
7183,129,47.0058559050095,35.696685414672494
7184,129,17.165617291919233,27.42994787515793
7185,129,0.0,17.95967528774036
7186,129,0.0,15.214085938160895
7187,129,0.0,15.636693661774805
7188,129,0.0,16.13725986189674
7189,129,0.0,14.663756650489221
7190,129,0.0,15.300572959354056
7191,129,16.507521338027686,23.808892137238157
7192,129,94.80925831082132,44.81546557953918
7193,129,126.52243008549391,67.10563284797462
7194,129,117.43571958275467,63.42211066913363
7195,129,99.68910439958734,56.398507134976946
7196,129,127.9596821700224,50.62197738873945
7197,129,74.57756269774052,29.55895293601802
7198,129,63.799941784306924,25.29329955214388
7199,129,54.43512821181429,21.56528756989356
7200,129,45.35015527539343,17.973474755672804
7201,129,40.27545142741573,15.965325727261119
7202,129,58.50078647907253,14.317818933183332
7203,129,76.34114363313671,13.256397237363066
7204,129,75.36427732220474,12.878785319448752
7205,129,37.5040695574711,14.890676575487387
7206,129,46.70426398820027,18.543856005155714
7207,129,41.676790052999735,33.58559091525715
7208,129,17.34065650419936,27.322014368776923
7209,129,0.0,20.113614515698742
7210,129,0.0,17.07255060771516
7211,129,0.0,16.958410378846487
7212,129,0.0,16.06812734053653
7213,129,0.0,16.650242000838997
7214,129,0.0,19.370863630704978
7215,129,34.1493176599208,28.798982173021642
7216,129,116.09367765072776,50.030688958912755
7217,129,123.65933743256008,65.9862361983543
7218,129,113.73713076894276,61.953036250749676
7219,129,104.98304537753711,58.488401677453844
7220,129,136.67171540364365,54.056803865693965
7221,129,79.224704158257,31.423585210835032
7222,129,66.3779609628854,26.337737113704456
7223,129,55.50548226007379,21.988414101867367
7224,129,45.894810402760555,18.206978382808824
7225,129,39.686563904126615,15.738686997949767
7226,129,38.582037688417614,15.289982448574582
7227,129,37.21848540667594,14.76438882881904
7228,129,79.22298745002365,14.401363675143623
7229,129,38.244848811697096,15.188295274592493
7230,129,45.77541997642953,18.190071745422962
7231,129,38.40471845255422,32.39193783642057
7232,129,58.169927793041865,27.300219366024166
7233,129,17.830839359614714,19.511566613407368
7234,129,0.0,15.398962175498612
7235,129,0.0,14.419305284249985
7236,129,0.0,14.19492068105586
7237,129,0.0,14.843715448101875
7238,129,0.0,19.233279733666855
7239,129,34.89690489415409,29.269097089294934
7240,129,70.45017923593377,49.302409455816004
7241,129,119.73345802490698,64.37996911009922
7242,129,112.17594877117065,61.34930756503819
7243,129,138.91596863189903,56.984274703846815
7244,129,132.30694128269604,52.33761102258855
7245,129,78.8770846871536,31.309218215524737
7246,129,68.74532835475122,27.256325208406825
7247,129,58.18312626288247,23.07454332310288
7248,129,48.906064363336554,19.394633169234066
7249,129,41.77828607828715,16.583600961020124
7250,129,37.96694249779975,15.067547384234423
7251,129,35.24111921763762,13.995073359621653
7252,129,34.44412466998159,13.67156760286927
7253,129,38.9714756661661,15.492459234068447
7254,129,50.695410410931174,20.14180364633996
7255,129,94.83438123266552,37.598930135964956
7256,129,81.23352426143526,34.56511784811644
7257,129,39.32124898087608,26.63034005805378
7258,129,0.0,20.67409917996101
7259,129,14.628345065304416,18.939605913354562
7260,129,6.980392570856253,19.467042450681177
7261,129,10.164744420972482,19.139305483291547
7262,129,0.0,20.391285489927345
7263,129,34.36231056891259,27.54845131663875
7264,129,100.90183427215393,45.7478477208331
7265,129,107.22578533300364,59.41218228787884
7266,129,101.81309324766374,57.24752942528925
7267,129,95.50282220171624,54.742551125828065
7268,129,125.03575719386362,49.468621571859146
7269,129,73.44549987542592,29.132125229866933
7270,129,66.91770023654087,26.543636133311676
7271,129,57.53721388341404,22.809482322007163
7272,129,49.18064482275497,19.49823087875876
7273,129,43.71255360241477,17.331004348618084
7274,129,39.429334465399535,15.635708219504542
7275,129,37.504941602982456,14.869089478745414
7276,129,37.116198933802025,14.731243093482925
7277,129,39.15273229635474,15.530113235990187
7278,129,45.72786274071561,18.14210148421912
7279,129,53.07777914042333,21.39766804346734
7280,129,32.79660103419957,19.490904265591656
7281,129,0.0,16.39677180075166
7282,129,0.0,14.657004773926303
7283,129,0.0,14.465690062081226
7284,129,0.0,14.560578802720814
7285,129,0.0,14.94603971955298
7286,129,0.0,16.083254701229734
7287,129,0.0,19.883133903178344
7288,129,11.577810402695121,31.541596432470467
7289,129,61.10617862692891,41.68448922527183
7290,129,57.82162149762016,39.97377094129516
7291,129,83.76746268220714,35.222018465257264
7292,129,83.01739800129582,32.89338403909461
7293,129,72.92480710620453,28.912952843522078
7294,129,66.587704521055,26.46659598681498
7295,129,55.42794335387313,21.97707393285793
7296,129,46.16615671165647,18.297206509801153
7297,129,40.722314913576696,16.134665020917907
7298,129,38.18115282460255,15.129071942661119
7299,129,35.08692675231728,13.909815264273952
7300,129,35.578545587824806,14.10535736969572
7301,129,36.90387449421095,14.640091267720646
7302,129,41.34479440095262,16.445061749129977
7303,129,48.39573451442902,19.40527051137573
7304,129,32.64841901781779,19.024741628583772
7305,129,0.0,17.258611003106193
7306,129,0.0,15.509939446715245
7307,129,0.0,14.920141289304315
7308,129,0.0,16.122502093465936
7309,129,0.0,17.072332334083374
7310,129,0.0,19.29311539729249
7311,129,0.0,21.647900447667737
7312,129,58.795105922797575,30.112245655159423
7313,129,65.84339553080909,42.884734719739136
7314,129,59.47540021143638,40.548717394589936
7315,129,52.89837293655353,37.93464120157843
7316,129,86.18853139676119,34.16138734008995
7317,129,79.09210632191233,31.35429147031663
7318,129,68.0924515788206,27.000795931681516
7319,129,55.23497902642305,21.89359830315961
7320,129,45.89963205709324,18.197933699462197
7321,129,40.41894477716923,16.028171160212768
7322,129,37.734747282414105,14.964847388164625
7323,129,35.34073584964759,14.019904279935439
7324,129,35.9199274008013,14.251242575952006
7325,129,37.34165971764014,14.808287664165066
7326,129,47.2177932327007,18.7431293286648
7327,129,90.17126992434399,35.74873615909408
7328,129,63.97235227200326,27.568426669540898
7329,129,24.02275720979219,20.28685232525268
7330,129,0.0,17.250505371460445
7331,129,0.0,15.162399169318208
7332,129,0.0,16.10932593455687
7333,129,0.0,16.91969840277096
7334,129,0.0,19.908438169745907
7335,129,32.42340555244638,25.918448241111335
7336,129,105.29820685394498,45.458381624043376
7337,129,134.03112764999747,69.99013639847934
7338,129,129.43258561543303,68.16287443546955
7339,129,150.45156381607683,61.52806420350528
7340,129,139.85855100428068,55.31755337270995
7341,129,81.42741850555879,32.24929601137836
7342,129,71.25777484558427,28.228733191372772
7343,129,58.207989339528865,23.055303706480085
7344,129,48.6439597822681,19.26432315589625
7345,129,42.838821289088,16.972318567958563
7346,129,39.73029391201166,15.74376479937199
7347,129,37.85814819153188,14.998963105327405
7348,129,36.77752002588974,14.579155481673357
7349,129,39.569506367623575,15.693514223119157
7350,129,47.13131459491038,18.69186856439767
7351,129,50.94578392118976,37.18561049209716
7352,129,69.5788791059222,29.650577347629355
7353,129,27.2147673776999,20.868810596826584
7354,129,0.0,15.52346252847369
7355,129,0.0,14.091239297247766
7356,129,0.0,15.609234234715448
7357,129,0.0,15.742166122563093
7358,129,0.0,18.011864789386298
7359,129,30.206592354964812,24.988686347648457
7360,129,58.96083565175303,43.56623906524018
7361,129,134.9367468914906,70.3872439658199
7362,129,129.86723616258544,68.34239159751587
7363,129,150.2608333093498,61.44966824613408
7364,129,132.5476966943704,52.43864681978398
7365,129,78.21591312807996,31.00405686647243
7366,129,69.5785113004419,27.59278574437442
7367,129,57.90564977917256,22.952648627099094
7368,129,49.180095172669525,19.488313058127254
7369,129,84.13782587746965,16.346252331201594
7370,129,79.92099472016534,14.68206293048642
7371,129,78.06925300728551,13.947809792536766
7372,129,46.59278197891581,13.66432781432078
7373,129,37.841024014632296,15.011669111397135
7374,129,44.56813958392303,17.693500541943486
7375,129,49.205098777544976,36.48577788101831
7376,129,41.753394281816014,32.25637945434344
7377,129,41.06669860581391,25.669067419753958
7378,129,0.0,20.323602917721903
7379,129,0.0,17.206175373469115
7380,129,0.0,18.318231723271726
7381,129,0.0,19.459516744420903
7382,129,4.783946353395407,22.605538566276547
7383,129,47.49634185380103,29.831315511414076
7384,129,69.50181733749616,46.621434445937176
7385,129,127.70261450274134,67.49965108013545
7386,129,150.28704417590433,63.465133804410684
7387,129,147.27514192615843,58.25713365231702
7388,129,130.43358710343256,51.59122609195574
7389,129,78.95753937620142,31.311960468443978
7390,129,66.40356400411562,26.347875385215396
7391,129,53.74426247451325,21.309319420904416
7392,129,45.45402415109123,18.038777331235963
7393,129,39.81118396096761,15.787894434386235
7394,129,39.26977291277467,15.564179364462591
7395,129,37.364167536743764,14.815872664412613
7396,129,36.858432385137974,14.61598881024891
7397,129,38.93427930950466,15.440063023835096
7398,129,45.5971445837271,18.106182055798463
7399,129,91.23995205877122,36.130908134768625
7400,129,80.50301274260363,33.61763728481476
7401,129,40.03194921484976,24.726165379764478
7402,129,0.0,19.184464942719423
7403,129,0.0,16.686791699488598
7404,129,7.666965376731838,16.71372219616169
7405,129,0.0,17.01475321883321
7406,129,0.09890043703109086,21.310718872049
7407,129,43.85609586708483,29.10603091390328
7408,129,108.33207664987654,45.49528963801561
7409,129,125.97981794381141,66.82007062614146
7410,129,160.02478121451347,63.30135667065419
7411,129,145.0876412301092,57.39659958757676
7412,129,127.29256728406568,50.35982535062512
7413,129,76.30077794181744,30.27173345681809
7414,129,70.95281935230702,28.131280456200344
7415,129,62.22950572721686,24.67375152726098
7416,129,49.749406194177226,19.73524479483187
7417,129,43.28403482336185,17.17626537096478
7418,129,38.2266914903262,15.167793547954137
7419,129,75.62406390251653,14.069487177385192
7420,129,35.25285869651995,13.993696850063982
7421,129,35.77256706675769,14.193004920088564
7422,129,45.863682363034286,18.218953539187627
7423,129,90.08962204665849,35.66074221357102
7424,129,86.64081769082443,35.668810907712036
7425,129,60.448097088187325,31.744697799335157
7426,129,25.262275852295346,27.229148188000345
7427,129,0.3209266827255419,24.727895936753065
7428,129,0.0,25.472554458286023
7429,129,0.0,25.220014653110063
7430,129,20.556196697778972,26.844463527445225
7431,129,60.06488749597594,33.27955857187759
7432,129,75.56536655557267,48.86118493996358
7433,129,126.47937063528758,66.98931954172338
7434,129,120.77121627557474,64.73445374703833
7435,129,148.5932358040607,60.78130195220599
7436,129,139.72334059236502,55.25926465400744
7437,129,81.38705962259962,32.28194301454328
7438,129,73.86476219065585,29.281001339656346
7439,129,65.47235288233821,25.94831320914233
7440,129,56.339406492647015,22.32659092277234
7441,129,50.84559272528111,20.15041650963857
7442,129,45.904587972916744,18.189121097351524
7443,129,42.082010086328836,16.68436967780763
7444,129,40.722905157686284,16.144759058324965
7445,129,43.10556111368058,17.085204120303874
7446,129,44.83687934748559,17.775525610007737
7447,129,53.76305901602407,21.333787248464223
7448,129,49.152992680266294,23.525307183763466
7449,129,2.7565885358420417,19.821663558494503
7450,129,0.0,17.030337074311483
7451,129,0.0,17.453022658214696
7452,129,0.0,19.28695290236255
7453,129,0.0,18.719755140472458
7454,129,0.0,20.94785506590241
7455,129,1.1872540661670428,24.86395741590889
7456,129,23.018101458319506,32.9693579816944
7457,129,68.7423611094431,44.33854476743286
7458,129,63.88422792337778,42.37098921105164
7459,129,96.3540480266083,40.21104530601972
7460,129,92.44410135865166,36.64213499156109
7461,129,81.75328080026745,32.42281039153646
7462,129,73.20655597214554,29.053447485477626
7463,129,63.22603898779988,25.07369539775948
7464,129,55.641094798904334,22.04552937360037
7465,129,49.73363596372593,19.71072967510125
7466,129,44.00423861052971,17.4427098839227
7467,129,41.380509788584874,16.402097355877903
7468,129,40.01070916272553,15.864353629375605
7469,129,40.85040986157651,16.19987271786835
7470,129,42.86696340895091,16.998063552507645
7471,129,50.950627162855255,20.273051531070507
7472,129,46.88959458965769,22.432891492500485
7473,129,8.840366621512885,21.049261815149197
7474,129,0.0,19.987329523647553
7475,129,0.0,19.077977343759706
7476,129,0.0,19.37250623082328
7477,129,0.0,19.02175827910947
7478,129,0.0,22.250167821782366
7479,129,18.618643467466,26.420806705453007
7480,129,81.51514391339632,34.8439365858104
7481,129,74.99755547359044,46.684596726757675
7482,129,70.05357182864458,44.73904562087153
7483,129,54.345502388713385,38.505258571373275
7484,129,88.3953936271169,35.04575174368704
7485,129,81.10933737945913,32.14791651027216
7486,129,68.26219341304807,27.054571428115242
7487,129,55.93770005133436,22.178711744659967
7488,129,45.95628648153394,18.224041686742737
7489,129,39.943113974302946,15.842627812129653
7490,129,38.65674678098685,15.332937419055659
7491,129,37.66248520249249,14.9387798021822
7492,129,37.131455748255604,14.730133155271774
7493,129,39.72952134197527,15.75086113981658
7494,129,50.999694087760616,20.233087441603285
7495,129,98.14154646283768,38.85772723436933
7496,129,91.29708414900506,37.3489110751735
7497,129,52.27200511922803,28.3288698757824
7498,129,14.102971342051518,22.75194800076747
7499,129,0.0,19.219135741969417
7500,129,0.0,20.642906913614297
7501,129,0.0,20.65678438210622
7502,129,9.767733235790388,22.540510324768732
7503,129,48.56115475721623,28.569224060837183
7504,129,119.79690513512864,49.28003305237698
7505,129,185.94954243248196,73.54353555395065
7506,129,177.43241275307753,70.1737160566614
7507,129,163.69811586221417,64.74183281608764
7508,129,150.61124060889597,59.56709427955005
7509,129,88.65411257588818,35.10291645800053
7510,129,75.60271828666032,29.945801631985084
7511,129,62.5142657378035,24.755845276716794
7512,129,49.20927563098232,19.491324571937344
7513,129,41.74923452845647,16.533216335760734
7514,129,38.4686312012974,15.24143797775354
7515,129,55.000620454901394,14.261294740307823
7516,129,34.78518121807639,13.789332304545685
7517,129,37.61236520469424,14.910333585957847
7518,129,46.21432833083361,18.32224408970291
7519,129,90.05956201806598,35.655879489004775
7520,129,34.479054515145435,31.5401755657821
7521,129,41.13504844281124,23.15892645655898
7522,129,2.5295245387653154,17.954356333485283
7523,129,0.0,16.056822707421503
7524,129,0.0,17.427698493526854
7525,129,0.0,18.770017957693334
7526,129,10.010435199227175,23.37294654819004
7527,129,53.993872737091664,30.73466835094567
7528,129,84.56456887645203,51.87201445962602
7529,129,144.22867062614486,74.0150533758063
7530,129,179.02251149953585,70.80944903509321
7531,129,160.3278153964638,63.415922027937455
7532,129,142.5319050344953,56.38976957914236
7533,129,84.03463759503182,33.31118454584259
7534,129,75.06807065040633,29.77455558863006
7535,129,60.52118503203019,23.99855057207331
7536,129,51.89976118944273,20.57654902070839
7537,129,44.01489577174189,17.45783237138965
7538,129,40.193273511409444,15.94259131139978
7539,129,75.20748339963745,15.450195907877928
7540,129,80.47225446156503,14.90724103941251
7541,129,40.376096423710095,16.01239164820899
7542,129,49.429352341405774,19.61594116191067
7543,129,100.19872076652092,39.64264418065726
7544,129,93.53914890445836,38.03947410412939
7545,129,56.176168436767426,28.6620211780814
7546,129,16.20424707971324,22.390749531261175
7547,129,0.0,19.855055693607273
7548,129,0.0,24.05083462786678
7549,129,5.863970913953409,25.23802837391046
7550,129,29.99838772499075,28.12414110466983
7551,129,74.38058075619836,36.94642704203906
7552,129,106.27488225274462,59.74983244834459
7553,129,162.95292907738101,81.41403572959364
7554,129,194.2772098500427,76.84194245305183
7555,129,177.55942687945847,70.22377011524472
7556,129,165.90470522881162,65.60785264153742
7557,129,99.64495663263762,39.468679007265656
7558,129,87.14003051508357,34.54943737107371
7559,129,71.91933778944559,28.50959278052423
7560,129,59.22614671371562,23.486793502584042
7561,129,49.377073710584085,19.569834749060004
7562,129,45.16537394015785,17.905244965156935
7563,129,83.70381194214715,16.172287858101235
7564,129,80.80920004789505,15.029479419092985
7565,129,54.403068753511974,15.936425151399439
7566,129,47.950381096192984,19.031501450352316
7567,129,48.00172926841384,35.970327202617355
7568,129,85.32111224306504,34.449486422801684
7569,129,59.97204118135713,29.538741023361467
7570,129,23.56369695319316,23.991629504516943
7571,129,41.614480068101756,22.45174322880301
7572,129,40.015607671985975,24.31675007604473
7573,129,0.0,23.491737684991236
7574,129,21.99903426140537,25.69779236570906
7575,129,21.650747614490484,34.030284168148114
7576,129,77.99095738375783,48.98379303559621
7577,129,121.91885386699042,65.21001733321278
7578,129,147.499221095039,60.3648209085419
7579,129,144.25956945855845,57.06537367361651
7580,129,140.43655038038239,55.55791241090769
7581,129,81.59257168742329,32.363007502216476
7582,129,72.73163929136217,28.843846204374017
7583,129,60.77457100558448,24.108371596108444
7584,129,51.15597197535848,20.298319179451504
7585,129,57.99066888174309,18.187206145908025
7586,129,84.11720090207808,16.356240692326097
7587,129,82.72406623350292,15.801969567551176
7588,129,81.3250746165437,15.244212660555673
7589,129,39.224913879468915,15.562183376013317
7590,129,46.212119367424975,18.3613482789969
7591,129,91.801663679135,36.33712712172968
7592,129,93.14567009640129,37.564752938661044
7593,129,68.17461525963964,31.957794395245223
7594,129,37.244866172908786,27.75096703625279
7595,129,16.09047577272804,26.098539195784124
7596,129,12.215490244560812,27.121050647762033
7597,129,17.886711052767623,27.831263130697447
7598,129,42.13535608345609,31.326668550204126
7599,129,81.17240527108649,38.47080188839642
7600,129,136.32105209828538,54.66524838383131
7601,129,188.08529946055685,74.3801759470953
7602,129,140.7730208744944,72.6403766916522
7603,129,159.30588072524543,65.02077586163456
7604,129,147.85267683738468,58.48750240252415
7605,129,90.56886123884311,35.898360445466324
7606,129,76.85672990931991,30.468008923888974
7607,129,64.87765972801895,25.69956184248543
7608,129,54.75032291616344,21.701824927577594
7609,129,49.46464328515887,19.60919067623193
7610,129,44.578539601328515,17.676878966123667
7611,129,42.204671969212626,16.737421469803976
7612,129,40.13099461610636,15.914251568440838
7613,129,41.78810528904009,16.57400741488753
7614,129,46.86190285173453,18.579306787802416
7615,129,14.521834495660357,22.759580978988954
7616,129,20.10601096820963,26.582697741375185
7617,129,34.549991272630365,25.785523683156036
7618,129,0.0,24.615341100842468
7619,129,0.0,22.92071939339984
7620,129,0.0,23.060163904159605
7621,129,0.0,22.893403874768488
7622,129,0.0,24.43586540703619
7623,129,0.0,28.50841325763111
7624,129,33.526160143612316,33.84034365618314
7625,129,64.89313392808782,42.744315350861335
7626,129,84.04937954707847,41.52073116881125
7627,129,96.50795042524152,38.2470890070415
7628,129,88.62836148368913,35.13155837680824
7629,129,81.90645098456173,32.488264883211315
7630,129,73.95257339172545,29.342187557690345
7631,129,63.835120348805674,25.320475179176835
7632,129,55.193963090118814,21.877329479801375
7633,129,49.589979926462746,19.661257605205275
7634,129,42.18132529991081,16.72831946328489
7635,129,41.4503833821982,16.435757329031286
7636,129,40.41537034695253,16.029097932346062
7637,129,43.650226845116435,17.30154183593232
7638,129,46.1886301169514,18.312117077023558
7639,129,53.93348905474227,21.373182565789023
7640,129,53.69685302607863,23.364124760779486
7641,129,27.56924887447809,22.011308728667007
7642,129,0.0,19.72536056394602
7643,129,0.0,19.158956350685653
7644,129,0.0,19.521940339682818
7645,129,0.0,18.865784753129248
7646,129,0.0,20.661446023385622
7647,129,30.151093698986386,24.50952175682235
7648,129,85.78694616979377,34.656623375491414
7649,129,112.933635620724,44.76207952685496
7650,129,72.08533340863355,43.01889500892965
7651,129,102.21841415104294,40.49182123025157
7652,129,93.94712706659902,37.24829507622908
7653,129,83.49459873222642,33.117030609941274
7654,129,74.6665297635225,29.612177835993144
7655,129,56.69455141722324,22.486111494173628
7656,129,48.80717982781135,19.350580259651007
7657,129,43.11430504400704,17.09450517626201
7658,129,39.42211261811579,15.637672283373877
7659,129,38.63848411381099,15.321916157727419
7660,129,37.496037206437904,14.874064242109023
7661,129,42.97606806044385,17.033849586477736
7662,129,52.177864468752944,20.71431027886985
7663,129,104.9144208078161,41.50871731696638
7664,129,106.7784279283508,42.79264348019562
7665,129,71.73697918256039,33.373057767911924
7666,129,31.25972509420194,25.56507993301078
7667,129,4.368664326790395,21.90134268609889
7668,129,4.9941589200699354,24.286410881848504
7669,129,12.689404448835262,25.302823558274298
7670,129,34.98591632431669,29.031368505992702
7671,129,78.49343285448995,37.793173716739524
7672,129,153.5673645695539,61.598388459423084
7673,129,169.66572995472617,84.06773387221916
7674,129,157.4623515134732,79.23364725755465
7675,129,182.50973608761356,72.17099707031716
7676,129,172.1547115403652,68.08197308313605
7677,129,97.94101515060305,38.78806255512554
7678,129,81.94017698561495,32.50170904788855
7679,129,65.67587562998511,26.04683533377714
7680,129,52.996730593054764,21.00534463576885
7681,129,45.402273068951615,17.98555920153421
7682,129,41.95458481593306,16.62777586493195
7683,129,81.43766356813487,15.275469407169753
7684,129,80.59492882010844,14.943600898952795
7685,129,83.0600287680987,15.916622660816609
7686,129,51.09213530166201,20.25608336298066
7687,129,104.84112765183795,41.47126129379625
7688,129,108.84806452125773,43.31093681029442
7689,129,80.847278669129,36.21892003507555
7690,129,43.77133732959848,30.44809882227731
7691,129,16.43098208844407,27.507054012475436
7692,129,14.100718982291482,29.80617050418627
7693,129,21.99119894278212,31.32070228654245
7694,129,49.40883247708072,35.54320764300314
7695,129,94.91371550478789,44.3519250562283
7696,129,147.427701528823,58.802526820156295
7697,129,193.88145474537666,76.6734143957292
7698,129,188.51479407740612,74.55595539576915
7699,129,174.36253408050106,68.96130277642976
7700,129,162.89987271293427,64.43440944254647
7701,129,97.12987201717382,38.50471089641625
7702,129,79.32667248956804,31.472087791407457
7703,129,67.2681122859089,26.67596108372317
7704,129,55.967317447933596,22.19503077968843
7705,129,50.06871244583522,19.858875372219803
7706,129,46.12094516447485,18.297411297913197
7707,129,41.56861817666524,16.503066077434127
7708,129,41.432216952120626,16.441856973050452
7709,129,43.79313137351204,17.37979833932714
7710,129,51.03668254941596,20.260864044379748
7711,129,102.2442357869977,40.448583672892156
7712,129,104.69606905723339,41.970888824183426
7713,129,76.77774199739673,34.39594809042938
7714,129,39.380098004361486,27.941033951561653
7715,129,13.09243802462845,24.024315524885804
7716,129,13.078251895755955,26.371353230755936
7717,129,21.270052796616312,27.52334283460194
7718,129,45.6511699129436,31.067462715664476
7719,129,91.69516650792531,41.3352951402812
7720,129,110.78565890148084,60.918745878674855
7721,129,161.3193843308629,80.75894922007308
7722,129,153.2410143139522,77.56357581070858
7723,129,179.91192096095432,71.1427512152598
7724,129,171.48319412546087,67.8080323900512
7725,129,99.81035017237261,39.55727362240838
7726,129,87.6843853701672,34.773298590659834
7727,129,72.29318631200243,28.670849917773094
7728,129,57.916380634040365,22.972914550767207
7729,129,49.213643160751275,19.512674902380247
7730,129,88.91362464556352,18.241181165870806
7731,129,87.1376519796172,17.540463446562907
7732,129,85.4058202474981,16.851101584784974
7733,129,52.29523276635106,18.061314413312743
7734,129,55.65500701447945,22.075362653948176
7735,129,112.84411268923478,44.63931061260008
7736,129,73.30537312320473,46.16254719284479
7737,129,90.0245634262653,39.12686352663533
7738,129,53.412415059117535,32.16583863922885
7739,129,24.518693571753403,28.72005102708841
7740,129,22.15614845178493,30.368237604801852
7741,129,25.616305007357454,30.10022866593298
7742,129,46.84985222017346,32.419754143257684
7743,129,88.18943931236944,41.10734145744286
7744,129,150.05248803138116,59.777261803357405
7745,129,194.24550318926848,76.82859170645796
7746,129,184.87884286791,73.12433543998057
7747,129,169.1955690506859,66.92949873236573
7748,129,158.39762273551727,62.669073570711916
7749,129,98.34981469663617,39.01634897310255
7750,129,81.85913090974495,32.46353510244804
7751,129,68.62639161529671,27.231160216711768
7752,129,57.81876943280295,22.942701890302654
7753,129,51.66811323901754,20.497243871333932
7754,129,48.01767549687952,19.05566344781391
7755,129,88.19109990303176,17.983456780207124
7756,129,46.639290718260895,17.613481477825317
7757,129,45.184254255815404,17.934564301863045
7758,129,53.693433290458614,21.32558613851789
7759,129,108.35863895774267,42.87753656576862
7760,129,111.89764274382341,44.87069857210276
7761,129,83.1252948734793,36.53843694453211
7762,129,51.63786343260668,30.19291683564769
7763,129,33.04848849963804,29.09794831580285
7764,129,26.94671250569769,29.22459319447481
7765,129,30.155403946277914,29.245434092519833
7766,129,58.34944326330316,34.71269090025049
7767,129,96.27182076780372,42.206150787624395
7768,129,103.04380758472576,57.91845610224374
7769,129,141.70077699808914,73.00739409443894
7770,129,131.62270876190973,69.02775067192682
7771,129,160.17634293628902,65.37835776691864
7772,129,150.57342135252583,59.57519745609802
7773,129,90.6959780817651,35.96331481013323
7774,129,82.65899457924775,32.786849042347
7775,129,70.6833411151635,28.027066683388536
7776,129,59.64852977436763,23.65731030401324
7777,129,64.22983472200627,20.658055803601503
7778,129,88.6988564738651,18.180451917640404
7779,129,86.00007023659728,17.10290697141253
7780,129,86.04130424808076,17.126474844624642
7781,129,44.611990837630344,17.71322299936377
7782,129,47.49688988112766,18.85103430260504
7783,129,40.83296630141575,23.71641308749087
7784,129,30.516662636916436,29.46723971585954
7785,129,11.974364211830846,29.157760695653604
7786,129,8.750483593669145,26.624111179241968
7787,129,0.0,25.550594594466226
7788,129,1.3096587996841436,27.111925146838946
7789,129,0.0,27.66311850650809
7790,129,0.0,28.703959156387423
7791,129,43.25241654689549,32.08363677491603
7792,129,58.07767508985506,41.737056310266105
7793,129,82.10274067086942,49.50471678461993
7794,129,78.98887334818383,48.262969966678185
7795,129,113.77828152888725,45.04958174008776
7796,129,105.21864011680648,41.67258107146217
7797,129,93.11273618224902,36.90019144984809
7798,129,84.10983580364828,33.36142194664078
7799,129,69.89847774586266,27.71678396224157
7800,129,61.440293211344255,24.347162554309346
7801,129,51.90947049012351,20.58036015648621
7802,129,46.39986449724631,18.394339740390958
7803,129,44.00706400367582,17.447465370104922
7804,129,43.539180409535305,17.257704407142263
7805,129,44.444215980963264,17.614219363042253
7806,129,47.7771782710974,18.936388590053323
7807,129,56.41308972511183,22.349577469609763
7808,129,64.4305998695387,26.080118661863146
7809,129,53.91826048041892,27.60971942749359
7810,129,13.210936344233204,25.425385217109945
7811,129,0.0,24.676979582000243
7812,129,0.0,25.582344537039834
7813,129,0.0,24.732210486826496
7814,129,10.574055174906505,27.080436054445578
7815,129,58.75798836017054,31.257602109671616
7816,129,103.92747022490312,41.25627132896056
7817,129,114.91672292707023,52.832131400637024
7818,129,134.35877371546567,53.198539331015134
7819,129,124.970861429329,49.47231407508623
7820,129,113.9623031715864,45.13710647210043
7821,129,101.17281888484442,40.105424033449594
7822,129,84.18381193413538,33.39210500823365
7823,129,69.41129697580095,27.509841877638717
7824,129,55.861000999989585,22.133785644814015
7825,129,48.01523058739576,19.02558940385415
7826,129,43.347342775419406,17.185540045976317
7827,129,42.35483776491478,16.787198938345785
7828,129,83.90354228504293,16.258540279988765
7829,129,44.01490437256328,17.44689477351062
7830,129,96.46379824894424,21.265086924561402
7831,129,106.40179867560207,42.09539176588997
7832,129,117.45595784033824,46.61727665935428
7833,129,96.5924298615164,41.180248469468076
7834,129,59.316911024779984,33.63427394032363
7835,129,31.840055844121196,29.350667563521025
7836,129,27.7839690025381,29.86483346186603
7837,129,39.39639762816327,32.70228540646428
7838,129,63.743800470284384,37.730216316232166
7839,129,104.58158480934188,46.231561022326446
7840,129,161.85438132508878,64.36974609865771
7841,129,213.70996226577788,84.51035330388717
7842,129,202.83589541810088,80.21617203914543
7843,129,181.69386343338445,71.84797981906976
7844,129,166.31541789815785,65.78108821885534
7845,129,93.48320198954951,37.042040357771576
7846,129,81.6926717749169,32.42206803290228
7847,129,65.6769231879899,26.066722690688632
7848,129,53.4711364981213,21.200187655222066
7849,129,47.002929788572345,18.634052099207064
7850,129,43.3229682881624,17.180809775154454
7851,129,41.623540485318244,16.509102764036644
7852,129,39.830611423496975,15.80415061176001
7853,129,42.613562564500995,16.90649861359791
7854,129,53.477453428939725,21.218469156892205
7855,129,105.86753970307328,41.88098004371113
7856,129,106.71752291117187,42.470385646383846
7857,129,86.78136302795636,37.044256320108715
7858,129,51.47275570273635,30.50983529486962
7859,129,25.99397019593397,27.813063376672773
7860,129,21.963291937503016,29.35402491185761
7861,129,28.210156518326812,30.500517947702054
7862,129,53.394050765380285,34.37409117849723
7863,129,89.8263157061372,42.48458451540292
7864,129,103.8802431894652,58.16084069759636
7865,129,149.79239973700587,76.2072414554355
7866,129,146.62630247446273,74.95566771755595
7867,129,177.40607635907324,70.16954191638197
7868,129,164.9666420991025,65.24950477980268
7869,129,104.142891534039,41.275699252598635
7870,129,91.6746173100016,36.35513237231023
7871,129,75.26887682430328,29.839515644047133
7872,129,60.49607533033452,23.986344351852587
7873,129,50.80111893049377,20.153391403306493
7874,129,58.526333483182924,18.400300084665606
7875,129,88.54765740640147,18.10862873677437
7876,129,86.94416583555054,17.46637099745005
7877,129,88.467437795682,18.074422374236697
7878,129,53.95914593454876,21.41839026954562
7879,129,66.38669946331177,43.23637681577162
7880,129,81.69311729471218,49.5042607536934
7881,129,64.96370824724806,44.92703568359986
7882,129,64.2512677769318,36.8849776253849
7883,129,83.82087065822574,31.610465542542723
7884,129,80.119561555275,32.411600690410886
7885,129,89.1567452294666,34.1088656971422
7886,129,88.48497097172014,40.463972460528346
7887,129,115.68383923580328,49.00478613087015
7888,129,119.1743156991194,64.10086387996333
7889,129,163.452644711505,81.61306322289249
7890,129,154.15671134666198,77.927173224695
7891,129,177.54178568472412,72.22619519510343
7892,129,162.88439611296468,64.41095278262942
7893,129,96.38319423827113,38.221109051013244
7894,129,85.63795886915315,33.952331027792376
7895,129,69.24649428891172,27.437562258586382
7896,129,101.32123824591943,23.137702320244216
7897,129,50.58896091420806,20.04162247438791
7898,129,89.12274131607845,18.311696855557532
7899,129,86.73893978028957,17.3804970207725
7900,129,54.22976823042802,16.682813313150525
7901,129,45.211434687107754,17.93570879141102
7902,129,55.618680457818925,22.062294153489713
7903,129,106.74889199086479,42.22439184683506
7904,129,66.8402499164138,43.768833499745405
7905,129,86.24782497988193,36.45120016628506
7906,129,48.66285824608241,27.211648149479664
7907,129,17.64989765876024,22.476939112828415
7908,129,55.57098867133092,23.058833497986456
7909,129,20.80328364423778,24.809119802955788
7910,129,44.93021759753546,28.860631680341488
7911,129,86.75766763956716,39.933463987995935
7912,129,104.32810907860457,58.34344414790227
7913,129,149.59633235741165,76.14248625300324
7914,129,143.98875077420925,73.93244423209798
7915,129,176.34920231853002,69.76515724579431
7916,129,168.32130404902657,66.59460879868793
7917,129,101.97043378405368,40.432680374509296
7918,129,90.5054705496049,35.88557386794783
7919,129,75.88291453206963,30.099120997792408
7920,129,61.62329102571462,24.442748866476407
7921,129,55.30432305098998,21.940433611619405
7922,129,50.111880308751466,19.88093136812836
7923,129,46.182658567666124,18.33283123504732
7924,129,44.57819167109989,17.695079888501642
7925,129,45.44354216751145,18.03952560555008
7926,129,53.58811422464527,21.28761210214953
7927,129,106.06949712163427,41.96801690373743
7928,129,115.29041244317284,46.18975471814076
7929,129,94.45824646811829,39.900169853357546
7930,129,66.70379485572653,33.26473520966763
7931,129,44.37152949581602,30.064418538784228
7932,129,37.489810329386586,29.73233088452053
7933,129,39.28409592833404,29.410052793521317
7934,129,64.01678402483668,34.117188478397594
7935,129,105.47692195984482,44.09371789240795
7936,129,150.76969550858266,59.65556052278112
7937,129,191.50780519422028,75.73356803657208
7938,129,183.10440469871025,72.41344784231218
7939,129,167.7792657862831,66.3686466458632
7940,129,153.00338841511874,60.53118206127601
7941,129,93.1308361886991,36.91982671083456
7942,129,86.28996883081541,34.21971853099255
7943,129,75.13291586301207,29.800355623958456
7944,129,63.50578010691521,25.187945051339998
7945,129,56.24785052654957,22.314547231606333
7946,129,94.0595954185568,20.301709248637625
7947,129,93.47660637751076,20.071299837433454
7948,129,76.16425308128427,19.57076079459526
7949,129,49.87352154612523,19.797633850737235
7950,129,55.898854656206254,22.176631859457757
7951,129,69.11659592423547,27.40920374641019
7952,129,80.23031783140055,32.819636960490314
7953,129,22.75723054333767,31.087550209312237
7954,129,25.123489161611445,26.622234530270774
7955,129,0.0,22.747820838102633
7956,129,0.0,23.56993257701946
7957,129,0.0,23.106510047046843
7958,129,2.3756795341718373,24.74391078743476
7959,129,40.06421318272757,29.218083146122055
7960,129,93.9115721695174,37.98910951283136
7961,129,109.16378388880688,43.254121395502075
7962,129,102.55750040137812,40.633312527492045
7963,129,97.3139891777528,38.54390067541042
7964,129,93.75203855148939,37.14695693665093
7965,129,80.85458236168108,32.06645072344488
7966,129,73.85408458437936,29.331146323867017
7967,129,63.31399726623843,25.119335717017453
7968,129,55.9875718075773,22.2067083036925
7969,129,49.78110935499913,19.747706914611634
7970,129,45.492487244960245,18.04912390561577
7971,129,41.86824697160674,16.613075942717643
7972,129,41.04568447471735,16.284374594743987
7973,129,41.41538291470681,16.42689188904686
7974,129,43.80020427888098,17.370669283578344
7975,129,52.83216811067604,20.946394704302136
7976,129,69.27847357128059,28.40623857814081
7977,129,63.2019429797559,30.16379961545907
7978,129,35.811559825980055,28.043726344858992
7979,129,6.131781163698946,25.802656255252057
7980,129,0.0,26.037946578683684
7981,129,0.5899623415821509,28.033687852647272
7982,129,36.96926925149313,31.626767522389034
7983,129,77.98688903566742,35.318107756800934
7984,129,107.40453363102631,42.535722829828565
7985,129,94.1209708255748,51.71845898807949
7986,129,128.84115000609953,51.01531794036321
7987,129,116.65840172848263,46.172472375591816
7988,129,109.34856376445268,43.323565446918415
7989,129,101.26655935190243,40.11463319952846
7990,129,86.68370158062189,34.35462280608365
7991,129,67.47779226521544,26.73356357289468
7992,129,55.65323781793907,22.046832608727343
7993,129,48.07060853934786,19.042597513999926
7994,129,43.45275477852084,17.218690641856654
7995,129,42.600500915281,16.879421941206136
7996,129,41.18891159184912,16.325174911714583
7997,129,44.28368454722431,17.54955873576862
7998,129,54.27282194956362,21.560635263727246
7999,129,107.30757825030679,42.44521103901044
8000,129,120.35438970436729,47.602905177371035
8001,129,124.89515878174018,50.929897763075715
8002,129,102.9570979051293,48.2785408991398
8003,129,80.2861327287232,45.403026240603175
8004,129,76.50303455975305,45.90727268697143
8005,129,80.93836973082347,46.095143387766534
8006,129,97.48001193052502,48.68479244551398
8007,129,132.0930598060599,55.58843754784829
8008,129,172.29847114850827,68.22586730737032
8009,129,224.07633525365966,88.60358952405636
8010,129,170.76030588181368,84.49490210430221
8011,129,158.41189920853793,79.60838544713187
8012,129,177.84731444148605,70.33535755567084
8013,129,100.10430378385138,39.640607251438354
8014,129,85.49493546630771,33.871432185790425
8015,129,69.76541397025571,27.65466323431546
8016,129,56.79841993159229,22.506640036841596
8017,129,49.95301686722442,19.805999891793963
8018,129,46.58233019147673,18.470138293635106
8019,129,43.9796962135226,17.43909030927691
8020,129,43.15657938634132,17.123503221665928
8021,129,44.08526970221871,17.4917710334324
8022,129,54.970247453848486,21.809589278418983
8023,129,107.80082090640875,42.641302189304085
8024,129,114.05270221713337,45.35975790454691
8025,129,91.67902154710461,37.97540388985284
8026,129,57.19012834012105,30.307680853842125
8027,129,27.339625892434327,25.362694097641075
8028,129,21.72742495712754,26.149995824485767
8029,129,27.339595645155867,27.1997304436176
8030,129,54.24133685193411,32.346766971950885
8031,129,99.36520725493025,42.74722246702166
8032,129,154.69248077486597,61.18310714806144
8033,129,200.37273559586666,79.2348566547068
8034,129,195.9332625657204,77.48132974847829
8035,129,177.3041164125786,70.12675389049319
8036,129,162.28811717769887,64.19197492587256
8037,129,101.82159830156934,40.339963678130985
8038,129,89.1329569411603,35.333674351767556
8039,129,72.8833600669816,28.899175491841262
8040,129,60.48898581606821,23.990909567079903
8041,129,52.11103034098841,20.673553519440947
8042,129,91.23693293022939,19.16790346405947
8043,129,89.53828613945447,18.494129436748768
8044,129,85.68201254324848,16.96275298929266
8045,129,46.34955924496609,18.38071370804776
8046,129,56.32554055687322,22.359934032576337
8047,129,110.97200053948342,43.89730317496592
8048,129,127.42033405574915,50.40673711157538
8049,129,109.88553326570027,45.007707339617575
8050,129,81.14916820227691,39.23493211586994
8051,129,51.65490043880894,33.05594276679338
8052,129,50.70542117522692,34.82326539539766
8053,129,58.729431630350604,36.21343287348931
8054,129,84.85427312720972,41.54711702497392
8055,129,123.0031491430772,50.6175660934149
8056,129,175.4557066498421,69.3888641770051
8057,129,180.06642060647238,88.17312454041877
8058,129,204.31753512279727,80.78506960344964
8059,129,191.21717454415688,75.60723053510064
8060,129,177.57341224163525,70.21245830665922
8061,129,105.50434176350976,41.790576939254215
8062,129,91.60975427498741,36.309916454265995
8063,129,77.67298355032537,30.754286210012133
8064,129,64.25696321161922,25.442240491574577
8065,129,55.90384720313324,22.134782867975883
8066,129,53.564540667608185,21.206620409348375
8067,129,52.83879623484111,20.032124908256733
8068,129,91.39097936500207,19.199626546843028
8069,129,51.84262811892992,20.529764736021452
8070,129,62.19304624926281,24.6399642572067
8071,129,124.35659353982942,49.17236886028466
8072,129,132.65778456019817,52.75907419760625
8073,129,114.97291718829317,46.72065669105988
8074,129,79.15461105106303,36.87517484957959
8075,129,47.31581460557166,31.403931563746884
8076,129,42.69637504213364,32.1152381033284
8077,129,49.40111886098464,33.40866233964031
8078,129,73.57711036265968,38.00360979698059
8079,129,70.69062655592973,48.02267979531134
8080,129,127.35229819902116,67.33159143338759
8081,129,171.1448918367644,84.63847047969334
8082,129,208.1851561439727,84.34056949278515
8083,129,200.24671440263475,79.18661744399236
8084,129,192.3119772695614,76.04575885200241
8085,129,114.91478321247328,45.512094531018434
8086,129,103.23230036831177,40.89481287748213
8087,129,83.58636319201906,33.129036674961306
8088,129,71.07543738954902,28.145545255552705
8089,129,61.27154946127078,24.2671688479068
8090,129,56.12168696063691,22.223284884179357
8091,129,52.12757449645267,20.643552460290575
8092,129,94.30719458287129,20.353365179068945
8093,129,96.6538399518484,21.285660686498453
8094,129,107.33321963312292,25.525886276250535
8095,129,125.21466370924728,49.519915765316405
8096,129,132.90106445729677,52.80885051194949
8097,129,125.43247205982766,50.682222557974384
8098,129,100.54437899176705,44.448029152564395
8099,129,75.520215008126,39.69241643114849
8100,129,70.9705935146161,40.24681043847742
8101,129,70.30593197288226,39.12262028420334
8102,129,88.38874823170073,41.6916383556646
8103,129,130.47029136413002,52.85874220171449
8104,129,130.5414968635894,68.60645490961471
8105,129,167.34561508773638,83.13522630859447
8106,129,197.9591140885475,78.2728143692241
8107,129,183.02179251718442,72.37526377531708
8108,129,174.36142886371542,68.95753130742445
8109,129,107.16649187749994,42.4305503132689
8110,129,92.39398138583965,36.618664239805355
8111,129,80.96388547018663,32.079339604165455
8112,129,112.97400548732739,27.754024024708475
8113,129,60.25404053279004,23.877159944650057
8114,129,70.86908006736081,21.485956775449097
8115,129,51.47669174184699,20.4105231127744
8116,129,95.90306403373816,21.008309730468447
8117,129,54.0117027196807,21.41005036055601
8118,129,55.38542626432985,21.95295548851651
8119,129,69.10713809774194,27.377413630202295
8120,129,38.6089104864773,33.24419471495847
8121,129,38.09721091058549,34.83404107628618
8122,129,6.175426531822126,31.203382245200824
8123,129,8.263555710993131,28.79376189216111
8124,129,0.0,29.02857177384241
8125,129,6.2040397192504315,30.97765107297646
8126,129,35.25888359687812,33.37365602191744
8127,129,81.37344731386165,38.41579398719383
8128,129,114.71260131460781,45.67880386704405
8129,129,141.29290879446188,55.95487450350522
8130,129,133.64982133758474,52.92936220010592
8131,129,118.19423467474266,46.81350000233315
8132,129,106.72096295316891,42.26067455582985
8133,129,101.40691891223597,40.17846477709992
8134,129,89.09664907957549,35.33972731620956
8135,129,77.51776462150772,30.728291975084854
8136,129,67.89176710453049,26.910460077822393
8137,129,60.26161453700496,23.885033399358033
8138,129,54.195723947454866,21.48156832321389
8139,129,51.280722284658964,20.33072582600063
8140,129,50.708974615869096,20.101095239090988
8141,129,51.301130613335744,20.337597612810594
8142,129,54.419043613343376,21.57349742756247
8143,129,63.22093615147395,25.06437196400961
8144,129,77.07683800123277,31.439765528638336
8145,129,75.54933514986928,33.3985364237052
8146,129,54.71569633317941,30.790549367650957
8147,129,26.678952732098082,28.382248096771388
8148,129,8.895516160826844,28.732974393647083
8149,129,19.391392427486664,30.616039590434763
8150,129,50.90130724918396,33.27231457240111
8151,129,87.17389529675756,36.93976990546526
8152,129,105.91905307327565,41.94363534992083
8153,129,125.05058015621628,49.52211474427617
8154,129,120.70339389637041,47.80873638703875
8155,129,110.13377191485318,43.621460223755896
8156,129,105.91297316653225,41.96783285086978
8157,129,102.00877498768435,40.401615539363846
8158,129,85.56445875302998,33.931485912709604
8159,129,69.04828179365197,27.367371902187394
8160,129,57.013722121599386,22.5830792980941
8161,129,48.943984456265355,19.39000974921852
8162,129,47.000872534088245,17.723478159170668
8163,129,85.91068950068248,17.04565356283205
8164,129,43.76828337236205,17.342124713507427
8165,129,46.97012301415171,18.610014216381792
8166,129,59.75795161598896,23.713834603820455
8167,129,120.41590302557026,47.626730830383686
8168,129,133.37902171538119,52.74777150655608
8169,129,121.82807154226794,49.37163330630119
8170,129,95.84851212044754,43.56375508783082
8171,129,71.67818771933554,39.787438135107564
8172,129,65.16201156668444,39.28564697554133
8173,129,68.0930899520682,39.08638592044777
8174,129,80.8177623879871,40.61758733549205
8175,129,117.41663890823872,48.829177418006786
8176,129,159.86754987115148,63.242207764109686
8177,129,170.64642007035857,84.43756866865357
8178,129,211.09731026704281,83.46897327362221
8179,129,193.32448692428983,76.44729130750258
8180,129,176.96362114834585,69.97729102324246
8181,129,108.49193108715127,42.952944989257865
8182,129,93.78287912365124,37.15158032319335
8183,129,76.82115314199578,30.442939920552135
8184,129,63.434264292524745,25.129099182706025
8185,129,95.96751962882166,21.032536838164273
8186,129,92.17470823615415,19.529854784121135
8187,129,88.9649044459162,18.269754617596064
8188,129,58.231150150028554,18.284705808349585
8189,129,48.09630420085753,19.072079110005507
8190,129,60.15554182978278,23.852785278053403
8191,129,118.36864166279781,46.815425026593815
8192,129,127.08029769383344,50.32411874113052
8193,129,107.15998935338433,43.57939667302596
8194,129,72.21859996849744,34.629993383520436
8195,129,40.88457966199144,28.86685263319864
8196,129,32.60500624488927,28.71029443746776
8197,129,39.798735093068416,30.580424386045337
8198,129,67.736490257289,36.48274521228635
8199,129,110.02729447782755,46.168713048502674
8200,129,150.50289989409293,59.5257474799653
8201,129,149.0535463799567,75.9075614683
8202,129,182.11372714399943,74.0354737724287
8203,129,171.96097214131,68.00758403742039
8204,129,158.70493376863593,62.77084232099209
8205,129,94.15028266184322,37.3090736758781
8206,129,85.67219419597905,33.95835525370125
8207,129,71.37003278215914,28.291229348093097
8208,129,62.513523528270554,24.78603189318666
8209,129,55.6271754845028,22.049739348479306
8210,129,51.129993859010625,20.26744439454213
8211,129,48.81677803010476,19.350798057828257
8212,129,46.218983111849354,18.31797855397295
8213,129,50.454370224549905,19.995547902774252
8214,129,62.40766610456561,24.758605525508223
8215,129,123.26556451178305,48.748274147117634
8216,129,96.97739007295425,55.328882593534026
8217,129,80.43564912227197,49.77150430795278
8218,129,89.70567281546238,41.19668582271122
8219,129,57.64755969221014,33.85885430116928
8220,129,54.13983850171533,34.75600465049355
8221,129,59.018988996815125,35.074322010017504
8222,129,81.61905837004824,39.30375236247613
8223,129,117.78278473141413,48.082236722531285
8224,129,165.13298025240175,65.31366645437497
8225,129,211.93353251517522,83.79832543791608
8226,129,201.30795303548865,79.59302975909164
8227,129,184.9939663430895,73.15748723845262
8228,129,172.42868503980802,68.17548772908833
8229,129,103.12555061580042,40.83339522728221
8230,129,93.38246257400229,37.001974415824535
8231,129,71.58963621247239,28.36228913592736
8232,129,71.8623412644881,23.64923443884737
8233,129,94.38291621272299,20.384588732623115
8234,129,91.01388173665015,19.051774964448676
8235,129,91.14921977116097,19.102835767208692
8236,129,47.92807631352858,18.974161478598834
8237,129,50.1674229637139,19.853187069564996
8238,129,58.64078958845198,23.226454665308967
8239,129,115.71248638800569,45.751440431751725
8240,129,126.21172165472672,49.91073741394059
8241,129,118.85675211634705,48.181990604724554
8242,129,87.82274852913474,38.96906310208342
8243,129,56.99438909938337,33.81941668910717
8244,129,49.39654270948424,33.54880383504421
8245,129,52.06785574078765,33.40582248855751
8246,129,73.70898749438481,37.23685736611943
8247,129,109.83585362298243,45.98018418984362
8248,129,149.83553271763483,59.25950138666243
8249,129,189.7215241664263,75.01640912613317
8250,129,191.57747780973367,75.73896930421805
8251,129,182.6123525758554,72.1941975617051
8252,129,168.25622501350068,66.52156037403489
8253,129,105.58111380259305,41.81603868479217
8254,129,89.69277603638659,35.54979070535315
8255,129,73.90112564623053,29.284178862245913
8256,129,60.64457331300943,24.014500788039385
8257,129,51.607738303175665,20.437995474176592
8258,129,45.263301059737415,17.929305377346697
8259,129,44.535983696022186,17.644273194120686
8260,129,45.58692861582969,18.048737578666657
8261,129,45.816405363751755,18.14308181455003
8262,129,55.833456944860416,22.111825084606288
8263,129,113.59444191644741,44.91997284257784
8264,129,128.14537199670184,50.67707274981011
8265,129,127.79023757488162,51.20516037746741
8266,129,104.33021083103,44.76251542187325
8267,129,83.66650084150606,41.59936425332037
8268,129,78.73837723328592,42.18856776443149
8269,129,75.88387956029408,40.38342520455525
8270,129,92.23070586353899,42.49087618318225
8271,129,131.01672758664762,52.75223567328496
8272,129,163.94815194940193,64.85516163811971
8273,129,202.68359984594753,80.14741356585594
8274,129,196.2752339083984,77.61226638287029
8275,129,174.07503602345642,68.83209023051602
8276,129,163.36109435221502,64.6002320220124
8277,129,99.56295793577041,39.4242428314926
8278,129,90.67289893987862,35.966378454466856
8279,129,77.94834623453895,30.9032654415528
8280,129,67.62361849671095,26.781352565194567
8281,129,59.507580390668835,23.576078683601843
8282,129,53.8717960791395,21.35354466068618
8283,129,49.606651391091106,19.6605843935479
8284,129,46.99542474764584,18.632150947823376
8285,129,47.60724419821116,18.87156387458716
8286,129,52.08673515770812,20.64206064398346
8287,129,64.92932775731575,25.722679586016053
8288,129,75.92008448978049,32.109671614910276
8289,129,82.99162747971778,33.92914341427564
8290,129,54.26594672471907,30.48901873239676
8291,129,24.895122957058646,30.290771015020628
8292,129,9.377433012549119,30.459563916261306
8293,129,15.336687667030446,32.07351841961333
8294,129,42.998745853058296,34.89794157337474
8295,129,89.32779724743156,40.512481262748494
8296,129,73.91543452856908,46.34181315798795
8297,129,93.03343987202695,53.79113171397043
8298,129,90.84424163344451,52.922258612050754
8299,129,122.81378654365582,48.60773281099835
8300,129,110.34776986148387,43.671110518568675
8301,129,102.67215981349054,40.634938321427704
8302,129,93.62211071159265,37.0581222814621
8303,129,82.14577879816787,32.52712606574818
8304,129,67.5865692710822,26.774105360098464
8305,129,59.19758947321441,23.445162206189572
8306,129,51.02298507520331,20.204589228848214
8307,129,50.621244503510354,20.04582540811182
8308,129,45.59510792748256,18.060594218402997
8309,129,47.91484877646468,18.981080977590846
8310,129,52.32318625004595,20.723395814278476
8311,129,59.46117137099094,23.555450780658752
8312,129,75.60085571493147,29.954963951473964
8313,129,74.63118118809575,31.310486582404913
8314,129,58.637788544423586,29.376741011152994
8315,129,34.212600000547155,28.02209151016118
8316,129,16.01486659087925,28.722368451791166
8317,129,21.54443096744174,29.285576145994177
8318,129,49.77911302480109,31.303737580620368
8319,129,78.86692522687966,33.27813059047824
8320,129,101.63088564180356,40.27556676612605
8321,129,128.07860565059315,50.70417585496993
8322,129,127.16499021458816,50.34175708779408
8323,129,119.87555277239892,47.4728545960717
8324,129,111.76339205346508,44.26423738495594
8325,129,100.61113465284777,39.863955945556526
8326,129,88.15611700361359,34.96078627867176
8327,129,68.7935355066962,27.275403988447344
8328,129,57.49441792611165,22.772071027365484
8329,129,51.18597218190146,20.27874770585971
8330,129,47.76821979690382,18.92913663247123
8331,129,46.14481614857269,18.292387700573695
8332,129,45.93939394592539,18.201534504240602
8333,129,45.99807018548674,18.233202758284147
8334,129,55.97153519406106,22.190797751404645
8335,129,110.68385079775211,43.780805260510945
8336,129,125.34872495428573,49.57912813538817
8337,129,117.52228771948481,47.291658047462
8338,129,93.08986111861373,41.192593121972415
8339,129,68.99775632284033,37.30893463915447
8340,129,60.79482777881395,36.38428794000396
8341,129,60.434493871802886,35.20812995629144
8342,129,77.59347385237447,38.81343213097292
8343,129,116.06853567418796,48.01532181240653
8344,129,170.3400183086501,67.37679404088907
8345,129,219.4257570492688,86.76249111671126
8346,129,212.92837006479104,84.18946021522333
8347,129,207.9559924580643,82.2254840446981
8348,129,188.9700370197147,74.72188878015405
8349,129,110.72615950314457,43.85571237532089
8350,129,95.85609140296114,37.98103384024912
8351,129,77.11094632467308,30.568703088896843
8352,129,64.10164446253575,25.390638672448432
8353,129,67.1227633949627,21.786904277200072
8354,129,94.2771442097694,20.354873765961372
8355,129,90.5978155434859,18.907948993480613
8356,129,89.44371394589368,18.455422130555906
8357,129,50.363995198363654,19.96352708996644
8358,129,62.42975672949669,24.75166724893762
8359,129,124.17610095447884,49.10703484465697
8360,129,137.5364578843019,54.39465778966224
8361,129,122.2336281215135,49.04425339510608
8362,129,88.97369449195125,40.050957479547456
8363,129,62.32630311847487,36.02370637218219
8364,129,57.40880310262497,37.46769614297579
8365,129,63.10430760480301,39.11930626492319
8366,129,86.82978201808211,43.68797548139985
8367,129,128.64073892429673,53.39282090568943
8368,129,166.59288669479722,65.879913826532
8369,129,201.93718145927164,79.85147638410422
8370,129,191.46391329581292,75.70856339214596
8371,129,188.7124087315435,74.6199705000463
8372,129,182.2416761631196,72.06732800296507
8373,129,105.91897331421407,41.94721398696535
8374,129,92.24980029607366,36.565385121903226
8375,129,78.72271276164611,31.19477570170933
8376,129,62.49645784543034,24.764711692936025
8377,129,54.49646835711164,21.588345323027294
8378,129,51.27961228380329,20.315743556386696
8379,129,49.80961982739629,19.725034052153404
8380,129,47.68378445059085,18.887282210934984
8381,129,50.19277216006657,19.881326444399576
8382,129,61.352570137177764,24.3138059105227
8383,129,122.87888771203015,48.587082367903015
8384,129,135.83410548665498,53.71219185987436
8385,129,127.83322659385377,50.94440112252746
8386,129,95.15965095906864,42.20222707963225
8387,129,68.5698922400384,36.94081821691158
8388,129,63.79216339145444,37.5955375459105
8389,129,65.81344444910542,37.1569095470047
8390,129,82.54229058808704,39.428655522830795
8391,129,116.98677403554925,47.67696121250738
8392,129,111.49641269476263,61.06644430896044
8393,129,158.41689178376228,79.6131311626209
8394,129,142.43670133739172,73.29617605911923
8395,129,163.9627522740419,66.87174000737329
8396,129,156.37112378566087,61.83653585456715
8397,129,98.90836229413935,39.182493808235726
8398,129,83.3458741787183,33.0415245190003
8399,129,73.28732868110421,29.05637603613569
8400,129,60.45150791934262,23.939628476686966
8401,129,52.44046655647239,20.76608532715785
8402,129,46.823334654298776,18.549667145275805
8403,129,86.04142997028319,17.091357117437454
8404,129,44.1787584304798,16.609407231398208
8405,129,46.04407508792363,18.237970044016727
8406,129,56.36235546747059,22.34390630928933
8407,129,113.33426897915899,44.817122667691855
8408,129,75.4933090474772,46.82345804516896
8409,129,116.47555917985031,47.139874554940796
8410,129,91.44468703052056,39.465025323407566
8411,129,62.03089608792922,34.699758107573736
8412,129,51.95282279272817,33.71708312915647
8413,129,52.368022689975646,33.03796688968612
8414,129,71.42217674872242,36.19351620069506
8415,129,109.25878378669651,45.790909234857594
8416,129,159.67019466972943,63.14380927254751
8417,129,196.080887977498,77.538034616797
8418,129,187.1830314557883,74.0141573041139
8419,129,172.536872368525,68.2255690911179
8420,129,158.20864765700904,62.557846986436665
8421,129,99.26860069913701,39.307863394072946
8422,129,87.26201862194927,34.57593358735027
8423,129,73.0742585002595,28.93576527246973
8424,129,63.7601276691413,25.250893939018123
8425,129,55.50175716400929,21.985687883434895
8426,129,50.32308752333137,19.9352773681346
8427,129,91.70641906400334,19.34132920370924
8428,129,90.92649685480936,19.022139869516035
8429,129,91.49298125824501,19.252064984655163
8430,129,58.88023871602854,23.324623388887932
8431,129,112.00393485896853,44.29633454251249
8432,129,129.1749591300153,51.10231233364483
8433,129,122.05507491740164,49.67167099724098
8434,129,105.97594294317503,44.53111907554584
8435,129,43.859519588302476,41.879824120825646
8436,129,82.96385218687163,43.169689190860566
8437,129,86.74386921300226,44.344567208520594
8438,129,104.29155231109988,47.27476875837256
8439,129,91.31117727265803,54.193998417948045
8440,129,126.51670313514529,64.45797857884645
8441,129,199.75437710343869,78.99045935099406
8442,129,193.55578836747256,76.53426696094814
8443,129,177.3350593199048,70.11854431220665
8444,129,163.4771513496851,64.6390581128396
8445,129,97.64639439810807,38.6693211316386
8446,129,88.96709242746681,35.274121652669685
8447,129,76.70152869713576,30.444544396424526
8448,129,62.61408644382982,24.817315285950624
8449,129,65.8432389062753,21.287298233584835
8450,129,92.2180638460226,19.5544415460228
8451,129,88.24196657159789,17.980534924961617
8452,129,87.20340917182057,17.57126753080756
8453,129,42.84560379128166,16.996957624802597
8454,129,48.407339866173515,19.19395204134305
8455,129,57.80814061349204,22.909437345262567
8456,129,76.72438299868034,30.407499175753973
8457,129,81.72323314320806,33.11491864393265
8458,129,62.41898417402325,31.79318018738153
8459,129,28.131860922073315,29.577809037222977
8460,129,10.61861395332997,29.44687564724085
8461,129,12.952634933935059,30.41421291170285
8462,129,37.178859425335276,32.70927424950481
8463,129,74.26169433676222,35.02386315838562
8464,129,103.2271910312943,41.12730730184218
8465,129,131.71436641275136,52.11692667805659
8466,129,123.67528840872666,48.959082212777254
8467,129,113.66259765672027,45.008982866045166
8468,129,108.63765631615152,43.01816790692114
8469,129,102.16168206181564,40.4429089083664
8470,129,88.41606701832205,35.013873468992244
8471,129,77.69287146409098,30.779348579332893
8472,129,71.10267915374635,28.166203715983052
8473,129,61.36839043398723,24.290965921822497
8474,129,55.51174590281249,21.97389175744733
8475,129,50.61332826130993,20.03788576307231
8476,129,50.51628184675394,19.997115300368016
8477,129,52.39840157208775,20.73614100496917
8478,129,57.67798607143959,22.83133649028408
8479,129,65.49764930117874,25.929161266752548
8480,129,82.84645449154127,32.80523195781622
8481,129,85.58044907897155,36.143732260033794
8482,129,77.56668075105111,35.13487797219833
8483,129,55.759061584790715,34.76516541508174
8484,129,36.13578232119963,35.45528067360333
8485,129,38.39262835657209,35.45784465120026
8486,129,68.07415385124926,38.79156750165849
8487,129,91.55689528755673,40.920166361941895
8488,129,76.66898976408021,47.35608319926993
8489,129,99.4637995957639,56.3422641825623
8490,129,95.7904810174206,54.88077829640757
8491,129,129.56317989658572,51.26918955316567
8492,129,119.01706218580443,47.125318538112126
8493,129,106.54757683152027,42.206680877044754
8494,129,95.81643775473836,37.948481941473005
8495,129,76.90164464316496,30.46417798483891
8496,129,63.73432098376597,25.23575735955223
8497,129,52.90472316644923,20.956795189601078
8498,129,49.05361518145668,19.444445854089935
8499,129,47.69033121008803,18.898347708598788
8500,129,45.78526377902392,18.13931277218623
8501,129,47.9839163021083,19.02285581222561
8502,129,57.672405835411666,22.862946632530267
8503,129,113.94229156303126,45.06361251662184
8504,129,129.29774465635901,51.13506347562316
8505,129,126.08993907990396,50.17169303074423
8506,129,101.26264763478687,43.69096156519339
8507,129,74.9905553726471,38.97972893246886
8508,129,60.778294444240544,35.91426967932433
8509,129,57.91785175952313,34.04121802674078
8510,129,74.16858128261339,37.58234592576472
8511,129,106.00992770615392,44.288567411136455
8512,129,143.27355873839664,56.67465840619644
8513,129,188.86038934840954,74.68344820365012
8514,129,180.61787165793675,71.41618230372576
8515,129,167.7130485511391,66.32313057857789
8516,129,153.0957690228547,60.54606108385778
8517,129,91.98353260617864,36.4604685630963
8518,129,78.25750537121223,31.022129466163026
8519,129,64.6947906730766,25.67137280139505
8520,129,56.94116635447699,22.56677690485053
8521,129,49.55011769323292,19.64924837896412
8522,129,45.86592993485894,18.183449376511884
8523,129,41.38986381539311,16.4180167823503
8524,129,42.62121358603821,16.898593798150333
8525,129,45.67591332880738,18.10348829281748
8526,129,54.571889909937,21.649752365553557
8527,129,109.77289261261447,43.41832072778536
8528,129,122.89431262583861,48.60188925121437
8529,129,124.62154534026482,49.86559843675299
8530,129,107.35819715118211,46.74450448784646
8531,129,80.17215597475413,42.52970683674895
8532,129,73.0735592249303,43.27419016119155
8533,129,73.52414412100927,43.085910725890415
8534,129,94.13142961088283,46.65154545676309
8535,129,127.59721359870113,53.177152007983494
8536,129,172.7543516826131,68.3273172255015
8537,129,210.94096117745664,83.41139615925444
8538,129,202.06938226555948,79.90144676846997
8539,129,186.29989236806566,73.67258021601808
8540,129,170.48803888975073,67.42818582016471
8541,129,101.52222248024145,40.21807270458736
8542,129,91.11606948818718,36.12461300393476
8543,129,76.71380748644552,30.420271772424915
8544,129,60.54115532939619,23.998027462532377
8545,129,51.82967389089299,20.541640545993367
8546,129,48.39409874723444,19.185031852516282
8547,129,46.249735552251536,18.322944546221407
8548,129,45.08074468972367,17.866984674971718
8549,129,46.28209290682861,18.345435870666893
8550,129,55.02267622168944,21.808402194976043
8551,129,107.57313760622367,42.54270086953732
8552,129,123.91577656700292,49.000668161004434
8553,129,131.69539068877256,52.290194228545914
8554,129,107.59120539261957,46.69703900696858
8555,129,84.02804417843512,42.6608490909602
8556,129,81.23164644579006,44.22237887951394
8557,129,82.54919552270223,43.67294319349357
8558,129,95.8620762149529,44.757327125741895
8559,129,129.96233661993628,52.84895351301473
8560,129,171.4832427299271,67.80424945187615
8561,129,211.60772783746395,83.67253932110965
8562,129,201.64573179778955,79.73509832129537
8563,129,187.8888624880659,74.30524836428906
8564,129,164.60214132848705,65.09930934141492
8565,129,98.02732950280557,38.84280795130673
8566,129,90.39662099948842,35.81592096893445
8567,129,74.44199384038441,29.510131958793494
8568,129,61.139015268153685,24.218516070008974
8569,129,51.5809657231614,20.434800889540895
8570,129,45.52044828798785,18.039522273517747
8571,129,44.4625725134955,17.62013906973131
8572,129,44.41489227760087,17.609837114979786
8573,129,44.69971378772186,17.719957531536398
8574,129,54.888274740211074,21.77105335476587
8575,129,110.2528330597572,43.60171899739461
8576,129,124.56202355769008,49.260763873814675
8577,129,126.32591970413998,50.36078188716756
8578,129,109.44554437270781,46.34755301002245
8579,129,81.05936325450003,42.017559014645336
8580,129,67.74244552714848,39.806994599409336
8581,129,71.55528111333709,40.57624228366194
8582,129,93.28052368183393,44.873597061151116
8583,129,127.65520296659716,53.15245616670244
8584,129,172.5503575332148,68.22344445618306
8585,129,210.9237259199901,83.40790193947328
8586,129,199.63567946887295,78.93922711944629
8587,129,180.09643617430982,71.21166488962406
8588,129,155.77119697879738,61.595276407860474
8589,129,95.82731113495413,37.94275456326192
8590,129,86.17088965941022,34.12255808534706
8591,129,72.12909452611527,28.574134124943146
8592,129,62.12918371496201,24.6170814236953
8593,129,55.313590889888076,21.902701098440303
8594,129,51.952433859465685,20.575506995440975
8595,129,50.81621700620431,20.124002455147554
8596,129,50.470944374097826,19.983868042051284
8597,129,52.28817197784963,20.69726149808078
8598,129,68.97351597568502,22.500103234248183
8599,129,63.96088158455271,25.326479708539907
8600,129,78.3889064235801,31.039763642141768
8601,129,87.05736705628553,35.76771593564648
8602,129,78.15114646804133,36.13758689686078
8603,129,99.7386001820253,35.73725446168638
8604,129,75.71254578509112,34.646053606255364
8605,129,80.08962160599253,35.395607228770544
8606,129,58.88270793784045,35.4356630640333
8607,129,92.54468194822962,39.27856214723473
8608,129,114.28879978237205,45.251818843424175
8609,129,132.3182827657341,52.37139667218277
8610,129,123.15978735670186,48.73951042454812
8611,129,116.3588391543442,46.051632970706905
8612,129,104.79399759788421,41.48816374878958
8613,129,90.45482752022238,35.82459310207749
8614,129,76.75925251701798,30.400802969851334
8615,129,65.24638126137816,25.848093754816052
8616,129,57.58010150887216,22.819285206143714
8617,129,50.83172347971043,20.131510570229832
8618,129,44.91424568314173,17.794009168973517
8619,129,44.60413566000554,17.66896774468922
8620,129,43.047994300440706,17.050297704487342
8621,129,45.23005261344437,17.90781489736115
8622,129,49.81768648579887,19.730729217932158
8623,129,58.17757355445963,23.040915032414784
8624,129,72.4047046113867,28.67486381916355
8625,129,82.38515188415363,33.92128560193582
8626,129,74.18919406526214,34.57174022430945
8627,129,53.45759830214192,34.40406541943024
8628,129,32.148164481853314,34.38659925738226
8629,129,31.515710643827077,33.156265795875605
8630,129,59.998382553569485,35.8765511107038
8631,129,96.91736621142866,41.006736581760684
8632,129,118.85142404531024,47.054912095047705
8633,129,101.1087925342089,56.9946678140795
8634,129,98.08736180721667,55.78832480036668
8635,129,132.10136672532613,52.273435828561155
8636,129,120.55163755206522,47.71591604790678
8637,129,107.21105079736049,42.446925049464916
8638,129,92.98286800478195,36.812714230521145
8639,129,78.23617286982909,30.982032165763112
8640,129,64.44742622542776,25.533478921416954
8641,129,55.315314365902424,21.905961591750692
8642,129,49.050369640049496,19.43588697939066
8643,129,47.36655585294969,18.76796748450729
8644,129,44.087862185747895,17.4648871910562
8645,129,45.21066399615137,17.906231472494564
8646,129,47.493805005036194,18.819457064613413
8647,129,56.10702960658642,22.228513577439195
8648,129,73.93226263021901,29.274717544527213
8649,129,88.5498554425368,35.398969447577855
8650,129,76.81007078042157,36.37914857383332
8651,129,59.33334897522613,37.273398145917795
8652,129,35.500896125864045,36.22223314450131
8653,129,34.921770804036356,34.91731137740646
8654,129,56.070800546983435,34.603281546058035
8655,129,88.90677436597727,37.823646956721646
8656,129,110.53642231417982,43.752771448086385
8657,129,126.50914540089175,50.08033303741818
8658,129,124.25336266081644,49.17174615737133
8659,129,116.80608007051418,46.228376207356355
8660,129,103.6802515768187,41.03096613145916
8661,129,93.07892262125961,36.83979048952989
8662,129,83.07101138717243,32.88072561157074
8663,129,73.59348934115673,29.13611255700911
8664,129,61.51093511849837,24.374086583961535
8665,129,54.068002470899046,21.43238850035019
8666,129,47.77910328808588,18.949302864746908
8667,129,46.704837223689566,18.525909140022073
8668,129,45.5620697450172,18.07546909791468
8669,129,49.58662087693,19.6660434242776
8670,129,54.570514615083,21.628548130763015
8671,129,103.59079345717959,40.96885964378394
8672,129,124.89620050152439,49.39679292264838
8673,129,132.69708405860925,53.405637413925064
8674,129,102.7240266792866,44.44826422491278
8675,129,79.93026882329346,41.22810200975273
8676,129,76.42858740913994,42.424832245960026
8677,129,84.00777818399163,44.65349358482914
8678,129,102.84314685866747,49.16153039174116
8679,129,143.36456027655942,59.24120177496492
8680,129,186.00132327107133,73.59535151766822
8681,129,210.65261739595442,83.31881523980684
8682,129,149.09416563780553,75.9317971837294
8683,129,176.77447037243965,69.92330063865823
8684,129,172.5677603558431,68.26303064674113
8685,129,106.28185207746554,42.11724712114356
8686,129,91.66970116593731,36.32990576905931
8687,129,75.93828305900985,30.124570544593315
8688,129,65.74116014143172,26.059239759181803
8689,129,55.98529989090295,22.190078527139153
8690,129,52.26417370256087,20.704832883009644
8691,129,49.379598258287416,19.579277909732177
8692,129,48.34384020127658,19.149286205946712
8693,129,51.52903478260029,20.409420477936877
8694,129,59.892569640695115,23.77558737009123
8695,129,108.22292065459393,42.826130393101245
8696,129,127.99866699385731,52.63774844190211
8697,129,137.51335547141252,56.081656452109364
8698,129,115.60024017213522,50.463979675489895
8699,129,87.55953358476276,46.02918300997256
8700,129,89.48118245420744,50.26598183007991
8701,129,89.3908278236637,49.69654500881078
8702,129,117.37001467831121,56.00475688796326
8703,129,157.46502780921645,65.03998224674164
8704,129,206.45801387415474,81.68200573391509
8705,129,240.49857119789309,95.08379076089922
8706,129,221.05113230110973,87.40720877551756
8707,129,195.00221726898914,77.11920477973145
8708,129,176.05632526161585,69.63616704109756
8709,129,98.93100735209615,39.18175031722089
8710,129,92.75642111488125,36.71718689169452
8711,129,76.2751876113974,30.228809910296174
8712,129,62.097057022807434,24.59853556631003
8713,129,51.2694539326084,20.303360850953712
8714,129,47.02973167541913,18.61553015245217
8715,129,46.57936957823239,18.441156661869755
8716,129,45.102322163788955,17.86830464967031
8717,129,47.08233892266378,18.654461797458623
8718,129,52.53661845738122,20.806510753899957
8719,129,93.77048131057464,37.0875379595697
8720,129,114.504167990507,45.27113206108503
8721,129,131.03378727457127,51.87337225976202
8722,129,117.59593967667925,50.8609086511878
8723,129,98.32479189141807,48.66532890458375
8724,129,96.35172314215268,50.571793710953756
8725,129,85.3307213125305,45.0730800506462
8726,129,98.5963428630825,46.0392316955376
8727,129,125.52176631674783,51.18101756285803
8728,129,164.88571282613762,65.18446891451819
8729,129,205.69301183248,81.3090616842626
8730,129,201.22189679194236,79.54553480147419
8731,129,180.91662654932605,71.54947690730305
8732,129,162.59843252514727,64.30708071940303
8733,129,98.26052977550148,38.9311177848055
8734,129,90.14396962630755,35.68924557886367
8735,129,73.02413994599632,28.91700820471479
8736,129,57.47481403136945,22.766643872760525
8737,129,46.8817177948182,18.573889538168547
8738,129,43.657006156795575,17.29577211892183
8739,129,41.39073526716075,16.400040526226498
8740,129,39.83617436123055,15.790503759946482
8741,129,40.9991474793614,16.237993039343056
8742,129,46.760262153775045,18.53072360686547
8743,129,89.0932417919501,35.22190517191535
8744,129,107.0227699038071,42.31175844752989
8745,129,113.99064471226694,45.89192929658097
8746,129,93.16451577860718,40.19183884215449
8747,129,57.921582306523334,33.40180438802869
8748,129,50.69793001458578,33.51087187974858
8749,129,54.91005676558913,34.304585154567896
8750,129,76.7819229799862,38.490007025702766
8751,129,112.32509422242032,47.12392863282161
8752,129,159.2793477174368,62.96990372166372
8753,129,196.9451949917449,77.86140160132265
8754,129,188.4862555071649,74.51460259765766
8755,129,168.778059677976,66.71560173374905
8756,129,152.8568865697153,60.432817187552416
8757,129,95.65894128287766,37.87501444169637
8758,129,88.77933266690619,35.16454643849243
8759,129,75.42683206913736,29.894550397088096
