time,bus,P_sub_kW,Q_sub_kVar
0,129,50.25653956431808,24.623393208971347
1,129,46.833980609869094,32.14911819949285
2,129,42.23549493290213,30.966304042262976
3,129,36.13574127465707,28.555093071916065
4,129,32.50843126246106,27.12194822514015
5,129,31.35470398205986,18.417352685756335
6,129,33.01281610367251,27.322074564602428
7,129,35.223308359989716,28.196480271731243
8,129,40.781773027189104,30.393916388687458
9,129,46.305638385607864,32.69087643662345
10,129,42.72772068714053,33.47835208765991
11,129,35.9210311578379,30.76985927710482
12,129,33.63042444976916,31.819671505507422
13,129,34.14215101054141,31.851189817354374
14,129,43.24199894011033,33.28429620100347
15,129,58.32221633686496,35.95341172637564
16,129,74.37094002937611,40.50922249211633
17,129,92.50809924056603,35.61581061676368
18,129,92.38696897360843,35.56793832404269
19,129,85.68978392142512,41.16523059441708
20,129,78.5514182303208,38.34406826375626
21,129,68.05915529647211,39.270171774698795
22,129,59.96006238601681,40.50770474159343
23,129,49.67719489224026,35.80920182799899
24,129,44.81667003166334,31.985548032865665
25,129,39.876987657498034,31.301432588613544
26,129,35.87621750450215,29.72056779673892
27,129,33.9160925343176,28.945976223120653
28,129,33.45671458684451,33.203582130638125
29,129,34.9697523532509,33.80209087277907
30,129,39.766858040590655,31.259170889111612
31,129,76.26126110268955,37.436916106707535
32,129,91.12139213537101,35.06621722180568
33,129,98.27802514526302,37.944194446127995
34,129,81.58077805124347,40.070857689730424
35,129,65.70634936680526,43.87918325453066
36,129,66.9254602660736,44.623535539713004
37,129,70.96504931105385,42.9693277769044
38,129,78.47890031505183,39.101458667990265
39,129,95.62878617776171,45.2565955347213
40,129,123.79584070562433,47.98265998226711
41,129,166.3274915508014,62.88801893330515
42,129,155.26771177537378,58.51667486902268
43,129,144.27427295356367,54.17133103976269
44,129,132.5298540355425,49.5297161359054
45,129,76.92286384584158,37.702314234824144
46,129,67.69909921748085,34.0558069388877
47,129,58.45197972410454,38.6448220391639
48,129,50.112023087067136,35.34839058869274
49,129,42.6511696465216,31.13069990345745
50,129,36.65851485392563,28.762521522723937
51,129,33.377700699397494,27.464782314986763
52,129,32.616030033924716,26.529529738169042
53,129,32.54570838741072,32.84395848063818
54,129,35.72353096278419,34.100583114970384
55,129,42.40884238081976,31.035450639398203
56,129,52.4927544166216,36.28985676845747
57,129,58.34461551766146,35.59336154580109
58,129,51.49701590626316,37.25171937332393
59,129,41.757034863544426,33.4356233858902
60,129,41.83768156886553,33.49044838009305
61,129,42.66076414748354,34.34051038230356
62,129,50.4929738439901,37.74910015618947
63,129,65.28283200506968,38.9048800562862
64,129,82.38197168587924,39.884381566194286
65,129,104.97649247081998,40.546209429044566
66,129,100.5255177522617,38.78733968351379
67,129,90.81743942235587,43.195741192060815
68,129,82.89486857582651,40.064359113074836
69,129,73.81536709284204,36.47493556093776
70,129,65.34851074500791,38.20102023989103
71,129,57.808329797776835,23.170054522143325
72,129,47.976234429521426,34.50339595199458
73,129,41.35175348364339,30.616150513306398
74,129,37.73365305187831,28.551824579601725
75,129,35.58220105105392,31.506468744135415
76,129,33.69276464161497,33.29618004828403
77,129,33.50184630655612,26.878988818757193
78,129,36.143713581304304,27.923396505916667
79,129,41.03388501235228,30.491378197303067
80,129,52.091040690074365,36.13007889784189
81,129,58.64581429123594,38.90114461476104
82,129,54.95927235331271,38.37943292827216
83,129,49.39988912800414,37.172459974784616
84,129,44.146641525118156,34.627299098824125
85,129,44.01342475898912,34.34776685050607
86,129,47.30311770259793,35.85373200822872
87,129,58.55305826583695,39.22834273177782
88,129,81.28452078243842,39.459281850377714
89,129,104.87001617998703,40.50389879681866
90,129,102.7746915093597,39.675634232073364
91,129,96.18412708966606,37.070263356253186
92,129,89.0191032299375,42.482446975649765
93,129,78.57203454724655,38.352585393144416
94,129,69.45908148448731,34.75019943144536
95,129,55.543380499725906,37.49473469383326
96,129,44.17177716383053,33.000530746036056
97,129,37.61345608453276,29.13957379007662
98,129,35.336784443372736,28.239626609664562
99,129,34.94091749457717,28.083049354033793
100,129,35.09476409559048,28.1442166806317
101,129,38.178352996604325,29.363599736309244
102,129,44.465045690317396,31.84849251605483
103,129,84.06262403750675,40.52056783747942
104,129,95.39055236764088,44.998168981867
105,129,99.64768102910504,38.517603285543366
106,129,85.0216741816524,41.568041383243006
107,129,68.37148545458305,35.63537840847808
108,129,66.1984495762169,35.01229451385648
109,129,65.50934645254203,34.606431985130605
110,129,68.52818588722576,35.41350314256437
111,129,89.84510443411209,43.126194376533924
112,129,123.52495236721361,47.8782349054172
113,129,169.8151822361834,64.26679938903523
114,129,158.59116365165116,59.83049324899583
115,129,149.026553852598,56.05002715612278
116,129,135.0794030704473,50.537447420682305
117,129,77.7162559485205,38.015419089072616
118,129,68.6561741686343,34.433985415788726
119,129,56.61484609293721,34.74814028313065
120,129,45.513287886192636,33.5304030334664
121,129,39.73369041175068,29.976994053752513
122,129,37.232945555782216,28.988575231634993
123,129,36.23712677287416,28.595006119755997
124,129,36.63377451031252,28.75163751499441
125,129,38.93672629124983,29.66224823067112
126,129,46.265573074187884,32.559901627845136
127,129,87.81982731713146,42.00538185650552
128,129,97.49301973075164,37.590079431608956
129,129,89.49462424566462,34.56157447340565
130,129,76.59262645333898,38.324545639383985
131,129,66.86181544283853,35.22695715135324
132,129,68.01075957531816,36.02828351233378
133,129,65.28697858658289,37.391145048551685
134,129,67.7449853346701,35.25883001889533
135,129,88.50691852964331,42.67779214894403
136,129,129.13490796866245,48.19784589877609
137,129,174.29496210195717,66.03699196642563
138,129,165.54393433401847,59.40724261043516
139,129,154.99253574430693,55.23687705910348
140,129,141.3715644453142,53.02436576510991
141,129,83.45885253071795,40.2866505972518
142,129,75.6897388093316,37.21598620675709
143,129,63.434261991404284,37.44433290389873
144,129,51.70848214387408,37.24777134534358
145,129,44.093647438541495,33.60304298332056
146,129,41.03190452471872,32.39266646111529
147,129,39.098128807644684,35.43359789091562
148,129,37.68597733183332,34.87535088741004
149,129,38.967563158769146,35.38180699145507
150,129,44.7488911161073,33.228212223649315
151,129,84.21839329717746,32.337048237680506
152,129,96.26252950980546,35.19795666475611
153,129,94.155388928579,32.55514452968422
154,129,79.30855699982764,39.40851025827034
155,129,66.01718681131774,42.388739098598016
156,129,66.20020415305584,41.452394066388344
157,129,62.84245744653594,43.129243290444855
158,129,67.53788567561713,41.28284090216646
159,129,86.63690371495069,44.34273821901792
160,129,124.30282356052635,46.286861821302246
161,129,168.17152389842295,64.25028911773883
162,129,158.21964308126846,57.78015137921736
163,129,145.66291227746953,54.719600781772684
164,129,133.34933444628206,49.852716636360796
165,129,79.73747314822438,38.81246228140943
166,129,71.35704932459952,35.50039019036491
167,129,58.28181435321006,35.40602806081465
168,129,46.74942915527036,32.749568079927556
169,129,40.083815976832526,29.480631886391155
170,129,35.79382566222855,30.32204670863239
171,129,34.2669865430264,29.718426051613164
172,129,33.13602773527863,29.2712317593928
173,129,35.4200637467389,28.27167535855453
174,129,42.67510530386942,31.140548582295107
175,129,80.47008033802538,39.10036173391338
176,129,91.93390165431758,35.39105157219287
177,129,84.6220579320649,32.58829590454388
178,129,67.74281865368448,34.73961646396829
179,129,52.96018319677076,37.94071130463183
180,129,51.90502628120042,36.550759897178054
181,129,53.31102025121548,36.9818788073249
182,129,60.255786869912065,37.28354490786681
183,129,78.62434387878642,38.78317057539399
184,129,112.32061062254606,43.45691230080338
185,129,154.9137544691591,54.572785358532236
186,129,151.96294720764547,54.04051881278226
187,129,138.80070120585742,52.0090379874736
188,129,129.84325573265954,48.468492372774925
189,129,75.4885315905951,37.136442534883194
190,129,67.04110830345317,38.87067518783723
191,129,54.61469100120031,35.86042243456879
192,129,45.69254032077086,32.33298827850943
193,129,40.38446913262922,30.234471798104632
194,129,37.37589418201209,29.045590365488096
195,129,35.1422184767744,30.06623638304837
196,129,34.19669767943634,29.692303946903444
197,129,36.134716894062,27.921512927009434
198,129,44.00755742667695,31.668227492555967
199,129,86.16143514652286,41.350331613261055
200,129,99.37968114570661,38.33094024983127
201,129,99.860603136178,38.59901161376718
202,129,84.05705373731648,41.14011037853695
203,129,73.69434221948113,37.64892240448739
204,129,74.20028385671978,38.12614389009651
205,129,76.47977548035601,38.947512051501505
206,129,80.23683184485786,39.92727114512483
207,129,94.06673386693842,44.720574328807224
208,129,118.00926918465603,45.69685695965521
209,129,152.8900250731946,57.57780098594685
210,129,142.93976530982977,53.645131402059896
211,129,130.23435947102502,50.526150249220194
212,129,118.650357205624,45.94761540826301
213,129,72.06172956216727,35.78281237778419
214,129,63.71919576950014,37.55869884175246
215,129,54.43398083044349,35.79094746099413
216,129,47.3618274438069,34.264590268165
217,129,40.69638899705136,30.36141914742343
218,129,35.968567240588,27.858523078195983
219,129,33.39553045983923,26.841306256793683
220,129,32.99521661527671,26.68283565009489
221,129,34.198258720522844,27.792160681975055
222,129,37.84726507637453,29.23580453442376
223,129,44.491861946787616,33.13014344032758
224,129,56.73793140613642,29.72621630732158
225,129,66.39565389365887,33.76131348049898
226,129,62.65092193980032,33.691025534356726
227,129,57.16652258867128,37.986610281242164
228,129,57.05906272120082,38.64054028454053
229,129,58.691043509335906,39.17215114305414
230,129,63.39785141850851,40.03220745120494
231,129,72.17474843625487,36.811201643096815
232,129,86.97890080608956,41.753138180532574
233,129,107.51682440301235,41.551362940286296
234,129,103.1078962949048,39.80890452534561
235,129,91.50820237562041,43.468669468702444
236,129,81.5680720740093,39.54048346165265
237,129,73.10277766083223,36.19459523917766
238,129,66.01142217719136,38.465170692508025
239,129,59.50626426749239,35.89320302163759
240,129,50.1418078811226,35.360875611619264
241,129,43.2112691274813,31.351885891769502
242,129,38.869388501381884,29.63630232079841
243,129,37.05795450518845,28.286053667654645
244,129,35.30470115903383,27.592582184316438
245,129,35.27151601029171,28.21465642425997
246,129,37.74344717631156,29.19232875776663
247,129,44.14950314316302,32.99470464847404
248,129,54.73639034068955,37.17993153385364
249,129,63.47653308676987,37.7388375799506
250,129,59.039184410661136,40.34047737202308
251,129,53.49178372664626,39.24722328311633
252,129,51.3432546060556,37.96779394532568
253,129,51.182504180116105,37.66232514985397
254,129,53.559308109352166,37.485237710882494
255,129,63.33201772182784,38.15439123753166
256,129,82.22858048246428,39.84851185864757
257,129,104.83546574886793,40.495243105625114
258,129,104.60088166670789,40.402381525289066
259,129,99.38412859353562,38.340481785657474
260,129,90.49325247068008,43.06994675046617
261,129,80.43165913874189,39.091772736897774
262,129,70.26811043939063,35.07538216453883
263,129,56.95098164493767,38.05522216774783
264,129,46.48671252174241,33.919103813124394
265,129,40.44840298615282,30.263509065956818
266,129,37.259150730456156,29.0023653756117
267,129,37.09566935216624,28.30419757170871
268,129,36.9404402227721,28.24284246168234
269,129,40.43563602010958,30.257973154262682
270,129,49.35029621822584,33.78178094710436
271,129,97.60940554788638,37.63121276478456
272,129,105.29772814434502,40.67018816891991
273,129,104.3984496597713,40.46143264250504
274,129,88.57884721131293,43.15300444206004
275,129,67.77521874918513,35.62768456850834
276,129,65.41535632960056,34.94690594182783
277,129,62.26831850148656,38.63597812585849
278,129,65.23924263660419,39.38994319143388
279,129,84.19645558677652,41.034017719980774
280,129,125.21799008424306,46.66820382415951
281,129,165.07281750641178,62.39215220748291
282,129,163.25281742546505,61.67313241059038
283,129,150.47845348896982,56.62445350037255
284,129,140.43651850756544,52.65562886117521
285,129,82.898200213115,40.06553902149429
286,129,73.62085962359383,36.39801268045095
287,129,60.137398201606516,36.142348869486824
288,129,48.37611406202441,33.39563355990248
289,129,42.095212388313655,30.912426313342205
290,129,38.82176846034974,29.618612430854128
291,129,38.730315104946676,28.94852908882306
292,129,37.93810487288296,28.635115051087983
293,129,39.84716585249559,30.024479672061954
294,129,46.74274682715929,34.019240080974605
295,129,90.4420157140432,30.992966357458542
296,129,96.62074057848346,32.80732804120404
297,129,79.85232280450234,30.82773664671592
298,129,61.10067340169761,37.43893636907865
299,129,44.260325309701365,33.48613519442852
300,129,38.01192938092368,33.285236650978476
301,129,35.77537620296722,32.29929825862418
302,129,44.00131528816142,33.05596911461898
303,129,63.015191949916286,37.82555556726701
304,129,107.15992429076138,41.44020081434239
305,129,162.36759671029134,57.51887801048724
306,129,160.24171222244166,60.483488050386775
307,129,154.51258351624543,60.755789341983494
308,129,141.15705410390478,55.47680033639106
309,129,84.52143026706649,40.70685209826839
310,129,74.32970658855453,36.67924408774469
311,129,62.02534161170359,36.888865926983826
312,129,51.13369849761934,34.485690215701055
313,129,46.00704602639327,32.459077151615446
314,129,43.29358513008857,31.386113628812357
315,129,41.952174871749406,30.855557451773137
316,129,40.708668284970216,30.364448205569474
317,129,43.301220694053065,31.388853097657417
318,129,52.52221967454707,36.302459470107905
319,129,100.29332438880955,38.691242126596876
320,129,108.88716538863363,38.28501350016175
321,129,102.04806536767651,39.541550692883774
322,129,81.86172175837858,43.10660814502336
323,129,64.44378690655384,39.43517927527613
324,129,61.97651253985459,40.00854429400282
325,129,60.67004460444225,38.05793915083291
326,129,67.86848444800891,35.27839334154872
327,129,84.88401935971812,41.26116840345789
328,129,125.15157172378422,46.63915539675459
329,129,172.33000602538283,65.89472382688524
330,129,168.41290237983765,64.34658346469705
331,129,155.4167695310229,61.112327773553325
332,129,138.30410549804273,54.34881969565969
333,129,80.97329206702597,39.303399911049205
334,129,71.85941752790065,35.701920824913714
335,129,59.93074465179865,36.0610467980743
336,129,48.63988863640517,33.50028783891796
337,129,42.047538548867,30.89463213407645
338,129,39.23955408018204,29.784823524403475
339,129,39.091567906760716,29.72594287877603
340,129,38.190451704174954,29.368988531168593
341,129,41.644614892877186,30.73487796041784
342,129,49.65305924754815,33.901160925315104
343,129,97.785276194711,45.944750986291815
344,129,106.49310611195905,37.97906783982859
345,129,96.34287687633946,33.47566853950559
346,129,75.42770288634904,37.94018952081672
347,129,58.634608396437415,40.40312316358562
348,129,55.27447410371678,40.65770250038101
349,129,53.837009077534525,43.13805399332132
350,129,61.814601418076045,41.29195514950056
351,129,80.18019356381434,39.563879518851266
352,129,116.16271482024298,46.284261932578566
353,129,164.0246747409223,60.07694098168197
354,129,156.82616831040252,55.9626393718857
355,129,148.40319269903824,55.80401125384317
356,129,139.9931552222441,55.017158493173085
357,129,83.70546703986854,46.726882653574684
358,129,73.45460629607126,41.40644467887627
359,129,60.42945091554969,34.98899143243463
360,129,49.48084701898081,35.10000895139514
361,129,43.07745330737317,31.300427006791157
362,129,41.112700483498855,30.52408318819402
363,129,38.984829706317726,31.586387569636347
364,129,39.00544769748593,31.594136482843595
365,129,39.570893055864865,29.915462198665377
366,129,46.55800437817431,32.67723245761607
367,129,91.35129937861286,35.157978050087884
368,129,103.23651947101354,34.783628345127376
369,129,98.77584359357321,38.23621581655239
370,129,79.6591834666041,39.56101313756547
371,129,73.4447833461076,37.77890499991844
372,129,74.85281853885495,44.98145705110628
373,129,76.43130166675371,45.52318621546913
374,129,82.55039558741079,43.61270249126978
375,129,96.56736279451367,37.63138937598294
376,129,125.84956813817361,46.93036595553912
377,129,171.530244308863,65.58108612659036
378,129,168.13315673707396,60.43336554421606
379,129,156.45971479055743,58.99078404693262
380,129,144.79218517592585,54.37886045209941
381,129,85.68158672991127,41.1675500910086
382,129,77.00683308631307,37.73978184061061
383,129,65.2082565130177,38.150172920297415
384,129,54.713650488147856,38.441881773466264
385,129,47.73902954145487,33.14722669274228
386,129,43.282212898928975,31.385537247563807
387,129,40.86609007885872,30.43099315872585
388,129,39.614661525048774,29.30241030836468
389,129,40.66066476519897,30.34852184922107
390,129,44.26501546043043,33.04245170479661
391,129,52.80584197134797,36.4182764810981
392,129,67.12597780273822,26.860974168063684
393,129,73.29900808232809,36.63439332307068
394,129,69.38893676455005,36.72869213429591
395,129,62.79681098819684,40.74920232032116
396,129,57.296668474001,43.78901204660038
397,129,53.49149855556229,39.63239504678155
398,129,58.37831676383337,37.33660240562943
399,129,69.12562782040516,36.04901478850217
400,129,87.38442253275363,42.0469978591456
401,129,110.85877349974027,42.87458076940337
402,129,105.98243095877102,40.94729978528622
403,129,96.33015968438663,37.13163904057354
404,129,87.61211462814956,41.93071215844356
405,129,79.93181005108147,38.894740219804866
406,129,71.74703761547624,35.660241627769196
407,129,61.92308363427396,36.85094469207605
408,129,51.67243376753877,34.701030397238206
409,129,44.66818785589932,31.93115286322533
410,129,41.06105542243549,30.505536548212994
411,129,39.10978359067846,29.73440307405268
412,129,37.06475331700876,28.92627147539198
413,129,39.36168760892278,29.834744017902732
414,129,40.97659396104475,30.474149531931868
415,129,45.69947555261666,33.61077564643524
416,129,57.622699689826085,38.32453430722299
417,129,66.7402912350346,34.04624483558581
418,129,61.8871108464541,38.678469805150925
419,129,54.98749100232192,37.2259931877305
420,129,56.17361968236928,38.613433886003214
421,129,57.18253596868217,38.7609617274367
422,129,60.93373153389009,39.0819245213264
423,129,66.50824880321571,39.719683942640295
424,129,81.91442584906572,39.72824614668354
425,129,103.99865399873232,40.164379354804424
426,129,103.68654933673116,40.04072438734017
427,129,94.53975475774095,36.42579149904721
428,129,86.46516633338952,41.47869831119523
429,129,78.49791649891141,38.32737626194859
430,129,68.23874196000523,34.274235240878305
431,129,57.08280371838392,34.936665962786364
432,129,46.468309257718055,33.91163141311745
433,129,38.99768447099444,29.690319285390736
434,129,36.54302968815243,28.72004173102047
435,129,36.354894781014835,28.645795040596788
436,129,36.08326293828396,28.53793319496145
437,129,38.006161023759866,29.297600613622464
438,129,46.51413940889265,33.92878578861616
439,129,90.11595846099146,42.913433356214945
440,129,99.09237966957396,38.217186033597166
441,129,97.55564656754633,37.8303730071707
442,129,86.4057427653242,42.46233697927096
443,129,68.47708321718643,36.14972966295125
444,129,65.14861513155323,40.197215620762634
445,129,62.24886428232862,38.909726154265854
446,129,62.707046378095434,38.64584648056496
447,129,79.3562357840345,39.325931564405835
448,129,115.64813960304798,44.843867893300036
449,129,167.63253323209926,63.404680523081154
450,129,160.61898529423712,60.632811461315384
451,129,149.4042123924566,56.200604529457806
452,129,136.8544788396272,51.2404206721631
453,129,78.4091718956953,38.29219134979674
454,129,70.05045182736647,34.98757299422495
455,129,57.14955667955945,34.96251121710614
456,129,47.48419714913999,34.313443629177364
457,129,40.40959747685824,30.24780777526812
458,129,37.104347449197604,28.941335303348076
459,129,35.91514884222635,27.837466800841835
460,129,35.47856636261248,27.66463732018272
461,129,38.2498799725684,28.759843832522822
462,129,46.42231519089424,32.62425231669665
463,129,89.98076668461202,34.61611329348976
464,129,97.54048082112205,40.784045716945464
465,129,85.16346215991521,29.749425218102317
466,129,68.13655141674646,35.31071321470465
467,129,54.127310610740665,39.532941066664385
468,129,50.53299009699369,42.3207868118458
469,129,48.704273889022375,41.49323155248557
470,129,58.68565423046246,41.021844172962396
471,129,77.16291387642565,38.52965770752748
472,129,115.1742265508764,41.47922274348265
473,129,167.99070490393763,61.64442447276362
474,129,160.98210975972717,57.60576616859322
475,129,148.5652481236871,52.697436163168106
476,129,139.51712454266018,54.82887051224057
477,129,82.34885525662617,42.383847902128416
478,129,72.76683357643398,41.13444802434188
479,129,60.367705671456385,36.234066697250995
480,129,49.93217497564317,35.913278234459085
481,129,43.118396354568766,33.219695875938555
482,129,39.67860895086073,31.86012412739815
483,129,38.59461485004218,28.894546519237867
484,129,37.69373460236819,28.53872733233168
485,129,40.41140075903377,30.247283142684456
486,129,47.6046886821998,34.35892613253909
487,129,94.20484822932218,36.28439601771431
488,129,106.75285035462412,33.634909716458786
489,129,104.54150156106301,41.85500638386012
490,129,90.14210803617506,35.759039980165284
491,129,78.26120260461866,42.59611338742415
492,129,77.88801621765961,46.568197426217154
493,129,76.92595925701352,46.02544293205683
494,129,82.84266037726351,42.72428129865135
495,129,95.99625229081543,48.388998275855094
496,129,131.57645744417601,49.205808984095505
497,129,175.80108523816352,64.73073307133336
498,129,168.72143398259587,61.93292378474296
499,129,154.14724635476674,58.07526288862585
500,129,142.32947148195996,55.941101709941435
501,129,84.35846461609314,40.64357070649136
502,129,73.47368784939212,41.417007248771604
503,129,59.58900051562177,34.66122250511181
504,129,48.75315112252932,33.548824878545545
505,129,42.52201635138086,31.084138805954773
506,129,38.5541526199279,28.882188243649388
507,129,37.873930620014875,31.150966144673117
508,129,36.57078805348307,30.635060950099874
509,129,39.83319996334189,30.023433478658706
510,129,48.21319790973016,33.335378255752104
511,129,94.86078379284146,36.546196401127276
512,129,104.2360438440867,37.09002233281654
513,129,95.2647919641707,36.91529868075735
514,129,75.51004023093067,38.150700825459225
515,129,61.43715041453862,38.58977468852631
516,129,57.70615505875681,37.45904211947116
517,129,54.70617980106923,39.329404020128074
518,129,60.80136004181447,37.9948263845107
519,129,80.84940913129223,40.046488788483856
520,129,120.18361929522725,44.76512752949895
521,129,168.2771563879576,64.2959519783514
522,129,160.7860015137349,60.70076324490401
523,129,151.17361900188087,56.90144121812509
524,129,140.21603965166184,55.10733700706761
525,129,83.83566158880696,40.4395106366583
526,129,75.49544069361936,37.144154987816215
527,129,63.218939974696966,37.36399768850197
528,129,51.40096857431908,35.86247419784253
529,129,44.98340739748108,32.056844983809505
530,129,41.21972443854421,30.569170044476948
531,129,39.035059587579134,29.705700544373965
532,129,37.84448782267863,29.234512197139583
533,129,40.2993039546396,30.20589369533818
534,129,47.90988076194596,33.213146301365775
535,129,94.8302658112069,36.53345244445039
536,129,107.218821874138,39.530225391605335
537,129,98.83843257881064,35.16521158680693
538,129,75.94553889798644,38.271943612801714
539,129,61.66034162305778,38.455528489759885
540,129,60.75428892242252,38.43855187775512
541,129,61.96381689393438,38.8369869810319
542,129,68.8937477902889,41.041788566845995
543,129,84.64890466306623,41.397462640302194
544,129,118.92215362135705,46.165600232220214
545,129,167.82090028292686,63.47936602818061
546,129,161.87196173213658,61.1281653388044
547,129,150.0331148517361,56.448950990591165
548,129,135.2823216894875,50.618861922290506
549,129,81.53489293610794,39.526208750665205
550,129,73.89348792610367,36.5071551939708
551,129,64.48009493065004,37.86014710706443
552,129,53.83908045639774,36.824926800701675
553,129,45.55335615150641,32.28130669545095
554,129,41.32228713330238,29.974226797817007
555,129,39.99754345862727,29.4503726996342
556,129,39.453316978217416,29.235894745012658
557,129,40.62306670357585,30.331809577260188
558,129,44.11908781674012,32.981423002392795
559,129,53.2949159397359,33.4377891714761
560,129,64.95775205492372,38.065644213778135
561,129,66.8559584053734,34.301577608830925
562,129,55.402072184493,39.8844587549339
563,129,42.37889718361026,35.200042458200706
564,129,35.37737746580538,33.29992508196972
565,129,31.988398333511412,31.847042152060016
566,129,36.78734938481515,32.650391297807445
567,129,50.38795478226754,37.43699752960051
568,129,71.2323471248958,35.90833738953169
569,129,100.66169777100743,38.845785299944744
570,129,99.59889890823592,38.42523893401387
571,129,90.55961799392276,43.09673678380453
572,129,83.10707831521647,40.15126379050124
573,129,76.48378365237885,37.53286015904803
574,129,68.42416387160033,34.34684401091393
575,129,60.951076019822416,39.63726118663628
576,129,52.70739620524234,35.11007941492892
577,129,45.42346602918934,32.22992556284347
578,129,42.2571717293832,32.24667037514936
579,129,41.432522194632504,31.92133295888852
580,129,39.55399727207687,29.909502640124597
581,129,39.12840959917735,29.742328546465274
582,129,41.957884866170524,30.861164541541022
583,129,49.086413704568784,33.67938826171213
584,129,60.37410843063618,39.439863786312316
585,129,61.66332081313553,37.33997278852898
586,129,52.66603054685998,38.68177433752905
587,129,45.83478475493985,37.43548763354322
588,129,44.623873294791395,36.683426060883
589,129,44.23049461993861,36.267648224872204
590,129,46.24476994442117,35.88742284838474
591,129,56.598783982234835,39.55669352181028
592,129,76.82531057185903,37.864054429451635
593,129,105.27744906801706,40.66787996681607
594,129,104.91425997202408,40.52362767542804
595,129,99.10128494083325,38.22601753366327
596,129,91.97456149590167,43.653996450614024
597,129,82.36004557528287,39.8525511087498
598,129,70.67537294126014,35.23384660110017
599,129,59.57272632456212,39.08956904012496
600,129,48.05573571851279,34.53702781481872
601,129,41.294923653368954,30.59665220804608
602,129,38.06343586721861,29.318951569166607
603,129,36.66923799902305,28.767405847544758
604,129,35.944514693842244,27.846410494027328
605,129,38.04364997647169,29.310662311332162
606,129,46.641303388681166,32.708898256108235
607,129,91.85542132320418,43.600336957543156
608,129,98.50282768347462,37.99478617047936
609,129,89.73985799306006,43.10150482047099
610,129,71.24462832109523,36.691186748274205
611,129,59.601585034550155,38.012544425586825
612,129,55.36077481910739,39.8324554479702
613,129,51.48832681082827,36.89619576387743
614,129,54.70090398865513,38.976797826367786
615,129,70.10222674112632,35.9316562696701
616,129,110.19699126179405,42.79646364494659
617,129,161.66623957012882,57.8758735084509
618,129,157.17049117196314,55.46478085268698
619,129,147.78776557670403,55.56152788005357
620,129,133.21021851372618,49.80000311933704
621,129,76.822501576852,37.666171086906566
622,129,68.62631694867372,34.42635176665297
623,129,55.94833961375634,36.391786290791316
624,129,44.983751563427155,33.32599656553884
625,129,39.831325418952126,30.020668503389796
626,129,37.5021489119724,29.09998083738593
627,129,35.86504370604199,27.819006394624644
628,129,34.950736174678696,27.457461821849314
629,129,37.417034041829055,29.065773331046348
630,129,45.46300973414241,33.51399075578215
631,129,86.20739981930114,41.36919730387345
632,129,95.47481476503178,36.79622135186797
633,129,84.96912538327372,32.94274590146848
634,129,67.38539517713949,35.252575957535484
635,129,58.194037162473734,37.65529859289146
636,129,60.667134520613565,39.07416107186818
637,129,58.26547677545013,38.02757724285124
638,129,64.92865290225708,34.9678902132296
639,129,77.70545821371488,39.0329813351875
640,129,108.70666929765483,42.20230383628649
641,129,151.67788098035595,53.92827513017136
642,129,150.97222559104694,53.64923120641768
643,129,141.45314533733932,53.057084173691074
644,129,128.37691146200768,47.88886389363731
645,129,76.04378024202573,37.354842814184444
646,129,66.67243398908096,33.65108314336102
647,129,56.21215538819252,34.58991008014041
648,129,44.58432269603341,31.896092588474644
649,129,37.45593378113976,29.077814680781138
650,129,34.512913590062645,27.280537608606096
651,129,34.53456537421151,27.28909476387965
652,129,34.27102918916658,27.819533172874518
653,129,36.116513882104016,27.915102755108002
654,129,43.4265304505943,31.43863497964165
655,129,85.08976103928522,40.926454485279066
656,129,90.97335465923074,35.01376967351578
657,129,81.33315126846463,39.794154718758136
658,129,65.14506702809142,34.37688423181432
659,129,57.6668016863211,37.32277632440358
660,129,58.615790949805515,38.047985724827974
661,129,58.96458380995823,38.04061176077718
662,129,60.148337063232304,37.93687973791433
663,129,74.7306711809257,37.756646563600086
664,129,109.2379660917383,42.37120804790806
665,129,149.2213929583972,56.12837427410496
666,129,142.68218263475185,53.543804384895424
667,129,130.3152149380149,48.655968738710875
668,129,121.1274868216179,46.926813602145444
669,129,73.6334346403193,36.40415575959599
670,129,63.93524916836524,37.64596266761006
671,129,54.0503356028143,35.641582351679716
672,129,43.752597057299944,31.571033960948075
673,129,37.20147939373136,28.98037359293493
674,129,34.830095323796385,28.043379881003535
675,129,32.98996581071045,26.68264491152564
676,129,32.53749856276711,26.50320325296652
677,129,35.17832740261828,28.182439140520838
678,129,43.64829616523663,31.53021753728253
679,129,85.46645324283774,32.833275600699785
680,129,91.36765478076836,35.18428499902912
681,129,80.98801661670385,31.406542412364978
682,129,65.65561159190908,34.53623223084022
683,129,55.38293373583403,35.27212662856222
684,129,55.441733715085206,38.837153076879865
685,129,53.684555698414236,38.05329420726393
686,129,55.94378018966434,38.37364797230987
687,129,72.33142533199444,36.996355617202966
688,129,105.09808098458284,40.82585066082166
689,129,153.38128194552547,57.77392164418367
690,129,147.84525527658909,52.41441798061372
691,129,139.61229328619018,52.331320557827944
692,129,127.53529889808223,49.460541076841764
693,129,76.12249539105753,37.3903085127322
694,129,64.82671553553165,38.0000458912908
695,129,54.7104084314109,35.90308572817838
696,129,43.17361280455157,32.61038515116077
697,129,36.743301651525286,28.79948658417625
698,129,33.277862974433525,26.795122879748277
699,129,32.74210912608372,26.583481723201803
700,129,32.59031575318916,30.328357402653623
701,129,33.06989634494556,33.055294151654806
702,129,40.73870366094046,30.378113581537406
703,129,82.67496155351722,39.97296579132008
704,129,93.1382527907738,35.872315600994646
705,129,84.53536490468954,41.058082668548735
706,129,65.67261487538522,34.48583795546202
707,129,50.95932993497937,36.47599256754826
708,129,50.74222517360938,36.76475630431219
709,129,52.29774862736131,37.32240611571211
710,129,57.566899159370024,36.97089292988126
711,129,74.90299869808482,37.878559113203075
712,129,103.1796169938477,40.06418192944057
713,129,146.7233518187979,51.96938641630505
714,129,148.46585777450005,52.65809857015019
715,129,135.61222224759894,50.74891566409636
716,129,122.76806870781098,47.575011408793515
717,129,74.2175540148886,36.63424475413224
718,129,65.60592938668825,38.304242417469844
719,129,57.918867700341714,33.997231882564854
720,129,48.13272311661932,33.29967553856789
721,129,40.532975239869764,30.29540596779151
722,129,36.73136736481347,28.158001263324216
723,129,34.261494937680716,27.18182144169443
724,129,33.70814475979456,26.96324780041156
725,129,34.504431841711536,27.27806283810393
726,129,38.449091831566975,29.471222290125617
727,129,48.03230762157751,34.52736534811928
728,129,58.178148852994106,38.58888037972724
729,129,51.58241965525956,31.836541309681742
730,129,38.5488778079594,32.614232930287535
731,129,26.506897158330712,29.105399463277845
732,129,22.640162549340648,32.33465797738974
733,129,20.421910134218958,31.395704524042106
734,129,24.738734787116854,34.52048380004074
735,129,37.647757615710155,31.890540755260716
736,129,57.97485734061814,34.247711168799235
737,129,88.67339761234066,42.36359153255739
738,129,88.18855166497103,33.912459447029505
739,129,79.54360867037985,38.739995290188766
740,129,72.22492522581292,35.84722882383642
741,129,66.50198866505607,33.58491581431283
742,129,61.140000352948476,36.538655137321356
743,129,54.12375124221158,35.667653144024605
744,129,46.24506249066651,27.478809722378205
745,129,40.65390901109311,30.341664488439726
746,129,36.955695274868475,28.879832003416496
747,129,34.733973604449965,27.367784600932662
748,129,34.73360469040565,27.366850066090507
749,129,35.78177305924169,27.781245608885367
750,129,37.54012126377937,29.11104374162944
751,129,42.76094670423364,27.36982781185318
752,129,53.42454330602159,31.64127758579299
753,129,52.6744198785708,32.32939033195915
754,129,44.8409345826733,29.965916716200823
755,129,36.54175602843945,33.36836988997581
756,129,35.2706059095449,33.28618253922364
757,129,33.65123884446386,38.759963220662335
758,129,34.130732976679624,31.41361702230025
759,129,41.73551335578668,33.20659080821561
760,129,63.02934067952021,40.99584984599306
761,129,94.6515950943866,36.46623980366413
762,129,94.89074335382547,36.5596161210118
763,129,89.59442608257606,42.71025711380033
764,129,81.3129327884693,39.43697914206415
765,129,72.58208134904376,35.98625820751764
766,129,61.604534258795915,39.89096992520021
767,129,51.803399955201776,34.74857200625979
768,129,42.01672323181549,30.88023971926593
769,129,37.025172980572506,28.907745921129255
770,129,34.37458364796808,27.225269178598335
771,129,34.30032788729115,27.196283984976272
772,129,34.15069595435993,27.13747909796234
773,129,36.70339128090949,28.780621305687234
774,129,44.44597555299173,31.84195483245101
775,129,85.4846857527204,41.08290403352896
776,129,88.89128770333721,42.45591140207361
777,129,70.98527557505052,35.89567660282111
778,129,49.581132550842675,31.63308986238772
779,129,41.3316231056276,33.08938828974215
780,129,39.49790250613644,32.71519114781507
781,129,38.504037694667815,31.57309945263176
782,129,41.946993721070136,33.0887546372775
783,129,56.432000472300516,34.68135220600506
784,129,94.09235357521639,44.860333222701705
785,129,152.73167343956652,57.518567321222555
786,129,153.0229751295652,57.63111334062758
787,129,140.61595289890917,52.727334056910465
788,129,130.87304809558142,48.8766708394327
789,129,77.41101879265156,37.89995357124914
790,129,66.09244677677928,38.500006217528586
791,129,54.1673980569537,35.6893484571638
792,129,43.306064895039576,31.394800510054345
793,129,37.66300994672378,28.52966285943029
794,129,35.481181539918694,27.667672249569357
795,129,34.27392138077057,27.191170879282282
796,129,32.97408753903785,26.677327494649383
797,129,35.70676387791133,27.757005460923807
798,129,44.18959765400832,33.012206249573346
799,129,90.30322203799973,31.57319389132512
800,129,92.22240959841493,34.89132627397692
801,129,77.14484731710719,38.32827684492969
802,129,58.45547022181441,37.15213003111885
803,129,48.408084066184074,35.477259924173566
804,129,46.771005204627514,37.835018721398
805,129,46.99541859917328,37.84824116586754
806,129,50.93221789129865,38.76152186133179
807,129,66.18017956326472,44.36160743856395
808,129,98.1527648986822,38.23519703107851
809,129,149.94408314783146,53.251868027358086
810,129,144.9833462235258,51.28131770954131
811,129,135.1282510097286,47.386126785493566
812,129,123.92231039158264,49.29920833761413
813,129,75.52847633694022,37.15208639059925
814,129,68.02710555226143,34.18712064406372
815,129,56.232535335063446,34.5983475747003
816,129,47.38105827557176,33.001801941205805
817,129,40.751834892723046,30.38104550130392
818,129,36.90001382683539,28.22400648493843
819,129,37.26521337314048,29.001155633039318
820,129,36.65412964864012,28.125944155266815
821,129,38.19696163956582,29.370574467066284
822,129,45.71947433051227,33.612273786307945
823,129,89.86933308483958,42.81542579319227
824,129,94.63747474270107,34.59567788505861
825,129,79.32338636393898,39.242265914686726
826,129,57.63118078341889,40.028242326414805
827,129,44.092391579860056,34.30188371178546
828,129,43.37950989765827,33.765762022182315
829,129,42.65921125967886,33.99838617914522
830,129,43.85964931723918,33.872251059464745
831,129,56.85212404415535,36.158037887453105
832,129,95.71209456060082,45.46464327699615
833,129,149.8131070180956,56.36606886351432
834,129,151.21243614977809,53.74466418766539
835,129,139.109908870509,52.13212796138502
836,129,126.47382888461756,50.30867721086977
837,129,74.6666539021777,36.81403416572907
838,129,64.46225402524553,37.85364773791884
839,129,54.16574136800173,35.68689543085635
840,129,43.57467362696149,30.86569469996115
841,129,38.140646922130536,29.35210371917186
842,129,35.05529787880046,27.498468557850003
843,129,33.62221314816094,26.93166103028345
844,129,32.668584988581216,26.55438596547311
845,129,34.07427577939664,27.74369869006796
846,129,42.216389318305794,32.23057276937095
847,129,80.38212121563915,39.0672633506268
848,129,83.0370829876017,28.753824169679007
849,129,70.21848614232657,35.66837565352776
850,129,56.55337084819134,35.17358221175369
851,129,45.14105408314428,36.78555607990197
852,129,42.454112619592586,39.921015097901275
853,129,44.445520983831145,34.31034255478922
854,129,46.433717864787674,35.12109004927027
855,129,63.44319138427529,38.963056401738
856,129,98.00095970770577,38.24934253622106
857,129,144.08081037404463,54.10975893024685
858,129,138.17672435990315,48.59290061512224
859,129,124.78840992641105,46.47168953594261
860,129,115.18524653402262,44.57852297016027
861,129,69.78684708717242,34.88549869641701
862,129,61.37388198052973,36.632929115079364
863,129,50.97918082321484,34.425976461555734
864,129,43.1150796016464,31.317284832911074
865,129,37.14708357214691,28.32346621969898
866,129,33.468456105040126,26.869437793325577
867,129,31.651074351345788,26.150864547694336
868,129,30.64397711757327,21.947662272065774
869,129,32.082889170100216,30.126244565502937
870,129,38.625478424967554,29.541113353313584
871,129,77.50094001378172,37.927155716518044
872,129,81.5484846084673,30.690772298657713
873,129,70.29235787907118,35.69690481841012
874,129,51.56448962242055,37.59120284623981
875,129,41.05216990058819,32.45486377243172
876,129,39.9857351599015,38.78881627505688
877,129,40.349811055501064,38.90041328533437
878,129,45.678169045400566,34.722618704972035
879,129,59.054240295281836,39.033833545672955
880,129,88.89688925086998,42.90009501473782
881,129,134.57430922623203,50.35072967084826
882,129,137.89077248822645,51.650283494206406
883,129,128.56231412873575,47.9633943403351
884,129,118.87594107225286,46.03741885372796
885,129,72.26450721285748,35.86399046707316
886,129,64.74165609768195,37.9640228112849
887,129,54.94343075528213,35.992884453905695
888,129,44.47330115747905,31.853423076879988
889,129,37.15953908359304,28.96185200399451
890,129,34.13188636909559,27.131395237072
891,129,32.26741566044788,26.39447174405574
892,129,31.355898382028624,22.228297092812674
893,129,31.921228984631846,26.25724797139038
894,129,35.98548876655677,28.49877610258474
895,129,44.40978543081364,33.097025578388276
896,129,52.1745523019117,30.017548173232086
897,129,44.10508220723808,34.67145948438885
898,129,31.25648218857524,30.803122801039873
899,129,19.550304160423305,33.98811961497154
900,129,16.62276938970547,33.90934330076072
901,129,14.458843845852554,33.050138848990265
902,129,18.057184143630945,33.19696559307698
903,129,29.072136748012568,28.92190093320148
904,129,52.62551754141215,37.832792148342
905,129,85.52128295314243,32.947433265100585
906,129,88.25923622286258,33.9399532143282
907,129,81.53580215829209,39.52717549137152
908,129,74.58798037115433,36.781149199236154
909,129,65.79748974191563,38.379709344561995
910,129,59.81017692757273,34.744407917373024
911,129,51.629074660341225,34.681455279387265
912,129,42.85146121271421,31.211573030052016
913,129,36.55834087485349,28.090072715433575
914,129,33.33123199675392,26.81411185508309
915,129,31.357406688978962,18.42385376578468
916,129,30.564485453590308,18.110342721569722
917,129,32.23889127512647,26.38249723821621
918,129,35.47559433325998,27.662282892079325
919,129,42.27239607510569,30.98272873797166
920,129,52.654918924863956,36.54094309637853
921,129,50.73870126075042,37.394133512032674
922,129,42.246676773731004,35.16212172395868
923,129,34.01706705021651,33.76186721058242
924,129,29.845523101491743,33.283169976390134
925,129,28.223545729521348,33.704133376917184
926,129,30.384984198519817,31.94474797546929
927,129,37.662578829407714,32.081552417432924
928,129,57.44233278800459,39.416160420822486
929,129,93.29634007164567,44.21638492198297
930,129,97.88825275763018,37.74596784382983
931,129,90.3265582781978,43.00107044161812
932,129,81.58765842377352,39.546784732179276
933,129,74.94708347298396,36.92217836029012
934,129,65.06249060815456,38.08865331621778
935,129,53.22570402067595,36.58075429504208
936,129,43.80069307640433,31.5872252300938
937,129,36.950015473036224,28.879128218159384
938,129,34.64245312376679,27.966792565192
939,129,34.383640210056576,27.23052487242078
940,129,34.29583124771851,27.196068324173062
941,129,37.09624212182988,28.937734033373797
942,129,44.761684634638584,31.968315492367783
943,129,87.94998132727055,42.057801100771506
944,129,87.9093542826373,42.12758378429478
945,129,66.83369366776037,34.587108728894655
946,129,42.73369803230986,33.243375460528114
947,129,30.081941950249934,28.622535594739812
948,129,26.24855049519015,31.318566386167333
949,129,22.217674503844375,22.01254435386898
950,129,26.324083000665745,26.875799537222385
951,129,36.32602054470907,30.381243063422463
952,129,71.49594752430943,36.21562160894727
953,129,140.62911134521096,52.75722716546106
954,129,145.48810519853905,50.848391983865994
955,129,136.4336073586988,51.074694892813305
956,129,124.54637828195459,49.54699543037643
957,129,75.25865066596704,37.0480796027613
958,129,63.267841156213535,37.38286726763634
959,129,52.75977151449263,36.400025583381066
960,129,44.34392635485107,31.803566010012872
961,129,38.39631215179884,35.16005955276342
962,129,35.90725543055206,34.17615428016643
963,129,34.87019908863553,31.22928271755228
964,129,33.88125334491227,33.37517866030366
965,129,36.13961792861809,27.926012888391583
966,129,43.486535805745405,32.73313822357243
967,129,85.74225970368443,41.185729213121
968,129,82.2736172154253,28.506158709280154
969,129,61.14220746580734,37.42972164357715
970,129,38.45237451021172,31.654813398769356
971,129,25.15307737509692,26.894212374864825
972,129,20.996246358139626,21.97051556995322
973,129,20.38504357776344,21.659756368772197
974,129,26.711162294487835,27.242685207795457
975,129,42.65562050820931,33.00138099551059
976,129,79.60538517035064,39.44335969813896
977,129,144.4381147885462,54.2839226124235
978,129,151.51446894753383,53.86301978883371
979,129,137.32412767215573,51.42551311478643
980,129,124.99452107086617,48.45500148145077
981,129,74.64316989899989,36.80280738023804
982,129,67.93704464909467,34.15252274238171
983,129,55.05295683524702,34.1337406575636
984,129,45.27595616712965,31.536613395504816
985,129,38.65260320739794,28.918936056537614
986,129,34.635477700666826,27.331370787101438
987,129,33.98907725856382,27.07435528068112
988,129,33.56670552852808,26.90706099819847
989,129,36.5421277154388,28.717273211446575
990,129,44.5561015442113,31.8853228974426
991,129,86.42053804892558,41.45300386112809
992,129,87.33271025732903,33.7052024314126
993,129,71.93982829247642,36.656402024367054
994,129,52.43216627561009,38.469152932148916
995,129,39.72345568469587,33.16128049585242
996,129,37.566057167744084,32.74111033017132
997,129,37.88337403984876,32.76250262588478
998,129,42.233981444977864,33.80508781770292
999,129,51.76870947908807,37.78865002735747
1000,129,86.59955779830925,42.151296806759525
1001,129,144.91867684387915,54.452971875673164
1002,129,145.38799180911656,50.80943135913667
1003,129,135.8828507853843,50.85761619727758
1004,129,124.06656295663609,48.08979182679717
1005,129,72.48154644878518,35.95205500533843
1006,129,64.42113638284752,37.83857012754473
1007,129,54.38691593017353,31.96990929523715
1008,129,44.29053127045746,31.7828962493708
1009,129,39.340440515915176,29.8254227367477
1010,129,37.62080393328937,28.512075014339427
1011,129,36.23053799943593,27.962305620238673
1012,129,33.434089152670985,26.856839489679885
1013,129,35.51779409588407,27.68004317274863
1014,129,44.019600132480186,31.675484896115208
1015,129,87.25297040940994,41.782861564705776
1016,129,86.00571847014726,33.18570242828424
1017,129,66.48194356274861,34.54616191557347
1018,129,49.959980270531226,37.53328410657645
1019,129,39.785324060773675,32.7311505015674
1020,129,36.52568374873994,31.874268492699123
1021,129,34.90783017323196,31.194722498353674
1022,129,35.84969794711523,31.522934221959364
1023,129,51.364817494338745,37.823797089767616
1024,129,83.10044017365281,40.899832378486074
1025,129,136.53014747234948,51.170524126256886
1026,129,141.67535030142852,49.34076775268871
1027,129,131.38315014621728,49.077687694830686
1028,129,119.73914095682359,46.37810494690978
1029,129,71.07480394562099,35.39421649141249
1030,129,63.640202121277966,37.528921379662656
1031,129,54.30938102181121,35.742284676948145
1032,129,45.19829796577618,32.14051535485844
1033,129,39.77420610303767,29.361752484982535
1034,129,35.95979537806377,27.854043602670433
1035,129,34.755416258956615,27.37749598338204
1036,129,34.230808601574736,27.169797122270115
1037,129,35.392323098656476,31.433228121821408
1038,129,42.4066610159754,31.03493135272846
1039,129,81.00862747624504,39.31351847175281
1040,129,87.05447016780509,29.785453983172303
1041,129,72.70269447055816,36.99410904186882
1042,129,55.752157132856475,39.756357586122384
1043,129,44.93736402242732,35.23808518661709
1044,129,44.72837716834888,35.623133664254446
1045,129,43.43198306758589,35.08112720638735
1046,129,45.1376243493653,35.12039165909486
1047,129,51.12360049255105,36.3970729058859
1048,129,77.83013853000686,38.83941334512378
1049,129,137.29256237466137,51.468950046693315
1050,129,145.1308199489121,54.51195099214443
1051,129,132.2834419663347,49.43430469955657
1052,129,117.21658678940238,45.38197821350641
1053,129,72.14458225073462,35.817440861638765
1054,129,64.54637298240284,37.887721873723216
1055,129,55.70561596331769,36.29531121626784
1056,129,47.025317826893065,32.863283135646824
1057,129,40.097712473652294,29.490985684974394
1058,129,36.3879511035971,31.83045675898076
1059,129,33.35985633559185,30.633401961421697
1060,129,33.0740879942234,30.519720185008524
1061,129,33.48501155082262,30.682385706653797
1062,129,36.774937554146405,28.813125969570994
1063,129,45.51353912176492,33.535223232751534
1064,129,52.49679467211665,21.566596471609017
1065,129,42.18713466661927,34.77506864301356
1066,129,28.056678460555815,30.130866757922085
1067,129,17.510703195720122,32.10451030354579
1068,129,11.947342680503127,33.67171375592593
1069,129,7.553972417441823,17.98317871008763
1070,129,11.48534842526605,21.904191154554514
1071,129,25.135620116106814,28.543295866629386
1072,129,47.66044741388126,36.61929945207234
1073,129,83.93650720179107,30.569013652556986
1074,129,89.0811843169686,32.365116058975204
1075,129,81.8637995059267,39.65988122670053
1076,129,73.65128420252299,36.41432689549032
1077,129,66.42558477888866,38.630823194321835
1078,129,58.96503621242355,38.85235087939037
1079,129,49.96305697397574,34.02550969545477
1080,129,42.56987039791299,31.10304596172377
1081,129,36.46801346283579,28.05632013155314
1082,129,33.81521870889381,30.8130839261329
1083,129,31.833351717757697,30.02988024079221
1084,129,30.754592123919455,21.993143340351402
1085,129,31.441696850204703,22.265077443573233
1086,129,33.960737112097576,27.066718018431633
1087,129,40.62020606698857,31.601135439672163
1088,129,48.48620022903083,35.20152075372432
1089,129,44.736376629022466,35.91066638439104
1090,129,34.45091984185167,33.36576550249009
1091,129,27.61660875715649,32.12833654349152
1092,129,24.68723456098726,32.26240936089631
1093,129,25.106469586510638,32.185901765532954
1094,129,30.221426456244426,32.73913771980697
1095,129,38.462659803820245,34.27076560856254
1096,129,55.969935689691994,39.643441385334356
1097,129,88.9552566877716,42.636482457144616
1098,129,93.98653152918912,36.20605852971604
1099,129,86.09435140314837,41.331005112620005
1100,129,76.08964684146768,37.376396030388946
1101,129,67.83618423852577,34.11424802135728
1102,129,58.87800462229331,38.81803762715084
1103,129,48.049815896852536,33.26855076737445
1104,129,40.01270072378627,30.09159331579885
1105,129,34.690842512252296,27.98701769862455
1106,129,31.30751175911639,18.405590986058797
1107,129,30.824283070677694,18.213970537851488
1108,129,30.332779877947413,18.019572427186237
1109,129,31.934602875380303,26.26392242342239
1110,129,39.06761612987081,29.717834238244937
1111,129,74.5281125319423,36.75333615514629
1112,129,72.43158674480493,36.144076738112474
1113,129,58.467221972843205,34.83652150334594
1114,129,49.163554181511635,37.61525932233357
1115,129,40.70523341149512,34.11946186231434
1116,129,42.55081148980516,35.30698041158785
1117,129,38.16000849732903,32.822432329648095
1118,129,38.588188524046885,32.361299299365086
1119,129,42.40988058735595,33.307343670579144
1120,129,69.45215324123282,35.74654609034284
1121,129,124.52901242438486,49.62548706210777
1122,129,139.02255623887905,52.097395595596204
1123,129,127.59637113543498,49.4837644021086
1124,129,117.80432079237846,45.61326690330447
1125,129,69.69355228169705,34.84643714056282
1126,129,59.78062295890096,39.17258701864516
1127,129,50.115832499388944,34.08356885452315
1128,129,40.72342611275659,30.37094471102651
1129,129,35.70567962879379,27.753504683480358
1130,129,34.7972795395598,27.394065854533107
1131,129,32.3925876913983,26.443145457378254
1132,129,31.816971784980108,26.214861962319485
1133,129,34.579567878306406,27.307378058771015
1134,129,42.907552667308224,31.234632699560677
1135,129,82.82136524094874,28.616653297342513
1136,129,75.41395875126922,31.020415048606242
1137,129,54.782863619569525,38.489338298496314
1138,129,35.07459593387646,30.865530838125252
1139,129,26.477553077607908,34.407306323261544
1140,129,24.296362065488854,34.11517877980441
1141,129,22.57469409229207,29.54387203770315
1142,129,28.535595661922876,34.93353276087804
1143,129,44.93174287809493,34.42179162419132
1144,129,81.73274835318605,40.630637462762216
1145,129,143.01147851182648,50.62024731794285
1146,129,148.30359260335723,53.86340936429303
1147,129,136.375158364363,47.88043821885196
1148,129,126.29573701325592,48.97026620113957
1149,129,75.95472291687544,37.323392379046396
1150,129,67.54999611065927,34.00128712068349
1151,129,56.41407465436154,36.574607875806386
1152,129,45.58010657856937,32.290879777546216
1153,129,38.75161151291162,28.958647589830445
1154,129,35.87719460169364,27.82320774346432
1155,129,34.9120988089664,27.440768103706276
1156,129,33.11870826052865,30.537220061987252
1157,129,34.76027860842629,27.380442383353017
1158,129,39.88914578490144,24.968773706368555
1159,129,75.41037269484197,25.692022265863272
1160,129,71.01643400035995,30.585213244233522
1161,129,51.87926725090525,32.26441696103975
1162,129,34.975809959882085,30.814954732465825
1163,129,27.802338550025063,28.410889166837613
1164,129,27.12671270847156,34.95304446426269
1165,129,28.495263102838177,35.38721647850436
1166,129,35.91965975301004,37.61310300760686
1167,129,47.16930272142616,35.21149638499486
1168,129,78.96883354864048,39.482333874273756
1169,129,136.06229201774556,47.84599872689163
1170,129,142.36001052674052,50.246336958084754
1171,129,131.00573633827673,48.92949442201644
1172,129,119.47621792521123,46.27519622897806
1173,129,71.44186691739418,35.540134962200376
1174,129,62.47378878457616,37.06772691531419
1175,129,51.78856525272552,34.74617347794769
1176,129,40.445584893489375,30.261830846917277
1177,129,34.77699816869817,27.38634137855403
1178,129,32.08737001459705,26.32254919636517
1179,129,30.80365831161863,22.009811660179693
1180,129,29.79745921445437,25.417107814548036
1181,129,31.006100723253716,22.089214993368127
1182,129,38.17762085811738,29.364114233656817
1183,129,76.15401044594594,29.15827897460676
1184,129,73.17360005931167,30.178062015969903
1185,129,52.64179272464814,37.68928165118416
1186,129,35.852139774185495,31.200273452144963
1187,129,27.26057926694586,34.68374754100374
1188,129,26.35013843106593,34.77345656821917
1189,129,24.418432402237787,33.976134990395074
1190,129,29.75263041398779,32.858098986166226
1191,129,43.83328785113766,34.06611729076616
1192,129,75.38118083655165,38.19417659183671
1193,129,134.86319296388106,50.597694033306354
1194,129,141.37833568266223,49.222231613501755
1195,129,133.36086860763362,49.85846188273621
1196,129,119.50939147806272,46.28649640122344
1197,129,71.87176112666272,35.70664018006228
1198,129,62.57392035874992,40.27698024913853
1199,129,53.9850688506403,35.61212313006909
1200,129,44.149137695488896,31.723945161096665
1201,129,37.71372035791315,28.546609044973728
1202,129,35.15236731922544,27.53397631231621
1203,129,33.91488644548096,27.044364466739115
1204,129,33.29012731121178,26.797572673504813
1205,129,34.02302981147992,27.087520993895534
1206,129,40.65632564375859,30.344281043421613
1207,129,77.78153639871121,38.041447613405275
1208,129,78.58920822745186,38.6421717232574
1209,129,67.02495180391732,35.0830089397447
1210,129,54.51901038221235,39.72202366680368
1211,129,50.32844765486172,37.88461727242795
1212,129,51.804620658689124,38.966668092018736
1213,129,49.98305587572038,38.22222098362852
1214,129,51.577474166248585,38.22379941859529
1215,129,55.242127923156744,39.791257970663146
1216,129,77.37479226447397,39.02279268842643
1217,129,133.95598952173916,50.24806767199374
1218,129,147.35783212900978,55.39257402525283
1219,129,141.10531553566764,52.92132442218392
1220,129,130.11142466553005,50.47835903877154
1221,129,78.79177794804615,38.445581322488444
1222,129,69.52041241253637,34.781427873931946
1223,129,60.5645595044389,36.314496153876554
1224,129,51.119984614634404,34.48258862470304
1225,129,42.993466792965116,30.636620582653592
1226,129,38.20555302240181,29.378074944428672
1227,129,35.37686324351047,27.625743617373168
1228,129,33.5424523819251,26.900323049283486
1229,129,34.26414361612118,27.185296286856335
1230,129,38.07728297355023,29.3279782202817
1231,129,45.38364445464482,30.331516574729296
1232,129,45.75059609763471,34.52407098638145
1233,129,35.286613400126285,32.83586311871716
1234,129,20.394988081166964,28.134019964820645
1235,129,11.7194026331493,30.96653056129577
1236,129,8.238856340034573,33.44932215906443
1237,129,4.504844363549088,18.050876708726314
1238,129,5.271544289521202,20.724121813482267
1239,129,16.694432811215353,30.16627006277603
1240,129,38.04668375941378,33.68451227381991
1241,129,76.12243277143065,37.90644110977399
1242,129,87.24893044725768,41.78717424080278
1243,129,84.26620296529185,40.608329922308606
1244,129,75.84396788731773,37.279568821982735
1245,129,67.65807441570315,34.04355661721589
1246,129,60.846283215279186,39.595423769354014
1247,129,52.36264213507369,34.97373042719174
1248,129,43.606061533512545,31.512278094962006
1249,129,38.386515140710564,23.741381160213855
1250,129,35.457838436061984,27.65682294523413
1251,129,33.547914228838295,26.901681740298205
1252,129,32.18843429699403,30.168962934415088
1253,129,32.49625127536893,26.48587460705358
1254,129,35.84050824499796,27.808364138800165
1255,129,41.145092483801605,30.550626439225013
1256,129,40.937953136857665,26.276454758614037
1257,129,31.207057802961955,25.013271609545093
1258,129,19.521042300210677,27.888337056431784
1259,129,11.231606215632684,30.641563064496832
1260,129,8.903787414069498,18.404926593569776
1261,129,8.594832022172483,29.486526513411707
1262,129,12.195385063576092,33.290055551974085
1263,129,21.569543223478536,32.01318181077708
1264,129,39.171720341693806,27.640779862037597
1265,129,72.18324084814648,36.32578288788884
1266,129,83.35955762520852,40.24921422605403
1267,129,80.68817934767813,39.193393906234135
1268,129,73.91954772338887,36.517471730814364
1269,129,65.9695242604551,36.546481815144524
1270,129,58.35836506407416,38.611697173949935
1271,129,50.057841128193445,35.32950117266626
1272,129,42.324175403357586,31.00305565638768
1273,129,36.95867354271803,28.24719775508485
1274,129,34.657420353491894,27.33842727154708
1275,129,33.39829670498079,26.840285195933614
1276,129,32.939275165164986,26.659392728384216
1277,129,35.33887589710755,27.607651641760135
1278,129,43.182840272042554,31.34282795922286
1279,129,79.03726110381027,38.54443810502622
1280,129,70.08717212899873,35.384940034795605
1281,129,54.85554694885647,33.748314354044616
1282,129,46.60958992080744,35.80355011317191
1283,129,41.06142757893222,29.712002146853504
1284,129,41.80896211312019,34.944385070444504
1285,129,41.75912049706504,41.18083590799597
1286,129,41.46397267715418,40.44077066459802
1287,129,48.048380730239536,37.99635949301822
1288,129,74.10225998682235,38.012710272780275
1289,129,128.5735314194234,45.027646150612846
1290,129,141.09988143312557,51.01601127415225
1291,129,135.3931547343168,46.85771709827688
1292,129,125.87436619116465,46.90020612662733
1293,129,77.55282636937511,37.9520308635595
1294,129,67.09292045061127,33.81724948740819
1295,129,55.641539275644355,37.53436456261554
1296,129,44.312682773115284,37.49594662897536
1297,129,37.70740263849343,32.348297422726866
1298,129,34.35542986378864,31.022951865446906
1299,129,34.079865720809956,33.45078502148787
1300,129,33.1227006599541,33.07196893699454
1301,129,35.22798834838336,33.90443373113068
1302,129,42.42047894657103,31.04115350806622
1303,129,78.81094754405999,38.45985082270588
1304,129,64.8848621759327,38.458090792118846
1305,129,49.64592251772609,36.81572648536668
1306,129,35.15371591338001,31.36510664981459
1307,129,28.030417341860513,29.229526643350667
1308,129,23.5369072890218,28.071414428051003
1309,129,23.1118768661418,27.848149088199754
1310,129,27.1961350746458,28.7009235602998
1311,129,40.94997873260997,33.446535886896775
1312,129,70.21277401915572,36.53886712333617
1313,129,131.44166771076837,49.38156147252816
1314,129,141.60492753232867,53.119754578704296
1315,129,130.58510968623006,45.59331091547969
1316,129,118.88293768121405,47.31020176698208
1317,129,71.84424181816624,35.702843131887064
1318,129,63.63158289467186,37.52942805791011
1319,129,52.93033704105843,35.20029766530087
1320,129,41.83094514925057,30.17648067331889
1321,129,36.44615855732436,28.048611931164853
1322,129,35.497573351753964,27.674947271459544
1323,129,34.69040723864747,27.354655359850206
1324,129,34.38103955152616,31.037476068790458
1325,129,36.294480901225946,27.98901278580156
1326,129,43.726090581399646,32.82971452416301
1327,129,81.26974327715952,39.441723079427156
1328,129,67.01920083569668,34.256453134237574
1329,129,43.94423078564758,34.53223183884481
1330,129,24.669113732017635,26.57290384880174
1331,129,14.593923812552866,19.941423618253445
1332,129,12.035358768985539,19.451519811479834
1333,129,14.642850882039593,20.419271280887703
1334,129,20.867193312368304,22.176174073591486
1335,129,31.906736377864288,29.171158246681
1336,129,62.52195747769501,41.712045260996256
1337,129,122.50577214094982,42.66289924611372
1338,129,141.41245478452814,51.14151014624354
1339,129,135.31973211572446,50.634232886431164
1340,129,124.72961928986415,49.61933997435043
1341,129,77.48532607613545,37.928505623454775
1342,129,66.62358810677243,33.63444957422017
1343,129,54.6030515616095,30.78524976307809
1344,129,44.02434395128846,26.603377958631928
1345,129,36.857108101979065,23.136085752682973
1346,129,33.85682519589894,21.9492224515764
1347,129,31.598940591274495,21.056724139653213
1348,129,31.46798319769267,26.078203605149753
1349,129,33.249543964296414,21.708316105827056
1350,129,41.21088238896953,25.489085721078993
1351,129,76.13314033415219,37.413559688761595
1352,129,65.44293844243771,29.838094109316422
1353,129,43.465392929362245,29.322620272155437
1354,129,27.127519544655033,28.225139762370457
1355,129,19.617184200284687,25.8684318430305
1356,129,20.597978109361094,29.282732173941273
1357,129,18.793023565549237,26.050724738515115
1358,129,26.489925563699334,34.75501754805284
1359,129,38.31122238742757,27.414896450327205
1360,129,65.32895932716404,33.431406731564124
1361,129,115.73293301023091,46.412573852061925
1362,129,132.82498618832207,45.8434751543905
1363,129,127.13226204068306,47.39689418719521
1364,129,117.35330221265727,46.70284231924763
1365,129,70.19231657289748,35.04240153077201
1366,129,61.68850897046935,31.68197007153134
1367,129,52.93770439590156,30.125044537048012
1368,129,44.871276445023426,32.00940517252586
1369,129,39.59600858444312,29.92477318850753
1370,129,36.540946221567005,28.082731728351813
1371,129,35.60082941179743,27.71077312208215
1372,129,34.293948461687705,27.194731824419016
1373,129,35.51529455914054,27.678075060044346
1374,129,42.23003215245108,30.967214982159742
1375,129,77.99524985873873,38.1431162451947
1376,129,69.51538786627576,35.23010362567273
1377,129,52.993143591574864,33.01980254871058
1378,129,36.77739482043829,31.880479542916383
1379,129,29.22713808445493,29.450044424458824
1380,129,25.55187833572081,32.36367148680113
1381,129,27.48068897578271,33.14267881810943
1382,129,28.9464504798152,29.29788239924098
1383,129,36.44855088689069,31.08743807646793
1384,129,60.45458469541698,37.908270535452914
1385,129,112.06698478841193,44.987947142166114
1386,129,132.63514968170364,46.40876818289147
1387,129,124.4953602786032,46.35683331351362
1388,129,116.42197224016559,45.068029845447214
1389,129,68.42103442471704,33.0776443268382
1390,129,61.33923177023015,35.352032423536755
1391,129,52.740778216679885,35.12412578818236
1392,129,45.435896261841634,31.600485461384416
1393,129,39.60263299964095,29.930373188789716
1394,129,35.990169075522104,27.86754633933426
1395,129,35.78181135414105,27.78466484919466
1396,129,34.425925053562736,27.248386566990156
1397,129,34.963106130313115,27.460914821020598
1398,129,40.28002198795,30.197641861127423
1399,129,46.67020889779866,34.063503807240046
1400,129,41.21400786236301,33.15099354237443
1401,129,27.445779673231584,30.45100757521389
1402,129,9.936427614482767,24.3427393762337
1403,129,1.1221090191723126,16.55094457902276
1404,129,-1.560119997619458,16.99183723753495
1405,129,-3.3816689208993056,16.412969660186594
1406,129,-0.5824101426807893,16.074339533317286
1407,129,9.186209399772661,17.21150446494239
1408,129,30.604527453799935,30.00424830443886
1409,129,72.50206244394674,37.032435330452664
1410,129,89.88925282668703,42.84684018863186
1411,129,85.57159858912489,41.12452586481251
1412,129,76.84345691759175,37.67475835244517
1413,129,71.3603114968474,35.507391510546135
1414,129,63.170040928171304,37.343176685343636
1415,129,56.27117400489762,36.518297246525414
1416,129,46.232789135075556,32.55013785235125
1417,129,41.23333642358662,30.57413597686124
1418,129,37.7076601463881,28.54580701030027
1419,129,35.659654047098975,27.736215142767108
1420,129,34.685683778152566,27.350784097652156
1421,129,35.29633232873153,27.592088806727624
1422,129,38.76534131645543,29.59757201180351
1423,129,43.251343120113084,32.696249877229505
1424,129,35.87034391759031,31.043050525781418
1425,129,22.252699828034462,27.25204548886568
1426,129,6.585973639426701,19.962592520249334
1427,129,-2.5434050709591816,21.98628439569243
1428,129,-7.3949833802588465,21.633755350929306
1429,129,-9.246947827886764,20.797814837702987
1430,129,-4.873498301646462,14.145844280031497
1431,129,5.103381962012321,15.634096561267098
1432,129,27.203226713761296,28.647442639620415
1433,129,70.80780358698802,36.425148730305054
1434,129,91.48389636110998,35.26278109812664
1435,129,86.81790598684842,41.61494600342915
1436,129,80.45319291659037,39.09843738107771
1437,129,69.49626918463936,34.76895983538714
1438,129,60.43710957987331,39.432783947161475
1439,129,50.43623605414427,35.47860040351634
1440,129,40.559048473947314,30.305239995729163
1441,129,35.705672991185764,28.386007455763554
1442,129,33.428301949416316,26.851978133002163
1443,129,32.593504722639835,26.522444990558878
1444,129,33.240673087993386,26.778016059690152
1445,129,36.31572910704972,28.627694831659007
1446,129,44.70004582348663,31.941482316160133
1447,129,81.57542589205968,39.57221372034117
1448,129,64.25971144937537,33.25134519904939
1449,129,45.11458209515767,33.996938142015324
1450,129,28.530113295997527,28.45293203271708
1451,129,20.860270123362167,30.5043886041714
1452,129,18.410897316367468,28.866371349584906
1453,129,32.01448062372203,32.63023020471144
1454,129,33.6481820982597,33.27593632146555
1455,129,30.20937783360833,32.889926470495936
1456,129,57.85472515405349,37.22151529542178
1457,129,124.81045748273034,46.991434071906646
1458,129,152.12262672707422,57.29595629993637
1459,129,145.0983648801082,50.69323654979748
1460,129,131.76644671882653,49.22866985953585
1461,129,80.11446016050117,38.96424651193248
1462,129,70.28496082631631,35.07858437553932
1463,129,58.02405764083962,38.47613971506998
1464,129,46.35118783245357,32.593272078146065
1465,129,39.82754150404361,30.014013826829306
1466,129,37.106970237593906,28.93881985246086
1467,129,36.719724592120365,28.151436738414915
1468,129,37.33552098826143,29.029651696667585
1469,129,39.42480902621648,29.855119829284174
1470,129,46.975524003249284,34.10935214542517
1471,129,86.97734185632989,30.302788873693395
1472,129,70.34877056088196,40.798957560776174
1473,129,50.6172001186691,36.23890710971574
1474,129,33.43351772950942,31.114251032813407
1475,129,22.51260382729764,30.13346690273008
1476,129,17.367131506673907,28.83478876251772
1477,129,31.868682538965853,32.57254607592429
1478,129,22.248553257885163,30.010040499657137
1479,129,33.705720770577315,30.665260906132215
1480,129,62.71127403321436,39.237507309603245
1481,129,128.95265996381212,48.69632072882672
1482,129,149.27260755059314,52.99601052076709
1483,129,143.7982977656559,50.81461262955945
1484,129,132.69231448206475,49.59612358354724
1485,129,81.11782167312626,39.365461844377755
1486,129,70.61235147556494,35.21356761084023
1487,129,59.19688261120554,38.945103519000554
1488,129,48.36544242820195,33.39372263757824
1489,129,42.151813604989094,30.93772759683297
1490,129,39.020550330474414,29.066559355828467
1491,129,37.771974013688705,28.572807762964775
1492,129,37.48985131514371,28.46130475080165
1493,129,41.13318346006223,30.53563700250887
1494,129,49.127557089230166,34.965341051084856
1495,129,85.92978036019355,29.90326043117201
1496,129,67.83924483733189,34.74697414015584
1497,129,47.33141836984789,36.1691141645076
1498,129,29.05139657563971,28.742357541194686
1499,129,18.27652860562079,18.152033919569096
1500,129,29.94472572398893,21.665206465260095
1501,129,16.370577338804594,18.055078036311635
1502,129,20.446605760883863,29.1023090131807
1503,129,30.758918301406478,29.46030440159616
1504,129,60.26230532166566,38.256789660386424
1505,129,118.13042435409959,44.41614569012755
1506,129,142.1258184714661,50.18816779878061
1507,129,143.68646357126457,50.770184527740504
1508,129,131.3333341436026,49.058406182513174
1509,129,80.04343354870458,38.93822643424317
1510,129,71.70500142348979,35.64245843821808
1511,129,58.45089688103655,38.64763862104453
1512,129,47.64882018100697,33.108352287332316
1513,129,39.66553846254928,29.952678765295843
1514,129,35.954482537445095,27.851603244114674
1515,129,34.0839985249724,27.112567011238745
1516,129,34.10972449827443,27.12225644149002
1517,129,37.34541994449114,29.035406488447045
1518,129,45.68906744424367,33.602243474287725
1519,129,76.39202346629659,26.1379429911959
1520,129,57.559565092051514,19.287982305103263
1521,129,35.36150283211354,29.614344091663188
1522,129,29.61513838677965,21.53495690543872
1523,129,25.25433472269262,19.811402946993997
1524,129,25.938279083294656,20.08173618713979
1525,129,24.836748829692056,15.841231967502118
1526,129,28.262388874281786,21.000279092473992
1527,129,24.839012959201657,27.8892496626315
1528,129,53.9592516686494,39.04388211986115
1529,129,107.84909659301533,42.3581393921414
1530,129,134.58681439391128,47.20474040932481
1531,129,129.98487556244743,45.35457597193597
1532,129,122.8717222677066,45.713789709161624
1533,129,71.50367991144901,35.56282514459262
1534,129,63.69544297674767,35.64750510673634
1535,129,52.90243536241268,30.113592404586427
1536,129,44.844225346544974,26.92748713545986
1537,129,39.26572400010875,29.795349977966108
1538,129,35.718510322739206,27.758899877566833
1539,129,34.42239248832946,27.246002096864416
1540,129,34.007956987725905,27.71586436213906
1541,129,34.97083197965001,23.022921838734767
1542,129,42.314967150213825,27.194102378026134
1543,129,71.93450459377576,22.466602236618353
1544,129,55.461632908919256,33.027744099274
1545,129,37.48718604911455,25.941504504853295
1546,129,23.706777939145606,25.27661785949481
1547,129,14.817603559835579,16.749653199781747
1548,129,26.134112195209557,16.353931241256046
1549,129,27.776983375980613,20.808361171506647
1550,129,17.59225931058439,17.960461852008702
1551,129,28.810516042616197,28.80920844774545
1552,129,53.80830775049766,39.046775198693794
1553,129,104.84884421583817,39.29817252950553
1554,129,132.42785720773952,46.3639756487447
1555,129,130.78216990647584,48.840282421671155
1556,129,121.37146364806217,45.120374650871
1557,129,74.04919451709968,36.568791733573484
1558,129,66.79254208662888,33.70007740352694
1559,129,56.4265986447286,36.57927195239717
1560,129,47.46810071855895,33.036702001686
1561,129,41.156212139959514,30.542763663277885
1562,129,37.74206691211057,29.192882865863794
1563,129,35.15002277693896,27.534248626042263
1564,129,34.740720121056555,28.006517887463172
1565,129,34.77162999906547,28.018404810185594
1566,129,39.030989005437775,30.97252978914526
1567,129,41.90409435665726,24.042380684224394
1568,129,30.837863136726373,29.4973369041415
1569,129,14.59327282265116,24.226833509911707
1570,129,-0.7972583606416506,17.985619802243416
1571,129,-8.782669711632051,17.79481112928942
1572,129,-13.218885553893667,7.03347526827113
1573,129,-14.181552130083762,6.899211209834807
1574,129,-9.815504095532946,17.87397248912425
1575,129,1.7489201234549,19.66941546458719
1576,129,24.528478727230684,28.887973606993615
1577,129,66.9377027862364,36.84248687400288
1578,129,88.88535740715741,26.680616955770805
1579,129,84.98457735311821,26.940254999352106
1580,129,77.10396748614157,39.04580990096784
1581,129,68.9547927315079,37.72700544914155
1582,129,62.224239350129885,40.140085492149524
1583,129,53.97397342588489,35.60996643607916
1584,129,44.92648215330419,33.30179265439984
1585,129,40.01218095756265,30.09026768393759
1586,129,36.900207022867114,28.22663112143688
1587,129,35.489600567781885,28.303298329648072
1588,129,33.13338770134333,26.73746824829054
1589,129,33.91367406364415,27.679436167522688
1590,129,37.48668651810683,30.36036948009225
1591,129,40.0257996747233,31.531558469452033
1592,129,34.15471082320148,29.56384619642137
1593,129,22.85027532659972,27.618370684534852
1594,129,7.73701789220299,17.696489057262372
1595,129,-2.7104172330849607,16.334446604940627
1596,129,23.346647186782032,8.276251855063574
1597,129,22.284886747463982,7.85659324509689
1598,129,-5.766200306821068,15.418939689764168
1599,129,4.834809151120223,19.016302100176492
1600,129,26.650372276500246,29.737519142806583
1601,129,69.10477845529489,34.635528470246584
1602,129,89.58656064630999,29.569286430059783
1603,129,86.61964815362289,39.63598364561873
1604,129,77.9959689509806,38.12992877949004
1605,129,70.87125029887974,35.31400623323014
1606,129,61.511111846882294,39.85849249736739
1607,129,50.389401414333015,34.19364290275023
1608,129,41.52104395123357,30.68754865482233
1609,129,35.66446298258696,28.37160899035526
1610,129,33.361672097144805,27.46211299003797
1611,129,33.28728493534749,27.434078059858486
1612,129,32.801794316489165,27.240570259114083
1613,129,35.686471071128324,29.64918724958512
1614,129,43.9355252554256,32.91092444559497
1615,129,79.66188015127639,38.86260151433744
1616,129,66.4277867667537,34.30069809234268
1617,129,46.4277578476483,34.842009245394664
1618,129,29.274076846342755,35.55525167949151
1619,129,34.273130131062814,33.522932008397305
1620,129,32.046748618890454,32.64297161169625
1621,129,30.002727187289192,21.68812292026756
1622,129,31.947236800275892,32.60366718305624
1623,129,26.920527486661072,34.77862365075289
1624,129,52.743700427598185,38.895033917396255
1625,129,114.94718608831778,43.40819870774304
1626,129,140.89710692734025,52.911369244951054
1627,129,138.66357738694313,51.9557111515099
1628,129,126.05664368331759,46.972446147138875
1629,129,75.19558370937467,37.02210542647472
1630,129,65.64496442711665,38.31971156807316
1631,129,54.10482880837642,36.929105142412695
1632,129,42.91080843426326,31.23558008880037
1633,129,37.40633092878293,28.42464358454357
1634,129,34.898592314401625,27.43401409929945
1635,129,33.35107590806696,26.821193843462698
1636,129,32.599374045036214,26.524713345118023
1637,129,35.12849666341056,28.15798639448101
1638,129,42.35403212148259,32.28304082131655
1639,129,77.89942597444654,26.76780551510771
1640,129,66.60572264263726,34.45795796948639
1641,129,51.23603181147751,36.82524453583155
1642,129,33.374704504767536,30.902516858304743
1643,129,22.164769238789518,34.35684953332221
1644,129,18.564273140457775,33.761790385817875
1645,129,14.195844460096973,21.93425830049446
1646,129,16.98318829723705,22.257288095947203
1647,129,30.681099755515916,30.10633491029984
1648,129,61.492910834302194,34.19763551845986
1649,129,119.52220779032908,45.27804395327098
1650,129,139.09508456651233,49.017508082517054
1651,129,137.4112534917049,48.28901181651655
1652,129,128.20981619232273,49.72595341960412
1653,129,77.94479582351454,38.107714693960254
1654,129,68.80533487361046,34.4954409645191
1655,129,58.375729163170796,37.34834838515403
1656,129,47.147639376048375,32.909565405206465
1657,129,39.78293778316999,29.99884953127517
1658,129,36.434414893448505,28.041073903935214
1659,129,35.309517183501114,27.596112271038365
1660,129,34.59456451771781,27.31428384529918
1661,129,36.731492389682096,28.792802873634233
1662,129,44.3585527620875,31.17475771759577
1663,129,76.09787669409707,37.488858905725344
1664,129,59.88591709064184,36.87708506638042
1665,129,42.63511417699545,34.64494776172673
1666,129,26.384875525524432,28.135084674806826
1667,129,17.730669308461177,22.286315856304142
1668,129,16.805375272617383,32.80183556613987
1669,129,17.10505084614583,32.98573296241451
1670,129,20.980853311588888,31.260526228079094
1671,129,29.236572956196028,29.498561931386476
1672,129,57.49907347219219,40.848332634761505
1673,129,110.60569721992475,43.65963719281179
1674,129,131.5591616060774,46.07754969138609
1675,129,127.35441920152756,44.31495151012678
1676,129,115.39059330015678,45.92816606506105
1677,129,71.55936969404108,35.584118176872806
1678,129,62.78742133239801,37.190402330262856
1679,129,53.52249545254284,35.43044132070706
1680,129,42.68151567037537,30.51003178352566
1681,129,35.42415736531779,27.641866452004887
1682,129,31.8503753935383,30.034124856596318
1683,129,30.81684676728369,25.821042536169596
1684,129,30.330711416670486,25.62854105252568
1685,129,32.07302090064823,26.316398316409842
1686,129,39.78657902870941,31.269146716465503
1687,129,66.82858772336886,33.83453931817322
1688,129,51.58609065851499,36.8087930324462
1689,129,33.863878873679035,30.029529424753783
1690,129,16.981618856564516,20.752520720542975
1691,129,6.978266142780464,21.406880339549055
1692,129,5.39838155599176,21.450827433361077
1693,129,4.43223564975892,14.254447254722427
1694,129,7.18833761167692,14.655222321636195
1695,129,15.526169245250742,20.41866047431989
1696,129,41.319918855023396,33.29466209945374
1697,129,91.49621524949613,44.44913887504345
1698,129,118.11143409140013,40.75361111540396
1699,129,119.58765830866247,41.24468718377959
1700,129,111.30404162694407,43.044077736795344
1701,129,69.35211871379565,34.71188037536713
1702,129,61.90306979701005,36.841123753473646
1703,129,51.814722502774416,34.755838677255156
1704,129,42.45913414866831,31.057142678339556
1705,129,36.1549051870852,27.93063715884792
1706,129,33.14779162492687,30.54696219438697
1707,129,31.368410447519256,22.233192144888967
1708,129,31.054277663669193,22.108497870923756
1709,129,32.42050522009965,26.453206976138016
1710,129,40.78662260857807,30.39411386104593
1711,129,64.50605074026278,37.98664664609396
1712,129,45.20564652314313,34.28181460192234
1713,129,27.11344426574358,26.656466497654677
1714,129,15.227030742068326,26.8592718093282
1715,129,10.628370472070214,19.501814597128813
1716,129,7.549830080431697,15.2339921898676
1717,129,7.612347844211387,19.191167472771756
1718,129,12.486462093301787,20.495693669078943
1719,129,23.47401292140322,33.72236606007141
1720,129,48.75796356530798,36.314090413309245
1721,129,98.86375690080851,37.26265751025087
1722,129,129.0697562197637,48.2797695727343
1723,129,128.81289840261178,44.890766533767234
1724,129,120.8877784032808,44.929281635834094
1725,129,70.53077419053649,35.177504294344786
1726,129,63.26665939899101,37.37980704548465
1727,129,54.18778464269985,35.69302059929407
1728,129,44.756728289398865,31.964707183944604
1729,129,38.63897769618402,28.912803692549247
1730,129,35.02701990578194,27.48493650905414
1731,129,33.47498484800748,30.677337836007965
1732,129,32.69518790420417,30.369227714626778
1733,129,33.01264527631281,26.688033393242193
1734,129,36.50491606020656,29.97331169825383
1735,129,35.857605747612375,25.013103640079212
1736,129,23.164073922097238,17.568217086671414
1737,129,10.149877672305852,19.640571008555828
1738,129,-3.3266552085153833,18.217781016138133
1739,129,-11.398631890497668,7.462181111270396
1740,129,-16.445845073955244,7.466843214683265
1741,129,-18.572151939674875,6.987985401589798
1742,129,-17.2172449120212,5.91335629689198
1743,129,-6.572511565807515,17.90949276711797
1744,129,15.68649819707224,32.9311593290537
1745,129,57.452489601562625,35.73722335817454
1746,129,84.77288335694743,39.169679965312255
1747,129,85.04566676054137,39.01287843834332
1748,129,75.30147354514204,35.16100153122906
1749,129,67.36007340614641,33.92437014949204
1750,129,59.020020997620435,33.79848487626413
1751,129,51.857028826292726,34.771895695210176
1752,129,42.565503888062736,31.098394964125365
1753,129,36.530003444347706,28.712559170485818
1754,129,33.612123859277254,26.925274455920242
1755,129,31.482533036813532,16.570836883967303
1756,129,30.017726931065635,15.990741002786871
1757,129,30.466059714959805,19.97244812069054
1758,129,32.81580738631323,26.61223579791439
1759,129,32.90343088708803,27.65572450437082
1760,129,28.58459890102294,28.030715154708155
1761,129,20.433288748471558,31.497270080843126
1762,129,5.554790960380918,16.25230077518489
1763,129,-3.819133014528686,10.502150308080408
1764,129,-9.989965388151278,10.030561775390968
1765,129,-12.883173199436271,8.89187081847612
1766,129,-11.280112967634038,8.010977177973842
1767,129,-1.7153016162496648,14.173314697076302
1768,129,18.538223715502234,34.1267924257321
1769,129,57.549831970526654,35.92808480571741
1770,129,76.79935724191922,36.14560026657224
1771,129,77.37544109162565,35.982699611308455
1772,129,70.54009673404016,33.28134700041953
1773,129,62.79789012513204,36.56276051120528
1774,129,55.26248236886405,37.38830209610182
1775,129,46.03247005907812,32.47151411602111
1776,129,37.29806628892251,29.018453475449114
1777,129,33.337817706963925,26.81784927252815
1778,129,30.93181887099117,25.2332392018022
1779,129,30.25057594737485,24.96473854670469
1780,129,30.498575828071527,25.061979853718984
1781,129,32.87483970595812,27.268791065095098
1782,129,40.83860256088989,31.68699813081672
1783,129,71.03665507217255,36.81405165928975
1784,129,56.5947602824618,38.953407312885616
1785,129,40.8447928356076,33.10813062520447
1786,129,25.386558889151146,34.63203056729654
1787,129,32.84877483125259,32.95993543304007
1788,129,31.235372798218474,22.17529011740392
1789,129,29.925991216208704,21.65775782443636
1790,129,17.25233291491274,29.183405968158972
1791,129,25.43430944963604,32.30283084382111
1792,129,49.999884899962986,37.04997255964732
1793,129,107.86498373676989,40.9284692815287
1794,129,132.58597941463722,49.71957172308185
1795,129,130.61855562834913,45.60481249945046
1796,129,122.09162476551016,45.40511758223665
1797,129,71.9325018426113,35.73267073999004
1798,129,62.840606503886676,40.3823480303996
1799,129,51.76466656402368,34.73600611353496
1800,129,41.70101726940728,30.75783511631571
1801,129,34.823000175036036,28.038904210271408
1802,129,31.3768794583989,18.432284440323905
1803,129,29.642410477075,21.55102535101588
1804,129,29.100255746497716,21.33613167946366
1805,129,30.871261689577878,25.206656562862726
1806,129,38.413484031995516,30.726243507998312
1807,129,64.26566035190956,29.096261641968205
1808,129,50.90006589147406,36.82674280220273
1809,129,33.317339851124174,30.2604925011501
1810,129,17.938292203306727,21.625062114310214
1811,129,8.645223158786353,15.79049471135626
1812,129,24.265891305326694,15.615615366027107
1813,129,20.339221081568716,14.063629650578894
1814,129,4.797499764225888,14.381257743643546
1815,129,17.13054297379818,21.59983978514508
1816,129,46.2844721580225,35.677060311319885
1817,129,101.36414587587251,40.32535459003039
1818,129,125.79490886815259,43.845900593761044
1819,129,130.72076533734133,45.644062042455346
1820,129,121.09613292052302,45.01094605964681
1821,129,72.71527645559972,36.039610329304416
1822,129,64.78095695700902,37.97709152095339
1823,129,53.28657147269183,35.33596498737806
1824,129,42.82800432412526,31.199958509564162
1825,129,35.0511144771889,27.491936123701983
1826,129,31.769514613723516,30.000165103019068
1827,129,30.371659299602726,28.8136288588679
1828,129,29.976756456784326,28.657548721040666
1829,129,32.151520103815386,26.346280693162335
1830,129,38.8769071817619,30.913031774424297
1831,129,59.52777219400646,27.24012330530982
1832,129,40.260622122687494,32.5980066394765
1833,129,23.43351651835157,19.936150851703182
1834,129,12.155331632269284,15.521163285836694
1835,129,22.38917980785099,12.971287880661638
1836,129,23.87708179873377,22.437952477012246
1837,129,25.494620289230774,16.101194053175053
1838,129,12.772369968799712,17.328468603026003
1839,129,19.79058551983892,30.21330648336031
1840,129,46.262126379455594,35.64596661932355
1841,129,98.78131750998843,39.31316748333935
1842,129,122.82006741329732,42.10120148960572
1843,129,121.54759612452226,42.01805214511635
1844,129,109.39428303251053,40.38515851587602
1845,129,64.92589788749203,41.20397859411915
1846,129,56.793901334520946,36.721086979323296
1847,129,46.62941931530684,27.63038153668932
1848,129,37.34879478069081,23.328011414282688
1849,129,32.84076661508445,25.351900050734834
1850,129,29.326367229311646,21.426005909478032
1851,129,28.598561212262787,19.235396691341197
1852,129,28.85910883499121,19.33837121152351
1853,129,30.328007387992628,16.11302917846903
1854,129,36.838148993119106,25.040069989737816
1855,129,57.24390175760591,26.990903337104527
1856,129,43.74050843997895,34.045113752416334
1857,129,28.532994011590485,27.835881209357204
1858,129,11.774233778675425,22.557552968142772
1859,129,1.5228312433576696,16.83857609626184
1860,129,17.034058548624774,10.854710921394139
1861,129,14.995020523282331,10.048809925462491
1862,129,-1.5459501480913351,15.774850239999363
1863,129,5.089433595834025,15.035709665217334
1864,129,28.526109898534212,28.11028470743437
1865,129,78.09128131255328,40.73887781501388
1866,129,109.18418886305636,34.79286679179837
1867,129,114.82281396139638,39.36017014491888
1868,129,107.7566503106343,39.73764937279857
1869,129,65.60913883106839,41.47429897577119
1870,129,58.82310448274741,37.522932225518126
1871,129,50.15228201548033,34.09564462968397
1872,129,40.2529260760322,30.182921399322865
1873,129,34.77274616090165,31.187652510763936
1874,129,30.81800333804774,28.989633551110146
1875,129,28.156265440025642,19.058994650551746
1876,129,28.1180915419898,19.044172835270896
1877,129,29.02521242229933,15.59696800633089
1878,129,35.11844352770333,29.428930071711537
1879,129,49.74412750025958,27.19902540380098
1880,129,34.31656194355287,29.058309777768912
1881,129,21.89574620420115,19.428540228050377
1882,129,10.707391675299716,18.77882575340061
1883,129,6.668588876447446,18.7201656165275
1884,129,4.905211418058109,14.995992472971787
1885,129,4.819835990595934,15.092869646828024
1886,129,8.142462451094179,15.770296034406137
1887,129,17.10896123993555,19.84116286652803
1888,129,38.900660429851406,32.94797577241507
1889,129,82.9227256981122,39.55395498129366
1890,129,112.01992168129438,35.95447580977896
1891,129,115.34302354886184,37.02992485544091
1892,129,106.0153647933404,39.05065591252011
1893,129,64.29154422308636,40.95446890346056
1894,129,57.582521450212035,37.0352029300879
1895,129,50.18980387814837,34.11209494325883
1896,129,42.42108701829134,31.041151288213463
1897,129,36.04824740460827,27.887782248119063
1898,129,31.874235221845126,26.237799947711306
1899,129,29.178560045323486,19.465326880719065
1900,129,29.065605108668567,19.420570713746276
1901,129,30.049871420113284,16.003097816211287
1902,129,33.31134348518366,23.651056232055257
1903,129,28.173745192618615,17.871018041465668
1904,129,18.369854377417283,14.672113178640712
1905,129,5.842978070821236,13.612039820587931
1906,129,-8.669362415737126,12.079061861557383
1907,129,-19.412772237800414,6.269104283872171
1908,129,19.871971631352793,6.902924150722706
1909,129,19.633739657195783,6.808752098996088
1910,129,17.551212652576865,5.985661174360607
1911,129,19.72241474360986,11.91730078495733
1912,129,7.210268455254076,14.998176633599245
1913,129,43.341151154728806,25.271468262966795
1914,129,70.49844326211662,18.58711427517133
1915,129,73.35381409915998,34.393808057995294
1916,129,67.27205352453514,28.183134462092674
1917,129,61.47873553413491,34.771735469768
1918,129,54.813952347306014,30.86835098490053
1919,129,47.33388488329165,27.911647319968598
1920,129,39.82757470017306,24.943816876021838
1921,129,34.90924327967565,22.99913957234167
1922,129,32.197819566532445,26.36679441446991
1923,129,30.790554758282628,16.2976707408458
1924,129,30.530262852106137,19.99916697730736
1925,129,31.343848352097027,16.514829212971943
1926,129,34.11066234607929,22.697294841952903
1927,129,30.77363633230068,23.448998018263865
1928,129,24.794447932891316,21.96237227547991
1929,129,29.171123038698845,27.341050425176885
1930,129,31.82775545133959,21.14106038291381
1931,129,31.486060503907286,8.322257671394235
1932,129,29.182366541169735,7.411739125852757
1933,129,26.449568243977815,6.331668592659405
1934,129,23.514901178859795,5.171785542786613
1935,129,26.344915663584377,18.33986699759448
1936,129,19.31525492806313,32.82499050785538
1937,129,55.98224157624171,30.26393765483688
1938,129,78.2442029492122,25.539142354025895
1939,129,81.62465686592324,26.248313263643823
1940,129,75.70084923049819,35.31847351637028
1941,129,66.30237174224618,36.677280255469036
1942,129,56.922526373239194,38.042149961229704
1943,129,46.165653672476545,32.52180868776721
1944,129,38.04557118576335,29.31186450623474
1945,129,33.437590716709266,33.198025933606885
1946,129,31.83283045387103,26.22138185223073
1947,129,31.07150370289835,16.407822746923035
1948,129,30.999527472988063,16.380119561304173
1949,129,35.41726291448744,28.273172462665794
1950,129,42.087193613525805,27.125720550681656
1951,129,53.68483374282002,33.312977256745256
1952,129,35.685102949882754,24.88630899476006
1953,129,19.28339823249847,17.169596337641785
1954,129,8.324014341097696,18.699971671535824
1955,129,-0.5266862080001156,16.739844722164655
1956,129,-3.5845466699529482,16.25905532816373
1957,129,-3.9857066054346246,16.072359144170495
1958,129,0.8669689918652801,17.17077011201878
1959,129,11.569767009334376,17.916309207143563
1960,129,42.07251864789468,34.25897825396843
1961,129,85.59635667050087,42.55969372960025
1962,129,117.7662934056497,43.97261071067548
1963,129,121.85416996401754,45.31371307109074
1964,129,114.86904748058613,42.550222183872016
1965,129,68.33129595884829,37.479251572981276
1966,129,57.97552928631039,38.45868562043323
1967,129,45.082525224571015,32.09367841408045
1968,129,37.48459273252869,28.45595971339024
1969,129,32.88802720198491,30.444857002498523
1970,129,30.646548707115084,21.94919465086739
1971,129,29.36581542708766,21.44309804007022
1972,129,28.899204430474835,28.23449996576642
1973,129,32.45234146542758,30.27225540596181
1974,129,39.190673571792125,29.79658535489712
1975,129,53.70355910288982,32.10786080237504
1976,129,36.8009802437716,31.803318293972733
1977,129,22.29450568835639,26.114007199746275
1978,129,9.707560966063845,13.685225530609035
1979,129,0.7840357725890645,17.541561034232764
1980,129,-3.9222404255303545,16.485596301057505
1981,129,-4.796421511726323,16.087316769787734
1982,129,-1.3023190456363243,16.569903089217103
1983,129,10.108224806448906,22.599246496375272
1984,129,42.58763770587826,34.56393170960331
1985,129,88.72212225745285,43.83063705174568
1986,129,116.7863679694111,40.4038179534521
1987,129,120.41134485090643,41.5749150372097
1988,129,110.29061195063406,40.74025427536647
1989,129,63.68648924513204,40.71508338534174
1990,129,54.123732228496536,35.66720775652111
1991,129,43.93288737356388,31.638366308300615
1992,129,35.9789690574005,31.663600282848364
1993,129,31.09024277987771,22.121302396206847
1994,129,27.91723347267977,22.770036253216496
1995,129,27.806239757923123,22.726543164582765
1996,129,29.045409183378055,19.411073407436735
1997,129,32.40581365873996,30.251788894639635
1998,129,38.74466024814288,30.903384841845202
1999,129,54.31265892321924,37.43815931247809
2000,129,36.55959843477752,31.659061337979868
2001,129,20.745675562824196,19.718322436803632
2002,129,10.286210915322446,13.82884684422536
2003,129,4.258958205375585,12.949567159187362
2004,129,0.9025445626126283,18.071096209445418
2005,129,0.6833652147115732,17.967931154079537
2006,129,5.216147643758329,13.264043111800593
2007,129,16.94293153395504,29.058650252630553
2008,129,45.34626413719389,35.65635727957908
2009,129,82.75217829812465,41.527394456977
2010,129,110.9696075780523,41.341840855822184
2011,129,116.43067894326865,39.99893322654505
2012,129,110.33416489079106,40.75718784888813
2013,129,65.21757051957316,41.31950757338746
2014,129,56.18149688551849,36.47947475699578
2015,129,47.00006384745231,32.84985788828322
2016,129,38.50168313274405,28.856872842390548
2017,129,33.26056537535804,30.58989891318721
2018,129,30.67718321452384,28.93452394697119
2019,129,29.779785240447552,28.579467831458995
2020,129,28.95906155797856,28.255387684223102
2021,129,31.56963424446413,29.92075576794475
2022,129,38.276290759715394,29.464680702699003
2023,129,56.42839099775282,38.30176888025795
2024,129,44.05600802579668,34.71545257896124
2025,129,30.63265541626675,29.51971874163807
2026,129,16.32286303720687,22.154732055317062
2027,129,6.864362265879165,23.069002338840548
2028,129,3.929593244905938,22.61628741727688
2029,129,2.4793753470874758,15.120410656270229
2030,129,6.187798465520366,15.747507508067061
2031,129,16.3630260351032,21.93203984327733
2032,129,44.431617830501644,35.339393293335476
2033,129,79.84474620844456,40.4083205723029
2034,129,105.0660217201429,38.99833715244689
2035,129,113.6891161004313,38.919557176940486
2036,129,106.18798651351524,39.118599829019765
2037,129,63.334752227007904,40.57664554816058
2038,129,54.96062184848694,35.99734196958637
2039,129,45.0503653940143,32.07965476079799
2040,129,37.38861257247683,28.416591089746703
2041,129,32.780428718004686,30.399717963619565
2042,129,30.460698056422153,21.8724283867049
2043,129,29.886826177367766,21.645977197280125
2044,129,30.628075589872296,21.938805068624756
2045,129,34.06685637627921,27.736611989125635
2046,129,41.35098786801505,31.936970861689332
2047,129,59.98505494746232,31.462692118450963
2048,129,47.94530943848629,36.230453457216385
2049,129,33.1186565719207,30.99562014421942
2050,129,22.627946120912902,28.220943976402562
2051,129,17.231390154318238,30.1780721306102
2052,129,15.413256301538002,30.2274169796901
2053,129,14.285591450622581,29.821744026370578
2054,129,17.664187661590226,30.42110181668945
2055,129,24.508066811310293,31.559164253537173
2056,129,50.05577151132773,37.679622928074025
2057,129,82.10327345802281,39.497324084914055
2058,129,101.76809953945087,37.739925070702576
2059,129,102.19718188575145,34.37955863214685
2060,129,97.01065122591245,35.49173793663121
2061,129,59.10124635884445,35.097831968869826
2062,129,53.13506619183034,31.472061447386942
2063,129,46.274010692807956,32.564875437013875
2064,129,40.6027231672243,32.859308478990755
2065,129,35.77713722875908,30.31724657486016
2066,129,32.03763322821279,28.838857445332824
2067,129,31.195900621127205,25.335231021481572
2068,129,30.105031648965664,16.02495031604437
2069,129,31.862843361613713,26.232003977449008
2070,129,35.11104983144936,24.427688428538993
2071,129,30.823917488805918,23.947684231862876
2072,129,19.79539355751303,17.108188276788724
2073,129,5.366502530784856,15.213762275963576
2074,129,-8.14872269289041,9.304746181151417
2075,129,24.926060232623893,8.90046700175309
2076,129,23.960558116465748,8.518901108869503
2077,129,23.93963540145949,8.510597464791374
2078,129,-20.312213397809142,5.067085229529963
2079,129,-7.276555239642657,6.630447196402236
2080,129,17.887077793963645,30.605557636743693
2081,129,47.644940660225565,33.157622010725945
2082,129,69.75261855748704,33.808339027326355
2083,129,75.19832085445793,35.14457920668337
2084,129,69.13282197568587,32.72322897562056
2085,129,62.23224257387755,29.36229005532391
2086,129,54.81937898509659,32.13909752048499
2087,129,46.678855299500775,27.65297118183879
2088,129,40.543661325344374,25.227318600270795
2089,129,36.20803723809163,26.050074970556274
2090,129,0.0,9.829896003909155
2091,129,34.16638744694783,24.608559907351488
2092,129,32.89515513077801,24.106391172928294
2093,129,33.87816048856218,22.59181478798545
2094,129,35.27456042477656,23.14451309588133
2095,129,37.87429699257455,24.258473613671455
2096,129,33.78286014790993,24.062641437894072
2097,129,23.574133945876486,29.209851458365904
2098,129,7.987039713251043,23.840979607346195
2099,129,-6.492686159032035,7.414109484012782
2100,129,-16.238497820564966,7.492440967336385
2101,129,-23.184481740249453,5.978401946773548
2102,129,-25.77194851680459,3.842826527638222
2103,129,-22.395811447752823,4.254491234644849
2104,129,-7.660773693432821,9.504592149755803
2105,129,22.159662685342806,26.203126796598983
2106,129,47.06774930640195,27.844398920243467
2107,129,67.16645069016269,29.64115803025095
2108,129,74.63728727387515,34.92099460775435
2109,129,69.16203327136606,32.73377286387659
2110,129,59.57786722621927,34.0193791881587
2111,129,48.42452092026745,29.609436398631136
2112,129,41.011256278212784,30.48382909895641
2113,129,36.22729769348637,28.5926653396958
2114,129,33.09122548211041,26.719224197799566
2115,129,33.399719470668224,27.47485983751109
2116,129,33.23073360572592,27.408190688551535
2117,129,34.87019404022351,28.051229472996717
2118,129,40.48307579181398,30.26965951229528
2119,129,73.04322259792323,34.26006396333628
2120,129,54.13961315455745,36.93564379948795
2121,129,36.81933943857108,28.821654941897
2122,129,26.007155725638498,14.40125557969455
2123,129,22.57164109145615,25.727124555628016
2124,129,22.349481189103958,16.760714855412584
2125,129,21.510420233882055,16.429059124448642
2126,129,21.688135141725017,16.499293704707306
2127,129,23.07636857652795,17.047988665369004
2128,129,16.680155875717972,22.2193919660903
2129,129,53.60773086557891,40.19216834460429
2130,129,86.47385887397624,32.9482317817978
2131,129,114.21283005713579,42.669396005905675
2132,129,122.51225825452738,45.58321369554695
2133,129,74.30970903370016,36.669839080380626
2134,129,65.28785311576546,38.17821812911916
2135,129,55.3105484832328,37.404813182610994
2136,129,42.2533410745356,30.97383481281266
2137,129,36.561290522541924,28.7237295406767
2138,129,32.7889751998019,26.599226469156196
2139,129,32.37353657416781,26.435688836551133
2140,129,31.237903342648586,18.376732436072672
2141,129,32.323005908514666,27.049820858581374
2142,129,37.73194571355787,30.456520621712734
2143,129,67.99061962777841,18.375064381527945
2144,129,55.042989357210416,38.027214069443424
2145,129,35.93704486586674,30.835950071860164
2146,129,21.773856588751748,30.59949701710843
2147,129,10.892317078943336,20.885730662437854
2148,129,24.562257853359583,19.537789494259165
2149,129,20.52648312511096,14.13761359810527
2150,129,-3.113392500004142,13.648697864653073
2151,129,2.626541982004349,14.87542818376636
2152,129,18.357453728259365,30.649927330472618
2153,129,58.2701227513735,42.124295672745966
2154,129,88.6668789062448,30.628217345043602
2155,129,112.70388173851387,38.91195297504997
2156,129,119.45064024435791,44.380130362307504
2157,129,71.59430538421552,35.596443270646745
2158,129,62.25312828748425,33.80686596089268
2159,129,52.80115005764002,35.144353725755344
2160,129,43.42376815058729,30.803232144533926
2161,129,36.81896153231118,31.997006110259935
2162,129,34.07415795741425,30.912320929369802
2163,129,31.897277406721713,30.052951162493915
2164,129,32.33932996776884,26.422144428894747
2165,129,33.22659492032254,27.407173016850628
2166,129,39.413684091848864,20.97632738531381
2167,129,72.10455074998734,22.55205170865773
2168,129,59.88948795823723,34.87636274054597
2169,129,42.171064541497216,28.162961138644548
2170,129,24.569717916780863,26.593661387643394
2171,129,13.4618884489357,17.91028143502722
2172,129,29.43589226386223,17.65899717053884
2173,129,26.15503554069054,16.362270190638352
2174,129,23.26741049726877,15.220981253275259
2175,129,4.35576375001967,15.456954949935103
2176,129,23.591926427554366,28.879148180133797
2177,129,62.002156258313065,40.47455736559267
2178,129,83.61654862239376,28.758275746466566
2179,129,104.95064864748771,35.884897695428016
2180,129,115.02755690013211,44.52973309695521
2181,129,70.49324905222787,35.16366490588266
2182,129,63.97603802509011,37.66057666851366
2183,129,51.583207878995566,34.665900938881364
2184,129,41.4647360141912,30.03135834124984
2185,129,35.048430877567704,27.49450316395335
2186,129,32.04879245032299,30.112921989462556
2187,129,30.6999842846708,21.969580142457684
2188,129,30.240137297460002,24.958615153460755
2189,129,31.22360858029821,18.371044727247888
2190,129,36.566376446834084,18.580648348772417
2191,129,67.72207149866605,22.09621117827766
2192,129,65.2974164012266,38.955486624538615
2193,129,51.78201600583354,38.42723990578599
2194,129,43.93502116830994,37.34167425355146
2195,129,34.09279616736166,33.45160765486004
2196,129,28.707772134783703,21.176280875476145
2197,129,28.13454286972433,20.949699364358814
2198,129,30.177759198951158,21.757250465109895
2199,129,33.714983448100085,33.302295972839744
2200,129,48.48340375449561,33.43161166930772
2201,129,72.49947605084512,39.539736290013806
2202,129,94.1130447595887,32.8739899401416
2203,129,112.67370999408443,38.95083178465343
2204,129,118.82126951999483,44.135482229236224
2205,129,74.6337509905085,36.79834577514448
2206,129,68.46497749058366,34.35954925790718
2207,129,57.53688191459416,37.015793595877454
2208,129,46.53610611232695,32.66619834950116
2209,129,39.61815521699763,29.930910902081795
2210,129,35.45174726467837,27.649919793265827
2211,129,33.01087035059813,26.685207787110965
2212,129,32.66964625795954,27.184778523921434
2213,129,33.029794751037066,28.595519951720696
2214,129,39.323731913184275,20.936682459292467
2215,129,70.15861049904338,17.979961558645712
2216,129,65.66549293767793,39.09697748126714
2217,129,55.291769427462775,36.5748732579671
2218,129,51.38008417859913,40.28425014916507
2219,129,42.1977525907406,36.65502257002146
2220,129,40.86457068971189,36.128146120891024
2221,129,39.11395791081157,35.436204998315915
2222,129,35.58528819974072,34.0415800074051
2223,129,16.05313251461005,30.35126329761026
2224,129,26.895771023209836,30.950643487859622
2225,129,62.222526457554885,35.640967173387345
2226,129,87.95844692087823,30.577610717717757
2227,129,109.37461947682003,40.861190814269825
2228,129,113.61736939330925,42.083160465708104
2229,129,69.97561489534864,38.762751664394926
2230,129,62.67677267029181,42.85456576302015
2231,129,54.68637132071269,35.89046949980316
2232,129,45.089966473804644,34.63316835689754
2233,129,39.60966385500719,32.46690144861322
2234,129,34.6193131665089,29.860607717124136
2235,129,32.54690975449081,29.04138841842688
2236,129,32.784850048620754,26.599186617274736
2237,129,32.480846459232495,23.307233755061176
2238,129,35.13320695813776,15.478173361255998
2239,129,37.292453896272946,25.456718543162143
2240,129,31.4494691085499,28.827667473509543
2241,129,19.349693075634335,28.493086060474557
2242,129,1.357137431964306,21.165704177681576
2243,129,15.768585528213585,12.601099956102496
2244,129,25.410216229418747,9.091879684455108
2245,129,22.750673043122394,8.040721286556463
2246,129,21.158062130912093,7.411272412437874
2247,129,-25.252216044256425,7.559968751949037
2248,129,-11.151676653432308,8.912782842324823
2249,129,18.67773550231544,25.302930905853476
2250,129,43.552192515555475,26.053314972566216
2251,129,61.336604087911475,26.951508422691187
2252,129,70.44607622266142,36.48497898734984
2253,129,65.1616205821528,36.22763005453511
2254,129,56.9890185265215,35.53448742947069
2255,129,48.472526168631624,29.629661438137838
2256,129,41.058696890669985,27.966530316150788
2257,129,35.417157051315314,25.735715599113686
2258,129,32.59044901839142,24.61846396696775
2259,129,30.750166489196317,21.988794300507106
2260,129,29.80026275442249,21.61321789422843
2261,129,30.881322399381684,16.96686194392364
2262,129,33.3343107803179,23.646055228692003
2263,129,34.33941437049759,24.308602681165095
2264,129,26.739969994707234,23.960907499933057
2265,129,13.295403291246677,19.443680246578424
2266,129,23.626260224107078,17.26539461494707
2267,129,19.510721159868684,6.760147591938039
2268,129,17.944432241029094,6.141093515704366
2269,129,16.624988930912355,5.619606819305626
2270,129,15.344580467325397,5.113529244360491
2271,129,15.19611158054529,1.883917211653497
2272,129,-16.31437846483641,7.199880199236087
2273,129,15.275460987058675,23.56587197919501
2274,129,37.776208512479094,24.137571523781112
2275,129,57.946210038151314,28.859402520798497
2276,129,69.04867127857695,32.12081264069808
2277,129,65.22708643157831,30.543579120876046
2278,129,56.44803127450393,27.074250724001775
2279,129,46.483385435221514,28.84247798500967
2280,129,40.255540385847276,27.647699965365437
2281,129,33.929772539949724,24.512945200214183
2282,129,30.75792236809066,16.283001387677185
2283,129,28.959234200736816,15.57273932301531
2284,129,28.29763941935698,15.94480018591771
2285,129,28.36761083962297,17.2409511862835
2286,129,30.372286749640377,21.84077688299346
2287,129,30.457967634704875,21.660579343270612
2288,129,22.38058039627039,19.549423763292268
2289,129,27.45346422803968,14.972888565276866
2290,129,23.381700943963136,17.168689800079896
2291,129,19.156738545794248,6.620203854764831
2292,129,17.680782090746415,6.036859035975063
2293,129,16.102021140509848,5.412883335549247
2294,129,14.464831205999563,4.765802686585335
2295,129,14.75421779463504,1.7092513664049336
2296,129,-19.47330725568508,6.812978240021257
2297,129,13.364587767291825,25.340049651188973
2298,129,37.5082001738346,30.17298162770845
2299,129,57.05646705097583,28.72205897659022
2300,129,70.2616887057439,33.27091915683489
2301,129,65.53322028667408,36.3724729641403
2302,129,57.135930228849055,33.052665929216744
2303,129,48.678806800538375,28.44143759183643
2304,129,41.56512036100091,32.60432483162509
2305,129,35.13823242601239,33.86991582961157
2306,129,31.99981808380492,32.629499147096745
2307,129,31.65582079130269,32.49380358616634
2308,129,31.39525029522866,25.41388608808533
2309,129,33.2110419499288,28.667540008988215
2310,129,41.39862049732057,15.416134838576589
2311,129,68.06097247417941,25.465118570430345
2312,129,48.31751261350203,35.732105385005404
2313,129,29.845134578439016,30.936424398565944
2314,129,14.839845666032414,27.972271362819093
2315,129,3.673596544163882,15.047874878999822
2316,129,-1.6729622106222974,14.449869141677496
2317,129,-5.412083477254692,13.61943419759969
2318,129,-5.4647092215224236,17.141238806297174
2319,129,-0.37738719867908,21.206391269359827
2320,129,15.990231682302403,32.66793943451581
2321,129,54.071543193593754,40.74142909582893
2322,129,76.37489804130665,37.42432912050797
2323,129,100.22053473468884,34.122891787473435
2324,129,111.00895058507076,41.066373296874744
2325,129,68.28813910811743,37.46228560301655
2326,129,60.89177493005965,39.61178026150704
2327,129,50.80201501960374,33.72040747826661
2328,129,41.24023934836829,29.940614513623448
2329,129,35.20054078411417,33.89439595793506
2330,129,31.359658797248503,22.228976680170025
2331,129,30.184378378662615,28.741437053158187
2332,129,30.348993740191844,28.806469548846824
2333,129,31.037269011550737,18.297443533612533
2334,129,36.76495720510597,13.587436324023642
2335,129,63.81818670681882,29.515320164118375
2336,129,48.78733599820251,34.63755723267899
2337,129,32.48205689047046,29.372885937550567
2338,129,16.12319441880461,28.488597008740093
2339,129,5.909466832643872,15.739474668932964
2340,129,4.691198847951883,16.636454157953324
2341,129,3.374744378771888,16.79548980127813
2342,129,0.8087371227138429,15.576091722942358
2343,129,3.507539692618078,22.70223039760404
2344,129,20.597878479254707,31.94830469243773
2345,129,56.785397314637386,41.90066807992919
2346,129,68.27641093718334,37.560545975286
2347,129,88.669782264503,29.592428668075648
2348,129,102.2452075217315,37.5982722522624
2349,129,65.14513302103853,41.293906730611354
2350,129,58.42539109909772,37.369811441411464
2351,129,48.6195640159357,33.49455721685865
2352,129,39.4765339433048,33.05092495987441
2353,129,32.56378207408317,30.317625131517246
2354,129,29.482803298504724,28.465308343419544
2355,129,28.102059809450132,20.943641256411205
2356,129,27.73960677116605,18.89836688068871
2357,129,29.096910928424926,17.530748347360905
2358,129,35.75122221968685,20.797768802294478
2359,129,64.77545770749815,33.07993606177093
2360,129,52.87202699622717,37.587968348646335
2361,129,37.18542626585475,32.05608389753092
2362,129,18.35528963909594,30.261895407196043
2363,129,6.222932437904061,16.141180893109873
2364,129,16.888395253892185,21.271424391811014
2365,129,22.542647974618024,14.93451547884049
2366,129,-1.2136525919264063,15.103921788067217
2367,129,4.55739578632397,23.195218959918623
2368,129,22.63098326309587,32.8096977675819
2369,129,58.95785195790931,37.67626060222416
2370,129,77.78364810452287,40.00711987357682
2371,129,93.87644070172868,34.84535604120145
2372,129,103.8382224899147,38.239391596504845
2373,129,64.74147836856275,41.13298144029061
2374,129,60.165601840329266,39.323082009431964
2375,129,50.361032780930735,34.17877303451572
2376,129,40.428742976451936,30.251896491460094
2377,129,34.54293733316482,27.290253096193016
2378,129,31.861802720522412,30.035902022433696
2379,129,30.76828776225421,21.99345813766403
2380,129,30.47001191645865,28.851760879584784
2381,129,32.16015584809951,28.251892098593505
2382,129,37.90509904619793,21.645531787709267
2383,129,62.213215704917836,32.06446601804399
2384,129,48.516919214265656,35.87300258228351
2385,129,36.00903367095059,31.513820491900628
2386,129,22.51939949567755,31.703099154765617
2387,129,11.49561810517058,18.07980788072802
2388,129,6.222707073114231,17.39736413082777
2389,129,2.39771929792304,16.58738873637969
2390,129,-0.2735719646624335,15.473288711994696
2391,129,1.7523490943208153,22.2480397822162
2392,129,15.703256826892165,32.78368907957212
2393,129,50.96212654009913,34.74615668500337
2394,129,70.07156596015646,35.2342766021833
2395,129,92.72299565796827,30.640149029707963
2396,129,104.20792496302944,46.63797842159743
2397,129,66.24383337192386,36.65285842891658
2398,129,59.724277400519114,34.0757487562383
2399,129,52.24980285823905,31.12057793461342
2400,129,44.16102863546828,26.654169343641062
2401,129,36.67623393166058,23.695272536079756
2402,129,32.605704967368474,32.868455725460215
2403,129,30.17116677415438,19.856801384135377
2404,129,29.414295790225253,15.753555464265855
2405,129,29.431597890939464,15.759605955962193
2406,129,32.10751883421942,17.45531468483805
2407,129,29.50837311631688,15.060853583916204
2408,129,19.9797995079411,17.03479199929048
2409,129,5.047448665149723,13.676426253537572
2410,129,18.262484554594838,6.26675019515502
2411,129,15.364501688750643,5.121377402428289
2412,129,13.206774741319038,4.268558676243779
2413,129,10.548341663174199,3.217832491371378
2414,129,10.380204722886644,3.151369125298352
2415,129,11.576558156533412,3.6242162126258983
2416,129,-23.40284680801974,5.434765810065106
2417,129,5.992382771497217,16.075835325150155
2418,129,28.296969395132265,20.668429990696954
2419,129,50.02745811620418,26.039638941849706
2420,129,64.42647429976273,30.371503143715422
2421,129,60.041809379841546,28.49567470214618
2422,129,54.84998929729529,26.441378249683957
2423,129,47.39980187520615,29.20271340629417
2424,129,38.93278135121903,27.12359160878144
2425,129,33.93043728951744,25.146825650240846
2426,129,30.58639846562672,16.214135660942524
2427,129,28.330438595904116,15.323254153718572
2428,129,27.187688395045704,14.870968741931208
2429,129,27.08092475938878,14.829052845249834
2430,129,29.40682307835796,16.385395066321134
2431,129,27.528991498590173,17.486556589486973
2432,129,19.19306544400645,14.96677826621843
2433,129,6.828645223402208,14.656942743774517
2434,129,14.372449976023717,10.878903045478374
2435,129,19.626010350763778,6.8056564599043865
2436,129,17.39233589225231,5.92283053835128
2437,129,14.510633157797436,4.783883256910121
2438,129,13.136214748953435,0.4355438228432241
2439,129,13.733732464956239,4.476812705013452
2440,129,-23.090323845574467,6.245050943446623
2441,129,9.917545507627413,24.604745673615415
2442,129,35.10341878064871,20.777576089363393
2443,129,54.02198919651163,27.73706741918839
2444,129,68.64906861872765,28.864872507032207
2445,129,63.89383133965565,30.01715760551217
2446,129,56.265359223796054,32.707994323820856
2447,129,45.30378604343066,27.10705459357085
2448,129,36.99684968255801,23.821797640084707
2449,129,32.49873560153765,21.410520987329477
2450,129,30.138962950254754,19.84325738990114
2451,129,29.06800356256234,15.614455632293206
2452,129,28.19570712032926,15.270470262840465
2453,129,29.76891997182951,15.891255762129298
2454,129,36.11354355372776,23.482899316352082
2455,129,57.76886513445606,33.55394460649516
2456,129,40.688554149083565,31.738037366270692
2457,129,29.367484306282776,23.288183862071108
2458,129,23.681878922588552,17.287382197088313
2459,129,18.358810139979365,15.183507189391829
2460,129,17.76960189043636,11.145481755977665
2461,129,16.195906413582428,10.523489936942092
2462,129,16.352009115538245,14.390313785661116
2463,129,17.308568367221998,14.768384213219216
2464,129,5.260891568265036,13.1334917146267
2465,129,35.1791431062623,28.638398911191825
2466,129,55.11079140651359,34.4872250522612
2467,129,80.23736468142128,37.8008603358104
2468,129,103.96270184458112,38.305162500001
2469,129,68.02470925520637,42.429007362894836
2470,129,62.159814573209516,40.10903644764996
2471,129,49.81095118824869,33.9592501333965
2472,129,39.13013226594503,32.90990940977687
2473,129,32.93505364640487,32.99837781671089
2474,129,30.30934231493393,19.91077595082523
2475,129,29.10227285266248,19.433960240505318
2476,129,29.388029116056813,19.546769579993608
2477,129,30.84966979104975,16.318478891242258
2478,129,38.43009681380044,22.497108994975257
2479,129,58.573165772008664,21.859116923741407
2480,129,37.68445744967352,30.701863964048066
2481,129,19.66635513718623,19.400349462914217
2482,129,4.352414209356392,12.072623297770768
2483,129,-4.988991452479108,10.788552892968772
2484,129,-8.863007191289629,16.497896190343603
2485,129,-10.19550795968549,16.568176312417908
2486,129,-10.531227989670155,16.118846062738065
2487,129,-5.650502531799106,16.86490443182947
2488,129,10.546162139015047,15.401875979682933
2489,129,45.0141180856482,37.694473465206556
2490,129,61.43125203884825,17.288849532160665
2491,129,80.70757186802207,26.583512201075873
2492,129,100.661563730022,37.01129918120437
2493,129,63.31183460861178,39.30244773799113
2494,129,57.17661297753629,36.87658833504308
2495,129,48.83314610213946,33.57742343982579
2496,129,39.17062724372183,29.122829019258738
2497,129,32.83079896823987,30.42093688035773
2498,129,29.052111027503823,19.41451214928263
2499,129,27.3537268541888,18.74389183233289
2500,129,27.63258225662263,18.853579472916408
2501,129,28.99601394297624,19.392696669400614
2502,129,34.33503328845144,24.053417527506532
2503,129,53.38356131785738,31.86958441606172
2504,129,35.40363633249277,29.74504667807981
2505,129,18.90657401311213,18.982126260075415
2506,129,5.169870455700831,12.385186799295788
2507,129,-4.6738327621171365,10.690985251852315
2508,129,8.776714997396962,18.430685413072542
2509,129,-9.446936866028711,16.560900776585115
2510,129,-9.087969561895616,10.74118599044892
2511,129,-4.63720649609728,17.227537461491643
2512,129,11.432627705298625,15.737711936936565
2513,129,42.142257173826025,35.377323539014206
2514,129,55.820874105701805,34.899397094123
2515,129,77.42825964040556,36.742046710113236
2516,129,97.29230008391676,43.919404426290356
2517,129,62.14171080859854,35.0346035409754
2518,129,56.23337344488233,31.429749350440897
2519,129,47.51310574972201,27.98202133181691
2520,129,38.96372764230005,23.9678568911377
2521,129,33.32777980588164,30.619394233859435
2522,129,30.16458150810314,23.660848288297593
2523,129,28.84804242330452,23.14037658438626
2524,129,28.016154883036382,19.007209540711425
2525,129,29.6110914266694,15.83082478135715
2526,129,36.012708785244875,24.724695562264575
2527,129,56.59345361116208,33.1580718194312
2528,129,39.61534093102065,31.486416267024115
2529,129,20.983248633584473,20.015328064238506
2530,129,8.095287899006209,13.827962668103833
2531,129,-1.4208287228752448,12.256135193153234
2532,129,-4.5562371016089624,17.98243467289406
2533,129,-9.972123492929253,16.6201568059805
2534,129,-9.647911842774914,10.842970526104386
2535,129,-4.645349290953726,11.55361939335738
2536,129,9.990303890565766,15.18016239947622
2537,129,40.38792655986268,35.89464475616715
2538,129,57.5292213132691,32.336163911737884
2539,129,77.39563551344308,36.7435743233184
2540,129,98.0241624712298,44.21981022104671
2541,129,63.80637665593203,40.76536872369785
2542,129,58.021970153823986,37.20765428425506
2543,129,49.85046808602506,33.97769584949224
2544,129,40.90973369363454,33.61303924963038
2545,129,34.634379777119086,33.66864349848671
2546,129,31.83265318542916,32.56074202900389
2547,129,30.76831519913503,20.090784128574725
2548,129,28.786652193707297,23.11270017411455
2549,129,28.97533861349022,23.188415886309496
2550,129,34.25725637376797,24.023928419080033
2551,129,54.84181481703732,32.46350750860396
2552,129,40.9627892286914,28.20820041315236
2553,129,25.71981934564449,27.459335185932275
2554,129,9.946713819044216,14.2636529071471
2555,129,-1.8113050902457961,11.902804853133148
2556,129,-5.823989166064802,11.745178429609343
2557,129,-10.2190520632775,16.39799813325506
2558,129,-11.345645509845959,15.85692721860009
2559,129,-8.358764970198996,15.942550818045556
2560,129,6.34131765306295,13.888299893916752
2561,129,37.07045186512698,29.102892106533368
2562,129,55.11735462026668,34.73296708142422
2563,129,72.74140585822919,34.9651888746215
2564,129,89.71823112389221,40.949268774028994
2565,129,59.860802950533255,32.229744802857745
2566,129,55.12734984428103,30.98902893697896
2567,129,47.59476004693447,28.01111887521794
2568,129,40.9083118401361,25.369610441924277
2569,129,36.136829735333606,25.385384857868313
2570,129,31.852335619468096,27.49761780287863
2571,129,29.75868711260943,19.69445986652088
2572,129,29.391107692759544,23.35519391943404
2573,129,28.837067281459795,23.135069645300693
2574,129,30.327732503697135,19.94523637309306
2575,129,23.701724173829263,18.836143014301815
2576,129,11.817404859203018,16.652126097252882
2577,129,-4.075305990299761,15.369003621243532
2578,129,-22.963744532626563,4.778394866882565
2579,129,-38.84290352611852,3.746816681163565
2580,129,-47.081300646001914,4.221999217808789
2581,129,-50.44959581143005,4.604173052200076
2582,129,-49.30630134089514,4.436310847481534
2583,129,-42.114451814813606,4.570289508133393
2584,129,-24.657125713283655,6.386736674694293
2585,129,4.355268747530506,20.249814039304066
2586,129,25.80524442897042,26.074785477603218
2587,129,43.38400469138853,23.782058137203432
2588,129,58.48869276363594,28.11074381586799
2589,129,58.093403657558994,27.728521664699542
2590,129,52.77816944155411,25.623691462055834
2591,129,46.91782388559046,24.574341203186226
2592,129,39.63670246345063,27.403853532733454
2593,129,33.61403375592076,24.38992008547049
2594,129,30.660889490330025,16.246255043033244
2595,129,28.50331879084045,19.19835653617191
2596,129,27.95616037033333,18.98095702194061
2597,129,28.21120965582924,15.909930328771491
2598,129,29.474478794830393,16.43243386379817
2599,129,23.942212851738198,18.348311753515873
2600,129,15.332114153583431,18.18484664372546
2601,129,1.517972850337057,17.796073423592592
2602,129,-17.17955518790554,7.439463603947998
2603,129,8.285278346128134,7.517200935152695
2604,129,17.503984325597578,5.966969103644388
2605,129,15.511102500402774,5.179298683791888
2606,129,15.072412590543149,5.005933418390266
2607,129,-39.64315812479058,3.3212381196272465
2608,129,-22.25103131114514,8.026190093973952
2609,129,10.590104326517968,23.976854542569214
2610,129,30.60209468900138,22.858103155951852
2611,129,48.27278247912176,25.826793501718925
2612,129,63.13820799386216,29.94231018902839
2613,129,63.52126913148387,35.580515145332505
2614,129,55.03037288254953,30.951633667677925
2615,129,44.30857313873277,26.713614452193113
2616,129,35.80910637078044,25.25659143250794
2617,129,31.085694983677804,16.413677643592653
2618,129,28.752319623317035,15.49120454011342
2619,129,27.343508154803352,14.934398857654305
2620,129,28.371397527116983,17.24347271987043
2621,129,30.435942762493116,18.05860651790252
2622,129,34.08073157571867,23.974220905331133
2623,129,51.07898530638272,31.053061773128746
2624,129,41.09883480164517,32.26374026851521
2625,129,39.83339000775249,29.378829469086032
2626,129,34.51264330212095,33.61771952627828
2627,129,32.19346205895379,32.7010457464223
2628,129,31.866807040766332,32.57194441804973
2629,129,29.30188960327451,28.38726287515098
2630,129,25.956876737276367,18.18657786951286
2631,129,18.195468937319326,26.23507997288496
2632,129,14.061697901601388,29.189301722632443
2633,129,46.11877488824068,38.416386760398396
2634,129,62.697450805307085,37.7522844870447
2635,129,82.12629286087314,38.68976706925468
2636,129,101.94755172741854,37.545222707409344
2637,129,65.83357738727663,41.56786061384893
2638,129,56.677540667035785,37.944756001228775
2639,129,44.57271759899911,31.89142084413464
2640,129,36.9492910269254,28.242553705082635
2641,129,31.90846984442164,30.056077233113037
2642,129,29.28865443373413,19.507175557724658
2643,129,29.385717687402114,19.545120310522222
2644,129,29.552112524237618,19.610635563794556
2645,129,31.14805136823312,16.435759029570733
2646,129,37.08001433652053,28.97146094580678
2647,129,52.43661383705206,36.71307516693739
2648,129,35.37813071526175,30.15860824297702
2649,129,19.505444294563688,19.87189664694845
2650,129,3.608394581657348,12.39689985001034
2651,129,-4.4818354467578425,17.385326014045646
2652,129,-9.197055340562589,17.07812524577423
2653,129,-11.653810656762797,16.702778815859695
2654,129,-12.7961670373411,15.926050631064323
2655,129,-7.590281510852059,11.023266031570422
2656,129,8.080844581549119,14.917216879618874
2657,129,39.60372087175773,34.63426794735451
2658,129,56.8035377541804,40.43554914734854
2659,129,76.44409111752005,36.44485363200884
2660,129,98.36821503417326,36.13966562794708
2661,129,65.48446532474999,41.43232050297997
2662,129,60.36414151746683,39.40617823269964
2663,129,50.30820512622963,34.161270059990734
2664,129,40.72451771842367,33.54312101380133
2665,129,35.180708019040054,31.35096587104619
2666,129,31.92031520853844,32.59910234165108
2667,129,31.140894664984266,20.241775817780436
2668,129,29.97327516884346,19.77953914813681
2669,129,32.3688041334867,26.433240295263527
2670,129,35.80724310660277,24.66952344185193
2671,129,49.78232959241669,30.582438736072305
2672,129,32.1240563744023,28.118818720339934
2673,129,15.985824862457365,14.460660461759955
2674,129,2.842579625771613,11.975847828204557
2675,129,-6.379679862885235,10.564346219314134
2676,129,-11.542810919392188,9.935103031237828
2677,129,-15.063997560465115,9.204564956731428
2678,129,-12.89824386216254,9.811176724169826
2679,129,-8.227591865942907,10.635098893498428
2680,129,7.949686640737196,14.776188056255174
2681,129,36.557007629091146,33.472009129002
2682,129,56.68481667382025,23.41044987425921
2683,129,78.17952479778756,21.31059225255701
2684,129,101.83624856758233,37.505361124065175
2685,129,66.8395727314658,41.967345007835895
2686,129,61.047207692708994,38.405744519498214
2687,129,50.42731174157361,34.20711580107004
2688,129,40.76848461309845,33.56037878687505
2689,129,34.90030083758333,33.77942853859784
2690,129,31.702904773980578,32.51554422775056
2691,129,30.73064331293357,20.080200629025512
2692,129,29.50175386170917,19.595249124604738
2693,129,31.11329495337256,17.059605554860454
2694,129,34.6775102916726,24.238219655479703
2695,129,50.425886030558196,30.85228398032669
2696,129,32.96155257022421,32.311323440173986
2697,129,15.778859456342664,14.542393677858305
2698,129,3.3642797275548197,12.381176797906887
2699,129,-4.601801745094781,11.41696624120265
2700,129,-6.9705424570056795,11.739360051582974
2701,129,-11.305784246406658,16.51967072897126
2702,129,-12.460617083902614,15.887691705085398
2703,129,-6.819441534648751,16.805829345713413
2704,129,7.072952823087175,14.344472220802224
2705,129,40.29788636461185,34.824276096514694
2706,129,56.589926270628254,35.32002473168402
2707,129,74.6430301462701,35.77005320351561
2708,129,98.41305731424576,44.40493395405928
2709,129,64.50285143378959,41.044229879079396
2710,129,59.263388695794504,37.699328291877784
2711,129,51.46854984300053,34.617915274516065
2712,129,42.29365970349453,30.356063778355647
2713,129,36.33003852926636,31.803764136443256
2714,129,31.930396984502284,30.064097194067017
2715,129,30.555779980946383,20.008410971013305
2716,129,29.135823316466023,19.44671128420749
2717,129,30.383384172986528,19.93951997582978
2718,129,35.16996102744974,28.227494952145683
2719,129,53.671236433334215,32.130824130513076
2720,129,40.20481765909023,31.966501774430757
2721,129,26.17426845389037,31.75057279926008
2722,129,11.855097910113022,15.319776908844961
2723,129,2.8199192649864813,14.025240710354534
2724,129,-0.7529422340354919,14.039552179015041
2725,129,-5.875657040315896,12.69181391829623
2726,129,-8.281061734584316,17.385927341821468
2727,129,-5.338522109823495,17.428393847852618
2728,129,8.755094921985174,15.076997376907267
2729,129,41.18268037650391,30.286848277008133
2730,129,56.81028212511929,35.57013399274753
2731,129,74.10178217651486,35.616848334698496
2732,129,91.58466192072045,41.722141411070936
2733,129,58.55942267055525,33.62154995567911
2734,129,53.38555536920586,30.302045411485853
2735,129,47.27867935439461,27.886376513805338
2736,129,40.38304753611693,27.065000491669196
2737,129,34.75121510866408,28.643815421437118
2738,129,31.350173198127884,24.12853970784374
2739,129,30.44102714338304,23.7698410481577
2740,129,30.956236062259556,16.36410417393231
2741,129,30.19512362097343,19.86664933623224
2742,129,31.446777928813397,22.970799694688136
2743,129,24.67716399421166,19.5308376645333
2744,129,13.040300472642375,17.685034419561035
2745,129,-1.8834707424931763,13.016339426061176
2746,129,-19.91386217166674,6.484730577025424
2747,129,-35.871379326434585,5.3279815868053495
2748,129,-43.6767088982507,3.543434130238254
2749,129,-47.07335865587964,3.339357466308113
2750,129,-46.13734296576194,6.104095723769037
2751,129,-39.48663484097714,5.998281287693122
2752,129,-20.573932293707074,8.335398459239338
2753,129,10.41249857553489,24.221372006553906
2754,129,29.082073851420365,25.772210852222738
2755,129,45.40586747767905,28.625105469283678
2756,129,60.298213300983114,32.7131191050344
2757,129,61.83458698640854,29.211914861378066
2758,129,57.28758838219894,29.945789666351143
2759,129,50.46402394062799,24.710757502341604
2760,129,41.27481331502736,22.344187851336844
2761,129,36.215623919175044,26.052445141599026
2762,129,31.389965981134416,16.53466367941473
2763,129,29.99146170803457,15.981128439968025
2764,129,28.631127645200927,15.442829688072992
2765,129,29.672938694773666,16.48818750156879
2766,129,28.545472481135924,17.381476452256795
2767,129,19.65633323432958,15.063146932777105
2768,129,8.971054128717459,12.368099371807395
2769,129,-6.235921300893121,11.387940684863137
2770,129,14.935691324108157,4.951854358237589
2771,129,14.940962448657945,4.953934187089878
2772,129,14.56806256033233,4.806548384853528
2773,129,12.463900292416064,3.9749049847760882
2774,129,13.15445535853954,4.247859987364464
2775,129,14.028643293720389,4.5933655558120705
2776,129,-25.18499093075066,7.0254502020849205
2777,129,3.8489942636772967,24.074760302046656
2778,129,23.323056509334528,24.705093090033305
2779,129,41.42031234400345,23.355664123513996
2780,129,62.21097824443616,29.660011789370834
2781,129,66.16671093662058,30.922270916823212
2782,129,57.25197199483317,27.391799952187906
2783,129,45.45169791037623,22.727093234513834
2784,129,40.08896322110061,27.581555410495117
2785,129,35.64924328961172,25.827313770401474
2786,129,31.828632204091324,24.316882835800758
2787,129,29.748599986453407,16.517823074339464
2788,129,28.69524149727132,15.467286003219018
2789,129,27.715344760478544,15.714060538629324
2790,129,27.093367688128755,15.573119559587745
2791,129,17.00279991055392,12.275359413215769
2792,129,7.006130979785086,11.85146887971544
2793,129,18.440186122455295,15.215586194205992
2794,129,15.033121210769274,4.990370571551005
2795,129,14.845550723564804,4.916225501180336
2796,129,13.989070936457349,4.577698204486453
2797,129,12.021976393446543,3.8002436394806844
2798,129,13.045461580496687,4.2047729194797085
2799,129,13.578141179223124,1.2443802942863234
2800,129,-27.79387431262037,6.199924667494843
2801,129,-0.4866245539760228,11.80962099423546
2802,129,19.028205880772752,24.506090093566744
2803,129,37.30573551678512,21.897923372368478
2804,129,57.43236122140338,27.829457346092067
2805,129,63.0892590425487,29.707707786971405
2806,129,56.5603544362282,32.82548525926341
2807,129,46.7441340547336,27.67638415224015
2808,129,38.812063642852394,26.442793860897797
2809,129,33.12778839560882,28.002569829115025
2810,129,29.754409262752635,19.692960195935818
2811,129,28.54028480313975,15.407078493412065
2812,129,27.84283666384407,15.130791532214479
2813,129,29.467127767965284,17.675177447396326
2814,129,32.60845270997703,17.744048303801893
2815,129,41.13561281197281,27.29156531692361
2816,129,25.171555508019637,19.967701561359316
2817,129,11.429052597344114,13.00795274592522
2818,129,16.651019877068574,10.703324072796748
2819,129,14.509983211747624,9.857096348223001
2820,129,13.475643063406261,9.448288044410734
2821,129,13.335139891300084,9.392744543864493
2822,129,11.925270606413296,8.835520914958156
2823,129,-11.796583632670721,15.005618454972558
2824,129,1.8387930287558918,12.44014615250168
2825,129,32.010520654282004,31.69579394038213
2826,129,48.15552843553783,32.05445404754705
2827,129,66.76136242607089,18.12725461345697
2828,129,91.18775311097681,41.581244529440895
2829,129,64.87756509048381,36.1227499139031
2830,129,58.455218832517865,37.38262179211435
2831,129,48.20421075289233,33.32880315431126
2832,129,37.80502094436794,32.38881423586921
2833,129,32.12169289338856,32.67829007490521
2834,129,29.817132929852498,19.717751386917815
2835,129,28.565517908848147,19.223710572810482
2836,129,28.060555657490326,19.024289066136948
2837,129,29.85349471693821,16.56024333881449
2838,129,31.506151786681592,23.015770263554742
2839,129,33.95016212578577,24.42938334480051
2840,129,23.13094193318377,15.211664158561996
2841,129,9.981337986322558,12.198822732379561
2842,129,8.9992766539973,17.622487974912996
2843,129,11.773716340749086,8.77566911716415
2844,129,11.720547786249313,8.754653353598469
2845,129,9.901021584494407,8.03551639560401
2846,129,11.338259697782737,8.60356912026398
2847,129,-12.033207831408932,9.068309322222827
2848,129,1.6541516028018566,12.284998895248293
2849,129,30.879728690929976,31.301774196580922
2850,129,48.50059757773867,32.347352475479966
2851,129,67.70022780440638,29.956477566191502
2852,129,89.72711893731056,41.00204079325663
2853,129,62.58461530957593,40.28924105872466
2854,129,57.1669329222122,36.86994770664953
2855,129,48.938883328110585,33.617627812146466
2856,129,39.06621856782427,32.8869829543125
2857,129,33.32066267910505,33.15045431538
2858,129,29.596610598989827,19.62866241106452
2859,129,27.889428801626593,18.954163538569578
2860,129,27.249733501769402,18.704253064282952
2861,129,29.001256830694487,17.49268605273166
2862,129,28.989217173966352,17.601490614694104
2863,129,33.46386799385531,22.98543499805748
2864,129,22.5508884031152,15.041422456752153
2865,129,9.651322689039954,12.235079887252788
2866,129,8.83144016212134,17.623895281757072
2867,129,12.417545715292967,9.03012101951206
2868,129,12.735299876547867,9.155699786155584
2869,129,11.102268954801653,8.510267591026878
2870,129,9.834339055620978,8.009136605956632
2871,129,-12.37682976104887,8.83856986497335
2872,129,4.479509539020765,13.328808010621506
2873,129,38.12952994675023,28.978345861244687
2874,129,55.69987851033764,35.09811089456903
2875,129,72.14341754052211,20.93715093284017
2876,129,87.30416399981728,40.050737134573495
2877,129,59.92661532688742,34.16390989903818
2878,129,53.8898252993083,35.57250848358379
2879,129,47.1010918391509,32.88763107174272
2880,129,40.05047422067703,29.4679605737675
2881,129,34.3666088184737,31.026074865767992
2882,129,30.909152643769865,20.146891695420514
2883,129,28.642960729474588,19.251067462502462
2884,129,27.224435249314062,18.68989870204346
2885,129,28.04533038002782,15.209368720508587
2886,129,30.635176114749086,16.973450003680522
2887,129,44.29383134066439,28.53742802476237
2888,129,38.611211618258864,30.21434490005496
2889,129,34.32503869633163,17.688909572515833
2890,129,28.94912713991271,19.369224779517697
2891,129,27.614064772978175,18.84155692996031
2892,129,28.652703852483807,19.25207678312698
2893,129,25.600723686387607,14.240688004427692
2894,129,22.415594324670664,12.981772157894877
2895,129,21.801304179618562,16.54409403235813
2896,129,7.742552226703447,18.556293267946202
2897,129,38.23185130954082,30.52144545024393
2898,129,52.61712284561937,28.367968311272005
2899,129,64.81956169939657,25.099036561541162
2900,129,87.40511848040705,40.114368581466344
2901,129,60.34627160787398,34.331326819894336
2902,129,54.61675576703762,30.787095877274993
2903,129,47.73460549246633,28.06512146673288
2904,129,40.23346878298889,25.10138256090918
2905,129,34.07259991434097,24.56853940102893
2906,129,30.728377944210738,20.07572309072999
2907,129,29.0136255303548,19.398183261287556
2908,129,29.09206876113879,19.42903624295467
2909,129,28.027521855226833,15.203284622313982
2910,129,25.473156060965117,16.230168298189295
2911,129,16.31170862250908,12.715137818596979
2912,129,7.04976776657279,11.975727765484265
2913,129,-7.101872887764705,11.360582627962147
2914,129,15.806782564657452,5.2961704186398375
2915,129,13.649444923023001,4.443505102308724
2916,129,13.409260609219043,4.348587787840286
2917,129,13.082236864143837,4.2193500399643105
2918,129,13.684674806358322,4.457450176578125
2919,129,-40.6674967066431,3.0614142236391784
2920,129,-17.227639777570026,9.933047644707546
2921,129,13.298230551049395,25.08654593469782
2922,129,31.006214897575546,23.11666197268551
2923,129,45.09532104664859,25.002858983632304
2924,129,57.60092752219626,27.950940973821307
2925,129,57.909315582274466,27.66276459160362
2926,129,52.10031210298682,26.622730735494482
2927,129,45.939344858733634,24.186759120597195
2928,129,37.44201845748096,26.53411958316504
2929,129,32.9991311147334,24.14437572110088
2930,129,30.25750854945908,16.084195015319448
2931,129,28.595568228066305,15.426451648007836
2932,129,27.62095490767047,15.04174791786713
2933,129,27.343591493448393,16.835058391187797
2934,129,25.946385417583485,16.42199916162071
2935,129,15.242613157511132,8.57254823012764
2936,129,5.380804043170206,11.4686959073782
2937,129,-7.523795582201509,11.382119420878869
2938,129,15.736537343050582,5.268405600596271
2939,129,14.912527984642487,4.942724549823429
2940,129,13.819845301300814,4.510853724444653
2941,129,12.482177226679935,3.982159206668374
2942,129,13.06531115743198,4.212630884906544
2943,129,2.2666610247075725,1.0908163495901493
2944,129,-30.715527908919626,5.250939980488463
2945,129,-5.150445400669945,14.001099922816822
2946,129,14.761594174655112,21.781321748624773
2947,129,32.30597101338578,20.09041365324896
2948,129,50.452469711053496,25.129192601896438
2949,129,56.869742114006364,27.251443021371585
2950,129,52.033478694564316,25.32804416676611
2951,129,43.6324526699004,22.006503538420585
2952,129,36.81741668945787,23.752012332719932
2953,129,31.291996850088044,16.494398845452483
2954,129,28.114704504075384,19.043840775319566
2955,129,26.789627382679924,18.519638785305286
2956,129,26.558936435060577,18.427706423926224
2957,129,27.75194146978749,18.899478289074324
2958,129,28.127751019585645,19.18415910446798
2959,129,34.141117599953084,22.692662790417074
2960,129,27.26120798454562,19.35953031967131
2961,129,22.719217367801637,16.90680954226093
2962,129,16.269670344101815,10.55258360914755
2963,129,13.605957311455974,9.499785292196766
2964,129,13.369499136521966,9.40633654537458
2965,129,12.548468964493464,9.081849840971357
2966,129,12.020166298286227,8.873039027531501
2967,129,13.403245052846845,9.419684372644731
2968,129,3.7621154428831294,13.27595104401466
2969,129,35.99186784534864,29.621000855586548
2970,129,48.19640091184979,32.334336760291485
2971,129,61.974984027404425,36.03851031394659
2972,129,80.81637788528062,37.525711810739935
2973,129,57.97372379393839,33.39604610382442
2974,129,51.812681186345074,29.67957267432553
2975,129,42.48230435299111,25.99094142315435
2976,129,32.78804221290543,27.8658300547186
2977,129,26.83086650767691,18.53565978272735
2978,129,25.058642898387106,17.835074314839563
2979,129,24.22093268815867,17.503698811116916
2980,129,23.851238584971124,13.552459609180437
2981,129,24.717589521111083,15.797809074479725
2982,129,26.21916241868383,16.5598838034614
2983,129,31.39508112828976,22.31730787634054
2984,129,19.375241071832527,14.132490019252097
2985,129,8.814295077106571,12.275814340075348
2986,129,-2.0911865666105034,10.477433595920504
2987,129,-10.767907238457997,9.39347627999277
2988,129,13.453130039505655,9.439417299560343
2989,129,13.54849201557984,9.477128217583491
2990,129,12.898294264581,9.220145658402862
2991,129,-11.148262197740898,15.472153712113455
2992,129,3.542682219117743,13.351276585156807
2993,129,35.125552747488406,28.088377398494437
2994,129,48.08921875271244,32.240172730155614
2995,129,59.641123348665225,33.21625310020543
2996,129,79.40880602867783,36.974905728729155
2997,129,55.78038962368981,32.531418244024685
2998,129,52.03571676215291,29.76771266822936
2999,129,43.443931041282525,25.73662184079834
3000,129,34.85260071809121,28.682224307034584
3001,129,29.197895697247123,19.470178552494957
3002,129,26.451775929694833,22.19016700832456
3003,129,25.090595956100582,17.84765985302416
3004,129,25.559961543825505,14.228313248955791
3005,129,26.81766652928097,14.725561248982908
3006,129,26.424278124343836,16.631779739568373
3007,129,30.793518048290004,22.042669490921217
3008,129,21.38829769812012,14.760066984536072
3009,129,9.294608816214467,12.220441294893638
3010,129,-1.1339480929995482,10.742677777203673
3011,129,-9.458334631311239,9.559724288989015
3012,129,-13.426845161137734,9.351286826249202
3013,129,-17.068228713912504,8.599099592591909
3014,129,-16.31877426258066,8.648465537756145
3015,129,-12.742604460718788,9.04107530337626
3016,129,1.0276548684385878,12.302390339307092
3017,129,28.80348475368105,28.835232738167022
3018,129,43.70782518551708,30.680658120583907
3019,129,58.88591279882027,22.823649407115045
3020,129,80.34541516598343,37.34648939031354
3021,129,58.25209980614171,33.509067731135666
3022,129,54.52299946652545,30.749506370884173
3023,129,45.3962457600825,30.31355511888625
3024,129,36.43708140099616,29.308668194823913
3025,129,31.08713614321318,20.21697257004028
3026,129,28.932783855802224,19.36484323348813
3027,129,26.877490864457176,18.552632838325874
3028,129,25.385020585706243,14.159134237798451
3029,129,25.647800130106702,16.165800046498536
3030,129,23.804878437477583,15.621429272051992
3031,129,27.22378142117793,17.47827451171602
3032,129,19.254010071588112,13.984195551323262
3033,129,8.773737647242319,12.20885403466535
3034,129,-3.204760887544511,10.167856300319645
3035,129,-11.769056077551243,8.836838087181276
3036,129,-15.460834134163992,8.580016464699971
3037,129,-19.01164767892499,8.006111363159635
3038,129,-18.867843708100075,7.886139647155656
3039,129,-12.5267276629355,9.080146410640562
3040,129,3.332722939461963,13.166893975597729
3041,129,36.131019129304946,28.45015673648462
3042,129,51.82029793235593,33.79395369437763
3043,129,64.93477441352319,25.218824495327954
3044,129,79.69243307698237,37.09033486922895
3045,129,55.95826941973725,31.332131733367824
3046,129,52.831112547032376,30.07970019008999
3047,129,45.66737096501472,27.247446921238875
3048,129,37.64213641037589,34.8562683928792
3049,129,31.765793126905084,27.46084975258905
3050,129,28.052242378827806,22.822426673274308
3051,129,26.514658575417737,18.408599947189103
3052,129,25.64935273232666,18.066842355880127
3053,129,26.08562969613415,15.069470996285116
3054,129,24.390438912474664,15.8413864031038
3055,129,32.767312671438845,24.11667983490271
3056,129,25.453844933578328,20.214110920979746
3057,129,13.48029348440588,13.868085072703904
3058,129,2.678616725112104,12.117161398901349
3059,129,-4.445002775826601,11.499382897362906
3060,129,-6.480757173101925,12.08109064045108
3061,129,-9.970360075179707,11.429404968946812
3062,129,-11.523146893165636,10.738326765068873
3063,129,-8.450947062703328,10.835696792325805
3064,129,1.493724544252617,12.595311241530446
3065,129,26.775457245360734,30.718418024724752
3066,129,40.90325903365122,29.6956127393189
3067,129,54.92126171487144,21.991057165295015
3068,129,73.85678544524521,34.814998913286274
3069,129,54.3419917204025,30.695211760452793
3070,129,51.3277968090613,29.485565815407877
3071,129,45.98978683767591,27.375298111970793
3072,129,38.80174936131103,30.2426188938162
3073,129,33.519516408303865,28.154119050674748
3074,129,30.008166978518215,19.790241197419686
3075,129,27.94811716693402,18.97627017556919
3076,129,26.32400957198361,14.528858105627211
3077,129,25.937847632044488,16.28029819618084
3078,129,20.70585980826001,14.421549754022468
3079,129,10.05669780600682,9.949520623918257
3080,129,0.3229722030312354,9.92838971182323
3081,129,-14.330141945132436,9.285781064916957
3082,129,-29.944852684036128,0.34663230431737896
3083,129,9.693022515194494,-0.9253342819645614
3084,129,10.0371879717025,-0.7893099321812929
3085,129,9.649900139462819,-0.9423820198972573
3086,129,9.9358956470742,-0.8293493513434058
3087,129,-47.25192615505114,3.9093825701696403
3088,129,-27.123029196671478,6.809433632135524
3089,129,1.9743997285327497,23.809239500852694
3090,129,20.966876663233215,24.130023764725998
3091,129,35.13940248803671,21.44804497574119
3092,129,49.900144902847885,25.036552747488006
3093,129,54.87563418203367,26.468251143868176
3094,129,50.413739920609935,31.66048018749724
3095,129,44.82899257511702,22.476731014935414
3096,129,38.0355903635427,26.13334533042063
3097,129,32.27950974344396,23.859069598681344
3098,129,28.346863440938343,15.328272067320803
3099,129,26.397351344015053,18.362381184840547
3100,129,25.265255768382065,14.10942954782279
3101,129,24.320936836977445,14.371759330879488
3102,129,19.789400117171784,12.805854149186944
3103,129,9.745806975208215,9.934668700468649
3104,129,0.7617729896316483,10.279634568146882
3105,129,15.534123265065702,14.067023131283
3106,129,12.454208662605936,3.97110582394709
3107,129,9.829051894459596,-0.8715771882774367
3108,129,9.306981509995705,2.727207045204406
3109,129,9.476271866973251,2.79411462289099
3110,129,10.143708696548126,-0.7472147443096807
3111,129,11.12424103356563,3.4454451126818895
3112,129,-34.3296190852323,4.691495527514553
3113,129,-8.407731360497717,13.414545392377867
3114,129,12.596645291651832,20.85213546425519
3115,129,31.52873581426052,20.800276446320034
3116,129,50.97521089796908,25.46590037535338
3117,129,56.40342474532217,27.071593815829257
3118,129,50.610568816434444,29.83733284115728
3119,129,42.03164482719119,25.811495726004082
3120,129,33.64723528245522,24.40007857138399
3121,129,27.912487058176893,15.15620219938951
3122,129,25.058767907001624,10.223563782434216
3123,129,24.54679486004141,13.826320818960573
3124,129,24.52927558537743,14.453216099518926
3125,129,24.828221758525615,14.572365689059476
3126,129,22.33016112590036,13.156455470589052
3127,129,28.69339655135117,20.038052573529715
3128,129,27.026748229453112,18.609374489001556
3129,129,21.553973761086752,16.446302091162906
3130,129,15.66539480905499,10.313782262234911
3131,129,14.591408870380684,9.889308686361412
3132,129,16.0509222259691,10.466150506643464
3133,129,15.606306722565355,10.290416203030642
3134,129,15.540153515041066,10.264275226457988
3135,129,17.24025346621666,14.741347427212977
3136,129,29.228312924755084,19.47949135384045
3137,129,41.828020820410536,32.2107363553051
3138,129,49.96607077482823,33.25684841781998
3139,129,61.02980331649721,30.109409517353296
3140,129,77.19240487385237,36.14749042064158
3141,129,57.79421885389313,33.33149944247741
3142,129,53.78141016727089,35.530270477533236
3143,129,45.02343492814332,32.067844882189014
3144,129,37.05752961168734,34.6272356621775
3145,129,30.853707904113126,20.12534716174969
3146,129,28.067900963916536,15.218780537444657
3147,129,26.92648741442405,14.76801041508691
3148,129,26.23340106961969,18.29883251922698
3149,129,26.654231635043768,16.563600065791217
3150,129,23.847587172894592,15.705709200430563
3151,129,28.539991548250654,18.160796736483803
3152,129,18.530695012420495,14.06192898434592
3153,129,21.283651635423173,12.534340591874589
3154,129,15.694537632879978,10.32530400558478
3155,129,13.313780902370675,9.384348965816772
3156,129,13.086974315336064,9.294700009706226
3157,129,12.51006803358562,9.066689440454294
3158,129,13.330872572777652,9.39110353040149
3159,129,15.622663943842763,10.296921529069861
3160,129,5.832109264255648,14.5850650186723
3161,129,39.55684845473911,30.102685056365004
3162,129,54.60345698676766,33.114847671264634
3163,129,69.55518961345363,28.39836139610946
3164,129,81.56728255188983,37.87726084209297
3165,129,55.173243468172764,31.66494562948913
3166,129,50.3081413809115,29.083765502695638
3167,129,42.88334381973552,25.514720866777584
3168,129,34.57368171896496,28.570817369580222
3169,129,28.485033010406447,19.188158479284304
3170,129,25.751551175142275,18.1082921621415
3171,129,25.192028052318072,17.887020289959636
3172,129,24.29462364591817,17.532571195255905
3173,129,25.4368184692455,16.08270480583635
3174,129,22.45300713374543,15.134820596709707
3175,129,29.549342575403482,22.946279182430402
3176,129,20.482955181085284,14.633751367793119
3177,129,9.790505062658106,12.734446655433512
3178,129,17.884272574047234,11.190794104117675
3179,129,15.786657331753329,10.361721258532159
3180,129,15.55174556398442,10.268871823582474
3181,129,14.231100666646569,9.746909241813338
3182,129,14.831868243435299,9.984379698537646
3183,129,-10.248572873265417,10.369944410438269
3184,129,6.07313237038154,14.622905907546912
3185,129,35.12879726398527,28.425888180848894
3186,129,46.70552583458437,32.06123929989037
3187,129,56.66020931440785,14.476356097978197
3188,129,73.05318870468291,34.51457822248195
3189,129,55.40238871237641,32.39085969350262
3190,129,54.55108335192066,30.76170634318645
3191,129,46.69783994182319,30.19327696363185
3192,129,36.911154205604646,29.494385982070263
3193,129,32.5194515450532,27.758858860451827
3194,129,28.64494107568982,19.251352405455314
3195,129,26.838516496552668,18.53711625925779
3196,129,25.538087346826554,14.217634004777766
3197,129,25.231024738005704,16.000872009619314
3198,129,19.43714935410351,13.980336656502589
3199,129,9.058575561626759,6.0035687398943
3200,129,-0.5369172267035149,9.977869267609949
3201,129,-13.521772555067091,10.05555494273027
3202,129,12.47500254212297,3.9793257186720044
3203,129,9.75032935348935,-0.9026952291516688
3204,129,9.240461649004272,-1.1042136560214384
3205,129,9.108795189448015,-1.156248216529701
3206,129,9.479231795450072,-1.0098426743778988
3207,129,10.54877547678995,3.218008803506852
3208,129,-34.31908691399887,4.83126869768642
3209,129,-8.056524282484324,5.4614713201063845
3210,129,12.75300830411119,21.04620847429904
3211,129,30.681911061420152,16.788458473549102
3212,129,49.07674124647454,24.766431447865692
3213,129,58.05630000044215,27.728514020482027
3214,129,52.027383291010146,29.76331144488492
3215,129,43.08671242815698,26.228484567873465
3216,129,37.12473294761354,29.579125064707945
3217,129,31.506301136763227,23.55386353039981
3218,129,28.502096737706594,19.195514557436947
3219,129,26.09443753829965,14.438178942279878
3220,129,24.487734138350202,21.413403958569837
3221,129,24.59627284886412,19.555499172419903
3222,129,19.08081685241919,17.63704419540411
3223,129,21.35506853703484,19.1463251851057
3224,129,16.265825876621008,17.533724762987724
3225,129,9.07768404805026,16.296287093580926
3226,129,16.673100437300082,18.322315070890465
3227,129,12.743137125878878,9.158822928857058
3228,129,12.794239927041817,9.179023348078474
3229,129,13.942317607915589,9.632780793845711
3230,129,15.906732185590467,10.409197553783587
3231,129,16.95462371110079,14.628489943991571
3232,129,16.657595445833117,21.27437570456395
3233,129,27.058637705375197,27.87532498144797
3234,129,42.56951941962467,30.489714969450773
3235,129,58.77273931943072,29.31987802575128
3236,129,78.27487983439185,36.5966738304398
3237,129,56.84484439547788,31.055472079167426
3238,129,53.80595254609483,34.27124018596696
3239,129,45.50328571626133,29.72054652474597
3240,129,38.97755826821469,26.506862890232163
3241,129,33.76493612575299,28.251216929878385
3242,129,29.686236566026313,19.66276362220375
3243,129,27.05454688938508,18.622861518302773
3244,129,25.523602238124997,14.212631175654158
3245,129,24.656591458189546,15.775280749679657
3246,129,18.52300267360446,13.638310224949663
3247,129,9.460839084335259,8.104991261633925
3248,129,-0.3371870592822068,10.129369895665752
3249,129,-14.534033691839475,9.762110965395367
3250,129,11.983022806454525,3.784891579966979
3251,129,9.634889314548978,2.856818365645492
3252,129,9.218298011748727,2.6921676961727163
3253,129,8.348816389918357,-1.4566105529880726
3254,129,8.072725986645434,-1.5657340822346404
3255,129,9.27622659900279,2.7150450553940315
3256,129,-33.882959580554314,4.514290557070074
3257,129,-6.60950624032397,19.473390808331555
3258,129,12.354022389034935,15.930372670355966
3259,129,27.77686574085958,15.629762183241365
3260,129,44.0402351336201,22.82447642849655
3261,129,54.1969919160738,26.21036332529655
3262,129,52.30599286029219,25.436202409745153
3263,129,47.787520040800004,24.91568256901721
3264,129,40.947532084217805,22.21148454860988
3265,129,34.87137193819695,25.51749174181432
3266,129,31.5244480721002,16.58462722971515
3267,129,29.12512409185353,15.636074413423843
3268,129,27.864542026951934,15.137471752966297
3269,129,27.390800269927574,15.586927173588549
3270,129,19.68695168796353,14.12404696760936
3271,129,8.815330005785881,9.858376295935026
3272,129,-0.5186766585115743,10.196285444454269
3273,129,15.22155904758854,10.138325890145286
3274,129,12.415796864369334,3.955896835939967
3275,129,9.295740666581231,2.722737092631363
3276,129,8.06459483051819,2.2361392985791015
3277,129,7.937271763036047,2.1858185228317564
3278,129,8.049151419450729,2.230039360300761
3279,129,8.968102378904941,2.593243329192015
3280,129,-35.18962664856795,1.6494391735732816
3281,129,-8.15550413109234,5.574612944004986
3282,129,10.834896980345787,15.980871909381692
3283,129,28.80079919136974,25.051733044818146
3284,129,47.00089654110662,23.996908207794903
3285,129,56.71810315102199,27.203119777533832
3286,129,53.894032563468755,31.769427047779146
3287,129,44.766190932320924,28.16063791802042
3288,129,36.822727759245666,23.752792832697363
3289,129,30.52441250838217,16.18879256247701
3290,129,26.935689462065483,14.770754944256211
3291,129,25.50664345221465,14.205955032874941
3292,129,25.055268799002494,14.027431066167686
3293,129,25.833945910051725,14.337463677296109
3294,129,20.479353486726303,12.492701091517343
3295,129,26.41961952573979,17.337747639175372
3296,129,18.503115346602094,17.80549439684726
3297,129,7.956907507642496,12.25639132798376
3298,129,14.964683057570316,10.036813221993665
3299,129,13.17609598131597,9.329910291680457
3300,129,14.164453049691272,9.72054884707458
3301,129,14.600554542957333,9.892920122221225
3302,129,17.985968419901187,11.230986586078812
3303,129,18.661097708869534,11.497843397957237
3304,129,8.250345741268706,15.462764488289292
3305,129,38.800036641479906,31.101652792240568
3306,129,50.284053531577335,33.481334840546914
3307,129,60.86024244453664,35.84907265369208
3308,129,77.04664835029045,36.13180475714294
3309,129,57.37312315737514,33.17129935755301
3310,129,54.98289733460815,36.006833888293706
3311,129,47.32518975156874,27.905655313814503
3312,129,39.061876592251245,29.07893265987901
3313,129,33.26270478781973,33.12861410762989
3314,129,29.664783568438992,19.656150555692857
3315,129,27.710691308804826,18.884219093943972
3316,129,27.52818024893189,18.812218995909685
3317,129,28.319873490707415,17.22406243918902
3318,129,23.714913128779934,15.733396456498767
3319,129,31.876798846692424,24.0248264976336
3320,129,20.10652221863746,14.838470287549637
3321,129,8.311183914209208,12.589440407328222
3322,129,-3.4182570654024413,10.472598655263724
3323,129,-12.534554984422074,9.27093525195126
3324,129,-17.93280258654789,14.293048908127169
3325,129,-20.167277944731165,13.889456387464108
3326,129,-18.03807733420998,14.322619165892574
3327,129,-11.042305573882471,10.12878069860215
3328,129,6.413532340996452,14.84837133680562
3329,129,38.91273503230958,29.9181849285325
3330,129,51.043462563122034,33.69988674280354
3331,129,64.99081050692045,26.685522789170587
3332,129,77.5802393173225,36.33892374196103
3333,129,58.50823332874722,33.62441627277826
3334,129,56.30221915352479,36.52852680161185
3335,129,47.659813531170045,28.038232246118753
3336,129,38.638828025872094,27.64277491173421
3337,129,31.723236361460792,27.445732853711224
3338,129,29.337080224176916,19.526815694258293
3339,129,27.775403260996313,18.90932343824956
3340,129,26.54761568517916,18.42394137493749
3341,129,26.666712323462292,16.570972165611778
3342,129,21.20290966645866,14.709038480636266
3343,129,27.21172995690352,15.776295945603678
3344,129,16.93011948314471,13.374528475050072
3345,129,8.250896716746393,12.293135146238253
3346,129,-2.780351578247131,10.611406040203041
3347,129,6.667477382598374,17.65735021114477
3348,129,15.867654241243144,10.393741002752
3349,129,15.264777192509849,10.155468980493657
3350,129,-12.154622952567529,16.30600181730988
3351,129,-10.43057871546116,10.26859763370384
3352,129,5.997013970260201,14.63139591654445
3353,129,39.60964603757039,30.274076906681298
3354,129,50.033559262497754,33.47478518081805
3355,129,58.92234137847202,23.078237199025224
3356,129,77.01172940250478,36.118100353156294
3357,129,59.27499386361612,33.9248503314818
3358,129,57.31384662990624,36.928073512709894
3359,129,48.99276645936812,28.56364265954381
3360,129,40.35610817029634,24.514935447618445
3361,129,32.87471262165192,25.363018440545826
3362,129,29.155960486451583,19.454820757762427
3363,129,26.790653993165105,18.51883759658493
3364,129,26.347693801579197,18.344126572136293
3365,129,25.91635096411332,18.17743416498148
3366,129,23.20661201918095,14.268546776214842
3367,129,30.020398123298484,23.24642314131211
3368,129,19.32111162949951,14.394009613671075
3369,129,6.330527069260905,11.75120134173466
3370,129,-5.8276008952568015,9.6798398033079
3371,129,12.528417265172287,9.073949378293529
3372,129,14.987441844256544,10.04585100908348
3373,129,22.536171893252188,13.029407477772027
3374,129,23.557370997244476,13.433035829681746
3375,129,8.250930908054844,18.515836318872818
3376,129,2.468620126373944,13.15634372273232
3377,129,25.24882149725538,23.818952627376568
3378,129,35.417570863882254,26.316708795831307
3379,129,45.54495831508309,29.83314794148057
3380,129,65.32766828074126,36.56623611545279
3381,129,52.310981852734805,31.16735255817546
3382,129,53.46934732484049,31.604043771703935
3383,129,46.964589350508454,29.03073782261569
3384,129,36.96418507247873,23.809306972064057
3385,129,31.954760801128078,21.829777944827793
3386,129,27.612437649988276,18.844515015612583
3387,129,26.110285270257993,14.446309694891287
3388,129,24.77748874254948,13.91904104491768
3389,129,24.27925854201718,13.724150746040532
3390,129,18.787804749757054,12.502484762341606
3391,129,24.679784642419765,16.70674874491161
3392,129,18.70470845311123,14.109202825585983
3393,129,21.571501570066044,12.648090888774945
3394,129,18.511620809043617,11.438703470747217
3395,129,16.433634792116457,10.61741895245195
3396,129,17.052537125150202,10.862035376911754
3397,129,19.386229693699075,11.784411535975053
3398,129,23.637840413660072,17.26994746338412
3399,129,22.639242713135776,16.875256643661533
3400,129,32.30196854378281,32.74390819734719
3401,129,40.03693966903782,33.08412866235066
3402,129,50.98334222854489,33.95711634385626
3403,129,61.61536544697338,30.581581138841532
3404,129,70.11326772735205,33.42368459097117
3405,129,52.615141787295094,25.586098782407586
3406,129,51.514386383013864,30.828771142705826
3407,129,44.89627709924848,29.481025096484938
3408,129,37.78467698054256,26.03581022996155
3409,129,32.7479775853603,27.850012650874874
3410,129,29.423147784695235,19.558841450065817
3411,129,27.687070686204518,18.87290467475015
3412,129,27.141033606896514,18.65761302614781
3413,129,25.35085267010151,16.051400429401
3414,129,18.754336360055856,13.806870910252268
3415,129,9.977806045119774,6.672668556389911
3416,129,-0.3205071366867984,10.559629150940593
3417,129,-14.067900864529637,10.473621102962415
3418,129,-30.256164770101847,4.691500785963139
3419,129,-44.65034601553863,0.6146346015574646
3420,129,11.301250665192608,-0.28970479203475635
3421,129,10.487911382536074,-0.6111599140043292
3422,129,9.717088197095213,-0.9158193866007627
3423,129,-49.45654701689689,0.329958503355831
3424,129,-34.488658008556605,4.541843483537187
3425,129,-8.832795584641007,16.97912317663515
3426,129,9.152482750128254,14.952901162688871
3427,129,23.709430348907045,23.14571620109989
3428,129,39.51178885310785,21.128028133814137
3429,129,49.69451499219846,24.436177575843384
3430,129,49.92083345067999,24.496354464940197
3431,129,46.30523191390273,25.600160396438646
3432,129,39.871527845717566,21.787581824683528
3433,129,34.28342426906017,19.57821537561559
3434,129,30.061047380020078,16.006815999329188
3435,129,26.92679802554704,14.768185735108318
3436,129,25.696315897572987,14.281727061041382
3437,129,25.581685983039947,14.240705844869538
3438,129,17.986672688425966,7.837934823454015
3439,129,6.893234770763479,9.385862599884646
3440,129,-3.005548793257151,9.661969838120891
3441,129,15.5765272303785,10.278701328488529
3442,129,13.58238912502685,4.4170364482948274
3443,129,12.492774734414736,3.9863793452927805
3444,129,12.181021918770352,3.8631655678725343
3445,129,-55.76376847839815,1.8263888613074768
3446,129,-55.46263740809837,1.4728097152686848
3447,129,-49.23906269264122,3.889265593979261
3448,129,-33.97257191538561,2.988406508885171
3449,129,-4.974266458124211,7.212043446281281
3450,129,11.888839509490213,23.075436829845806
3451,129,25.62624928994334,18.348336136094392
3452,129,42.56647396733742,22.33958971783448
3453,129,53.50853527868193,25.93988346448359
3454,129,52.50470761407661,25.513631552070034
3455,129,45.003760977604834,23.81672503837593
3456,129,39.647175625216136,21.69921379665103
3457,129,33.861955340044716,18.777685263716958
3458,129,30.198427168221077,16.060974464212364
3459,129,27.62940799692082,15.045720660251584
3460,129,26.450904955599043,14.579921489555815
3461,129,25.907451769150658,14.370684489520162
3462,129,18.091871572686713,15.525066096657314
3463,129,7.597968528695098,9.767734643692453
3464,129,15.2269451255303,10.140495187187465
3465,129,16.505403910659634,10.64578161906905
3466,129,14.672186542465216,1.6767915741173982
3467,129,14.104047790881701,4.623191537918644
3468,129,14.363340118988155,4.72565591696488
3469,129,13.281426948300146,4.298043883381644
3470,129,12.85492469697569,4.129470014376496
3471,129,13.418722966023534,4.352296111529357
3472,129,16.84445822258257,5.706275404027687
3473,129,-3.230974536408193,11.315614452763594
3474,129,14.075205252008228,22.922241307150223
3475,129,28.817269322777673,25.465308485363494
3476,129,44.014492323764365,22.96335848331838
3477,129,53.80249425654138,26.057860945976888
3478,129,53.40685525135708,25.870483259064013
3479,129,45.451977245579364,27.165063877004588
3480,129,39.821964888468344,27.47650211954781
3481,129,32.90726994429705,27.913743114970156
3482,129,29.586720651491373,19.624912322973575
3483,129,27.809493814448693,18.92247980407987
3484,129,27.105111280527282,18.645233334709292
3485,129,27.37395182180552,16.85195160519025
3486,129,22.247472011656054,12.065623787670164
3487,129,30.23348344434601,17.777638623793585
3488,129,17.7244110699174,17.890074329208122
3489,129,5.154504170012064,15.385034894849369
3490,129,13.96488207020219,9.641663701876787
3491,129,11.132066421489172,8.522031952427097
3492,129,12.221715859478122,8.952695671957565
3493,129,11.899235918494956,8.825236342695387
3494,129,12.568872859992975,9.08990404015741
3495,129,16.887617887599237,10.79682085258176
3496,129,8.756302472541332,15.926739763833096
3497,129,39.92237613508731,31.74214653312271
3498,129,53.13744181227087,34.68158242460036
3499,129,63.97735884711497,25.119398744725324
3500,129,75.72366581304796,32.470840834586525
3501,129,55.92491616477091,30.70447807874636
3502,129,55.952890331885996,30.682281474885627
3503,129,46.453577601982154,27.56113957621674
3504,129,37.355783423225986,23.964734569890588
3505,129,32.19505749769175,32.705688360465096
3506,129,28.43993788256094,19.171996424761826
3507,129,26.580487876256942,18.43729788504751
3508,129,26.131001024500613,22.064125712373343
3509,129,26.062607519359847,22.04201722374815
3510,129,21.75367701437575,17.530350452021725
3511,129,26.859201079717455,21.436519375970466
3512,129,16.32726897871528,17.09888807819662
3513,129,5.630326160226462,15.269995000625169
3514,129,-5.107027380255646,13.73013364596774
3515,129,-11.78635602273731,13.224889799952754
3516,129,15.46237867438266,14.03868861505225
3517,129,15.282934577002028,10.162633867958755
3518,129,-15.119531915879891,9.56919462604333
3519,129,-13.215138019299077,15.020461609124276
3520,129,0.0001319872076077644,12.416921895737051
3521,129,29.46630250577609,27.699808611332127
3522,129,37.744759950090355,28.785717861485924
3523,129,46.70011925544609,21.52752763643726
3524,129,62.53492932254462,35.508921669601925
3525,129,50.66161202015756,30.525318403870344
3526,129,51.90843391954936,29.71805568279398
3527,129,43.67013803113956,29.631202747639527
3528,129,37.05902588980703,34.62734071462147
3529,129,31.87449506454754,27.5044796770333
3530,129,29.07247322266876,19.421223549290914
3531,129,26.228339290689682,14.491361533456068
3532,129,26.257318833472542,18.307943048200798
3533,129,25.313722524286487,14.135658345573145
3534,129,19.61114372991496,8.476467914781168
3535,129,24.75511054133861,16.814812536442908
3536,129,14.38341089711248,8.793438290504572
3537,129,3.256326414629751,10.747427750571761
3538,129,-7.986716867179222,9.065134496213192
3539,129,-14.119476328999014,8.682770388443688
3540,129,-16.322900797501873,8.911107277522268
3541,129,-18.875373862258293,8.57226949229524
3542,129,-18.3502378256159,14.242416365984104
3543,129,-15.112929960935883,8.513374731729474
3544,129,-4.40301346771077,10.619880096605105
3545,129,18.54277514829228,23.881444547253455
3546,129,33.538877118318375,25.74646714215617
3547,129,45.31878928039224,29.851158747058424
3548,129,61.37121347376551,26.159457474103874
3549,129,51.18531440893604,30.722562270371423
3550,129,50.215010056856414,29.04882849126729
3551,129,44.14758950350256,26.649842014094762
3552,129,36.0725168776736,22.823545432828016
3553,129,30.96126220381684,20.168942511355546
3554,129,28.422189465397764,19.165174970993245
3555,129,27.046667861066688,18.621393690626878
3556,129,26.227548254098345,22.102538140919844
3557,129,25.809651295003455,21.940264747838846
3558,129,20.59379439031883,12.642458652086363
3559,129,27.234576979302094,19.705170663096002
3560,129,19.77613847605053,18.485221597547245
3561,129,11.468469509543944,17.536038609334668
3562,129,1.8129165131279268,12.49068465186428
3563,129,9.260888843006299,8.186515770632086
3564,129,16.931217828700774,10.814110268814888
3565,129,14.106404710239605,9.697622463235525
3566,129,13.346996475643746,13.202599846139002
3567,129,15.11824350625407,10.097564292703357
3568,129,0.5571430116113607,16.557092740610262
3569,129,26.707219675690787,25.49502166226212
3570,129,39.717494800680655,29.706281632765624
3571,129,51.46273650947314,26.691295122233676
3572,129,66.3629383450156,31.349487404065442
3573,129,52.64157710839301,25.6049599331281
3574,129,51.758161501478824,30.925285301941525
3575,129,45.685136307480114,27.256229757987263
3576,129,37.497959900027354,29.728059279840053
3577,129,32.712941031607656,27.835888659125064
3578,129,29.137918338578984,19.446327814907526
3579,129,26.560159031014052,18.427401628242706
3580,129,25.768328429510767,14.310190179839482
3581,129,25.074400895571834,15.944187794838273
3582,129,18.895075220194347,13.924504291878137
3583,129,11.145014008726195,7.33885486914848
3584,129,1.5712743970863197,11.657704769081441
3585,129,-11.668232641093512,11.896733185395549
3586,129,17.36426800622859,5.911791846986413
3587,129,15.194434049066508,5.054179586556013
3588,129,14.536979117948102,4.794329738882444
3589,129,13.944147830274755,4.559998512855764
3590,129,11.825305254973383,3.72254459887349
3591,129,11.204055410054703,3.476996982182258
3592,129,-35.63840387146644,1.7494612381029844
3593,129,-10.790577355618558,4.748939982386614
3594,129,8.343824862286963,11.289988348045787
3595,129,23.89694866937686,23.506131671274485
3596,129,38.28790280919253,20.745961216916005
3597,129,49.809820402651916,24.485338921099824
3598,129,51.083471672416614,24.95668589524129
3599,129,46.264733960839635,23.047493648590212
3600,129,39.51852326066396,21.648259860899604
3601,129,33.57381570604168,24.371595191012233
3602,129,29.885338867868427,15.936841451189972
3603,129,26.8086512482571,14.721319833815027
3604,129,25.022791395741038,14.01535768500219
3605,129,24.35079433785625,14.390763856462717
3606,129,17.594328255258695,11.558649036094572
3607,129,7.6549730181284525,9.893494460538585
3608,129,-2.3895771750138683,10.253682331496655
3609,129,16.439476359016936,10.619721509941108
3610,129,14.856761321613233,4.920681930034818
3611,129,15.582476424852832,5.207496736488973
3612,129,16.443303644913087,5.54773450800274
3613,129,15.041920983147772,4.993846006923873
3614,129,14.922719379022286,4.946742988449979
3615,129,15.52557172851332,5.18501418538118
3616,129,-32.508011342031736,6.72249287602777
3617,129,-3.681431229006049,8.398400429776627
3618,129,14.397850449266391,24.569214077437934
3619,129,28.046644086880622,16.430492241648853
3620,129,44.1033978174859,19.87940085670874
3621,129,55.98347005575954,26.92174446331797
3622,129,53.76036345489849,26.010555491611
3623,129,44.568396865536876,26.81621845364932
3624,129,36.977143621936825,25.7168021517586
3625,129,31.524605028821096,16.58572782676744
3626,129,28.40021591727876,15.350461150760474
3627,129,26.70989185233086,14.683890940320927
3628,129,26.48955567990363,15.230356140972345
3629,129,26.02624717143004,18.221457220442687
3630,129,19.029468125070892,15.847670032909038
3631,129,25.11403451984323,18.903847520024915
3632,129,22.679932501719126,16.891329261795928
3633,129,18.539171889622562,15.254739589354154
3634,129,15.455592221779057,10.230871772931417
3635,129,12.842501678075935,9.198077509398809
3636,129,12.862136507906797,9.205828806274098
3637,129,12.041434490178304,8.881459162846859
3638,129,11.232148402803121,8.561580803738012
3639,129,12.403049629419183,9.024364098819763
3640,129,22.052815172694196,16.643434443080544
3641,129,32.0500528227442,33.28055477938225
3642,129,42.73344025707138,30.85698360198599
3643,129,52.998632360483356,32.97041221727796
3644,129,71.93122763827486,34.19427733474247
3645,129,55.416008065089564,32.409332385610625
3646,129,55.384842725968106,32.36004533453723
3647,129,48.78303041191728,28.48108155113305
3648,129,37.77817637751307,27.93608302693717
3649,129,32.43617969005197,27.725902040711592
3650,129,29.05920544749685,23.220519378232144
3651,129,26.799264201825544,22.32781093628063
3652,129,26.736269964304114,18.497920504313452
3653,129,26.626120052073432,15.289255065113462
3654,129,21.086757160946433,14.836079693588287
3655,129,26.609726089338427,17.686196421323
3656,129,14.641564111760152,12.99485399648937
3657,129,2.74917582958234,10.803781614571175
3658,129,-9.48912450595385,8.51459409693351
3659,129,-18.116518658795822,7.450144026936248
3660,129,-20.019616562342858,8.11659456989581
3661,129,-20.878930838704733,13.990828199377242
3662,129,-19.33855179000793,14.246540905053516
3663,129,-13.552611632378698,9.629947496283283
3664,129,0.6905737546140656,13.058737444438288
3665,129,29.2343666051611,29.6781537520081
3666,129,45.375075028529,30.54890947864576
3667,129,57.879971898742724,25.996634174991836
3668,129,72.54051778083503,24.277061920668242
3669,129,53.145328050659636,31.513133360447753
3670,129,53.318335944739225,30.274531927978444
3671,129,44.72004586595196,26.876270453597833
3672,129,36.737470435534824,29.42703856012942
3673,129,31.23335838100616,20.275519355858194
3674,129,28.08683569992937,15.22690095526251
3675,129,26.02251415495044,14.411650951879022
3676,129,25.706030502867684,18.0906754554917
3677,129,25.535892456747533,16.127827818665658
3678,129,19.717716703017864,12.966251736497851
3679,129,24.76427926967878,14.957831420617081
3680,129,15.681744499950412,13.134717107738144
3681,129,13.21232838170394,16.77946817804826
3682,129,14.732021035298636,9.944908899706295
3683,129,14.339643162953886,9.789817642961584
3684,129,17.655789233732232,11.100498742094114
3685,129,16.66290410392429,10.70805426799526
3686,129,15.082494788907386,10.083400202947544
3687,129,14.707163337449202,9.935051900891079
3688,129,0.15085120561070253,12.777748594163072
3689,129,25.300955415309467,24.399733268644102
3690,129,34.53283523282569,27.713090042686034
3691,129,45.77930908159289,24.44854515633395
3692,129,62.73682498339767,35.6289188751443
3693,129,54.77541650901691,32.16009335593668
3694,129,56.16613538840115,32.67244121292258
3695,129,47.28453384869569,27.889389858251267
3696,129,39.42111471493542,30.487969465699226
3697,129,33.929004440216126,28.317149623466953
3698,129,30.763243219582904,20.090232214859324
3699,129,29.348158527632396,19.53029078387521
3700,129,28.832063072078473,19.326032067087883
3701,129,27.28281605800287,16.81795164546568
3702,129,19.884920317450483,14.334711835524882
3703,129,24.486486154999486,16.75563855189013
3704,129,15.322057304799241,13.677594718134927
3705,129,4.1371806898349295,11.188004390948285
3706,129,-7.516744754980264,9.34559055647443
3707,129,-14.345818520030363,8.630603647121948
3708,129,-16.309194644802627,8.948506366238785
3709,129,-18.19795744373448,8.952008935139625
3710,129,-19.10137564627551,8.425337797296011
3711,129,-15.986970991317461,8.424051371315233
3712,129,-4.462487393945668,10.846167629212491
3713,129,18.780525749055922,24.18346547037714
3714,129,34.5184401573968,26.307970993961185
3715,129,46.53127989004402,30.434269062204486
3716,129,64.1963082267113,30.482091014988036
3717,129,55.37166657793235,32.379490870352626
3718,129,57.292532623105686,31.846179389163343
3719,129,50.94422447879143,29.336517589931944
3720,129,41.45250925498195,28.754960946829268
3721,129,35.16293430558826,28.805945143096032
3722,129,30.58632894473734,20.020540585218043
3723,129,28.232136161413347,19.089343086486604
3724,129,26.783819601441994,22.322034152295497
3725,129,26.779139938806928,15.348025607692401
3726,129,20.863957982432566,14.68546648698678
3727,129,28.441307859326415,18.317211024587664
3728,129,19.80295950417349,14.740128400091562
3729,129,8.218665401610647,12.498316107622625
3730,129,-3.449970455913942,10.458510000493966
3731,129,-13.155953113559328,8.779486589347666
3732,129,-16.554042770467735,14.443354334792835
3733,129,-19.134520649147944,14.076030890516423
3734,129,-18.334243818628583,14.350179071465552
3735,129,-14.623648104755638,9.10350082357595
3736,129,-3.0212180549510914,11.56692268955533
3737,129,21.573729160242582,23.67145405972947
3738,129,33.441660072253796,27.400518701815894
3739,129,45.76570204411501,24.547831138053443
3740,129,63.16940853307601,30.127153525833375
3741,129,53.05382422089872,25.774629482061822
3742,129,52.49357708358799,31.216838631745304
3743,129,47.223753838240235,27.865162284116124
3744,129,40.79154174601018,27.223936589841408
3745,129,35.192338965644055,25.010568988127726
3746,129,31.046835194330324,20.201299430849623
3747,129,28.65053373023596,19.253670820584254
3748,129,27.591428546145657,18.835836589671402
3749,129,25.73933700882819,14.305142357952247
3750,129,18.16596148681826,13.6679512214629
3751,129,9.428620031321277,6.736134054889919
3752,129,-0.28847470921894436,11.009542775482782
3753,129,17.96846267092689,11.2240257355982
3754,129,14.623053148505482,4.828305538193451
3755,129,12.394570528892256,3.9475229916313967
3756,129,12.62850448931796,4.03998785171556
3757,129,11.299228308340293,3.5146156990635187
3758,129,10.296289653886625,3.1182169348566227
3759,129,10.39239274262993,3.156194813223054
3760,129,-36.849368546567504,1.7759799563895573
3761,129,-11.855394545444875,7.867674809667928
3762,129,7.362799118297902,15.051944376216994
3763,129,23.266936473300305,23.48772975632207
3764,129,39.193989501152046,21.19597517632898
3765,129,49.93555312332521,24.539378707340937
3766,129,50.44683773943537,24.704546263172574
3767,129,45.28252934186233,22.65911046438244
3768,129,38.90244111162566,21.405083117256
3769,129,34.133114503856866,28.398531765900522
3770,129,30.913792903979665,16.34369354271107
3771,129,28.19450773353138,15.268818016455114
3772,129,26.853037010462266,14.738517033755034
3773,129,25.539894419347675,14.227834378198336
3774,129,17.620744569683154,7.794020125956195
3775,129,7.712789256721919,9.972530977759163
3776,129,-3.3406331782183107,9.933338296933197
3777,129,-17.41428408068535,9.817961792262386
3778,129,-33.67750492851551,1.1958366459700018
3779,129,-45.53487881048807,1.7754023487625628
3780,129,12.571506840758639,4.017486742013652
3781,129,11.73699268750611,3.6876433479177324
3782,129,12.66480026089506,4.054350801665727
3783,129,13.588551540944128,4.419460251951898
3784,129,-36.370234761805285,5.614324914267464
3785,129,-10.696117187063315,6.069282983056708
3786,129,8.159084591084554,16.10446392301839
3787,129,26.016326148309066,19.027288680743126
3788,129,42.53459671538762,26.32660535297108
3789,129,54.79288037892849,30.261854796617456
3790,129,53.48237909646058,29.7065218650947
3791,129,43.17234160564082,25.6304370003661
3792,129,35.77976858590171,21.438714228645228
3793,129,30.45246125472889,16.16218974804235
3794,129,27.649407514717062,15.054172461431984
3795,129,25.932787757918852,14.375669695947078
3796,129,25.381715696649486,14.157716152422273
3797,129,25.4310162079035,17.98647203450413
3798,129,19.937568058777,16.225418909335627
3799,129,27.07659252560696,24.65733639160631
3800,129,25.203493959644163,17.88867400910133
3801,129,20.203914981386628,15.912669198677706
3802,129,17.217578315300187,10.927236660512264
3803,129,15.453083442421246,14.034961197279243
3804,129,13.475730735659496,9.44833474153337
3805,129,11.400555656114808,8.628158672648558
3806,129,11.424876088938552,8.637764976636495
3807,129,12.276114645427437,8.974202263569438
3808,129,20.918058648626282,16.194952983165717
3809,129,27.675127690020616,31.697972088411227
3810,129,39.8906481862557,28.597343341474755
3811,129,52.09953178724641,32.706835496786354
3812,129,71.34866216602187,37.173355693614795
3813,129,55.43281861118743,23.544872030720345
3814,129,55.98447091534331,26.889529255997953
3815,129,46.42535109788509,26.915514189700904
3816,129,39.06159779807372,24.637711322584856
3817,129,33.89074228704231,29.569400890942752
3818,129,31.37495914967342,16.525890327218715
3819,129,29.58795862139224,19.625488256747698
3820,129,28.3425753960983,15.32689982626113
3821,129,27.43900391675541,18.782486413355965
3822,129,21.01640040654629,12.927184078413232
3823,129,24.906104080728575,15.129336360967113
3824,129,19.445453923362276,18.58872858947237
3825,129,16.089964147061544,10.481574578158494
3826,129,11.620362586815702,8.715022699271342
3827,129,9.177080038269947,7.7493446309759015
3828,129,8.768089187719763,7.587701431489957
3829,129,8.495649417949947,7.480024723264975
3830,129,8.845439148695288,7.61827973329422
3831,129,9.84132523397474,8.011900826579623
3832,129,-5.275340896610303,10.841864513200804
3833,129,21.6392791672006,26.816228526249944
3834,129,36.39233185895502,28.38786738328336
3835,129,48.372772232615546,25.49514845243095
3836,129,65.48260944685691,28.49727638400371
3837,129,52.85175108575141,29.50096999103953
3838,129,52.121938385636554,29.16684071298277
3839,129,45.64140689480356,27.240071955094848
3840,129,36.45009035593172,26.775966693973942
3841,129,31.985112507421643,27.54785622356293
3842,129,29.244447417913822,23.29504947519639
3843,129,28.346893186010025,22.939438540410862
3844,129,27.776720631986606,22.713306684078123
3845,129,27.124916866859692,18.658242320176402
3846,129,19.218181826865187,8.344479597361355
3847,129,23.807438061572316,15.227753996684232
3848,129,15.46911181552274,13.061825121091015
3849,129,4.9448712574721725,11.321888650236255
3850,129,-5.966096359437401,9.691332118917936
3851,129,-12.947081403481276,8.969200403435558
3852,129,-13.450972790072457,10.038609157431086
3853,129,-16.036455809255557,9.687983510517808
3854,129,-16.420857423243895,9.333751502828052
3855,129,-13.676208401086743,9.520887213869612
3856,129,-0.7251589443028061,12.517847623840161
3857,129,24.357792328429884,24.129074674091626
3858,129,34.72454920117563,26.6144815100032
3859,129,49.071059709627164,31.533070157849597
3860,129,65.8874282645876,36.90560101819216
3861,129,55.37762815058112,32.400589851916045
3862,129,56.79551435456892,32.91981189763825
3863,129,49.18180639372316,29.907423958902154
3864,129,40.41169025360103,28.342567363872973
3865,129,34.615085673077864,28.58787097738695
3866,129,30.537914891991257,20.00138639463691
3867,129,29.45895146554578,15.76855257908642
3868,129,28.502755421125624,19.196119866649063
3869,129,26.888536534711903,15.394267939830169
3870,129,18.427682556795723,13.773672413522277
3871,129,22.600530681385344,14.121478489633752
3872,129,12.888857583288393,12.090616771919763
3873,129,1.5802276698018702,10.166234927166979
3874,129,-9.422043016181492,8.532788361578856
3875,129,10.533344513372677,8.285412139591253
3876,129,11.482139917992518,8.660409980112092
3877,129,10.846388648195482,8.409141808794674
3878,129,9.604774082444422,7.918406435246071
3879,129,-16.462690951970615,13.944754140557803
3880,129,-4.894102982117232,10.709583307053101
3881,129,19.02815915796102,25.613203212081398
3882,129,34.0267295952143,27.45214628116603
3883,129,45.99041645526397,18.870741577819608
3884,129,66.07495065714897,24.274651166788676
3885,129,57.58236559904473,33.25725736532844
3886,129,57.602372149824056,31.968662656064552
3887,129,49.945632469439225,28.94153423462491
3888,129,40.802715235568776,31.03506856141601
3889,129,33.77775465163546,28.258426208183757
3890,129,30.898913347082278,20.143348591997285
3891,129,28.560904713433256,19.219031621306545
3892,129,26.741225104835564,18.49984022867614
3893,129,25.889300924572535,16.26546707629784
3894,129,19.169867080830404,14.029277622842525
3895,129,25.312795616374117,15.827145256261662
3896,129,18.461270859156386,14.220083864090052
3897,129,15.612499669070134,17.767064068076838
3898,129,15.538081729849774,10.263461583563846
3899,129,12.67225423914109,9.130782510960293
3900,129,12.27943545768323,8.975531441064966
3901,129,10.969677376887644,8.457860752366106
3902,129,12.09031561731333,8.900763974727768
3903,129,13.47923760260028,9.449716249455005
3904,129,-1.9372077100031637,11.965675552791565
3905,129,22.49111288308009,24.056303345975262
3906,129,33.28125599073795,27.377941343361343
3907,129,47.09113527851244,25.124876800454267
3908,129,65.41554023160113,31.04019058871182
3909,129,54.9477826212999,32.236110552544375
3910,129,57.03806536791522,31.74629891875662
3911,129,51.42654238020816,32.0627141880447
3912,129,43.10068083686497,28.771049277698044
3913,129,36.04559628986076,25.348051111492804
3914,129,32.5505993212562,27.771668626203468
3915,129,29.652297849902975,15.845129741750306
3916,129,28.593395334481297,15.426595800134654
3917,129,25.95830543988642,15.026221621284593
3918,129,15.965619572913258,12.81078176740979
3919,129,6.732038871107349,7.60368300618051
3920,129,-4.360089037779458,9.411142595610922
3921,129,-18.468482946172426,9.208202594750617
3922,129,-34.88399118864105,0.07200542171658786
3923,129,8.820458149968847,-1.2702179682468202
3924,129,8.620444441904073,-1.3492607292840102
3925,129,8.487666302028352,-1.401734859425471
3926,129,9.444959939754582,-1.0233854059418566
3927,129,-52.011600782024495,0.22420891085531483
3928,129,-37.82667069333506,4.145091000697634
3929,129,-12.232357947853046,4.650220240112068
3930,129,8.222363403176391,17.354077502256057
3931,129,24.817298155900392,24.203103073874082
3932,129,42.33490542659851,22.490187110325625
3933,129,52.78736519041283,25.66888526324072
3934,129,53.27635840001926,29.624884682633823
3935,129,46.91371671118938,27.109294935672754
3936,129,39.47490418157529,28.608334511127847
3937,129,34.13270060162566,23.325561668121228
3938,129,30.277318083498205,19.897995274386822
3939,129,28.081830281165733,19.66383462692922
3940,129,27.223455135460096,20.592689085881048
3941,129,26.16822418847853,15.110731692002936
3942,129,14.788748304744248,12.395000389386249
3943,129,5.392879123763739,9.085390855570187
3944,129,10.746168387574306,7.049650981680964
3945,129,16.641764776871238,10.699703681617368
3946,129,15.634171662104347,5.227968239604697
3947,129,13.582208469747393,4.416952644274325
3948,129,13.034508352513685,4.200468069256922
3949,129,12.44428849570911,3.9671823651153213
3950,129,11.696902896240202,3.671797455817596
3951,129,13.250968803935892,4.286021663024545
3952,129,-35.33454289811178,2.972078420289977
3953,129,-10.957949963038505,5.914615743438142
3954,129,7.7488746392924135,12.797510747428465
3955,129,25.154928530044472,24.481679347443247
3956,129,43.049290686651865,22.77394407814429
3957,129,56.114313237693445,26.983962532539568
3958,129,57.349776329825296,31.23434531914619
3959,129,48.28258329949381,26.38088093185294
3960,129,38.334096142908614,22.447457285120812
3961,129,33.7401247447951,23.167734546228296
3962,129,31.28410097268536,20.29507842167496
3963,129,28.85209800931704,15.528128596001501
3964,129,28.670083707135586,15.455815434937652
3965,129,28.051573379028415,15.850836766103251
3966,129,23.04553901108991,13.656157796413979
3967,129,29.9490116779223,24.011661595737973
3968,129,20.49587784980156,15.12646831993324
3969,129,16.736918105765998,18.309448043888036
3970,129,17.380148391298423,10.991507941470024
3971,129,15.344240901363381,10.18683499410324
3972,129,13.696575204246608,9.535620679390467
3973,129,11.921768285527657,8.834155331777914
3974,129,11.610556405795835,8.71115893799688
3975,129,12.411145101503983,9.027568228832408
3976,129,-2.222401397382223,11.833160748250782
3977,129,26.08075005749444,25.339688083094966
3978,129,39.00491203651235,28.2535540537036
3979,129,51.35880648909408,32.444538928425835
3980,129,68.75720330332602,32.99707185204334
3981,129,58.51071676572961,33.64466327789746
3982,129,59.25161579815108,33.88928821715144
3983,129,50.468959019580154,30.41678854750678
3984,129,41.487743287134506,30.035860473918678
3985,129,36.32333584480496,26.726436511661117
3986,129,32.16169287971865,32.69210236084832
3987,129,29.175537093976413,19.46270692752504
3988,129,28.466771655309643,19.181799696769367
3989,129,27.533005828895398,15.64924757023426
3990,129,20.307986882687423,14.554946778792623
3991,129,25.071931872402754,17.103551599326508
3992,129,14.85591009379117,13.095581790366635
3993,129,3.0262005334970588,10.888149869369975
3994,129,-7.24965209394629,9.29609033519139
3995,129,-13.711465206036666,8.989116408675203
3996,129,-16.772256372379612,9.16291632622637
3997,129,-20.32107278982781,14.051412550365384
3998,129,-18.634928444263622,14.443366860338042
3999,129,-13.57843451416213,15.302812924433141
4000,129,5.600255625169637,15.060181087622945
4001,129,37.73372003323833,29.993803328096707
4002,129,50.27624298518207,33.8843956142716
4003,129,59.520834209431825,23.589879275980266
4004,129,73.9091589459569,29.30809934964107
4005,129,57.25659416626333,33.147739417004196
4006,129,56.8153848634767,31.655609223146357
4007,129,49.28475790349207,28.68147450961493
4008,129,40.830590868006944,28.509222598522715
4009,129,34.59979744201358,28.580912889742702
4010,129,31.29569779623803,20.29980993372735
4011,129,29.684225258546746,19.662261045281987
4012,129,28.898961323768734,19.351114111648535
4013,129,27.58138049773773,15.667522223805005
4014,129,19.731220208322963,12.355290287738713
4015,129,25.244796127851966,15.16611861196137
4016,129,16.239138424813337,13.364441796694324
4017,129,5.56971509080606,11.544390255273898
4018,129,13.25506861761816,9.361135203019584
4019,129,10.493103181531405,8.269501676087884
4020,129,10.49789124037015,8.27138630574819
4021,129,9.603703314458977,7.917964353049016
4022,129,9.123243091234912,7.728053961082874
4023,129,-16.724648960980137,8.18865187202171
4024,129,-5.484449099035671,10.567324385981426
4025,129,18.346882468567138,25.55166265524278
4026,129,33.19085793634091,26.01779749112277
4027,129,49.56453963952995,20.343590201121366
4028,129,67.24220277577442,18.431887607460155
4029,129,56.92059206633648,33.010360290685064
4030,129,58.14310346499701,32.180366111241575
4031,129,50.37133359497447,29.107897460888342
4032,129,40.86328019178609,28.52012014692674
4033,129,35.30649464806957,28.860266254462363
4034,129,31.106183482848436,20.224869112060304
4035,129,28.933217169671398,19.365274705946195
4036,129,27.590010372358588,18.83494692748906
4037,129,26.12427666685546,18.262951053112022
4038,129,17.83608796949021,7.8342661696771
4039,129,22.113436200665248,15.836891829621544
4040,129,13.234532746511318,12.233597220512038
4041,129,1.0935383319402026,9.969630793287681
4042,129,-9.861901435408493,8.328344968889542
4043,129,11.183103685050877,8.542177390454217
4044,129,14.687575758371763,9.927276632620938
4045,129,14.927466435124103,10.022096788949334
4046,129,13.879960210264441,9.608086780315183
4047,129,-10.92494610489375,10.331238938348363
4048,129,5.599313772774783,14.808198427877226
4049,129,35.25364736666092,28.857089392655098
4050,129,47.94026893615877,32.96097755166887
4051,129,57.151780510320386,34.72409529117571
4052,129,69.33290120008445,26.20932950472426
4053,129,54.59611522212926,32.0804058057495
4054,129,53.47720591664684,31.606905261714058
4055,129,47.42113831795369,27.943458870460752
4056,129,40.20107876935752,24.454710716528382
4057,129,33.51055070178832,28.15161951253803
4058,129,30.862498878225786,20.12829488533894
4059,129,27.306945701781714,14.918153473978437
4060,129,25.968232502123378,18.194192865422497
4061,129,25.363480696784514,14.15495256373191
4062,129,19.66964028267698,12.323235878802578
4063,129,26.975671471180906,16.484667191366082
4064,129,20.330043783794938,14.953680320073602
4065,129,22.267112911562805,12.923054224791185
4066,129,18.117604166514923,11.283019628121744
4067,129,15.489373824895347,10.244235170363021
4068,129,17.247459174961456,10.939094723652982
4069,129,15.420862032861749,10.217138930878997
4070,129,15.433806566843067,10.222251803924607
4071,129,16.81541217499227,10.768312244925848
4072,129,1.123138777209265,16.919301262327778
4073,129,20.224654889388017,20.61005542797655
4074,129,33.14841524507672,25.416120203557814
4075,129,42.29826294490396,27.052635616626485
4076,129,57.870744225966774,31.873883251145553
4077,129,46.96239224823545,27.181067132282724
4078,129,50.59848524835847,31.73785946052931
4079,129,47.90210101449921,30.669676461169804
4080,129,41.4122210217166,28.10440707936637
4081,129,35.323295684850486,28.867898727477336
4082,129,31.4536296145162,16.55616199820134
4083,129,28.269836048782192,22.908684975677144
4084,129,26.96943673303398,18.590139815277304
4085,129,24.861761324066144,14.59360407691348
4086,129,14.703696105212327,7.235370493082947
4087,129,6.224529307329362,5.493754598665097
4088,129,-4.3971661341682395,9.364468499421664
4089,129,-17.7598221641872,9.400608449557037
4090,129,-33.42332811410481,0.46374735576000436
4091,129,-46.376951404968835,0.5990881741514721
4092,129,9.196038645627125,-1.1217461630780705
4093,129,8.61788472283087,-1.3502482772371307
4094,129,-58.210175901118824,0.30725860054922094
4095,129,-50.97131812728001,1.1125249678276896
4096,129,-35.30417442923722,4.994138834161498
4097,129,-8.250292885173593,6.180286913441065
4098,129,11.205425527325396,17.238863081522727
4099,129,26.6687267959968,16.080372765757787
4100,129,39.52108441668245,18.226219899048253
4101,129,51.813707807782826,25.28607912057289
4102,129,53.94563626743354,28.6203526924608
4103,129,47.920665311601105,24.970062954946645
4104,129,41.91495290109315,22.59575714715558
4105,129,37.03580735964845,25.739940530651662
4106,129,33.78105277895993,24.453031929955586
4107,129,31.384560147121377,16.529775421566367
4108,129,29.878855442475928,15.934269216500489
4109,129,26.978176853435787,14.796425036663317
4110,129,15.468811908962099,10.755921519760394
4111,129,5.595224698964508,9.151967898267428
4112,129,-2.681497082495432,10.156984122624593
4113,129,-13.95505920971174,10.986525853597131
4114,129,16.357460995712724,5.5138096041107145
4115,129,15.254006182481794,5.077681130117383
4116,129,15.031373483547327,4.989686429613856
4117,129,13.837277854316598,0.7126156660030619
4118,129,13.32912184867796,4.316896256247802
4119,129,-47.80956920131491,2.5725624252798136
4120,129,-34.616059827654425,5.920421757988882
4121,129,-10.02375241261605,6.227378897513378
4122,129,7.517804595472688,12.038058905962085
4123,129,25.742094675490545,19.020948900182745
4124,129,45.02606706567575,20.399312772144825
4125,129,59.35444756675168,28.268196231461534
4126,129,57.39948780880616,27.451257099449325
4127,129,46.42249209215632,25.64493486450582
4128,129,38.36466447860215,26.898725429599406
4129,129,33.46848135308406,24.962788993828205
4130,129,30.794429235785792,16.295642380086075
4131,129,28.95863612560334,15.570074888075409
4132,129,27.919133146149633,18.964375929949178
4133,129,27.381503897159433,18.756799560558647
4134,129,21.405868978110863,20.611882824378284
4135,129,30.21197392938252,20.188467252590087
4136,129,26.951802631595466,18.57971013903769
4137,129,20.045483887980943,15.85008697228881
4138,129,16.535407210846177,10.657641861034493
4139,129,14.258707412201366,9.75778656251844
4140,129,13.872676127631268,9.605197061672031
4141,129,13.606683105145567,9.500070802488548
4142,129,13.688476333741374,9.5323932890676
4143,129,15.84838029664376,10.386061083199813
4144,129,20.006775087299587,12.029608052345157
4145,129,24.763901951626146,24.143428347661914
4146,129,34.965696521242265,27.895238779969024
4147,129,50.08423715439686,26.227065356188483
4148,129,67.74822764292082,29.430132427430845
4149,129,57.18611863728257,27.416297257003965
4150,129,58.51875961976172,33.601360462426925
4151,129,50.972654332852976,34.42027159855909
4152,129,41.95237948033731,36.561550690008325
4153,129,34.49434579585747,33.61392557030467
4154,129,30.75545587574896,20.085592334000268
4155,129,28.88094449638423,19.344832455593483
4156,129,27.19676402669008,14.874559929715915
4157,129,26.968224609702997,15.425620054657422
4158,129,20.7651911756469,14.725804205216297
4159,129,24.95904596603349,17.044037385264062
4160,129,13.529834006795415,12.534883211026894
4161,129,1.680740174270945,14.098896447237795
4162,129,11.776605488441948,8.776774431251923
4163,129,10.981022326468803,8.462321561562767
4164,129,11.649797767799729,8.726654405312193
4165,129,10.218160508200791,8.16082028680086
4166,129,11.63874650053115,8.722297711063126
4167,129,14.197002611890108,9.733407681740395
4168,129,25.818781915955935,18.131863549898316
4169,129,33.52786170163291,39.08452591925632
4170,129,42.55409415011546,29.54601970014861
4171,129,52.84746378972438,32.99770704253378
4172,129,70.12744533446063,33.523283777935134
4173,129,54.7344332730349,26.444336313853753
4174,129,56.19801533501734,32.68185436767989
4175,129,47.2715679613655,27.88635543286657
4176,129,39.09086622779739,27.82235075694648
4177,129,33.6025996953202,28.187508832384502
4178,129,30.141100939750643,19.842812306330913
4179,129,28.67279380227106,19.261962139973402
4180,129,28.036357142533497,19.010334698107002
4181,129,26.57999222645896,15.27111899747455
4182,129,20.038812020752584,13.101225511379905
4183,129,27.15950190667288,17.80829784134005
4184,129,18.71267919402142,14.303996648004395
4185,129,15.526791585653621,17.665847608001968
4186,129,14.458161148572291,9.83666485000352
4187,129,11.371654374403962,8.616761175858564
4188,129,10.497859589331748,8.271401681913748
4189,129,9.108200685585043,7.722143663858605
4190,129,8.966151385583599,7.665992864319804
4191,129,10.103022001282657,8.115326002042668
4192,129,-4.189318518409424,11.049729348701533
4193,129,21.639869204558348,26.843331768118748
4194,129,35.60873958455002,28.2366175600726
4195,129,48.654958199381426,31.39686469812343
4196,129,65.88294297971903,36.92247491862159
4197,129,54.656190919659785,32.11796468472349
4198,129,55.716281579768875,31.222151346258553
4199,129,48.93779400975562,28.542238920015542
4200,129,39.334820529208834,30.45372203969895
4201,129,33.65295828267034,28.207907335549045
4202,129,30.229220432231973,19.87777846107013
4203,129,29.090249718965456,19.427499122897355
4204,129,27.71061162157823,18.882460697339074
4205,129,26.26485406395751,14.51338289522823
4206,129,19.13897605294601,8.334758334650699
4207,129,24.78837029937797,16.86973433754528
4208,129,15.585625038433637,13.744110933171958
4209,129,3.4695168929001485,8.930498166363783
4210,129,-8.12325884610643,8.934920087658512
4211,129,-13.189801664504285,14.581698199441044
4212,129,-12.099690708108902,10.356004073694713
4213,129,-12.797395652882738,16.548416757555692
4214,129,-13.267196366238853,16.28638188834719
4215,129,-7.644914847086293,17.295727862665927
4216,129,10.823885446291925,28.91630825276866
4217,129,48.22218509218329,39.0571932307641
4218,129,63.10268610989234,37.05338186721584
4219,129,71.96616317912508,28.528048243418702
4220,129,83.09512457911194,24.673854250507574
4221,129,62.01266802464927,29.303606051389412
4222,129,59.28244934089205,37.706467955985474
4223,129,51.14494674637693,34.490083095656644
4224,129,42.594243882519756,34.27864571491086
4225,129,36.61211750350607,34.451146919974605
4226,129,32.846007391228504,32.96167292251738
4227,129,30.79411734217341,20.10112695705535
4228,129,28.62335123772225,23.048409820737128
4229,129,27.8709241554963,15.14532143665501
4230,129,21.4372874649007,13.00594586770204
4231,129,29.399116825679695,21.219148954348764
4232,129,20.561839867274166,14.989062456958184
4233,129,9.640224390463747,12.957381459363557
4234,129,-1.2893389933716914,11.134116391713816
4235,129,-9.557475921842972,9.97304397742401
4236,129,-10.849531001424772,10.701015429953717
4237,129,-13.058313799339361,10.472399226060848
4238,129,-13.626458222874394,10.295050773295992
4239,129,-9.275149926707693,11.020273017002637
4240,129,3.417793168175365,14.03104344131023
4241,129,25.676163536212492,31.016851888574948
4242,129,37.75819210573822,27.879236012595584
4243,129,44.38389316206132,29.777570499079726
4244,129,60.74258944893746,29.204566522554043
4245,129,48.71319396026613,29.775258594800153
4246,129,51.373602184469235,29.508746802146277
4247,129,48.895407065293604,31.063675833101136
4248,129,40.89411454618358,27.900527082415234
4249,129,36.188706976927385,23.50400047489365
4250,129,32.40447474868824,27.714377967904184
4251,129,29.88078182638726,19.740369771979392
4252,129,28.59156658974338,19.23122619185595
4253,129,26.08587353080355,14.442595301235686
4254,129,16.904213328013395,8.084928178931118
4255,129,8.521188630400022,6.318442047712575
4256,129,-1.2587319595780966,10.443601367678106
4257,129,-13.68211913546874,10.827393041768934
4258,129,-30.30167700956693,4.733234019646233
4259,129,-43.05117845013573,4.435093459741337
4260,129,-51.55721363264526,1.4305289379182191
4261,129,-56.69722686369266,1.2713366513787647
4262,129,-57.108555680793984,0.7349403839251676
4263,129,-49.50838294268189,0.9305963117822915
4264,129,-34.30199633283792,5.414817481542223
4265,129,-6.646685693147914,6.8152037168678365
4266,129,14.44780216234215,22.326894793900635
4267,129,29.493903910533305,20.351027730590456
4268,129,41.56332968126259,22.199624771806377
4269,129,51.86025884960671,25.304015427870105
4270,129,52.959750218606,25.697677468285836
4271,129,48.942572735243274,24.105389304023685
4272,129,41.71905257285119,22.517460738129873
4273,129,35.887870662986984,20.212731291117407
4274,129,32.68468389644613,18.311503958438443
4275,129,30.47377334189022,16.16952852670007
4276,129,27.9539405386795,15.173716715401527
4277,129,25.847629123080363,14.348192329191008
4278,129,15.864082910054089,10.883242474052107
4279,129,5.176291265638955,8.879257417070416
4280,129,-4.533456336671127,9.21694407558687
4281,129,-17.59901365264621,9.29795091393908
4282,129,12.195336145970014,3.86879155180413
4283,129,10.88554153166016,3.3511181826634986
4284,129,11.515688247908829,3.6001757175647127
4285,129,11.095200294888807,3.4339792967392953
4286,129,10.248973503611536,3.0995065614526696
4287,129,9.63123427015078,2.855360627825964
4288,129,-39.18975068735248,1.205389718136397
4289,129,-14.566171204069223,7.374123862321173
4290,129,5.802338051619005,15.121213198801534
4291,129,24.284076950473242,24.10719755830846
4292,129,42.40906957723284,22.52158200314116
4293,129,54.39810403658668,26.305997944722538
4294,129,53.28967276813529,29.632388771756542
4295,129,45.19223620730056,26.427612440261395
4296,129,37.22361248001499,22.008884300336366
4297,129,31.291474466972,20.297828744675282
4298,129,28.79149457575336,19.308847192810425
4299,129,27.492871115639915,18.7957165987353
4300,129,26.80893946573243,18.525536695915918
4301,129,25.817307226304877,14.96708919465783
4302,129,18.61871837735618,11.875438640884225
4303,129,23.301750860478975,21.965079650667402
4304,129,14.672633856997464,16.51027555432693
4305,129,13.746545067914395,11.229349636702226
4306,129,15.706684266229287,14.13525279787243
4307,129,13.826798097814507,9.58711250176003
4308,129,13.801900545984125,9.577270825752864
4309,129,13.488884831912461,9.45356459534709
4310,129,15.322784416756384,10.178400283678027
4311,129,17.061161464382412,10.865471478993287
4312,129,-0.5484648110681278,12.328594605204264
4313,129,24.38606639708446,24.548806051725297
4314,129,34.24535716153676,25.655798850387608
4315,129,46.335142082282786,28.514621394872247
4316,129,64.47255819289622,36.368336805193486
4317,129,53.674144864971296,31.735349573574897
4318,129,55.800925733972996,32.527831001799164
4319,129,47.15605398980555,27.8377944154513
4320,129,37.68702603443214,27.90063378745076
4321,129,32.51935533236411,27.759353249895973
4322,129,29.558436233532714,19.61212759677643
4323,129,27.042215520363012,22.422626028240657
4324,129,26.32261112359907,18.333424077236547
4325,129,25.90440491361229,15.004383850281911
4326,129,19.90679228516745,8.646378241111544
4327,129,23.161652087895558,14.379942357987556
4328,129,12.093165203708345,11.864701468954909
4329,129,2.2747877176892417,10.39088145107395
4330,129,-6.802360592501611,9.246733507409697
4331,129,-14.276932563295542,8.542651819218598
4332,129,12.008493566882716,8.86843180321835
4333,129,-19.314756385566344,8.42556350401344
4334,129,-18.71658064717996,8.435333257449795
4335,129,-13.978832428098166,9.201976059740138
4336,129,-2.6005991822557473,11.63936037091012
4337,129,24.339516141700322,30.279010182994966
4338,129,36.13044323943582,22.50302081776572
4339,129,48.466444729749924,19.806610639424875
4340,129,66.2455169582537,25.633353382352237
4341,129,54.64356398192338,32.11790161695769
4342,129,55.82002316666757,31.26768784574986
4343,129,47.69547700687349,28.051674840972105
4344,129,39.43398842739393,30.49367699141422
4345,129,34.3633751786716,28.48880501758151
4346,129,31.291580866416034,20.297516060152283
4347,129,28.954845971919717,19.373917464208017
4348,129,28.116687400306095,19.04215213147833
4349,129,26.47334648710542,18.399216248364443
4350,129,19.918061727141335,12.387481217737811
4351,129,28.720643443310266,16.469429675672973
4352,129,21.642581870658596,15.353419032316046
4353,129,11.488473499009222,13.66574953076748
4354,129,0.6012782951620443,11.967739996528953
4355,129,-6.676772757938321,11.107587600542299
4356,129,-11.513237001213595,10.405429966220122
4357,129,-15.912252817243456,9.29360398617829
4358,129,-17.735549340037736,8.416346485225978
4359,129,-14.116564081220751,8.964569533785168
4360,129,-0.4148143023481321,12.370789167443009
4361,129,30.676907527465104,27.1023054687861
4362,129,42.590013417414255,22.025912416842583
4363,129,55.79937827873022,22.11308653748088
4364,129,73.25968440790054,20.79422110793193
4365,129,55.12107849085768,38.00884391471863
4366,129,54.63211498554044,32.06404831818593
4367,129,47.57123996200918,31.173341345672824
4368,129,38.88153533507388,30.275621131244428
4369,129,33.726227600349766,33.31163262149304
4370,129,30.255721472667584,19.88829071650375
4371,129,28.678795298422767,19.265024187513628
4372,129,28.13887767717671,19.051481341312122
4373,129,27.801226142038892,15.753615930971087
4374,129,22.799352263913995,13.549245062497413
4375,129,27.812135751527467,19.907939763072953
4376,129,16.98418333750229,13.538995796139542
4377,129,4.649782477808007,11.112488001722124
4378,129,-6.3662985643345715,9.406326701408048
4379,129,-13.109895737750065,8.684478010351363
4380,129,-14.160115014083374,9.312431936628462
4381,129,-15.573243196112474,9.518075610631929
4382,129,-16.088540902117586,9.233898407336804
4383,129,-12.958464399616565,9.287401510466
4384,129,-0.9099508153740943,12.043487854352348
4385,129,29.871647095888022,26.585037882381943
4386,129,44.73545457571565,22.72385044444549
4387,129,53.11339084548683,22.287680384006954
4388,129,67.80007963229662,26.856946660673945
4389,129,54.77782668105574,32.151344061352965
4390,129,53.770630621937656,30.45737279986061
4391,129,46.00553578327366,33.093769347954414
4392,129,39.49984178949389,30.51999869107512
4393,129,34.057485483963866,28.368417262565007
4394,129,29.793447176821086,19.7070602966265
4395,129,26.560327545423036,22.23420762134603
4396,129,25.281078125853508,21.727974866360118
4397,129,24.969181316329635,17.803614593297546
4398,129,18.55028404818626,12.462147234761197
4399,129,23.612927454880083,15.063805692767142
4400,129,16.116797718435993,13.110131173001273
4401,129,5.780677394311207,11.257373136202396
4402,129,-5.3427833477299185,9.328543007099398
4403,129,-12.354054576014018,8.660928915301003
4404,129,-15.222422453396334,8.76186292320796
4405,129,-17.512033424666228,8.508608667919152
4406,129,-17.642042859470685,8.480953994365382
4407,129,-13.487788089376895,9.151509568082687
4408,129,-2.3247113944309117,11.578083524164349
4409,129,20.431601414470034,28.79558429038672
4410,129,32.46078544158587,28.22531641897096
4411,129,42.450423514415526,27.051222908985945
4412,129,57.797300614720214,28.656325065316068
4413,129,48.468167081440136,27.772310896178496
4414,129,51.24394543697236,25.01898414318976
4415,129,47.581743222876725,30.543175581948983
4416,129,40.78776519590005,27.857682161948944
4417,129,35.0755445227362,28.772077667950363
4418,129,30.82403425940222,20.114922739877052
4419,129,28.341053535736904,19.13253393633144
4420,129,27.352518109476254,14.936715240351742
4421,129,24.536769685080618,13.829499119017479
4422,129,17.223889497413047,7.53368476339704
4423,129,8.241840097928499,9.841519494396682
4424,129,-1.0763423165367492,10.19816782663115
4425,129,-13.995441689238774,10.277492401243357
4426,129,-29.734994163980176,1.2236099320554508
4427,129,13.179426412341822,0.45260414939724425
4428,129,13.380722134930078,0.5321645562110263
4429,129,10.855046716732042,-0.46607830864838634
4430,129,9.200052667953095,-1.120191973511621
4431,129,-50.36769797992174,0.005626060115787243
4432,129,-35.57160430247708,4.443179883745162
4433,129,-8.521170040953653,5.662513620642907
4434,129,11.193344735251964,16.366020602871387
4435,129,24.685460872402587,24.01116972209701
4436,129,39.84030185775045,18.29920887814032
4437,129,51.045437063548526,24.981671264756894
4438,129,51.70646914931765,25.207058609492766
4439,129,48.29863774270105,23.85019333967918
4440,129,41.903057613971725,22.592291326617044
4441,129,35.22627591705862,19.95224892303246
4442,129,31.749950869377706,18.577364707674313
4443,129,29.299290454501914,16.339872529485426
4444,129,28.001341437001003,15.193736880623195
4445,129,26.791171846606066,16.62280492352454
4446,129,17.995146399756578,11.669998738604015
4447,129,6.714960639623069,9.293180287758464
4448,129,-3.11775803115677,9.428649592272343
4449,129,5.811770710062003,15.058662578787878
4450,129,12.488885190913013,3.984823137644938
4451,129,12.415981811415955,3.956009565987082
4452,129,12.770519551473791,4.096141243659838
4453,129,12.733698908332979,4.081587934581474
4454,129,13.071289788257834,4.215024946614723
4455,129,16.444492942285173,5.548246449966711
4456,129,5.5034406436664245,8.582621667844975
4457,129,-10.46114596610359,8.620378793010778
4458,129,8.29991208505887,15.866725333183528
4459,129,26.01989681792327,24.64916609624413
4460,129,44.381098672647944,23.25315193381048
4461,129,55.31908855638562,26.667802935113407
4462,129,53.54332950773832,25.924248860919633
4463,129,45.231823158626284,21.369184834879192
4464,129,37.258008086411664,23.92458620687518
4465,129,32.74124222667712,24.041701916858866
4466,129,29.811177004442136,19.712177102940743
4467,129,28.175349105348523,19.065477286530246
4468,129,27.08370781873465,14.82877114082374
4469,129,26.386182324851127,18.36198659472806
4470,129,21.077277008184623,16.608355158388093
4471,129,25.178148724524398,22.632768323287998
4472,129,15.41869349753483,12.857046618330395
4473,129,6.407471792957475,11.675089422343868
4474,129,-2.781414843676555,10.67442661031073
4475,129,-9.760453788993262,9.986620811141018
4476,129,-13.655429553901588,9.691784455505491
4477,129,-16.146079344000142,9.238181579492661
4478,129,-14.762470095461556,9.572136498450734
4479,129,-11.79086399811613,15.406336890814435
4480,129,0.032138856980168384,12.384775346885817
4481,129,26.230972793682362,24.500783934987243
4482,129,37.11427469107021,27.325883596629687
4483,129,47.91571545072243,29.082378597472097
4484,129,63.763685426379894,34.16467696773029
4485,129,51.465179176175326,28.953508881575594
4486,129,53.12250352172809,30.832475429876798
4487,129,44.49838538697265,24.884145658470253
4488,129,36.12523019602754,23.47737852962707
4489,129,31.755459787412622,27.456900260670107
4490,129,29.289146134491073,19.505941130447233
4491,129,27.12282975360131,18.64963440907969
4492,129,26.857869815130776,14.739543816803577
4493,129,26.560303040116974,14.62771220386537
4494,129,20.07106478222198,12.460955251056324
4495,129,22.902877373483065,16.097631452377602
4496,129,12.325335579076114,11.803174815741121
4497,129,2.62410970648691,10.327412579576983
4498,129,-6.379538133455542,9.194504465176506
4499,129,-13.940440616309669,8.446446167072308
4500,129,-16.560581412561337,8.78039382040812
4501,129,-19.04877510367714,14.058668609662677
4502,129,-18.788905655989453,8.195867212043543
4503,129,-13.541858043016608,9.189545662306013
4504,129,-0.20537916340396256,12.412641329545522
4505,129,32.03219793353118,30.63901539461839
4506,129,47.50199674789679,31.33687240625472
4507,129,60.745905957706626,36.01750811673194
4508,129,74.9573442453007,35.39713160667534
4509,129,54.224181058283804,31.94914131412708
4510,129,55.52199481313114,31.150825519955294
4511,129,48.93216103832954,28.539628560481646
4512,129,39.6219197359346,24.859700023337325
4513,129,33.767605851634904,28.252896275973857
4514,129,30.69801821128393,20.062381269773137
4515,129,28.484213120900602,19.18793440743378
4516,129,28.150484723609203,19.055551703217397
4517,129,27.674521152617203,18.872828032763202
4518,129,22.738957655295323,14.089533058922905
4519,129,27.223912898554858,17.70981316413321
4520,129,19.951239855652393,14.557026382127255
4521,129,11.030470195168396,13.313783629679735
4522,129,1.0726718857983486,11.955811233320613
4523,129,-5.768723418493382,11.260796194820667
4524,129,-10.00056093340379,10.836076805970343
4525,129,-15.543967533222347,9.287840450221507
4526,129,-15.966550195161632,8.93316700494086
4527,129,-11.972860620380054,9.664821349952648
4528,129,-1.0476116132499547,11.978491546940926
4529,129,25.80254904603885,28.21955878042875
4530,129,37.0644826874078,27.360574324153784
4531,129,47.94280800432749,31.00227677415548
4532,129,64.12210047017564,36.18692759451229
4533,129,50.17726346721568,30.341636869840197
4534,129,52.306215141793786,29.875917557554477
4535,129,47.094950819316026,27.812828669511664
4536,129,39.14182807075556,27.840898092969738
4537,129,33.835760410217745,28.28133176331722
4538,129,30.373164232791183,19.93493056943872
4539,129,28.017519704298277,19.003769965200448
4540,129,27.515428201874858,18.805306443809013
4541,129,26.407069211414836,18.372022956739237
4542,129,21.785987111052506,9.292753907412012
4543,129,25.18191756670224,15.62716322063926
4544,129,14.771411988179606,12.540657108324709
4545,129,4.582889931257162,10.920877335053689
4546,129,-6.131873198511773,9.306163635472778
4547,129,-12.664872206496202,8.677781774995676
4548,129,-14.9526700007247,8.872248096898103
4549,129,-17.566767710876398,8.62012658163913
4550,129,-17.7689997431969,8.423710523662768
4551,129,-14.260990105058102,8.664060548650154
4552,129,-3.698877906417375,10.83544840692822
4553,129,20.456716315365885,24.669137421842454
4554,129,32.11450922182152,25.271043994881282
4555,129,43.34436657568308,29.158458209211396
4556,129,61.730093369522564,29.51222676271
4557,129,54.08573601938838,31.875743003295195
4558,129,54.916347881084185,30.910133000332767
4559,129,47.36609534147457,27.92103881760759
4560,129,40.54656971554799,24.591415737782572
4561,129,33.72551299523236,28.23671393383495
4562,129,30.310888866555917,19.911587947949304
4563,129,28.531614520057037,19.208221483589632
4564,129,27.14716825640012,22.46564603534218
4565,129,26.889200450303687,18.561464863002108
4566,129,21.355662414089593,12.888058618750316
4567,129,27.928611602724306,16.06143406195904
4568,129,23.086046774501824,19.54699589178484
4569,129,15.619830909624932,14.991488141496275
4570,129,5.125214911053167,13.285565521474812
4571,129,-2.4306822167749487,12.405335753168284
4572,129,-6.19753935326578,12.208696533944364
4573,129,-11.381694236640815,10.831985067531376
4574,129,-12.35698410938757,10.436291852503572
4575,129,-9.550238017846214,10.601244423375546
4576,129,2.7178777368956353,13.475910597402104
4577,129,29.574192843568326,28.515951642737196
4578,129,41.22512969011832,29.08283625760175
4579,129,50.32569830633443,26.30930941596186
4580,129,66.91445108320771,31.604241965926644
4581,129,53.592228165920574,31.693770626295976
4582,129,54.20038636678126,30.624409408626992
4583,129,47.6562061508683,28.03461330242575
4584,129,41.21304307788542,28.024127024485736
4585,129,34.475862823420854,22.825451632579462
4586,129,31.30703406246571,24.109881737281125
4587,129,28.89998197905924,23.158020030878554
4588,129,27.90388519743908,18.959313389868978
4589,129,27.18926998487936,14.876162186192921
4590,129,18.990142530903974,11.98448212890216
4591,129,8.702870543944808,9.845398492437063
4592,129,-0.10868256886359395,10.312543113189768
4593,129,-13.046672865827224,10.341243843564179
4594,129,-27.976148875281602,4.823221618933333
4595,129,-39.805889335690736,4.933526508121787
4596,129,-49.03538815599218,2.441612780882157
4597,129,-54.97531201291361,1.2761901149523567
4598,129,-54.671651372399374,0.8551854064534279
4599,129,-49.123122215195494,3.565041523488197
4600,129,-34.90269826188758,4.5895214095581185
4601,129,-8.544509273635647,8.6576340816069
4602,129,8.945152949720036,15.380367879989906
4603,129,23.23796995981087,23.356321571073416
4604,129,40.573563414345536,21.717725004117757
4605,129,53.04018272693889,25.766037888683375
4606,129,53.8770634688035,26.06051667650715
4607,129,50.22337468751464,24.61003472038861
4608,129,42.39250861421817,20.24840789746957
4609,129,37.35919292343881,18.25686076756526
4610,129,33.16617758520002,19.137007272920524
4611,129,30.964094472709647,16.363601943388705
4612,129,29.11266273353963,15.63233186058756
4613,129,27.88437162672397,15.1503991936449
4614,129,18.483815688775383,11.800139879131446
4615,129,7.495141426758611,5.608868100895655
4616,129,-2.437238854733348,9.436132596816178
4617,129,-15.638367787034536,9.34618421628337
4618,129,-30.56774284846603,0.7392253745363148
4619,129,-41.95693129118128,1.392501399150479
4620,129,1.5695162427590836,3.8433726843695264
4621,129,1.1847176455008768,3.9460419763414825
4622,129,-52.10432419339023,2.2279725667808568
4623,129,-44.18098947495314,3.424378706618386
4624,129,-33.23369449472463,6.003241009799145
4625,129,-12.31481547130764,4.8557752570137245
4626,129,5.984707705975478,14.936868878928356
4627,129,22.91280546987895,22.10581502239423
4628,129,42.71093635610013,22.558708331750644
4629,129,56.19765900848262,27.01307291225292
4630,129,55.548171383318355,26.7161226038367
4631,129,47.03448548560451,23.34951127870956
4632,129,39.13118191759379,24.66460500930074
4633,129,32.885323387139564,22.195793643301826
4634,129,29.609671816739013,15.82787486086443
4635,129,28.693948318110508,15.4658114172375
4636,129,27.56944130276767,15.020851194706493
4637,129,27.484047450192893,14.990137827254186
4638,129,20.780302819548734,12.637013896380303
4639,129,23.670206729939412,14.355568023329155
4640,129,14.31559419535433,12.313379097766946
4641,129,4.641263559159725,10.863547209145011
4642,129,-4.927718212887566,9.716833176755339
4643,129,3.5792773789500854,5.815623161114336
4644,129,0.40324611861941584,5.666101859075744
4645,129,-0.9909779676995356,2.816537045306882
4646,129,-0.7800261231842853,13.589978969070001
4647,129,-13.709354404202623,8.986942471339221
4648,129,-1.6153143121051539,11.801895214757096
4649,129,24.699658211146946,24.572366457381836
4650,129,39.667904395778166,29.617770583420334
4651,129,53.52926884733611,33.19412791530633
4652,129,72.41270165208053,34.39998304871955
4653,129,56.248821229898105,32.7429075012893
4654,129,56.89127605738214,32.95629224269415
4655,129,48.09495392292984,28.210013929729563
4656,129,38.35564082532639,23.723846400579713
4657,129,32.81396224676708,27.875593666636814
4658,129,29.3186148077369,19.517705440340414
4659,129,27.929523064282147,18.96866445996355
4660,129,27.99351627376401,18.99433542755805
4661,129,27.585027128503192,15.030815863694983
4662,129,20.459042028985188,8.750587990171248
4663,129,22.170189823870366,13.831123268029016
4664,129,12.53789299744973,11.781782951930312
4665,129,2.479886290300881,10.16753937435525
4666,129,-7.387933933982405,8.71165002013587
4667,129,-15.12293721061958,7.916236974860179
4668,129,-19.064700679732706,7.812762239539382
4669,129,-21.50020394580071,7.44507318515103
4670,129,-20.014034585070505,7.781203197537169
4671,129,-16.93835373189617,7.931062524437876
4672,129,-4.093214468623652,14.783149369734442
4673,129,26.261916102717166,29.052888310681222
4674,129,44.860753209396584,30.950798880407838
4675,129,61.36846557348624,34.35572692154269
4676,129,80.76046924109338,37.6804712354785
4677,129,62.28244499416513,33.22663930997464
4678,129,61.36749813358983,32.82421344346075
4679,129,50.757722099449346,29.896454771172273
4680,129,41.96612541058398,26.420809837923482
4681,129,35.04608562950728,26.85655296750106
4682,129,32.7508042449145,25.948222902763543
4683,129,30.23433670444614,23.685610854698062
4684,129,29.10481239953089,23.238910279727172
4685,129,28.774340447426162,19.306330269973298
4686,129,24.181212949685783,14.611918790461573
4687,129,25.2390328636245,15.596002353819612
4688,129,16.80068934320439,13.233977858088865
4689,129,6.399353828997811,11.415913810983886
4690,129,-4.111521543898045,9.864493258356305
4691,129,-11.273524908006149,9.06613928705392
4692,129,-15.52722163328102,8.723520647738606
4693,129,-18.457924433753714,8.254117760185343
4694,129,-16.245216912172346,8.959426284915798
4695,129,-13.612250625961664,9.16903974671917
4696,129,-2.4014116735672775,11.600214190708122
4697,129,21.518856229442385,26.618076947571865
4698,129,34.25265943123718,26.287048906827252
4699,129,47.20526173674039,30.706309090295925
4700,129,65.64466454779134,36.77706028792672
4701,129,53.10405416314262,31.49454884187835
4702,129,53.32676509172896,30.277688304595635
4703,129,45.8538878905842,27.322456421530354
4704,129,38.438841057969576,27.563068518681163
4705,129,33.24045978655871,28.045331428010478
4706,129,29.320482695926852,19.51919826749152
4707,129,28.372521279312224,19.144272151291116
4708,129,27.239562045282995,18.696460991937496
4709,129,26.928735000538552,18.576920404300513
4710,129,21.25044482615185,12.836693680770193
4711,129,23.399294441150744,14.229425689586654
4712,129,15.759408891034665,12.85789549489109
4713,129,7.196900196513534,11.897235339747592
4714,129,-1.9732879803551207,10.930584938283607
4715,129,-7.775945136316076,10.617749631978247
4716,129,-9.505752618101104,11.125774326697703
4717,129,-13.132768412906115,10.514681728250242
4718,129,-14.015485186728682,10.076446785489514
4719,129,-10.190712680584134,10.437171036589344
4720,129,1.9508510513950306,13.223827633823952
4721,129,30.610955343665758,26.224456677184595
4722,129,44.165267787457054,30.061798980273316
4723,129,56.33810170621811,34.28288624831277
4724,129,70.21364952345066,33.48642087994179
4725,129,54.824463068483375,32.16403988866814
4726,129,54.556309443158035,32.03340164713515
4727,129,48.44281219825769,28.345754519570043
4728,129,40.39866644952694,25.166011206789193
4729,129,34.26648850983399,28.45032051302168
4730,129,30.305779225383965,19.908697201277587
4731,129,28.156356164938835,19.059034021789543
4732,129,26.929788837731227,18.57464931407805
4733,129,26.138795624974286,18.264167245154688
4734,129,21.101141999551707,12.741191081817648
4735,129,24.759222769724364,14.749616418817084
4736,129,20.265047113318612,14.557661039459107
4737,129,14.45848634215574,14.482174391492329
4738,129,4.162976842344457,12.894986698363475
4739,129,-3.5806952448205753,11.969957296286289
4740,129,-7.910433879301404,11.650037444012096
4741,129,-12.758514757871097,10.443517093770083
4742,129,-13.676074473320588,10.105976321461469
4743,129,-10.357322280525494,10.462590877128207
4744,129,-1.2323852594194884,12.070226385530027
4745,129,21.545279703651275,29.225354181270745
4746,129,33.26394228495061,25.961648797072588
4747,129,45.57667817505517,30.122349088236838
4748,129,65.78061908546302,31.13913756610867
4749,129,52.48600316583668,31.25168031253685
4750,129,53.56823795942434,31.64245260737633
4751,129,47.44718306895213,27.95266681537417
4752,129,40.6998198438786,27.821476740886453
4753,129,35.61928211268894,28.98450316964662
4754,129,32.06501208749191,27.579903007260054
4755,129,29.65010870322182,19.64890500573599
4756,129,28.546404197454965,23.017802674953735
4757,129,27.073727759355236,14.828810143569807
4758,129,19.324510407345397,12.065204815180065
4759,129,9.228126876237807,9.903982111478841
4760,129,-0.7472612462059991,9.895104065628546
4761,129,-14.3264991665773,9.722990794322977
4762,129,-29.56082606901117,4.211221231021647
4763,129,-42.40997871000663,4.028176842199086
4764,129,-52.08653887824144,3.9202384596183584
4765,129,-56.44629368392895,3.9698841024256755
4766,129,-56.17872998369605,3.6884575842528604
4767,129,-50.41266326381755,3.5584932940759573
4768,129,-35.69778929384609,4.691720373961769
4769,129,-9.851730812307725,8.354653998545128
4770,129,11.279955979312362,16.370437693678248
4771,129,24.72923596370108,23.905260436440134
4772,129,39.22228445456011,21.14322956047357
4773,129,49.3538790042749,24.304998118083393
4774,129,49.66727873425214,24.391103260557255
4775,129,46.698444360898264,24.48523153483057
4776,129,39.215069904902755,21.527148642638863
4777,129,33.24399029795166,18.532446599885002
4778,129,30.697914506568893,16.258010808516794
4779,129,29.443436910095045,15.762055209890509
4780,129,27.938494740507636,15.16685187944896
4781,129,26.482298056870246,14.594086907402469
4782,129,19.317954552365848,12.067490524095549
4783,129,8.454934136017222,9.632552016737904
4784,129,-0.6404903717768806,9.977682561038584
4785,129,-13.036241843271679,10.262220416834545
4786,129,-28.993711870585194,1.396803516483025
4787,129,2.5944369131727374,3.758448716339943
4788,129,14.479384126814987,4.771519841348389
4789,129,1.795877083714037,2.4758384673875535
4790,129,-55.49634193825842,1.5148809613402154
4791,129,-51.63031783897176,3.3438910216155686
4792,129,-37.797225031522444,2.197703160356634
4793,129,-12.122933488185272,5.14506647497635
4794,129,6.419087822432889,11.34969714246928
4795,129,22.611410902351693,23.19418468682702
4796,129,42.46214312750707,22.41372137911395
4797,129,53.95526776167547,26.120351818467572
4798,129,51.86616869545829,25.26070268686864
4799,129,43.96524714185568,29.11326788900626
4800,129,37.158720455607195,25.787908062821955
4801,129,32.21839869942217,21.29767318973557
4802,129,30.05652412896659,16.004259651756097
4803,129,28.21544410067556,15.276989099702792
4804,129,26.382914553543134,14.55207158298926
4805,129,25.738069413743347,14.299335826483338
4806,129,20.256535285507137,12.3802954274625
4807,129,22.95613315210693,14.008489330606482
4808,129,15.23872970274981,12.598124968279055
4809,129,5.998416145766406,11.332435952623914
4810,129,-4.833312516616395,9.74469857990418
4811,129,3.3140562479824776,16.47184253100003
4812,129,13.361097265561117,9.403050289967894
4813,129,0.8370685053337157,13.866454617630177
4814,129,-17.801269313011183,8.608825075254328
4815,129,-14.404075790299064,14.584354583770628
4816,129,-2.7807016120537376,11.468372865268734
4817,129,24.56536847667573,24.586676273018345
4818,129,40.398690926168214,29.91822215009558
4819,129,54.359410904428366,33.494286898474485
4820,129,69.43390138559857,36.373148768527045
4821,129,55.10749593778419,32.287979484197315
4822,129,55.243021275561965,32.305140743203346
4823,129,47.60128552597776,28.016096877527506
4824,129,39.07005551324072,30.348480401569788
4825,129,32.98519748951018,27.943364529760427
4826,129,30.191868103689234,19.863261700993778
4827,129,28.231333881751308,19.08863517680192
4828,129,27.91392343690402,18.963912821302316
4829,129,27.45102479702155,18.78197749516877
4830,129,22.820553338472884,13.424749882058908
4831,129,25.34780525493563,15.007690864727058
4832,129,15.678708828220255,12.916176536645576
4833,129,4.982988767831431,11.050382175146275
4834,129,-3.9507426624684205,10.022094233766092
4835,129,-10.976406127434224,9.576062747124944
4836,129,-15.43473508274995,9.358779539588504
4837,129,-18.73404313751409,14.392195910530589
4838,129,-16.60649615710197,9.293952999121304
4839,129,-13.100660193277935,9.564974827282946
4840,129,-2.1907905759454005,11.818627260114516
4841,129,21.616320890101015,29.160920044598495
4842,129,35.1779092788434,27.75051378630703
4843,129,48.206594117427116,31.021317551071192
4844,129,65.77799054172279,36.811611944608856
4845,129,54.21763537606572,31.937913717107268
4846,129,53.6558170804754,30.41124847755479
4847,129,44.847163941706405,26.926355346658763
4848,129,37.364761056006834,27.139078708207073
4849,129,31.90313651840998,27.517174258161123
4850,129,29.35032368426849,23.33626993557513
4851,129,28.10972393939387,19.0412099498038
4852,129,26.912598124875174,18.567949718217168
4853,129,27.28083261598807,14.909331841461292
4854,129,22.77822014750991,13.36596472682514
4855,129,23.855228447071386,14.97214151107277
4856,129,17.195586778235295,13.277740856363472
4857,129,8.255983627429519,12.020131123838643
4858,129,-2.6399750716737946,10.361947525173898
4859,129,-10.64743725771633,9.293408175027364
4860,129,-15.471351006085655,8.79685108769177
4861,129,-18.227228544758447,8.424827098700527
4862,129,-17.270598028303386,8.64050726615492
4863,129,-15.454760699682879,8.476185403331169
4864,129,-5.145255580783992,10.538257254884424
4865,129,17.717903935041967,23.850644960075243
4866,129,31.21288212294737,25.051221484668332
4867,129,46.02312837851946,30.19204022918108
4868,129,66.61594863318876,35.23437268977616
4869,129,53.89113981465804,31.804513449343755
4870,129,54.38427745341778,31.964589113351447
4871,129,46.89321577711547,27.733797488724615
4872,129,39.50472815606953,27.98452695519987
4873,129,33.82429798707837,28.275547594976427
4874,129,30.651031780338844,20.044653005607568
4875,129,28.445516362029633,19.173088845582797
4876,129,28.082559349746404,19.029898776423547
4877,129,27.858982714357104,18.942790294248958
4878,129,22.891549637919063,13.42247412879221
4879,129,26.64745636090865,19.236547623164444
4880,129,18.49480699520234,13.814570156870198
4881,129,10.475821552273556,13.041058585594193
4882,129,0.8392221177196402,11.930363389589097
4883,129,-5.896830893076577,11.312719056807367
4884,129,-8.15594383053375,11.674400521526975
4885,129,-11.738452711405778,11.104259838073027
4886,129,-12.229848337090399,10.823324824686848
4887,129,-8.938191045538503,10.92541927975008
4888,129,3.947851537086988,13.996759047831667
4889,129,35.22027647664683,28.655627349311494
4890,129,48.37293014954541,32.938529923632274
4891,129,57.317735310520035,32.71158295702363
4892,129,70.52345916346098,33.58467585670533
4893,129,52.24652622745318,31.141913932969416
4894,129,51.14897353154768,29.41880944049741
4895,129,44.68130070228726,26.859524597702645
4896,129,38.676439563052554,23.850978995643807
4897,129,34.458411514584284,28.52632895043757
4898,129,31.58596840393757,27.390620203638804
4899,129,29.94876150308967,19.767619758283352
4900,129,29.066587174227166,19.419207969402162
4901,129,29.3197209941789,15.715225248223305
4902,129,25.722513235490464,18.312000802288047
4903,129,28.256587950399815,19.84790936782287
4904,129,20.63605539099589,14.567123427400276
4905,129,11.910391244797147,13.307721490826559
4906,129,-0.47244456977690863,10.931124556128594
4907,129,-8.725249804143909,9.860783413967779
4908,129,-13.188619235272924,9.544207759868527
4909,129,-15.151318234017108,9.508513550822617
4910,129,-14.96357062267084,9.605568127405181
4911,129,-10.407121749320126,10.414489131049866
4912,129,-1.3876113879107144,11.965946934402053
4913,129,20.477655978812958,28.751508102137247
4914,129,33.26698170345893,25.88633772117956
4915,129,46.29628999983826,24.628897265889698
4916,129,64.4214450408006,30.571077208144477
4917,129,52.413668534293414,31.219848974471986
4918,129,52.52545467978131,29.96497351683585
4919,129,46.79640346652336,27.696783661629457
4920,129,39.956903886380125,27.52821944394195
4921,129,34.43313577488727,28.5156021136575
4922,129,31.577323248797086,27.387378772405956
4923,129,28.94770480250325,19.371644626647882
4924,129,28.297260637453192,19.11405398298204
4925,129,27.35978423471186,18.74529397550336
4926,129,21.798064211149214,12.975034153318283
4927,129,10.811528970826878,10.296798570857115
4928,129,0.1214961266016723,9.878406077759148
4929,129,-13.737948480490703,9.520442301313977
4930,129,-29.754966665716754,3.7816748144432686
4931,129,-43.870645356225815,3.249666333564513
4932,129,-52.60176823282991,3.63305351156068
4933,129,-56.772886680603484,3.8223379421523824
4934,129,-54.745042205976645,4.2205070143487164
4935,129,-49.28731898351663,3.8749659954730507
4936,129,-34.97722209893023,4.793036494043059
4937,129,-8.240096161589827,8.812080504086975
4938,129,13.629911978183863,24.0710289157909
4939,129,27.349556332398773,23.491416523749905
4940,129,42.32033392285034,22.288044543323913
4941,129,51.969599958921755,25.33387444868812
4942,129,52.88978183335297,25.66530536578749
4943,129,48.288141544790996,23.845731860780845
4944,129,41.66780372615325,22.496736045358105
4945,129,36.43420338516784,20.428463331975966
4946,129,33.43035470831879,18.606658333628253
4947,129,31.134844568627308,16.430884061278807
4948,129,29.765316371989925,15.890985247522742
4949,129,29.270496768316832,15.695403659742146
4950,129,23.865770705496615,17.592054166653657
4951,129,11.650579916067771,10.651398457294762
4952,129,1.781935071440699,10.574420464867444
4953,129,-9.99695900159786,11.044320232694586
4954,129,-25.829693012517087,5.570322214136995
4955,129,-37.94007768487173,5.703494757341275
4956,129,-46.560489081944546,3.6733787329811842
4957,129,-52.29713531932517,2.8318725584614794
4958,129,-53.987890408848884,4.205865336405065
4959,129,-50.01482034904697,3.8400538214677127
4960,129,-36.50459184971483,4.834095486817155
4961,129,-10.279106980861762,8.656923326919564
4962,129,9.89835686550805,16.261270097011007
4963,129,26.58866847707153,23.284005908977676
4964,129,44.873266592377504,23.276172136662886
4965,129,52.4697476801258,25.52706719744731
4966,129,51.434390591099444,25.08953637245729
4967,129,44.06078270602792,20.90717608533893
4968,129,36.443951588388146,23.60296511492801
4969,129,30.839613441607185,16.3140457984432
4970,129,28.148451780021734,19.055627771377644
4971,129,25.81060692208087,18.131778563590522
4972,129,26.121232464361764,18.254517831896667
4973,129,26.403784634216056,18.366555499003084
4974,129,22.96157467261373,17.193605191007382
4975,129,25.67646607355917,18.79721425443716
4976,129,19.788648683714605,18.052658704853577
4977,129,11.012103366429827,13.139009640327789
4978,129,0.37031777675411437,11.664194827018214
4979,129,-8.48495673455174,10.409984935031549
4980,129,-10.620211052262295,11.031646034681275
4981,129,-13.659895122388798,10.455691384220026
4982,129,-13.631629432532543,15.960372232402237
4983,129,-9.986984827889566,10.563713497101695
4984,129,2.6446784951270064,13.500548247192041
4985,129,33.34210355313133,27.943686627103716
4986,129,46.055758839619656,32.03644616350459
4987,129,59.036366065556734,35.25089004301157
4988,129,73.439053744204,34.744890813448784
4989,129,54.57536674453056,32.06907649215887
4990,129,52.852214877821154,31.357250353485757
4991,129,44.50826439923522,26.790759218185563
4992,129,36.681449778210364,26.86735712643334
4993,129,32.06487258926488,27.57959837915838
4994,129,28.708638431907683,19.276789454485336
4995,129,26.539441364995085,18.4194115869959
4996,129,26.554032342639864,18.425693060533114
4997,129,26.921256838516648,18.571222023417217
4998,129,23.946946529306178,13.79610549410077
4999,129,25.21737177285005,15.485007338126023
5000,129,15.146812059047443,12.535011900722544
5001,129,5.508165177073144,11.061291459841007
5002,129,-3.744456104670335,9.952414199246258
5003,129,-11.894766136021639,9.156664845770436
5004,129,-16.182200040276985,9.039364309293932
5005,129,-18.827367809000293,8.636249018646824
5006,129,-17.752233888980896,8.81016571232724
5007,129,-13.626468427166749,9.272593928023161
5008,129,-3.301064888434735,11.246045671852496
5009,129,18.996869721168597,24.1993815796702
5010,129,36.17201261939884,26.75330547090252
5011,129,49.272371510020285,31.351107202010926
5012,129,67.41408068163746,35.517624667451614
5013,129,52.213778395091225,31.1379341943525
5014,129,49.79919364052377,28.885683877263666
5015,129,41.538148682257855,24.983023979161743
5016,129,35.254180609880116,26.303860892723648
5017,129,30.022960465120985,23.601348156189772
5018,129,27.276785941255767,22.51580528449898
5019,129,26.170780877299737,22.078676473357902
5020,129,25.133791633146718,17.86434340809157
5021,129,24.73476583129258,17.706671860556465
5022,129,22.03118687255795,17.446715695402816
5023,129,24.950591097384955,19.11369259165437
5024,129,18.897061716625917,13.791387672410973
5025,129,10.020028504704904,12.529458323464674
5026,129,-0.8066775939395976,10.929314607000547
5027,129,-10.166298336091838,9.418470190664998
5028,129,-13.47361636488814,9.543671961163845
5029,129,-15.287986000469655,9.553102566183876
5030,129,-17.007419842859917,8.696200581613276
5031,129,-15.518645423391874,8.35616724749744
5032,129,-5.229898284370982,10.362459854138352
5033,129,18.501664823709017,24.036027999283135
5034,129,33.68174160401033,25.90618972158771
5035,129,48.69828692158429,31.158235167392615
5036,129,69.5764440403076,33.194720365451886
5037,129,55.132877303456894,32.28844111044492
5038,129,52.98132627962715,31.40890820486364
5039,129,46.109534965862345,27.423675489703804
5040,129,39.87437035462293,28.12971709258503
5041,129,33.258573384013005,25.515030990947544
5042,129,31.174282059460378,20.251687394495395
5043,129,29.236622294660673,19.485426248497696
5044,129,28.51997692956415,19.202707335901845
5045,129,29.056547835193292,15.609761835465575
5046,129,25.6420181903676,18.247047733759118
5047,129,32.49230100025091,23.98411624316505
5048,129,24.701712817461697,19.907023244985215
5049,129,15.75382690495969,14.926913889571157
5050,129,2.884370236582001,12.563931200329835
5051,129,-4.384255335928011,11.831203072174135
5052,129,-6.660559716134939,12.194652899287119
5053,129,-11.580923413201438,11.108207920733781
5054,129,-11.94651877792957,10.863883440360878
5055,129,-8.269080625263603,11.085500887836572
5056,129,3.6331857765578013,13.73265420475241
5057,129,30.191770126136387,25.917740316221472
5058,129,43.78717129269505,31.010069775689544
5059,129,56.62750861931043,34.25406824694782
5060,129,75.90157761164778,35.67540413467715
5061,129,55.89955840684002,32.58237618025131
5062,129,52.93205212062474,30.121967615547515
5063,129,46.49378041817664,27.575108157253908
5064,129,40.99868824765973,24.769164922123352
5065,129,35.466654593287906,28.92445505356187
5066,129,30.723366622163628,20.072927317722993
5067,129,29.353873789987716,19.532184597523337
5068,129,28.397867823128976,19.15442659315179
5069,129,27.643062680557605,15.050866653186999
5070,129,26.306604479142905,14.675140233086276
5071,129,31.04243368166959,21.48056200806861
5072,129,22.98712431024419,19.137849756794598
5073,129,13.476128600357518,13.737807959244442
5074,129,0.7296112922087206,11.233382119337271
5075,129,-7.609167638282566,10.203495566726888
5076,129,-12.918138098589772,9.543617779102487
5077,129,-16.388419416390743,8.931874856200029
5078,129,-16.784282618764635,8.779965034281496
5079,129,-12.703072832344231,9.375336602924824
5080,129,-2.4537917301061807,11.387599363748704
5081,129,19.7730854947345,24.533713877278423
5082,129,33.04908431496578,25.670702938600435
5083,129,45.54987094910307,29.945317477949306
5084,129,62.91066447945926,29.932994769199613
5085,129,50.32814361645338,30.388928953023235
5086,129,49.68642964921144,28.84076608305709
5087,129,44.083618532162085,26.62420656423543
5088,129,38.0439024059509,26.13812157176723
5089,129,32.75044511230812,27.850424053522005
5090,129,28.602411454625663,19.23489764920679
5091,129,27.574612548610876,18.82903569996901
5092,129,26.3733755801136,18.35387682798263
5093,129,25.836096881050764,18.141912789804877
5094,129,22.650313339540762,13.245005238390434
5095,129,11.538388213903072,10.327395724588417
5096,129,0.29339982586473745,9.53645265638843
5097,129,-13.122736004944846,15.006240180014489
5098,129,-29.016405652971365,3.622112791703372
5099,129,-42.58802514400922,3.461708324328107
5100,129,-50.49862100222663,1.8276785630220136
5101,129,-53.942372090340974,1.9030359229361902
5102,129,-51.293556275583185,2.437638042395017
5103,129,-46.38334702057645,4.685923816696688
5104,129,-32.837679302395,5.256579051315504
5105,129,-7.722650826030741,8.683714717224733
5106,129,11.068471255788525,15.790474392651934
5107,129,26.093637925122703,22.772885269403318
5108,129,42.02173678196913,22.071388432004394
5109,129,50.30266926045257,24.667549848734623
5110,129,48.34620029701458,22.600361476919492
5111,129,42.48340579308868,20.283020002515084
5112,129,37.399722096495616,20.80971718904985
5113,129,32.09331039700869,18.078371436613565
5114,129,29.034183766787123,15.60077438364519
5115,129,27.026158658205734,14.807255386928365
5116,129,27.008496531061855,14.802018951226948
5117,129,26.15185694260297,14.462401378774409
5118,129,21.621619384776803,16.63362642337594
5119,129,11.153381453403055,10.184865538774345
5120,129,0.9961376623312534,9.837963091354286
5121,129,-11.370876893510683,10.035548976044867
5122,129,-27.494759415891412,1.0716510557863832
5123,129,-40.86757903251026,1.4553995321160955
5124,129,2.5738255108052055,6.167824316267256
5125,129,1.290568525757707,0.5230858993666425
5126,129,-0.34845074991524116,4.771395011187989
5127,129,-49.82666443480915,1.1361305534454396
5128,129,-36.27007292634282,4.496163103194335
5129,129,-10.493275414179381,5.075704084286074
5130,129,10.755269065156225,16.886419854308112
5131,129,27.01402048743412,24.469629417373405
5132,129,44.17235796776786,22.89211672036775
5133,129,52.35787754039401,25.478739991251913
5134,129,48.85838563462907,27.87650880680827
5135,129,40.49782822287851,23.30326288021283
5136,129,35.12499031381533,23.08191523393848
5137,129,30.850196384261118,16.318314945904387
5138,129,27.473345040844478,18.789427210060076
5139,129,26.307259071223555,18.328654444495765
5140,129,26.428583675460914,14.571229813255183
5141,129,26.794595977718604,14.715377917925988
5142,129,24.428717892857943,17.718682261694834
5143,129,28.589347354292304,19.852533216346735
5144,129,23.532571436226558,17.880347855314472
5145,129,19.864953384868656,19.58386156752196
5146,129,15.822500764745618,10.375893215616937
5147,129,12.892311362884378,9.217766818112457
5148,129,13.40087426863712,9.418765786473752
5149,129,12.612454918815185,9.107143520062085
5150,129,11.99859414524812,12.669650117495411
5151,129,13.140743409145228,13.121074865880676
5152,129,-0.9644557325588776,15.710814159635149
5153,129,25.452484927046715,24.665099005141556
5154,129,40.00633115726615,27.592541028624062
5155,129,55.40462847181155,31.80266914071149
5156,129,72.08526159018147,34.161489810760266
5157,129,53.98032068500752,29.926413922471436
5158,129,52.040759631902574,29.77094168471045
5159,129,45.396591392402264,27.142569221912336
5160,129,38.66069394059313,30.18672706084692
5161,129,33.24445777093865,28.047258885170724
5162,129,30.413697851545628,19.951120087773482
5163,129,28.629353976382166,19.246253844144626
5164,129,28.43760632649578,19.170362199490125
5165,129,27.92239948854458,15.161387284571417
5166,129,24.962502491927165,14.76983281869264
5167,129,25.96227120834227,16.942675051477977
5168,129,15.356761459327572,9.269736802299306
5169,129,5.935249219505668,11.039142710755094
5170,129,-4.9182745716435665,9.305995930209438
5171,129,-13.534617059037801,8.362400182235683
5172,129,-17.645788667630168,8.292426130095697
5173,129,-20.140035487925367,13.683653431238325
5174,129,-20.170556322898104,13.403415725258867
5175,129,-17.30326967062806,7.670852917641671
5176,129,-5.540108966442747,10.179497121683227
5177,129,20.719449015319135,22.167288758101996
5178,129,39.487042712894606,29.169490695722306
5179,129,56.38616664294555,32.14304684458526
5180,129,74.9781868902174,35.28907429204961
5181,129,56.44967248656629,32.80270062075914
5182,129,53.88968196918964,30.501076434591074
5183,129,45.832687128962654,38.095149473309
5184,129,36.85107072279775,34.54590099256347
5185,129,30.995407146112044,23.985308175938506
5186,129,28.43346287113757,19.16774136194916
5187,129,27.252654932453325,18.700906500434336
5188,129,26.652727183305746,16.56147333876342
5189,129,26.61354662989812,16.5463733107497
5190,129,25.493013995898817,16.22626787828562
5191,129,29.163771480998857,18.148488106336575
5192,129,22.258863650583493,18.765971888617898
5193,129,23.35672613348888,17.15883331198146
5194,129,18.953090666054663,11.613223904259675
5195,129,16.257845011567575,10.547950966403493
5196,129,13.928745522593378,9.627399882063376
5197,129,13.148129502963569,9.31887765705305
5198,129,10.523951423388134,8.281694121575928
5199,129,10.776971350615561,8.381697037878602
5200,129,15.977673217438815,10.437209806134947
5201,129,19.838615489221723,29.45816689537443
5202,129,35.02573455685132,27.535420616907384
5203,129,52.32811547399052,32.464541675562074
5204,129,76.83713758912714,36.013454855677125
5205,129,57.99234461321645,33.41061194972421
5206,129,53.077189298981196,31.448410852250657
5207,129,44.96529412079836,26.972488369962257
5208,129,37.12572728121594,29.580677077243248
5209,129,32.60542255389054,27.793866643247682
5210,129,29.662660292474552,19.654839188841816
5211,129,28.684298649861827,15.462393767034367
5212,129,27.564794567306482,15.654896982528365
5213,129,26.138889172603985,16.359448780960456
5214,129,24.99042121709283,16.032615151130116
5215,129,29.290044486357413,18.18326753783538
5216,129,20.65047023851452,18.135325099170764
5217,129,21.95330389889849,12.799002405211205
5218,129,17.705010457458815,11.119895785595524
5219,129,16.1507383469528,10.505593092730074
5220,129,17.1320667274647,10.893464812417653
5221,129,14.079079276348716,9.686821005640699
5222,129,13.43315324581057,9.431512063664359
5223,129,-12.134088423202405,9.396773439200164
5224,129,-1.4562255838545535,11.53110668254923
5225,129,22.575087991567877,22.71737079032285
5226,129,37.674175339921234,28.41059985289647
5227,129,51.25627177209169,23.11805984994732
5228,129,73.6443740784179,31.564551962600717
5229,129,54.37150039442612,31.973937460100654
5230,129,51.97146443477152,29.741468092902704
5231,129,46.158701414959204,27.442863148061974
5232,129,39.72265470497926,24.264896168085137
5233,129,34.17160514285461,28.412056366864178
5234,129,30.711450370828675,20.068298000045303
5235,129,28.670599976977186,19.262173240251315
5236,129,27.14837621746963,18.660160561736998
5237,129,28.182185989687135,15.263642281571594
5238,129,27.34228975151465,15.66695983182817
5239,129,32.449049509534476,23.836975044914347
5240,129,23.245229262948474,19.060601486556543
5241,129,13.05072337389024,13.3563533945982
5242,129,12.656420244504861,8.228637577277306
5243,129,16.061217667165227,10.470210933166268
5244,129,15.075053101830216,10.080447878171896
5245,129,12.968700557794143,9.247956393920582
5246,129,11.493917409787336,8.665063181262942
5247,129,-12.894259346339698,9.070209982434005
5248,129,-3.257516253419024,10.826364979684648
5249,129,18.542347756675127,23.81112895666318
5250,129,36.471010504603996,28.071774876693187
5251,129,52.669732411746054,32.603301943890635
5252,129,72.91209148146,34.46343975668809
5253,129,54.28900785287766,31.946332661693493
5254,129,52.43788790739379,31.194549344435185
5255,129,46.91605630796558,27.742679561348144
5256,129,39.888886164337336,27.501016436815696
5257,129,35.385592885175896,28.892299192905973
5258,129,31.05574912162945,20.205220201398358
5259,129,28.79190169374085,19.31107435297364
5260,129,28.51961526895258,19.20269732601783
5261,129,28.054941244853637,15.213535676390888
5262,129,26.178132238338815,15.216866811867902
5263,129,15.651686092110983,8.511280675252578
5264,129,5.0712563351236195,10.938871043147834
5265,129,-9.360923034508694,10.1887087260116
5266,129,-26.494927272619208,0.44921300237832534
5267,129,1.0797023335702982,2.9519909211666775
5268,129,10.574929282921753,-0.5767827160014036
5269,129,10.636240575370826,-0.5525475638887387
5270,129,10.559798846988489,-0.5827605212753387
5271,129,-47.29856269289745,0.3112286135817429
5272,129,-32.65994388457361,4.668286893382318
5273,129,-7.231809395947087,13.358840342011318
5274,129,12.893392888387256,12.192532885246857
5275,129,28.795093167029663,19.028197235355975
5276,129,45.947397372895104,23.486171995490615
5277,129,51.2085360644563,25.02064639521296
5278,129,50.13996508364382,24.579339179438378
5279,129,45.54813085749093,24.03078110021197
5280,129,39.73464299224305,27.44000539949732
5281,129,35.13333627409565,24.9872141600586
5282,129,31.52473989423421,16.584761782819168
5283,129,29.80894312593768,15.907219655632069
5284,129,28.446376667440987,15.368687677806406
5285,129,28.025445204961528,15.836108553475395
5286,129,24.991156968296625,14.731384335216926
5287,129,13.703640837158193,10.890382273184605
5288,129,3.5483490159712305,10.296777976460843
5289,129,15.35166439344593,10.189758973819457
5290,129,13.397368913127428,4.34386505676519
5291,129,11.22735223823873,3.4862010763870437
5292,129,11.339466880767702,3.5305135426699867
5293,129,11.041295488243563,3.412675260738811
5294,129,10.144900839363814,3.058385015864256
5295,129,10.342242010595083,3.136372510360521
5296,129,-34.25000265142153,1.428877814873478
5297,129,-8.068496589559826,13.492438024459922
5298,129,12.663288359381353,16.40871653190755
5299,129,32.13601415673628,20.379427440358672
5300,129,51.28336218035445,25.558961805487264
5301,129,56.44883973084347,27.092003738989444
5302,129,52.34914708997734,25.452993246468214
5303,129,46.138319272007955,27.43576881991933
5304,129,38.87937217588367,24.565528554479737
5305,129,34.119549535420404,22.050040359170502
5306,129,31.143501850787956,16.435365317929566
5307,129,28.66537874286157,15.455277075859257
5308,129,28.512071188776133,16.029114131752053
5309,129,28.16585591266746,17.160389322244853
5310,129,27.23757456962883,16.876525977027768
5311,129,31.0972065050793,27.704770393182983
5312,129,26.25847750200444,18.305667110409583
5313,129,20.04571712526554,15.850163534550218
5314,129,15.431777875009267,10.221434259410065
5315,129,12.422082088560327,9.031896070740435
5316,129,12.090806055932102,8.900949664003432
5317,129,10.871807090596597,8.41915700131755
5318,129,10.535127827663581,8.28608674217321
5319,129,11.142843118171431,8.526277874612317
5320,129,-1.882863449085448,11.171268170177795
5321,129,25.146593257936445,24.23207817053472
5322,129,44.5256594065771,31.019571735658133
5323,129,60.58825518950945,35.580219574904795
5324,129,82.8862603159688,38.367487256092915
5325,129,58.972492568732434,33.79478510833811
5326,129,56.09304193187498,32.64115629309883
5327,129,46.96311729207919,32.8353122115772
5328,129,39.874900973495556,29.39849550814099
5329,129,35.164324974277235,33.87956881514607
5330,129,32.3268868693461,32.75719338667328
5331,129,30.502694670327234,19.986893732797355
5332,129,29.340016714295146,19.52748954554939
5333,129,29.94916121292668,17.8654329979348
5334,129,28.588783438485976,17.41333152222118
5335,129,31.00537315776958,21.98033027206822
5336,129,18.759507362467453,13.527221582642769
5337,129,7.349971973809877,11.24609354518258
5338,129,-3.3007670462971705,9.536933815418069
5339,129,2.8612218482519935,16.354389353363377
5340,129,1.8553098654086608,16.192596835495507
5341,129,0.5001157968950731,16.450051386977165
5342,129,-16.59428816519354,14.321949138509153
5343,129,-13.490840640718705,8.719200709663454
5344,129,-0.668662105892559,11.683901794115284
5345,129,29.126697281747994,25.780347260264158
5346,129,49.588312026911055,27.17311137918142
5347,129,68.00625477919498,27.676180723909496
5348,129,84.67193112438542,39.06040240414321
5349,129,58.47943134448147,33.59882785692968
5350,129,55.7232364519839,36.30041362689083
5351,129,47.051826836683965,27.796584016663836
5352,129,39.85034487227496,28.121065906063787
5353,129,33.480323702199776,28.13902942117418
5354,129,29.756632001541604,23.496332976691665
5355,129,28.797203109383275,23.11700893434086
5356,129,27.689939271902663,18.874399782756516
5357,129,27.874912928507246,18.94761765966979
5358,129,26.033878027657998,14.488302750053125
5359,129,29.77764938587102,16.37372990981534
5360,129,21.851791044586122,18.365284551466818
5361,129,13.69880048339539,13.466541795660618
5362,129,4.3255605498228045,12.36526067327297
5363,129,-0.9662548418488681,12.436043649715966
5364,129,-4.214763891349838,12.548891830727866
5365,129,-8.366735828286064,11.64262045957353
5366,129,-8.188570799024797,11.516286126243193
5367,129,-7.428293522707019,10.93325046541699
5368,129,3.018251467770239,13.010229009127972
5369,129,27.320477231784825,28.243335177866406
5370,129,40.2316835832105,23.583390335704635
5371,129,57.476365866312605,22.2541341282272
5372,129,81.49020005388596,37.788416762823424
5373,129,59.146992135944934,33.86033870444022
5374,129,53.779021021943265,30.458114746661217
5375,129,45.54783929141843,27.203117763836065
5376,129,37.79885930578142,27.30960976211815
5377,129,32.21595494714657,27.639379102560547
5378,129,30.067964550601346,19.814347563877053
5379,129,28.68821790879511,19.269047355061176
5380,129,26.83958638988493,18.538896721655046
5381,129,26.112818486178025,18.251274267917797
5382,129,25.44855852080985,18.064697357379032
5383,129,28.526960402200153,19.66845342063027
5384,129,19.023064292307655,17.24182031575293
5385,129,8.809631022676124,11.617667300195688
5386,129,-2.0206052929388485,9.974250279416074
5387,129,-9.901113508901771,8.988187320304487
5388,129,-13.547092453844389,8.798810134885956
5389,129,-15.778777319735926,8.763066159111112
5390,129,-15.785091092376247,8.63008315991803
5391,129,-12.751957634517307,14.365701048471058
5392,129,-1.8797839421637597,10.911191712495569
5393,129,22.85346591487358,26.26882408692116
5394,129,38.39651513037423,19.512451706934304
5395,129,54.97688073246254,13.610043538307657
5396,129,77.66722398430764,36.26595337728116
5397,129,58.05048555888659,33.42246906475955
5398,129,56.2807202115635,31.44478639628788
5399,129,48.52132336953835,33.45074043054789
5400,129,42.03070302125855,34.055674657985435
5401,129,35.41370634041996,33.97653901542454
5402,129,32.194988308677395,27.63102062794112
5403,129,30.358440335163884,19.929245979767373
5404,129,29.032399663684373,19.405130872733537
5405,129,29.22607646547809,19.481796857971453
5406,129,29.0738499731914,15.66936423769131
5407,129,35.255334584322064,23.556814019909204
5408,129,26.417550989248028,20.059927193143185
5409,129,16.608025002773918,14.40587406332777
5410,129,6.158924896956353,12.71444470613023
5411,129,-2.5081132843788323,11.497374482649514
5412,129,-6.726014988899854,11.239209613329882
5413,129,-11.175853066928864,10.21633095081615
5414,129,-13.862234676487839,9.13361758192505
5415,129,-10.487060071392163,9.496249733074826
5416,129,1.2408398568972134,12.127256760107436
5417,129,26.971522815258275,24.207787558323695
5418,129,42.859432543813526,18.84600831028348
5419,129,60.56881834596173,15.84688767347192
5420,129,78.87777239484511,36.753232069869036
5421,129,54.075203169905215,31.854734834491534
5422,129,53.493951070174184,30.34633415969516
5423,129,47.554781261311796,30.533553234998568
5424,129,40.11983546067266,27.593375380289345
5425,129,34.21718908724625,28.431314383903548
5426,129,30.356082159948784,19.92943381792814
5427,129,28.84809777240288,19.33353727774606
5428,129,27.973522215142044,18.987646241962914
5429,129,26.72100823728879,14.68658340214132
5430,129,26.41804984581536,14.625671579738343
5431,129,19.680064402118337,13.601537545028103
5432,129,8.673815652491312,11.723685178693612
5433,129,-4.701763298946227,11.140875076711822
5434,129,-21.473444784395003,1.2593303399496105
5435,129,-36.48860686191435,0.9653678428345148
5436,129,0.9265747771414201,3.279723205825354
5437,129,1.0291850057119745,4.313880806396041
5438,129,-49.33606959280545,0.7950947768972476
5439,129,-43.73054946982569,3.777864911371314
5440,129,-31.6159921128506,3.9091207890103936
5441,129,-8.309006014864838,12.004558928335577
5442,129,13.121346917506271,15.976391521945029
5443,129,30.13715747278739,19.059707383849492
5444,129,49.487011488411504,24.725949183055736
5445,129,54.49326787352299,26.313424704092565
5446,129,51.410847909920456,27.61933971433224
5447,129,47.872008576197004,23.682057599990426
5448,129,42.0746764710252,20.123492090226957
5449,129,36.68188691252045,26.23343087913774
5450,129,32.27373704066194,23.856960729749982
5451,129,30.178147168892334,16.053665567836646
5452,129,28.64869535994502,15.448921984396849
5453,129,28.14508026892648,15.251646526590037
5454,129,26.790455918405677,14.755489346816145
5455,129,15.573804531819835,7.492152616212429
5456,129,5.492913454409054,10.386896319493372
5457,129,-8.10324901816417,9.690661142457037
5458,129,-24.243068327115036,0.12507928646777589
5459,129,-38.46414282489019,-0.07650750463250762
5460,129,8.643602299245378,2.4649992573326216
5461,129,8.245635340308755,2.307711033111155
5462,129,8.50280767478495,2.4093460594673264
5463,129,-45.57582677221106,-0.645187234480711
5464,129,-32.612078038025125,3.793496040364194
5465,129,-7.944830851728257,16.314488944744323
5466,129,13.509984085485927,15.919394890779461
5467,129,34.129012554333485,20.64465367165377
5468,129,53.41913638900891,30.046686391888635
5469,129,58.858832967037365,31.841384105033594
5470,129,55.12662296467069,30.35607904121964
5471,129,46.30891500680778,28.771768439905575
5472,129,39.14734307210105,24.67128412439434
5473,129,33.49817812430778,21.804501743153413
5474,129,30.305788050052296,16.104439996723002
5475,129,28.459173554615248,15.373586034958715
5476,129,27.620620154388043,18.847937373661125
5477,129,27.614527736981252,15.04002751437638
5478,129,28.14976471053915,15.290706412443871
5479,129,33.53165576474526,24.103104494454257
5480,129,23.200648942744763,18.723216105137087
5481,129,12.235240225393795,12.713141954802339
5482,129,1.277029795735074,10.95299816521921
5483,129,-7.795545321825637,9.5521990605244
5484,129,-12.833208961728626,8.96952100183094
5485,129,-15.906499721605128,8.364136600371102
5486,129,-15.872196380979698,8.159734292456019
5487,129,-12.378407339289243,8.460470407351412
5488,129,0.20453269563597276,11.44946935303587
5489,129,27.919935767807434,24.88877708465261
5490,129,45.138145093074954,30.91723790958931
5491,129,64.7202146560658,37.00076742778106
5492,129,88.61128616235409,40.56250548168765
5493,129,61.37477350936194,34.73531893970974
5494,129,57.59111448508336,33.23085521651896
5495,129,48.986749447089636,33.635057753844166
5496,129,40.87836392246719,29.795391298628278
5497,129,35.93502921037056,34.183359088041634
5498,129,34.037396937134034,33.432841248992816
5499,129,31.33134933800241,20.314261189240963
5500,129,29.224758504734606,19.48206225940142
5501,129,28.84410764719253,16.16041435412389
5502,129,29.565376167559776,17.750241862525066
5503,129,32.566316281399224,23.732881551899283
5504,129,19.220129902850935,13.412773342139278
5505,129,8.10993994969811,11.11726997458461
5506,129,-2.4373804062215454,9.383595873616423
5507,129,-11.008112905078804,8.325896887288593
5508,129,-15.303126090929043,13.855724095147355
5509,129,-16.11599260949642,14.151055098487367
5510,129,-14.32575588903745,8.878109008742381
5511,129,-10.219066293875201,9.37489969326643
5512,129,3.733265989942336,16.659568068366656
5513,129,31.620675067085212,30.75704557887257
5514,129,52.049290118435785,31.60953095332526
5515,129,68.90523042096287,19.583223814912927
5516,129,89.22209174172762,40.796997933333785
5517,129,61.243348374702244,34.68455022545495
5518,129,56.41964875190997,36.573942812467045
5519,129,47.319445845035226,27.904592545461767
5520,129,39.47046937800297,29.239071055612172
5521,129,34.566774191152504,31.106534975107376
5522,129,31.227107545219567,20.27263373221763
5523,129,28.569212618732298,19.22200123339967
5524,129,28.530347810238943,19.206892199788467
5525,129,28.293007739562228,15.307717089868172
5526,129,29.360716337606508,16.395856925019928
5527,129,33.45447316107597,22.782821364756924
5528,129,22.24215149689268,18.255837253637964
5529,129,11.650742514351442,12.258160742834338
5530,129,1.7463669456048714,10.852551735357975
5531,129,-3.3307849376361665,10.93397003317438
5532,129,-3.9965479115988134,12.05387828185283
5533,129,-6.656956495262767,11.674128279805972
5534,129,-6.823242644115323,11.406108468365682
5535,129,-6.643986311015759,10.577654211313174
5536,129,5.697245499086234,13.476025188782794
5537,129,30.99608257012998,25.418380331517287
5538,129,45.73493506609644,31.111051976561964
5539,129,64.23593558599433,36.763929205849315
5540,129,84.98448374297607,39.10608477140407
5541,129,59.5682503550406,34.02016296951182
5542,129,53.88124033433328,30.496371048057476
5543,129,45.6902457429324,27.892706894926697
5544,129,38.5467833583229,28.872927153044813
5545,129,33.40665773347962,30.646165075461305
5546,129,30.47775099515382,23.78122023662083
5547,129,29.471463280129562,23.383260584341024
5548,129,28.79379831097412,23.115664388747987
5549,129,28.98126369051979,15.579121953002854
5550,129,29.384692497391505,15.773388429097347
5551,129,35.702587585948685,24.927593605611463
5552,129,23.538314377045346,14.962066369923846
5553,129,11.837633801039138,12.421084877486164
5554,129,0.3417491106521009,10.421295319985738
5555,129,-6.284354297066086,9.871976831796951
5556,129,-6.766694536269324,10.930460841660457
5557,129,-9.645049810900641,10.576285023519933
5558,129,-11.700091582048433,9.619672482631167
5559,129,-6.948619799847067,10.324360431180633
5560,129,6.226624136257075,17.363864495466025
5561,129,33.57821125894134,26.899096355411874
5562,129,48.6995474380324,30.859721594951665
5563,129,66.28134172276623,32.46228511773332
5564,129,87.0597976916675,39.92138211986047
5565,129,59.3470684049941,39.004660752290825
5566,129,56.83853577844533,36.73912169194934
5567,129,48.33641329764426,33.37698594806836
5568,129,43.02722447373397,31.278577565271984
5569,129,37.517946378064714,32.27128623678309
5570,129,33.37381311068821,30.6336331532203
5571,129,30.950698807305333,20.16325839345838
5572,129,29.272255284813976,19.499623028267738
5573,129,29.252170757799178,15.686819540926919
5574,129,30.197363776940655,16.71441584306688
5575,129,39.74718280194295,26.48893964252522
5576,129,33.37473772512234,28.27563553895951
5577,129,26.40991113856733,33.788785664898654
5578,129,15.009907007288048,19.59550338532187
5579,129,9.621199056482233,19.596464381087614
5580,129,4.820419411360355,15.283612253395642
5581,129,-1.012869872477118,13.660581605877237
5582,129,-3.1706946600993935,12.76694716102517
5583,129,0.3647754538784187,13.170728856568035
5584,129,11.361922867897666,15.583223063710953
5585,129,39.846808371369555,29.48124524873647
5586,129,53.66098646455292,34.182797932342055
5587,129,69.98414095149829,33.9432482403489
5588,129,86.96057830121545,39.885068130253984
5589,129,58.34553353801508,33.53587931387127
5590,129,55.281663347770625,32.32049820834276
5591,129,49.212523067954706,28.65201611704661
5592,129,42.87157628914595,28.6810640670439
5593,129,37.14891901082756,25.78456618935368
5594,129,33.835674567473106,28.27991373152227
5595,129,31.396850899366225,20.34048573717464
5596,129,30.56235077303121,20.010119738360324
5597,129,29.59354422299054,15.821598954209273
5598,129,29.451260086623353,16.423063814730835
5599,129,22.235171336015824,13.711057465891793
5600,129,10.423521938780212,11.853992957132878
5601,129,-2.2602148558976687,11.323279801325773
5602,129,-17.69686071692683,5.388813948926785
5603,129,-30.767702044847635,5.073911500138639
5604,129,-40.607223919668144,2.0762550568765996
5605,129,-44.014441479878045,1.821179581167308
5606,129,-43.43257801246486,1.5556352747010584
5607,129,-37.69563105939672,4.771349191514418
5608,129,-24.798024073723223,5.362406776475055
5609,129,1.0317337057241804,14.70316982449481
5610,129,22.003155709679255,23.186766005022868
5611,129,37.15103892024163,25.17332378305702
5612,129,52.05781058605019,29.40574630452298
5613,129,54.16123737792944,29.981886312222887
5614,129,51.47613412969776,27.6427908672395
5615,129,46.72301042196519,25.76392997488973
5616,129,40.19090027925481,27.6229929729342
5617,129,35.51933920466433,25.773436835024267
5618,129,31.919467700848415,23.7179626246078
5619,129,29.824611779587507,19.71815634980915
5620,129,28.41685556842227,15.356389969852454
5621,129,27.362582590696128,14.941704091453865
5622,129,26.268241093130584,18.32592420104542
5623,129,16.991206518233437,11.590942337542698
5624,129,6.2483625971817,10.139020616811026
5625,129,-5.62488925144139,13.740326050276852
5626,129,-21.090948373240547,0.3355416486485888
5627,129,-33.72466905345556,0.5479971092524913
5628,129,-41.92339189646793,1.156523517592883
5629,129,-44.954174200435794,1.3108016318831799
5630,129,-44.75355854217417,1.1980708907509372
5631,129,-40.13697380308623,0.8712716410885033
5632,129,-27.22460615992217,4.668251930144627
5633,129,-1.432261186465278,14.051046941932462
5634,129,19.68164250951271,22.646824242518118
5635,129,39.1303568182626,22.144964947248475
5636,129,58.173702976222266,27.979847506449737
5637,129,59.47885684975712,28.27354459600795
5638,129,54.95495669650041,26.481454984970338
5639,129,45.91154632280164,27.34560081911836
5640,129,37.86617234523326,24.16452636814231
5641,129,32.427435900546975,21.38088582477502
5642,129,30.14951231793467,16.04163288902379
5643,129,28.62706914105978,15.440027003756338
5644,129,28.002546031474505,15.193178740749197
5645,129,28.436054523946265,15.364119859059702
5646,129,30.962466757998573,17.012587819502475
5647,129,37.699366264405235,25.653272244424045
5648,129,22.213499847786476,14.311498564038242
5649,129,19.827809768340753,11.958952452084663
5650,129,14.974359243817348,10.040689822339685
5651,129,12.185378810511406,8.938358433238067
5652,129,11.010819087446555,8.47411467831938
5653,129,10.284473203127419,8.187031867306823
5654,129,10.64342712193611,8.328911457228152
5655,129,3.9519420069348277,16.370080618468002
5656,129,2.371488254681142,11.821568458142345
5657,129,31.882078074904452,27.305806810753953
5658,129,46.78343623369074,31.246848781718878
5659,129,67.32878053466185,35.93724219864382
5660,129,90.93946149734545,41.424337511085305
5661,129,60.226620479750025,34.276348145417955
5662,129,54.74548181339345,32.10787785657953
5663,129,45.876815046668796,32.40659687871436
5664,129,37.87439733211728,32.413293438866106
5665,129,33.407785642409536,33.184681834760006
5666,129,31.052482982551034,20.2037035410486
5667,129,29.013964567856874,19.39886711305693
5668,129,27.878047027129206,18.94952255041835
5669,129,28.44017198016646,16.000608673059613
5670,129,30.96259049566469,18.277663105263546
5671,129,39.49372925644112,26.368687496482092
5672,129,22.539100025379398,14.502032918275038
5673,129,10.04567865332201,11.577822029827928
5674,129,-0.8883794916506038,9.629723693747401
5675,129,-9.937133811840527,8.307501488636714
5676,129,-14.489480872291626,7.9784693165334595
5677,129,-16.040374098787613,13.676157912111464
5678,129,-13.237025279687952,14.513822729817747
5679,129,-8.449389357227554,9.554264803495004
5680,129,6.453633885958321,13.449286131435182
5681,129,37.82539943103897,28.99070640353837
5682,129,55.499078649707045,32.659813420958436
5683,129,72.9864330984612,21.010887665605274
5684,129,93.40404668147062,42.39651487404661
5685,129,61.93111965833015,34.9527063946991
5686,129,57.181002659592586,36.87459990494171
5687,129,48.005423653737445,33.24932288265542
5688,129,40.758565810675776,30.383041880528936
5689,129,34.617247905229796,31.12731327081705
5690,129,31.59728091230052,32.469182645120426
5691,129,29.298249626709072,19.51135074422391
5692,129,28.689273845694252,19.270026823088312
5693,129,29.397403480517113,19.54951489094721
5694,129,31.516767310095673,21.66752288958949
5695,129,43.155414717828634,27.795547152736486
5696,129,29.013397838582033,25.173379170980663
5697,129,16.31535597559153,13.816219648284875
5698,129,3.8919580356366335,11.32967176872313
5699,129,-4.855905132930438,9.88721025980773
5700,129,-9.05192640351049,9.559575085826559
5701,129,-11.622151007779745,9.201222497472122
5702,129,-12.467261418614816,8.66426433387799
5703,129,-9.6340384109182,14.562671003065118
5704,129,3.5086500530858156,12.109930086786402
5705,129,29.952273191603318,25.20225890105708
5706,129,48.36171596302952,31.817344426937925
5707,129,70.20884359630742,30.683569029753865
5708,129,91.96623894322586,41.810793151553085
5709,129,60.37385227604064,35.60276911105755
5710,129,53.7078273206204,35.50340309514651
5711,129,45.89423038090912,32.41362055309625
5712,129,36.787663650871494,31.98402643522988
5713,129,30.700084535081217,23.869652465505894
5714,129,28.398910514762342,22.960626097804955
5715,129,26.79510306316468,22.326738145565475
5716,129,26.05868105644299,22.035561470695708
5717,129,26.095219384076163,18.244644025803716
5718,129,28.762461322469235,15.506099275046655
5719,129,38.261985387102904,25.84919484730368
5720,129,23.691388495897414,18.622546424294516
5721,129,9.822361831805404,11.317319286303631
5722,129,-2.2867111897121317,8.978232718703142
5723,129,-9.171236988515908,8.26568794209282
5724,129,-9.760124148109007,9.24182344250242
5725,129,-12.5762041606568,8.89963602123747
5726,129,-13.909702709439198,8.222655905031093
5727,129,-7.711871996497644,13.293124316968376
5728,129,5.453807286015133,16.564473099609177
5729,129,34.306357138930096,26.770439029012564
5730,129,50.617711595386524,19.879535301606747
5731,129,72.60178804641015,20.817444685857396
5732,129,93.59982530992667,42.45697732804111
5733,129,61.285425434501775,39.7695447186908
5734,129,55.71768287540252,36.298808794282955
5735,129,46.77639241243908,32.761750169968344
5736,129,39.92366452859408,33.22386715131305
5737,129,33.46149249746577,33.206488601687184
5738,129,30.855914074820802,20.126357323006847
5739,129,29.12221824645689,19.441899954837456
5740,129,28.235895051676508,19.09148194695712
5741,129,28.630965251145113,19.247102497517428
5742,129,31.08710027620093,17.05196036365418
5743,129,46.48013009099022,29.062253815439316
5744,129,38.723970144702356,25.751438890409474
5745,129,30.620237844995955,28.821547190395286
5746,129,21.326169159655684,33.759010052766584
5747,129,14.176810492035063,32.98354136765817
5748,129,8.73469956306666,16.32409226382229
5749,129,2.4784947284191006,14.54171339230264
5750,129,-2.039998735623938,12.69877887902987
5751,129,0.12177454311113056,12.53335950821647
5752,129,10.772768443255865,14.857565504313632
5753,129,38.75856473459483,33.69570030758997
5754,129,55.913807178493535,34.73718088007877
5755,129,76.95861572360796,36.498526974593354
5756,129,94.82219151064109,42.93803678084969
5757,129,60.95816411977689,34.563632305872126
5758,129,54.96552391485543,30.92520188091074
5759,129,48.06751104327328,28.19829651368256
5760,129,41.40806007840669,28.10198644523504
5761,129,35.87171625179425,25.279511954831893
5762,129,32.22410144600868,27.64237275645247
5763,129,30.028893662558566,19.799821489789768
5764,129,28.63287259166192,19.247199078193507
5765,129,28.593670469523712,15.425918676164134
5766,129,29.051077709166485,16.2477071485463
5767,129,23.788725213768515,14.739635487576084
5768,129,13.344245244472974,12.525373961143877
5769,129,-0.3190583929357227,11.405323077534096
5770,129,-16.299150334510625,10.11000846986607
5771,129,-29.664593312404286,4.427215203147398
5772,129,-39.27178357299888,1.2664976339651166
5773,129,-44.3471464200248,3.8278720383252263
5774,129,-43.69754799442105,3.6257304192186117
5775,129,-36.81369164240178,3.855038990698577
5776,129,-20.938406626273277,5.73997507054424
5777,129,6.6213426963962485,19.763130477851938
5778,129,29.83328740794261,24.927527623619884
5779,129,45.92088838578007,28.195073845303256
5780,129,57.76751504157623,31.54199924251446
5781,129,55.8957383011367,26.85977557519353
5782,129,51.58014609341471,29.58899641794633
5783,129,45.269365090526094,25.193831941363214
5784,129,39.71988138778093,27.437983118842762
5785,129,34.42338069534079,24.708027262782842
5786,129,30.833399075838596,20.11884593750366
5787,129,28.182435975324882,22.875187963441544
5788,129,27.366354702210604,18.74677181430872
5789,129,27.203878265580904,19.31622259171
5790,129,26.776667770239126,20.41925121721294
5791,129,19.90598740577615,16.969004745683456
5792,129,9.235454062147763,10.82924569060312
5793,129,-2.810967088227756,14.174441107804949
5794,129,-18.598720773316646,9.209847690441027
5795,129,-2.177096718866234,-1.3806694215799007
5796,129,11.750744911875167,3.6930596033260406
5797,129,12.266701942432402,3.8969876891981032
5798,129,11.545727069900035,3.612030462119307
5799,129,-37.63094468682537,0.4977780099907295
5800,129,-24.552015790309913,4.581266107959467
5801,129,2.00071048060807,14.442454947026816
5802,129,24.00768866598163,24.877017409677364
5803,129,45.03340985023907,24.030961498252733
5804,129,63.484708642619125,29.96995487965662
5805,129,61.31506378954199,28.996736349826598
5806,129,54.584072826489475,32.04305050210354
5807,129,45.10975426132474,28.29820244005326
5808,129,37.75490876492565,24.12176865208885
5809,129,31.325318155681014,16.506779762392558
5810,129,29.071991421457998,19.42117168278048
5811,129,27.868252126036662,18.945906164113943
5812,129,27.29378886989697,18.71856218149865
5813,129,27.69157626621738,15.070157281855392
5814,129,30.134489622034465,20.47980964280376
5815,129,40.149948381772546,23.369745427269127
5816,129,24.377975248356332,22.57619998251676
5817,129,11.858688290082075,15.768746417969801
5818,129,0.669306597492314,13.744327044404248
5819,129,-7.455442615222685,8.78266097023471
5820,129,10.703722689614391,8.352758947758158
5821,129,9.545640082394335,7.895037227801956
5822,129,0.9048453446059423,15.885306922570248
5823,129,-7.14134457910609,13.306972273622607
5824,129,9.822502986740368,18.120635474944006
5825,129,46.12414176760876,30.637083700845036
5826,129,61.707842618116125,34.931891528923465
5827,129,78.20398237644405,36.88270844996002
5828,129,93.14676934666099,42.251876114858845
5829,129,58.85563910250613,35.00040871917157
5830,129,52.89791213997258,30.10852715894313
5831,129,46.014392138061076,26.752939382648297
5832,129,36.88246957479635,23.142391872553677
5833,129,31.674312029063344,29.962795466416196
5834,129,29.710931360213465,23.479001098534553
5835,129,27.668114035513725,18.866609682705352
5836,129,27.391260560580832,18.756915406831798
5837,129,28.26888714131376,15.932112043430765
5838,129,30.807557139576446,18.20740020141533
5839,129,44.108116381403775,28.11277870645587
5840,129,26.378696214668317,19.613163015587077
5841,129,11.151729926884457,11.712155949429429
5842,129,-0.49427968283910495,9.415921598358336
5843,129,-8.620209945300827,8.408720298947282
5844,129,-13.06250244656293,8.088355929485864
5845,129,-15.156668869556022,13.59290573531421
5846,129,-13.79966964385454,13.834192896997802
5847,129,-8.277465250516814,9.143271143569155
5848,129,6.675932310095945,13.093932480076644
5849,129,41.814908204031994,34.61896774399939
5850,129,63.574725656663944,29.207229714681095
5851,129,83.35971911783946,24.935857169704803
5852,129,98.99877996385942,36.321938812536786
5853,129,64.4795456092344,35.95593005690541
5854,129,58.58253912472022,37.42823991844614
5855,129,48.716208671192916,33.52804558541736
5856,129,39.32275328603496,32.98697544936796
5857,129,33.552285667055145,30.705609698305988
5858,129,30.391715560516896,19.94408874946501
5859,129,28.551447812414033,19.216779516015894
5860,129,27.697677071912395,18.879078646556405
5861,129,27.96028797298461,18.981712245219217
5862,129,31.36470412763426,17.16108308411304
5863,129,48.064799253054794,28.38970156630832
5864,129,35.264123805926026,23.645856694391345
5865,129,21.413358736662115,19.34645141242971
5866,129,7.169540981194988,12.262106424955629
5867,129,-3.362411120240383,10.079313014470817
5868,129,-8.742477051051079,9.250248355112412
5869,129,-11.721888771121236,8.73939572285233
5870,129,-11.939550635857,8.41964907816231
5871,129,-7.392553706341509,9.266520443668835
5872,129,7.685848633977754,13.315041111807025
5873,129,39.96248861241158,31.294306006041854
5874,129,58.45064421901086,27.243132340499027
5875,129,82.05225465653292,38.351993207852274
5876,129,97.78184694796805,44.06928855592119
5877,129,63.7829698482027,39.48416845752431
5878,129,58.90633238778498,37.55735652060419
5879,129,49.326867376991714,33.76979561439094
5880,129,40.37065136017603,30.229218796614425
5881,129,33.47015571217293,30.67310174264349
5882,129,30.316923218998426,23.71937346265982
5883,129,28.35265352154964,22.943002377796077
5884,129,27.523668718721026,22.615350355547264
5885,129,27.831889902235062,15.760370966046423
5886,129,31.022011708829734,18.293651818705495
5887,129,47.64630202247477,27.580080751322274
5888,129,32.95597013659113,24.616618963256222
5889,129,18.554591405288978,22.059462675502335
5890,129,4.973353860305229,11.448015387459854
5891,129,14.178020259652701,9.725936420362288
5892,129,12.661442997223048,9.126522733174426
5893,129,10.406380213108356,8.23522658446744
5894,129,0.5054793896542842,15.56892254839396
5895,129,-7.4758210908684175,9.099457039526845
5896,129,6.099310319974293,12.560677622419881
5897,129,38.20901128286442,29.189760330963725
5898,129,57.30251817282894,31.718754181475266
5899,129,83.12966326979854,38.7502979822463
5900,129,101.63618297891308,37.35190329662762
5901,129,65.70007220741714,36.43854126071742
5902,129,58.70088526948219,37.476669499292804
5903,129,50.95640398401496,40.122177982956806
5904,129,42.811336102260846,36.901908811009534
5905,129,36.1571753875663,34.27309627419631
5906,129,33.260808936284135,33.12710134203761
5907,129,30.28178879644766,19.900750093200152
5908,129,29.08517090171925,19.427656339719626
5909,129,28.30132788382983,17.214799180595534
5910,129,31.366858580737787,18.428299235070686
5911,129,51.70707208563419,25.349234194461168
5912,129,36.811194876609555,24.789850605589297
5913,129,25.46727970673912,32.8166229352032
5914,129,15.759113089522714,15.324216721434507
5915,129,7.224391740486613,13.968915818347401
5916,129,2.6982291146226967,13.49425685807056
5917,129,-1.8447994106101095,12.394563345555103
5918,129,-5.206165146554643,16.663282238111904
5919,129,-1.5970579127609907,17.060830428397303
5920,129,11.625938313677697,14.729515971953452
5921,129,38.951456002605525,28.28570868241908
5922,129,59.737624763748,23.861360950027333
5923,129,79.74127060689318,23.45140350729153
5924,129,86.81392287260631,39.734429833417956
5925,129,53.18821675539026,31.490079368606857
5926,129,50.666790932366034,29.22515197993323
5927,129,44.44105063598924,32.4723194617255
5928,129,37.752526500485054,29.828090606647727
5929,129,32.72661093780743,27.8414064295164
5930,129,29.931700987280152,19.760546727087203
5931,129,28.8178491996387,19.32079211710801
5932,129,27.726535921245134,22.694236587915533
5933,129,27.487590113708936,18.794532422123734
5934,129,28.31155103638966,15.949762998759953
5935,129,26.243435991779307,15.52383406311542
5936,129,17.140360859200232,13.51817587662255
5937,129,4.598631586243906,12.599239010577833
5938,129,-12.088470423675945,10.898801994154203
5939,129,-27.1954270146324,4.456474455609333
5940,129,-35.87544645192431,4.423156093051965
5941,129,-41.714586102734316,3.8297983585481954
5942,129,-41.04402245517152,3.5180577746316675
5943,129,-33.7470188178185,3.879423670173012
5944,129,-19.078250065956702,5.3536006367083715
5945,129,7.369853344287025,15.311585881677077
5946,129,30.52863813483142,20.65538883450978
5947,129,48.54708936278118,24.99096460337153
5948,129,58.8522324384142,28.084761448976316
5949,129,55.455776867206374,26.684239966390727
5950,129,52.306263554948494,29.87595238203227
5951,129,45.2121182194809,27.074254223653906
5952,129,40.34318135097048,27.684668813498828
5953,129,35.3424419755059,25.071985626341696
5954,129,32.71185055800918,24.031656900633095
5955,129,30.837475068603904,16.314164812303044
5956,129,30.10878480492857,16.025922662837797
5957,129,29.881403204184366,16.570118321562354
5958,129,28.803306597741884,17.41301935814075
5959,129,25.374887666652192,15.137683426718139
5960,129,13.894340595987043,12.134181201730081
5961,129,1.4403376004372137,11.268344721389147
5962,129,5.107189308666438,10.041139859290851
5963,129,10.682535879630638,3.270889283716411
5964,129,10.895549778521364,3.3550754386065833
5965,129,10.22341155397033,3.089408429677921
5966,129,9.834061271542183,2.9355250685402745
5967,129,-35.30568770185249,3.115035248284668
5968,129,-21.110327728854518,4.692194882926198
5969,129,7.906944980164143,12.57952679732901
5970,129,28.808811647019372,17.089791563585724
5971,129,52.59121976215092,26.568895764182304
5972,129,65.7433699804848,34.59389594910323
5973,129,63.51645239473691,33.670343380317895
5974,129,55.3239872309314,29.16513753612822
5975,129,47.489366292256975,27.9695376118224
5976,129,39.39452356090839,24.770570347416246
5977,129,34.49345960917294,22.198384259884207
5978,129,32.15647347911743,21.274735931179706
5979,129,30.198599146842753,16.061872974155246
5980,129,29.540028843488386,16.435528612909227
5981,129,29.63842561430552,17.742433429384608
5982,129,32.94237259928162,22.219600071968973
5983,129,50.871510602653544,31.24821975364566
5984,129,35.70583039239178,22.673860523846386
5985,129,24.65167682920327,17.67064332858864
5986,129,16.307679580976895,14.372749771875315
5987,129,11.688145420061302,8.74181097194031
5988,129,11.018723230357075,8.477233521951804
5989,129,9.78163451170644,7.988283484508092
5990,129,10.918657353418737,8.437684979709523
5991,129,14.338484644702554,13.59446681582841
5992,129,13.858310001140683,19.199567222661535
5993,129,49.44118823546195,30.24749285245564
5994,129,70.10624994333864,34.74114174807944
5995,129,90.08340555241384,41.395291616909105
5996,129,97.68076195713627,44.01433338262864
5997,129,61.88611721215342,40.004355831605565
5998,129,54.66858996610347,35.88033343515227
5999,129,46.29045828456802,32.56910519918943
6000,129,37.57959153459323,28.49168573473991
6001,129,32.47027611860742,26.47242939846948
6002,129,30.409480559057457,19.949952974321636
6003,129,28.659855811643766,19.258164532937602
6004,129,27.163555885911016,18.667287893697885
6005,129,27.43520474742578,14.967880570334435
6006,129,31.120461635264384,18.330021049456853
6007,129,51.954465400440576,31.138000076377846
6008,129,33.30785607974729,27.815077887759852
6009,129,14.397151639750195,12.622610448753361
6010,129,1.0637329581624777,9.606184676518653
6011,129,-6.866117477578426,8.649611148382292
6012,129,-9.836543944966802,8.892311502437849
6013,129,-10.813503527859481,9.116103351060952
6014,129,-8.88590287728258,9.512993820505214
6015,129,-2.723773702654919,14.571750487877464
6016,129,15.500002965214922,19.861938113279137
6017,129,55.65981477780346,30.78134613346898
6018,129,76.75490962355036,23.30388072944357
6019,129,94.98623707159504,29.358106707363092
6020,129,102.85854227646807,37.81950226333557
6021,129,63.95430372113198,34.47916291006977
6022,129,57.18136346066982,31.8002258957732
6023,129,48.47009537149371,27.722524969763562
6024,129,40.038866948395366,28.195546313919984
6025,129,34.12743805610929,33.468627101625145
6026,129,30.543892769366863,23.808883177868182
6027,129,28.649679546876527,23.059686624029354
6028,129,27.57134857051957,22.633487537178297
6029,129,27.796940187103935,20.81958935130996
6030,129,32.23702185033661,11.794939438452088
6031,129,54.11776531682394,21.200006159054738
6032,129,42.88878851577355,32.14838695191482
6033,129,30.069837581724823,31.931019886214315
6034,129,14.374867622571397,18.493396245337376
6035,129,3.9706946713111146,16.331336354325444
6036,129,-0.9421596414965205,15.672290010663934
6037,129,-4.54211976784924,14.891058229861928
6038,129,-4.318605978732126,10.876595395296192
6039,129,0.7604253280847351,15.724081089388955
6040,129,16.343866267038653,20.020775269663172
6041,129,49.917089547201584,24.643824816308232
6042,129,63.90826190710386,18.282111893152766
6043,129,85.86376083174868,28.267752411083432
6044,129,94.62049606733508,44.70183148898126
6045,129,59.322034834863814,37.72020515672818
6046,129,53.24913911204832,35.319708082775456
6047,129,45.079272464719764,31.455885376296884
6048,129,37.240511895813015,32.162223739523334
6049,129,31.879505094265237,32.58045804116239
6050,129,29.873161687824947,23.543665036838043
6051,129,28.479757623628256,22.991909183160782
6052,129,27.06535740027499,22.433540696435813
6053,129,26.644666904668323,22.266509827334158
6054,129,29.68930020066518,13.324925096806307
6055,129,50.73711184163382,21.758989522984926
6056,129,35.48063200556895,24.122921967030866
6057,129,20.926368822043184,18.828684012599073
6058,129,7.646518279413206,12.06701771318022
6059,129,-0.34494158838521694,10.877711203363548
6060,129,-4.238611218786437,10.512330233108436
6061,129,-8.948763687902039,9.386060896973419
6062,129,-9.528389366384559,8.905070102094486
6063,129,-3.3510461742313757,10.182784038460863
6064,129,11.098028803464722,14.031160874726195
6065,129,45.530532563933356,31.665357972508094
6066,129,65.8294610941687,18.905151040621465
6067,129,87.66338168907112,28.956925742403218
6068,129,95.61148999475033,43.19334328540453
6069,129,59.110669610618835,37.63798686494585
6070,129,54.59001046860201,35.8510309386919
6071,129,45.96825951033956,32.4424109641706
6072,129,39.07919107454405,29.084349496398627
6073,129,33.92177686842196,30.850821946699
6074,129,31.08062039754883,20.215591148488976
6075,129,28.769485255436933,19.3013791391706
6076,129,27.641227231548104,18.856477323611564
6077,129,27.61810244370372,16.945006109107947
6078,129,30.565505090261734,18.112098591803527
6079,129,49.51076372955065,18.077264882955816
6080,129,32.28300811259199,24.051061227981865
6081,129,19.043623626333495,21.69396671520515
6082,129,8.226616885972593,11.946233169054684
6083,129,19.40251948051702,11.790862525292743
6084,129,20.714008052861278,12.309211524153492
6085,129,19.81892496526233,11.955439091825744
6086,129,19.072437856023917,11.66041853332582
6087,129,2.1379906118217384,18.00228480734336
6088,129,15.577328610128339,19.601014681853066
6089,129,45.48953209037088,31.70780560319081
6090,129,66.62421499762777,30.042770394021048
6091,129,86.4318888072823,28.452900499751987
6092,129,93.8185113551776,34.237593593762995
6093,129,58.1172492323464,31.53595841532128
6094,129,54.27988278062662,30.018848716322726
6095,129,47.731522602022125,38.8460513737988
6096,129,40.901476335584384,27.268341185328655
6097,129,34.72667264818696,33.705059162666366
6098,129,32.28705947336624,32.74122282429968
6099,129,29.582710185215966,23.42756262531248
6100,129,30.04397319348201,15.99959920625971
6101,129,29.42759599836059,17.658790069469827
6102,129,30.42816002471749,14.88254842611418
6103,129,29.845645796717115,14.891577120109384
6104,129,20.541693718487906,18.1497956888404
6105,129,21.62961018043785,12.671040908889033
6106,129,16.525311267631903,10.653646170315762
6107,129,14.314789168948682,4.7064642238385925
6108,129,14.843216054023056,4.915316847348578
6109,129,12.584881979216146,4.02273936064426
6110,129,11.774418094781025,3.702411137339406
6111,129,12.230046657908666,3.882496590089503
6112,129,-14.563635385975271,5.955743542115645
6113,129,13.519747597710296,21.835719776243145
6114,129,36.600697867234466,19.123026805878723
6115,129,54.829196419760585,23.898757608163976
6116,129,60.103211513784224,28.53559116389904
6117,129,57.323596550905634,27.422103179215757
6118,129,52.16820240718628,25.381193211456637
6119,129,46.80651299438904,27.700991888038853
6120,129,41.09719249573579,27.979822486023252
6121,129,35.35435769851281,25.075838376088207
6122,129,31.557761753989055,23.57478454243292
6123,129,28.926352936192334,15.558588837066946
6124,129,28.42557742554652,15.360926121232993
6125,129,28.91389142772116,15.554028851570125
6126,129,29.547094242384773,15.804034591769353
6127,129,30.320618078220562,16.93538929426395
6128,129,20.73210917231266,18.120751420414532
6129,129,9.490296776861307,13.66423706510042
6130,129,-5.83220875133933,12.38664958374543
6131,129,6.941167609230636,7.016328814459194
6132,129,17.989686401816417,6.158942657437739
6133,129,17.014183992670628,5.77339151729743
6134,129,15.77730561425339,5.284529356359024
6135,129,-24.161566142714253,2.911542278927615
6136,129,-9.453968506618171,8.044207255975245
6137,129,20.91928652192676,24.927889975266446
6138,129,43.40934081198894,25.215245614903512
6139,129,61.23193575916663,29.578181603254823
6140,129,68.4813953260301,31.836444047737473
6141,129,63.95800846397282,35.74760660544699
6142,129,56.42784819305901,31.50602249496444
6143,129,46.14623174862603,27.44110801686084
6144,129,39.11458914815974,30.368167169018058
6145,129,33.33132485194773,28.080905703617965
6146,129,29.95398685930084,15.964877650164293
6147,129,29.029469848730947,15.598932341766208
6148,129,28.71254902018061,15.474174541025583
6149,129,29.00952986356159,15.591159714756394
6150,129,33.062301527032545,23.535942407997208
6151,129,56.16924877840057,32.742487019085445
6152,129,38.4592707653017,25.17666871581681
6153,129,21.362270378338323,18.859157880618866
6154,129,7.7939292067987225,11.94475027114202
6155,129,-2.2215427068403293,15.689181953234463
6156,129,8.260457228071171,17.770827573668978
6157,129,13.383203009744605,9.411739764276117
6158,129,5.356177151701724,16.69753102583559
6159,129,-3.2747835625615007,15.655530369868796
6160,129,15.839660580188264,16.316475810875385
6161,129,50.767749879323645,27.810341031139114
6162,129,69.82497535695676,31.122186816772356
6163,129,89.69446336730613,32.83394425104628
6164,129,92.5558232863643,33.73160037542638
6165,129,56.66170231794382,34.1351161109964
6166,129,52.13805630300672,36.784602938152744
6167,129,43.00656666550029,30.637347469117476
6168,129,35.36543610533727,33.95868007149905
6169,129,30.73396527825578,20.074563335643454
6170,129,28.366109294742426,19.138717189431812
6171,129,25.548216499761022,18.024993420258053
6172,129,24.38894652216722,17.56680881689267
6173,129,24.346143634720818,21.35777357561998
6174,129,28.204188659243123,17.178234174620105
6175,129,50.56221227333746,30.525380646409715
6176,129,33.2898362684374,27.592464772181643
6177,129,22.32869566006962,16.75251413922291
6178,129,15.620616179598423,10.296099914657034
6179,129,13.695315874639846,9.535144846369628
6180,129,15.286435901538164,10.16402867921841
6181,129,16.202357711530002,10.526033078465668
6182,129,16.690503483572094,10.718962175405501
6183,129,18.39189709785616,11.391423746198864
6184,129,18.09849435156413,20.369785033607293
6185,129,57.549817312892934,41.24017844981527
6186,129,81.87855451772651,27.53031059439205
6187,129,96.62090454422723,32.38244823357751
6188,129,95.25451296687737,46.215460078028364
6189,129,58.10229446915272,37.24286505127769
6190,129,53.21077274115027,35.30692261570125
6191,129,44.51123563459347,31.861823762786123
6192,129,37.41252735752199,29.056071091259067
6193,129,31.843363747216415,26.220686880867667
6194,129,27.532560658192264,18.809197201168754
6195,129,26.060548509940883,18.227415070471285
6196,129,25.438878586780344,17.981712651444546
6197,129,25.734744663420628,18.103322146498215
6198,129,29.27938833082272,15.700103620789534
6199,129,54.05571037943147,31.90570760873875
6200,129,40.95574634876581,31.19325732909976
6201,129,33.47625431432044,26.866116861341613
6202,129,26.04034272825273,18.219465441720644
6203,129,20.381254028560893,15.9827994646008
6204,129,19.753006473015088,15.734510913687181
6205,129,17.809214241080397,11.161102592741708
6206,129,17.23976575243169,14.741163496662077
6207,129,18.76256127718007,11.537910108868866
6208,129,16.586238742092917,15.78687700486539
6209,129,52.34146810895002,39.11132592134349
6210,129,70.24813077994291,34.40097851639144
6211,129,92.70881836893624,33.99513512044111
6212,129,95.22442145954763,43.031395397556345
6213,129,57.569315326226004,33.22260384452375
6214,129,53.06890329431246,31.44419797490647
6215,129,45.816724402208855,32.381985335837825
6216,129,37.57200872596328,34.830281682995505
6217,129,33.00015158800179,33.02308744670274
6218,129,29.547564708680362,23.41447122315831
6219,129,27.173785495194558,22.475245947657594
6220,129,26.215820506267974,18.2922660843859
6221,129,27.30378446817755,18.72186242452011
6222,129,31.03879802879417,18.298072921528163
6223,129,53.8776857880503,31.827938779735714
6224,129,35.55432521943202,23.958076744744762
6225,129,22.76954026216399,23.030265030514748
6226,129,9.598164041301981,16.217839159390486
6227,129,1.6737283037535633,15.02258517732241
6228,129,-0.495542018710049,17.254815787927747
6229,129,-4.536194398148286,16.33411028302529
6230,129,-3.566231070695147,10.72254516250054
6231,129,2.551852281388989,11.97871098243678
6232,129,18.422020578948317,20.222910845635866
6233,129,56.14039040248164,35.44041472110487
6234,129,76.3774245838188,36.7014375066709
6235,129,97.0543203622754,35.69324392796774
6236,129,99.26047407442384,44.62596014614685
6237,129,60.64110381381077,39.51253671761782
6238,129,54.1050378629569,30.587864362298436
6239,129,46.84015292448507,32.15376776318073
6240,129,39.732030433407004,33.14713316907255
6241,129,34.20290696562761,33.497938740372206
6242,129,30.420571715006396,23.7590899087745
6243,129,28.92029110812011,23.165750551106726
6244,129,27.340274354174078,22.542642656221773
6245,129,27.273563871980045,20.613575428411224
6246,129,31.737150200196684,21.111387651108412
6247,129,55.805238650840025,24.32413959801656
6248,129,38.35022746689704,26.25540135846587
6249,129,23.347202851728976,23.06592573591066
6250,129,9.024666089115064,15.635854779749302
6251,129,1.073779185063739,14.410473892345438
6252,129,11.12284268423791,11.513334995133217
6253,129,9.394760353685584,18.198218232068992
6254,129,-1.2335586489441996,17.11200474436645
6255,129,4.051386868374696,16.28210942526943
6256,129,19.93654049028293,30.30490023011941
6257,129,54.04394259224321,32.74127850309534
6258,129,73.05882145184528,35.414522220678066
6259,129,92.07470995486916,33.71081430105367
6260,129,93.63142511518224,42.401612004824436
6261,129,56.96580478652519,32.985470932275916
6262,129,50.654862157497206,29.857139044622176
6263,129,43.310316097706306,28.222557670356192
6264,129,37.15989717547874,34.668873571071245
6265,129,32.84309673072605,27.88855171720473
6266,129,29.943085270041525,19.765804259240817
6267,129,28.62167399709542,19.243782417449307
6268,129,27.595434705476872,18.838196715173478
6269,129,26.381318059227553,16.45528656020093
6270,129,27.47983952339983,13.720556068859484
6271,129,29.804295174823416,17.93590908313003
6272,129,22.01726068100729,16.357181721399133
6273,129,9.17633910582788,12.798794733205675
6274,129,-6.786026436273018,11.03721943967583
6275,129,-18.944960575189405,1.8021368719076136
6276,129,4.488378002900861,9.489030255417667
6277,129,2.7817206293127006,3.142995473664434
6278,129,-31.272209571890475,0.5135606078416856
6279,129,-23.376762981611844,5.37077364381512
6280,129,-7.990857508536897,18.122801084610636
6281,129,23.048306306723056,17.62790395984254
6282,129,45.17682735019957,24.947873637980152
6283,129,61.078207644920056,22.89269858558777
6284,129,60.97173156217378,28.862117635287696
6285,129,56.013396816810726,31.342077175919524
6286,129,50.65976329752381,29.225437746193123
6287,129,43.29709921310043,26.313946489009368
6288,129,37.69896793691985,24.09946669903331
6289,129,33.2604068678547,24.24860895157512
6290,129,30.32712382573688,16.111940728479286
6291,129,28.29465332223219,15.309498124456027
6292,129,26.798226051467424,14.717694630900471
6293,129,26.3288696884148,18.972755231084655
6294,129,27.2754317916703,20.61514728397858
6295,129,27.735992902497564,19.612379908463364
6296,129,20.36121458098139,21.29494345978024
6297,129,9.077261034190043,16.474990106229953
6298,129,-5.920263461028307,15.06245335730265
6299,129,15.685809595470001,5.248378046942481
6300,129,15.736077125117209,5.268243188827336
6301,129,15.51563952045737,5.181112513033231
6302,129,-27.930640918434946,5.3167655864046575
6303,129,-20.825119705418338,6.100013852849989
6304,129,-5.475809845442714,13.368677310360363
6305,129,24.168991414557528,20.695587551273814
6306,129,46.588557353040684,22.50809176924577
6307,129,60.85754810481636,29.137356253007834
6308,129,59.711547690945,28.366016539330797
6309,129,56.00058556398923,30.70177498377628
6310,129,50.9061100070608,30.594149671101988
6311,129,40.93231865894087,24.746517919301322
6312,129,33.718850242103805,25.698827961848163
6313,129,28.476303387586167,22.991321274630444
6314,129,27.147639845753023,22.466573172226525
6315,129,26.166421549233597,18.272863732588274
6316,129,25.494895234367874,18.00771177659724
6317,129,25.729174406747603,18.100188211839708
6318,129,30.869618256619713,16.33016839006241
6319,129,58.47786810217237,33.613781367177396
6320,129,45.35643058827621,27.707103703850354
6321,129,29.969691533822118,22.958063035086
6322,129,23.893724475846422,17.371045555970156
6323,129,19.64619124438577,15.692257453374152
6324,129,1.8483252849165188,12.273177402655849
6325,129,-0.09717163799155548,11.978009344466175
6326,129,-1.0374204512665353,11.29820970281945
6327,129,3.490684516425091,11.999157839207372
6328,129,23.661295795855686,29.622577157528134
6329,129,64.41704762116274,33.37968681951188
6330,129,85.432894235767,40.128616085240765
6331,129,101.59586808242626,37.42028854357055
6332,129,99.95542833641352,44.90044657221648
6333,129,59.07801822855402,38.893550450513374
6334,129,53.79933774534129,35.53933773910112
6335,129,45.377752323951306,32.208506537015936
6336,129,35.90950819712635,31.636607968258552
6337,129,29.95051692364392,19.768321925284212
6338,129,27.67052880023013,18.867073008913138
6339,129,25.991987462277155,18.203033581632635
6340,129,25.176979970816692,17.881268203913525
6341,129,25.54937586425765,14.223452808991413
6342,129,30.232048608179575,17.978145366217337
6343,129,57.79641824036924,30.173077559245243
6344,129,41.6219304505302,31.315161895412682
6345,129,24.10753254142578,19.556404645725834
6346,129,12.332067649984847,13.175188178211064
6347,129,5.361455828893968,12.454352849711658
6348,129,0.5831966428198054,11.920810303783858
6349,129,-1.5709398998948743,11.55414557327572
6350,129,-1.8237830581864234,11.051377037615477
6351,129,4.764699165902552,12.506213039041487
6352,129,24.23775483479085,31.701785098667877
6353,129,67.90050723766872,37.87259674040417
6354,129,89.38273864482332,30.160441499495203
6355,129,102.4572068395967,37.74400630973447
6356,129,103.06106417813221,39.78447908532437
6357,129,62.30178572756856,40.16890704277037
6358,129,57.09729444812262,36.8430609217555
6359,129,47.11333224881581,32.89506143288665
6360,129,38.19633664707278,32.54106649889994
6361,129,32.78271085028878,30.400741429637193
6362,129,30.087136486507294,19.823076041779853
6363,129,27.552425075892895,18.820769513573136
6364,129,26.68588961719215,18.478406036548453
6365,129,26.934660022189306,14.77247784552697
6366,129,32.5574255287136,20.166283922110757
6367,129,60.06878504489632,22.195041671182164
6368,129,45.78133956926783,34.18580656772905
6369,129,29.906461608285696,31.19778924404689
6370,129,15.031655237020603,14.053516665297593
6371,129,4.628688444232754,11.757267272874461
6372,129,0.9562159229626332,11.527385593442617
6373,129,-2.1331246399616255,10.797644019316387
6374,129,-3.0766765853663114,10.079437293574085
6375,129,2.3302259726091235,11.25581208081558
6376,129,21.250496720945257,30.301725183547013
6377,129,61.2700753588985,33.88068569127442
6378,129,79.78976711948039,26.405352915841306
6379,129,96.05463972676847,43.45609490125593
6380,129,98.77670791172034,47.60512602178002
6381,129,59.08064079201486,32.55415126167871
6382,129,52.95266186329195,30.130437429145854
6383,129,45.85376832575883,27.32380072047002
6384,129,37.89446220244797,28.616148089502733
6385,129,32.88943803787448,30.442965593040096
6386,129,29.180719789245856,19.463847651354236
6387,129,27.39762631843251,18.758539070427723
6388,129,27.086988111305832,18.636360477916135
6389,129,28.13079376620198,19.04878975043495
6390,129,32.79069138334911,28.50269664768562
6391,129,59.933926777771816,31.014937442579146
6392,129,43.855227124509064,33.38820971155866
6393,129,27.307189993405643,30.14134055931087
6394,129,13.68442458645852,13.464328583642068
6395,129,4.583864928355553,17.43042222027687
6396,129,12.386070888071588,18.735655226238514
6397,129,16.406980089749613,10.606859821626086
6398,129,-1.9660566228562604,16.255077990889298
6399,129,4.289974503706439,11.90439555297529
6400,129,23.371547030185514,31.018339101293076
6401,129,66.29576797136072,35.77165700336035
6402,129,86.41589662346699,40.323504797339396
6403,129,104.66280401329364,38.59524500903044
6404,129,102.74079229256749,37.75602359651246
6405,129,62.26404572809802,40.15324142796239
6406,129,55.017257985613966,36.021003079550475
6407,129,46.44250056726173,32.63063981722387
6408,129,38.59883647337309,28.894356353299226
6409,129,34.211618721765035,30.964904757740236
6410,129,30.185272594011494,19.860531416598175
6411,129,28.149146507349233,19.056059511892112
6412,129,26.711258911525427,18.487895041928937
6413,129,26.730825008405233,14.690233750642522
6414,129,30.487591926606996,18.079643941148216
6415,129,58.80138564748627,21.67522453877592
6416,129,43.559003265320804,28.119623707959473
6417,129,27.628174517974557,26.27164214498069
6418,129,12.192184838197173,12.513497644176097
6419,129,17.38003170413971,10.991454655730141
6420,129,1.833430519304069,17.13321493305396
6421,129,1.5235008200021327,17.537988785512532
6422,129,5.412502552674225,13.150956940067525
6423,129,14.17620973691508,19.439005845217444
6424,129,32.81936102828925,31.496402712244137
6425,129,72.41708906515709,36.27518167460082
6426,129,93.26959129549462,34.792536442394315
6427,129,106.32197458110593,39.242938080713394
6428,129,100.78569623397638,36.984471082253975
6429,129,60.79031043968636,39.57251928656008
6430,129,53.72029578863102,30.435090918970293
6431,129,46.6896780601192,32.72974446442807
6432,129,38.75796316525837,28.95795973045555
6433,129,34.30900697819689,31.005074051008357
6434,129,31.262867001563833,20.287790742738196
6435,129,28.974150674997144,19.38334392024528
6436,129,28.33014992116112,19.12890643121821
6437,129,28.664073422918655,15.455249387854982
6438,129,30.297453701719213,16.737662973507543
6439,129,36.66702885498163,25.0119274759733
6440,129,31.91000222473228,22.947842273229984
6441,129,18.982194453965317,19.50509387439425
6442,129,3.204251578842854,13.608095586132434
6443,129,-10.909537518944411,12.013039557814556
6444,129,-19.89115769435468,6.44998988091189
6445,129,-24.295807068664242,6.025872447860695
6446,129,-23.528139590811847,5.6655763649400654
6447,129,-14.343279289919186,6.926021209641719
6448,129,0.42320472123769104,14.05515327285734
6449,129,31.385396752166894,26.00883531892719
6450,129,53.94059531233347,31.439999854611948
6451,129,66.52829842545287,34.993549254377214
6452,129,63.245914109508085,33.568527450996186
6453,129,56.800389046360536,31.01708684884184
6454,129,51.290052252753796,27.570290321185116
6455,129,44.13583366871365,26.644308255798688
6456,129,38.44883959971496,24.39580244508472
6457,129,33.366329417711945,25.55808727725822
6458,129,29.775944798517695,19.699576558368012
6459,129,28.548399269249902,19.214673676353424
6460,129,28.012396167837185,19.0024382087634
6461,129,27.303247002993302,18.722894492902363
6462,129,28.595658336711626,15.429582400201964
6463,129,32.03388664356738,23.157499617533055
6464,129,26.816968996708603,15.717913139097192
6465,129,15.209421582615235,14.05752337325602
6466,129,-2.0379922684780616,11.275193982936253
6467,129,-14.762814055849061,9.95045872012995
6468,129,-22.213449584576715,1.3479417556493973
6469,129,-24.593117822189704,4.890920104490897
6470,129,-22.645137164580053,5.140131094835273
6471,129,-15.860627408852523,5.875090069812031
6472,129,-1.6280418370038796,13.021898637006764
6473,129,28.463178288010926,26.73822314071765
6474,129,54.933326481831415,21.805566703117535
6475,129,71.48457466952568,33.778418061357215
6476,129,69.24927894729232,35.93998686876229
6477,129,61.13868399840483,34.63461309886322
6478,129,53.17625088443667,30.22275555488731
6479,129,42.92759944968816,31.24018278638184
6480,129,35.35800314534798,27.61474588443114
6481,129,31.53044122653037,20.39258032575356
6482,129,29.00812282427423,19.396703832603176
6483,129,27.159524402780853,18.665606713528174
6484,129,27.73658458032241,18.893669349200437
6485,129,28.68254009422777,15.462312846081502
6486,129,33.37080162096528,27.465305525356275
6487,129,64.61896135979606,36.01663278676285
6488,129,52.8334969514262,36.79362924954858
6489,129,33.2695706918128,29.094841334382675
6490,129,19.220897771371703,15.283870068837007
6491,129,11.077372710226573,13.830261554296914
6492,129,8.678597580679238,19.733117615067115
6493,129,6.893152768338739,19.437696262944783
6494,129,7.833588107083678,17.62603631443622
6495,129,12.220294554614986,18.33106030709748
6496,129,33.23803229020727,31.35651904516827
6497,129,76.6827696275667,37.6667966491528
6498,129,98.66101943388527,36.776005340478655
6499,129,109.7449065681384,40.56737983199626
6500,129,101.80888659384956,37.38825350071574
6501,129,61.60206860961487,34.81771334907577
6502,129,54.311772501930086,30.667203359340245
6503,129,45.26868564292585,27.091515488375826
6504,129,37.253654818511784,23.289203073671196
6505,129,32.61519458846357,30.334644955189003
6506,129,29.590909750177975,19.626167985629035
6507,129,28.112321005904604,19.042408665926153
6508,129,27.08456126441017,18.635836872419667
6509,129,27.449145913091442,14.974539922951564
6510,129,33.58198119712241,12.326369855991828
6511,129,64.05676049737285,23.74424680791276
6512,129,54.89021049077913,37.6011746037154
6513,129,37.20539130867617,29.96993515696687
6514,129,22.270127277256634,29.12387821942746
6515,129,14.246950466655917,18.955863679018112
6516,129,10.034686567652995,14.716325078839128
6517,129,4.979515953138447,13.141874434797922
6518,129,3.435359582789066,12.14690593895346
6519,129,10.841258924435271,17.787735706192436
6520,129,33.142394865512955,31.26151600157192
6521,129,77.05282108434331,27.614001156074384
6522,129,104.38456731476708,29.421995288423332
6523,129,114.32296079383065,38.561476569953925
6524,129,107.74553642238138,42.90563974351824
6525,129,63.361732519434,36.14648342569035
6526,129,56.98671510395692,36.798392708856426
6527,129,46.42882665296072,32.626008736518905
6528,129,38.9547056578145,29.035570156996595
6529,129,32.53988210119951,30.305183834071954
6530,129,29.06726134596438,19.41862050447503
6531,129,27.217524210339405,18.687670176481863
6532,129,26.32352061592025,18.334561680145665
6533,129,26.573466323841664,14.628222938419203
6534,129,31.89269535678918,11.657347324132722
6535,129,64.64762245260691,20.80887686553188
6536,129,54.76880697218789,37.5378413944132
6537,129,36.93561723601418,30.372454754908404
6538,129,22.545506208261624,20.18471056444215
6539,129,13.478613541907713,14.461590968682176
6540,129,10.629737591700994,14.424838563193294
6541,129,6.646203049795297,13.265725265706326
6542,129,7.6290639286358815,13.332151979156148
6543,129,13.628566374156604,18.60100448854683
6544,129,35.03996195667381,31.794874939379
6545,129,77.16986141596426,23.74411776119519
6546,129,98.54149838448689,27.145314813342218
6547,129,106.75297708198295,39.37485005970408
6548,129,101.58695900290537,40.47127551261949
6549,129,62.62786993133807,35.85839393158829
6550,129,55.29843736634593,36.131524318692186
6551,129,47.3494489108458,32.98875051202133
6552,129,38.32124733257841,28.784506352698173
6553,129,31.99519822844715,30.089500366235566
6554,129,28.268526818196136,19.10378383975885
6555,129,27.201001305844574,18.68173979529
6556,129,26.831909739698457,18.53600436468065
6557,129,28.148601558982577,15.250933504096547
6558,129,33.03337712652915,12.109849516075695
6559,129,63.06066966710966,29.058122538206035
6560,129,47.56005485286441,33.38304447689642
6561,129,27.39574054493965,24.02375836921535
6562,129,11.935136651549383,15.915067081249855
6563,129,5.243745517426957,11.190788928428896
6564,129,1.5391212157404022,10.740227004184398
6565,129,-2.1127903725319808,9.79282461929918
6566,129,-1.8441637407630718,9.61466835473279
6567,129,3.318835164921985,10.623216422170003
6568,129,21.734953927024513,20.099070235248767
6569,129,62.790749771149294,17.998583674901045
6570,129,91.0519995473693,24.08587979026217
6571,129,107.06777946245494,39.490047993877084
6572,129,100.285661634553,48.204416395103465
6573,129,59.549894632652425,32.73899014864559
6574,129,52.108684888645286,29.797176527358417
6575,129,43.895608633027216,30.989468502276754
6576,129,36.467183036065165,31.857328919945026
6577,129,31.259335404594356,20.286211773391297
6578,129,27.64237174720169,18.856152494148134
6579,129,26.635438732015626,18.45904305151002
6580,129,25.265625791568603,17.91673893838002
6581,129,26.821136630205743,14.72668865694897
6582,129,32.00244525571361,19.94776260352013
6583,129,62.79597829128403,32.12034821671668
6584,129,53.85423196919847,35.82207121345923
6585,129,34.013432769133935,28.391581282783033
6586,129,16.832126997665732,17.556253349766273
6587,129,7.686279933535545,11.774926487366228
6588,129,5.995403050580272,12.182593821715225
6589,129,5.2949615195019835,12.36866465993956
6590,129,7.1710679172143905,12.903328501305692
6591,129,14.017612827852133,18.488930555042085
6592,129,28.957936916520044,28.588332248543775
6593,129,65.5745753882665,26.049285816407913
6594,129,92.36574797067854,32.212781095139626
6595,129,104.51542273338654,38.47426394360894
6596,129,100.98003316483994,45.30496548922085
6597,129,59.21323531620693,37.679909975232135
6598,129,54.09129464481766,35.6578400829446
6599,129,46.9239452935965,32.82009160634411
6600,129,38.927883845166434,32.83002174926602
6601,129,34.05665798392993,33.44172145794264
6602,129,30.342454041898225,23.72866943112917
6603,129,28.93020316985362,23.1711081454074
6604,129,28.37597081213561,19.146319865092348
6605,129,27.913114298898478,22.768467848713584
6606,129,29.41846148656796,15.753972741843254
6607,129,35.51817217729602,24.52170684414591
6608,129,34.38172223252622,24.73935807043427
6609,129,19.95170340494834,15.123409176440092
6610,129,3.491441214391877,12.346641424741058
6611,129,-10.380825038802666,16.220820937351135
6612,129,-17.64928305548302,5.228011153117283
6613,129,-21.818973328325832,4.7563585587952755
6614,129,-20.938924996350917,4.519844728016754
6615,129,-13.342305665962451,16.11735128312419
6616,129,1.3707902042878195,18.48635921175368
6617,129,32.392238221652605,21.416512482963007
6618,129,57.03434635109672,28.200557043362814
6619,129,66.25085164696182,36.68282141290984
6620,129,59.37478670932295,33.94387372126105
6621,129,53.23189596134404,30.240890723364597
6622,129,49.448180221380255,28.746305472391924
6623,129,42.23742153946453,25.255368280866012
6624,129,37.60687514530508,23.42518658975224
6625,129,31.73167764703566,24.908227442264856
6626,129,28.812963126030876,19.315334241203637
6627,129,27.162084108106388,18.66283690463656
6628,129,26.20471278773734,18.284460893390452
6629,129,26.377311954740136,18.35266090534446
6630,129,28.038145019712026,19.00907753247988
6631,129,33.46141970855221,21.78675966397595
6632,129,31.668091092588224,21.65232882679104
6633,129,20.253197471990838,18.912684054718063
6634,129,20.493218611820296,12.221951226149008
6635,129,16.294108956193654,10.562299824219707
6636,129,15.472996298887098,10.23775799981275
6637,129,14.625873517457698,4.829451826163291
6638,129,13.89834434873799,4.54190013690132
6639,129,14.83527013828817,9.985689490857856
6640,129,20.178697486663676,12.097609574837438
6641,129,31.61909240406713,25.52158984252527
6642,129,60.40380660048989,35.350007128541954
6643,129,72.42836349217885,34.05023258685531
6644,129,67.67185017295851,34.03962979345706
6645,129,61.20027252740828,34.65273231086033
6646,129,52.305519170430415,31.137196324035425
6647,129,41.39917075288891,25.55820260166167
6648,129,33.77998243511732,26.986124067915267
6649,129,29.014606258783992,23.200107406544912
6650,129,26.196247763247083,18.28107996298222
6651,129,25.24058550275693,17.90335563044875
6652,129,25.552967970514484,18.026821620507928
6653,129,27.77846510795179,18.906404048803218
6654,129,33.43192591395039,26.848530782239436
6655,129,67.81662137292122,35.36516146856263
6656,129,59.43262872552313,35.22244932087867
6657,129,40.444517146769996,30.254424130034355
6658,129,26.646378881727994,22.264143973257134
6659,129,21.676199219995862,16.49463081094993
6660,129,22.802496773072555,16.939778181916594
6661,129,19.650396621627653,15.693957599142852
6662,129,21.385752785706202,16.37982364017399
6663,129,25.950826323485888,18.18411618575347
6664,129,36.7983102038697,32.12620716284799
6665,129,81.90010245273982,42.44123635749216
6666,129,101.79483598062366,37.75721187271373
6667,129,108.21791689606152,39.930748386911254
6668,129,102.7504451061776,37.76020607581475
6669,129,59.52893737122078,33.99884180658314
6670,129,51.822421985903034,29.683171334859527
6671,129,41.99325569901335,25.797044903510454
6672,129,35.148557888115995,31.336276649434275
6673,129,30.651255626026607,23.850704106053012
6674,129,28.261367788458003,22.906387240052748
6675,129,26.84951863613788,22.348968548092845
6676,129,25.783703015778038,21.92684290658189
6677,129,25.761824734795436,21.917577192094342
6678,129,31.09973198852295,22.127524857798086
6679,129,62.78213413222272,32.11013074493369
6680,129,58.42217390041738,33.751858385765715
6681,129,36.296769751768096,29.84913484262577
6682,129,20.468809400019328,18.978465061505148
6683,129,10.161943613362645,12.854736168775426
6684,129,5.778906214769619,12.264386917079264
6685,129,2.0402206124519595,16.904922565027228
6686,129,2.713310026521809,16.82729925637793
6687,129,7.958659703316828,12.143545420944637
6688,129,27.004422193414314,27.593632160472147
6689,129,68.81953439923933,37.244942496312575
6690,129,99.642272409052,33.653729423703716
6691,129,110.37536590592956,40.780852680677505
6692,129,105.0718126341561,41.84924432732221
6693,129,60.573093881999604,39.485002398651226
6694,129,54.409056223457206,35.77999429480728
6695,129,43.683482687548626,30.906419809652522
6696,129,35.812450638170176,31.598923134501252
6697,129,30.382395399638497,28.818163365536137
6698,129,28.26965556680239,19.10327865274851
6699,129,27.45673597191184,18.78260938503359
6700,129,26.559647780569794,18.428034668397583
6701,129,28.52140257070923,19.20299639461298
6702,129,33.85421531901189,20.679197846397013
6703,129,68.17090418408539,22.19180662177046
6704,129,61.47147704071887,22.913315926669018
6705,129,41.33977062061789,31.764016322008224
6706,129,25.68420106731506,30.429498445802444
6707,129,16.88758081542102,24.071445261223822
6708,129,14.35388370577223,17.112530615670988
6709,129,11.360748871236892,16.330611799968526
6710,129,13.713266370759314,23.95112386983079
6711,129,20.16001859771832,32.59749136612917
6712,129,43.077085956630846,34.41335491467344
6713,129,87.66438417026673,30.016377258824672
6714,129,108.62818502656135,37.24452287154892
6715,129,112.53145829887445,41.63324444847769
6716,129,101.94240249745579,39.34489165121546
6717,129,60.39387575329253,33.071346362225015
6718,129,52.236969149885795,34.92178851759616
6719,129,42.455158019084394,30.4203979609715
6720,129,35.83403976476923,31.607189640931928
6721,129,30.887247956442764,20.13972515380735
6722,129,28.02259583002065,19.007105716328653
6723,129,26.92310804508424,18.572554380131326
6724,129,26.18860205231044,18.28200670819855
6725,129,25.944804303450198,18.185039288959445
6726,129,33.1235636522213,28.635623657449795
6727,129,64.92485301070572,15.836485992596543
6728,129,58.5068633985788,38.833764221431
6729,129,40.8731918375605,31.551311126441746
6730,129,22.967794719346955,19.793483172781052
6731,129,14.938696919897353,18.27140578851035
6732,129,13.483479268833975,14.866407505095342
6733,129,8.129081280638161,13.232473817395213
6734,129,10.411424594802765,13.873546788570517
6735,129,16.849034834524378,19.22681248398569
6736,129,40.44493337387328,34.60946868674121
6737,129,83.88734261347902,28.5060842016689
6738,129,109.3589639978213,37.45635561016408
6739,129,118.02814324024324,43.801923477049016
6740,129,108.07273652101124,43.03687150821052
6741,129,63.5918207756968,36.23983243593142
6742,129,56.58238170817065,36.639468634924775
6743,129,46.6981304856553,32.73046104080506
6744,129,39.0105775781302,29.058144783788258
6745,129,33.15401574479537,30.549150429575615
6746,129,30.09101304363343,23.63049545419202
6747,129,27.375455946695716,22.55769182811505
6748,129,25.729158987896295,21.907278354454224
6749,129,27.615043296558728,18.846130542200523
6750,129,34.16384237537906,29.047711812475562
6751,129,67.91100238502956,32.23664526354637
6752,129,61.649206989831896,34.976803405895
6753,129,42.79330835033201,32.19613271134036
6754,129,25.739777647880157,30.16184810963743
6755,129,15.4295650434374,18.117763501992574
6756,129,13.70302505722626,22.269398442395335
6757,129,12.362162141821786,18.394200170497097
6758,129,10.557412145136336,13.681812650989409
6759,129,16.968055469154308,19.116194153348133
6760,129,33.17884705458252,30.40785245396889
6761,129,74.32027118846862,39.279965962260476
6762,129,99.74740731547594,36.82510784119779
6763,129,107.59830196157638,39.677762247328815
6764,129,101.46399747467905,40.42256325068226
6765,129,59.71093176207648,39.143416830342005
6766,129,53.55620711649384,35.44700583764696
6767,129,45.97135204647096,32.44444166666957
6768,129,40.015992531395874,29.4556039708987
6769,129,34.56001816618848,31.10466221424999
6770,129,31.378522638867867,20.333153048438636
6771,129,29.395284972975556,19.549545644501695
6772,129,29.178185436382453,19.463875403896825
6773,129,29.221783610155818,19.480478953436105
6774,129,31.881248994526935,23.06958098696779
6775,129,39.22056474122315,25.976053857218275
6776,129,41.54412861136991,31.081110462556765
6777,129,25.923783591244476,30.120096216248136
6778,129,9.55137396080097,13.794355647507201
6779,129,-2.0989533551700745,12.636619789745893
6780,129,-8.877252428912573,12.48968454727715
6781,129,-13.225222436238248,6.850477341998409
6782,129,-12.048560763786186,17.56079980458055
6783,129,-6.564312572701736,17.622234237605166
6784,129,9.041372278111137,14.748182311522571
6785,129,41.215689059147905,34.87268341382371
6786,129,66.61658963170419,34.10587455683141
6787,129,69.80353343774127,38.06128793848459
6788,129,62.543679304963185,40.266202092444985
6789,129,57.65576664767724,37.06388492579196
6790,129,51.04645531029883,34.453746492875446
6791,129,44.45317510447416,31.845417229069653
6792,129,38.299089575420275,28.776113849799543
6793,129,33.078135050302436,30.517983138900757
6794,129,29.799345757061722,19.708632636771128
6795,129,28.046752023099973,19.015654512624298
6796,129,26.519699514383877,18.412856861703684
6797,129,27.65373592958881,18.860317183457948
6798,129,29.06785964113562,19.420377978115695
6799,129,34.62298561333815,27.328062166920123
6800,129,37.61608541374556,25.651933303227953
6801,129,26.626885926995413,26.495954270041313
6802,129,11.528667193809184,14.340246418744508
6803,129,-0.6889526347081953,12.7039947470584
6804,129,-9.072193633798797,17.66873954848462
6805,129,-13.390453283310622,16.817650843984648
6806,129,-12.2756335318423,16.81100523192436
6807,129,-6.486642003886489,17.317089041371556
6808,129,9.75326987463615,14.79492470695761
6809,129,44.832221788258465,36.263837216882656
6810,129,72.3339191210472,34.5451330344332
6811,129,76.06221911020505,37.36428084437544
6812,129,70.69651248931163,35.2474675650732
6813,129,64.2991220663976,40.96160099395048
6814,129,56.46801379686317,36.59540508274704
6815,129,45.13621868243123,32.11514736955909
6816,129,35.897086273875836,27.827957889695462
6817,129,30.796513047774198,20.103662509488778
6818,129,29.033755350629075,19.407580246376156
6819,129,27.418290139431754,18.769320518032714
6820,129,27.63351978815004,18.85335919324628
6821,129,29.32462086721016,19.52162853639768
6822,129,35.346235505289755,27.61202266926717
6823,129,69.31895735153459,34.69417467556946
6824,129,66.38839666267803,38.722127721629136
6825,129,46.26150012956553,34.83915054485524
6826,129,31.880641256094357,28.820272459563963
6827,129,22.402590418881708,30.44409473243568
6828,129,20.372734659256373,33.19587615295011
6829,129,17.559840085889846,32.476343847512716
6830,129,18.140555562898676,29.945734384011626
6831,129,23.0559357627938,30.913941610529996
6832,129,43.781442942182224,34.45591598430378
6833,129,92.84676946752107,45.17048722073146
6834,129,114.24456879957468,42.50317368276369
6835,129,113.33745018765917,41.947498324293846
6836,129,106.51743510315814,42.42099879162822
6837,129,64.10435383731938,40.88079156906204
6838,129,57.06421312130894,36.82907065588802
6839,129,46.28214632491839,32.56661965285441
6840,129,38.594910672619,28.893140597800453
6841,129,32.679394755871115,30.359990114027923
6842,129,29.778653678662003,23.50619015701895
6843,129,27.328644980102624,22.538113270374012
6844,129,26.818549211779562,22.33588701037005
6845,129,28.444169199534908,19.172755201795308
6846,129,33.72844758280913,28.875108166737487
6847,129,66.48417920601673,20.25516247540477
6848,129,61.105306934579716,36.61655959175692
6849,129,38.71017677349076,30.514001710255066
6850,129,20.20231092252728,22.26154622334212
6851,129,6.8634132384503,14.847553080389169
6852,129,2.349903578207857,10.37614599606017
6853,129,-0.7602104790941366,15.27963225715737
6854,129,0.6818123084256222,15.514877499597617
6855,129,7.927203718727571,11.634881105604403
6856,129,28.364141193455538,29.58720867340459
6857,129,78.06477985433347,23.447450036526547
6858,129,112.74862776424666,32.34398436635398
6859,129,119.34650683556269,44.32112919817984
6860,129,106.48115991014984,41.13837878607787
6861,129,64.73468068055548,31.619510138432123
6862,129,56.73374776016954,31.62592930953237
6863,129,47.30654880990276,32.971665839686075
6864,129,37.52540487583256,28.47070603109959
6865,129,31.360789714992954,24.131038436182173
6866,129,28.137895715020456,22.85659090703229
6867,129,26.354313244790596,22.15240295223326
6868,129,25.756004187082237,21.915687138749213
6869,129,27.377931629538054,22.556484744872385
6870,129,32.88775951148559,23.469363531718066
6871,129,65.99420095383613,16.25646918322106
6872,129,62.72656957226053,32.20190251439369
6873,129,41.81235077718593,26.609091516257315
6874,129,22.884546136223037,23.199648583675998
6875,129,12.605278817376275,16.80122673290338
6876,129,10.29099718186044,16.884005074941292
6877,129,10.178094786832792,19.151579800622883
6878,129,11.234926028564796,13.580662243495023
6879,129,18.345837904358618,19.323474054804336
6880,129,42.580794452002415,35.034498735850484
6881,129,94.16600873993686,29.718348253982185
6882,129,115.96140733206283,37.44527406332055
6883,129,117.05640229514447,40.24505484872081
6884,129,109.53853640824163,43.614353453194084
6885,129,63.008681211682685,36.00724239913241
6886,129,55.06059295561949,30.96366931788723
6887,129,46.454655470833494,32.001062264771846
6888,129,37.57092675011386,32.29375829778462
6889,129,31.680023172057147,29.966090493764494
6890,129,28.476666219980018,21.08888937522106
6891,129,25.986449774777544,18.201365783988823
6892,129,25.310393683215025,21.739155949617782
6893,129,25.81980657605254,21.940232058735113
6894,129,30.617614255774416,21.936331247885533
6895,129,60.85992882692259,11.691126836406136
6896,129,63.67607084480697,32.543524061865305
6897,129,48.73483377554633,30.56486533863583
6898,129,30.7608316652041,28.121297751088782
6899,129,21.532558182029536,26.046012190948037
6900,129,21.900109294640203,33.49781303286729
6901,129,19.10265288540386,32.87674998670621
6902,129,18.679867560346175,32.45144228654717
6903,129,22.871979210758788,25.526876997063116
6904,129,42.09991148100095,29.73743895999665
6905,129,85.5530656298742,26.313865911206285
6906,129,107.48512273189692,36.58380399605058
6907,129,104.91097876671095,40.51688411414854
6908,129,97.10138297736803,37.429914807145494
6909,129,60.12046303749335,32.96508465097853
6910,129,55.64271289690426,36.270779297490726
6911,129,48.44381554891753,33.42004226396861
6912,129,40.242655308119765,29.5471243515981
6913,129,34.89420447931912,27.430963412432483
6914,129,30.31854683061619,28.793944550311682
6915,129,28.226038280444897,27.96662336937399
6916,129,27.83882626595102,27.814714419799124
6917,129,29.261257050444357,28.375268642737822
6918,129,35.237717295236614,28.203672985626593
6919,129,71.5772198967849,27.342526205440397
6920,129,76.45958302573835,37.57116739727777
6921,129,62.497127305792766,37.80944921080222
6922,129,49.362639363863536,35.88800147132869
6923,129,37.02591629503554,31.810029327925662
6924,129,32.33178577156048,30.957386620998797
6925,129,27.958773349696266,29.701725871475723
6926,129,29.09816040786739,33.76155154125929
6927,129,35.90238788589589,31.75881644542135
6928,129,54.5456369125028,39.65336084741952
6929,129,103.81870666805948,41.097117164601514
6930,129,123.79898549978896,42.3951656289258
6931,129,116.82948353021827,43.32753095613711
6932,129,103.83404327021107,40.09215000826591
6933,129,62.27082101705539,36.98583889050734
6934,129,53.99626061982521,35.61891802039124
6935,129,47.941143843848785,33.2241850565433
6936,129,40.89901205237212,29.80504030232347
6937,129,34.839151937185505,27.41008686766539
6938,129,32.31005314802321,30.215074181903706
6939,129,30.981276946945137,20.17622328257858
6940,129,29.562614294604717,19.61705274684726
6941,129,29.287204805807043,19.506549880067684
6942,129,31.99045537771855,28.187323313938833
6943,129,38.42806592891351,30.731716734337116
6944,129,45.31815890380342,33.645730725728036
6945,129,34.294526502418435,29.60839912463148
6946,129,18.133064264192257,19.967646314677104
6947,129,7.204976227934257,15.029898673124542
6948,129,2.646067066710167,21.377834597079595
6949,129,-2.9185223415496564,20.340191140200208
6950,129,-2.47530132946977,20.010448274552598
6951,129,5.072735718525179,20.92780397558675
6952,129,22.047682235238618,28.309882117093647
6953,129,57.91649242101654,40.72836827498266
6954,129,78.61362673855166,39.85512138672108
6955,129,76.23283206081288,37.433875778911634
6956,129,67.05420721108402,38.87730352883686
6957,129,59.92801171867157,39.23117715922919
6958,129,53.765070571111906,35.52772105498336
6959,129,47.22494722869397,32.941434422504955
6960,129,41.06446488265863,25.43059057568335
6961,129,35.03846156344353,22.414613801636428
6962,129,31.775561457976163,30.00357934812929
6963,129,29.676868382518208,19.660808026714562
6964,129,28.30616358641469,22.924931844909256
6965,129,27.436459542656777,22.580965671710956
6966,129,29.486111646194356,19.58631983837518
6967,129,34.72357218413447,29.26761839012367
6968,129,41.7424357266174,30.911381564145383
6969,129,32.7776863340577,28.268065339042113
6970,129,19.12610094455114,23.877297988264417
6971,129,7.957196811284595,18.55385838757702
6972,129,0.3723162619111986,18.03916460330877
6973,129,-6.347519378066546,16.280912918092433
6974,129,-4.888108515625711,16.400483724064145
6975,129,0.3473909366764061,16.719484604185794
6976,129,18.703265735504015,21.58233182049493
6977,129,54.31102133091803,34.14129820073962
6978,129,70.51333849375979,36.698249375344695
6979,129,71.14287881367021,35.4236560007302
6980,129,65.53032271322928,36.37743845189561
6981,129,58.90290052443154,33.756444790295184
6982,129,50.86659888604284,29.309546278566575
6983,129,41.63480448576884,25.659264117675136
6984,129,35.89503465274324,28.46251203618053
6985,129,30.6707624260531,20.055053203900727
6986,129,28.258111650852737,19.102210144702994
6987,129,27.189474461079,18.679595703337817
6988,129,26.26337162800868,18.312304498925744
6989,129,27.617666078412206,18.848195210507612
6990,129,32.69012513905489,26.56269862447134
6991,129,64.91040496788824,36.12355946758006
6992,129,67.98405945869219,34.220699639935695
6993,129,53.397710499264505,36.108206769007246
6994,129,40.026233608360386,32.194757893386324
6995,129,30.74207297894782,35.66473039682584
6996,129,26.486223102973106,31.145029175626682
6997,129,23.606826154126516,34.2093042073272
6998,129,23.836468118797917,27.746964383359245
6999,129,28.976872873300863,28.832653920493343
7000,129,53.786127084913204,39.17511564881373
7001,129,107.22440987798632,40.37553810277709
7002,129,122.59159750141058,45.68443851874849
7003,129,119.30906054072388,46.21027882756755
7004,129,111.4796131209307,43.11567281504913
7005,129,65.05789553144481,38.0897144459534
7006,129,56.93319589606305,36.77853822899138
7007,129,46.85201819116996,32.79352745610397
7008,129,38.14106700269904,28.71528901901104
7009,129,32.6063887771032,30.332589144182712
7010,129,30.251196574862306,28.767536082030283
7011,129,28.178251242597373,27.948741545120434
7012,129,27.43702882248916,18.77678213860598
7013,129,29.534991421778066,19.605322293071076
7014,129,35.039141887348244,28.126302818165378
7015,129,68.41698436757171,35.60656750326541
7016,129,69.8022615873583,36.1917658046274
7017,129,48.83683205178957,35.48341049014442
7018,129,26.974771438137367,30.155895282298584
7019,129,14.900875763223242,26.267969864082243
7020,129,13.577683842934562,26.807245387177023
7021,129,11.146752668053928,22.469155942586468
7022,129,8.0451713029841,17.740202874836395
7023,129,11.335419966029825,18.0317794868136
7024,129,32.7453228658976,30.786051898210903
7025,129,86.32236398372794,33.98294850454672
7026,129,119.14865144365538,44.29143342997967
7027,129,117.736103470234,45.58715891503625
7028,129,110.90633583790743,44.156567410992245
7029,129,68.91068753763496,34.541216177961246
7030,129,60.202319364722314,34.90169010384755
7031,129,51.53370174228428,34.645909142510185
7032,129,42.192206314439986,30.316463529241847
7033,129,35.579546542064186,31.507995725709772
7034,129,32.76522207535748,32.931924754377576
7035,129,30.931381327079286,22.05937365048395
7036,129,30.018933966605378,28.674884288317404
7037,129,31.174156009471265,25.326846724403524
7038,129,37.02416793076202,30.178274501945136
7039,129,72.31176389864424,35.877545500423835
7040,129,74.98446667361186,36.98141357319943
7041,129,54.632658506778284,37.72625739854791
7042,129,32.42718132165895,28.368661858156155
7043,129,22.23054425518789,21.857354947799173
7044,129,20.884723409324014,22.2576898933274
7045,129,19.21712978545892,21.99207137630583
7046,129,19.015129691509035,21.637375680796683
7047,129,24.87968968039933,30.722153013217707
7048,129,51.21532473832241,37.89370914317758
7049,129,105.23048370913502,39.45049854139747
7050,129,127.20295985540753,47.48620762521122
7051,129,126.04855966005313,46.96958408583664
7052,129,113.88173901052467,44.062128635096954
7053,129,67.65658236219197,34.04144096573693
7054,129,58.74890782315462,37.49761665242128
7055,129,48.44708306487422,33.42504224751866
7056,129,39.885372838849406,30.037351943426916
7057,129,33.64505285816982,26.937153651446575
7058,129,30.699325580801464,28.94392254294961
7059,129,28.598342256936636,28.11277853417803
7060,129,27.19465860517023,27.55824319885336
7061,129,28.016548585141578,27.883328057134097
7062,129,33.05490972113706,26.70665046585749
7063,129,66.02111573606851,38.46432238310644
7064,129,70.79326623511083,35.31691095870341
7065,129,52.44315358057739,36.803836619647726
7066,129,33.829928944121455,32.58016477608589
7067,129,22.216723543647397,21.816473530685787
7068,129,22.31912834672106,32.91058606416715
7069,129,21.26884237997534,32.951317434804565
7070,129,20.427930491245306,22.22210298268597
7071,129,25.167146296827482,26.99119117605494
7072,129,45.38509614931324,35.550604148878215
7073,129,99.08922021977284,31.32696370068456
7074,129,125.35426459396682,37.223030922858115
7075,129,120.43528068834652,44.752035889763356
7076,129,109.25234798604822,42.23487066070296
7077,129,64.94520102238477,38.04504728513694
7078,129,59.04983266917352,37.62138943499045
7079,129,49.60129278931935,33.880907283940054
7080,129,39.92298122183813,29.42239799788558
7081,129,34.422049083554725,27.245612683861975
7082,129,30.12786583734822,25.54914083264458
7083,129,27.3751033286192,20.656039709293967
7084,129,26.6910521210173,20.386092504478185
7085,129,27.972017200466716,27.86729742944863
7086,129,32.74692785844169,26.588390002133394
7087,129,64.86327874740505,38.00788059822639
7088,129,71.79377504062184,35.69028974195271
7089,129,66.3035061788576,39.02133845681817
7090,129,53.024899365647634,36.80754802665262
7091,129,39.2241885678225,31.99391146750945
7092,129,33.350802989305315,30.599856683743862
7093,129,27.63196362263798,32.60478580204098
7094,129,30.508027942918904,30.3809904214702
7095,129,34.7869794024302,31.229451533944147
7096,129,52.90237271692722,38.44285522813913
7097,129,98.69946720856959,38.72776965713393
7098,129,120.68538086255775,41.08356481035284
7099,129,111.85439044282197,41.36194857957136
7100,129,102.16396884457934,39.43336007098944
7101,129,59.95439267176056,39.2472505755897
7102,129,54.829221993152764,37.217979651677126
7103,129,48.12593056405401,39.00660625447272
7104,129,39.779971526643806,35.70555917147856
7105,129,33.85830168508275,33.36528705346747
7106,129,30.98512225325306,29.05883008754298
7107,129,29.41759018218182,28.4387757544884
7108,129,29.431243011334317,19.5657746783812
7109,129,29.257849112862665,19.497620497919456
7110,129,30.465180951395165,18.07290206363167
7111,129,37.98301085418604,22.313646773314666
7112,129,45.584618249671635,33.642622420329275
7113,129,37.24421662423805,31.354257246898666
7114,129,21.099033318581593,19.918833038950424
7115,129,9.4200606732337,14.340248199650624
7116,129,1.756975467466837,19.244325106983343
7117,129,-4.605861129961363,17.84710055676725
7118,129,-3.4596875796946702,17.851721275443428
7119,129,4.7285057216527875,19.14008078708443
7120,129,21.213327749467382,28.602406520832563
7121,129,56.295482776665686,27.900339236641518
7122,129,75.35548853281793,35.28384075802092
7123,129,73.3578634899082,37.568194596351816
7124,129,67.2939111926909,38.97436840387519
7125,129,60.349352005401144,39.39837807486092
7126,129,54.18664128120865,35.69389737525226
7127,129,48.331889569646904,33.38384935880405
7128,129,41.92103774063216,30.20377549000959
7129,129,36.82289274868289,28.188788729983578
7130,129,61.71252188937265,35.48935613572128
7131,129,27.180889164092335,18.67020208259887
7132,129,27.63343641952165,18.849068873399307
7133,129,29.327624586024616,19.51868546524759
7134,129,33.158207228941365,26.75170033809417
7135,129,40.80678940413618,30.450177609975484
7136,129,34.17145439390279,28.81792400352294
7137,129,24.10058932444764,26.58767521453236
7138,129,14.077574303176355,25.2301361614554
7139,129,7.7179890166308995,20.958062450936698
7140,129,4.562248137589043,20.634035958605175
7141,129,5.184024616136485,20.348891982166172
7142,129,11.902170188098914,25.090311468229743
7143,129,26.741068938755554,32.19501636801736
7144,129,60.96348472428886,41.03299285209046
7145,129,86.96540905038042,31.60516314356175
7146,129,82.69243937007265,26.66990206609351
7147,129,75.4119449508599,38.378832765109465
7148,129,66.72649548288645,38.7503981522269
7149,129,60.14114399444082,39.31752802381219
7150,129,51.891653937321315,34.788027974285036
7151,129,41.83588224073276,30.81018761015312
7152,129,34.022714577185035,27.087531585118644
7153,129,29.262707937928678,23.303528416799477
7154,129,27.194716409586373,22.486039864487456
7155,129,26.851545427184153,18.544521066773267
7156,129,26.81217551583415,18.529752985878073
7157,129,30.698361857152136,16.261348146084966
7158,129,38.27746504848856,29.40693087756693
7159,129,68.49259725447831,34.38910563788313
7160,129,52.306728609146646,36.64538937220582
7161,129,37.02777240232502,30.45595530989605
7162,129,29.44089926187904,28.115615963939188
7163,129,24.376578836998952,27.03842753522398
7164,129,23.9205381009755,27.201429945674324
7165,129,24.168085951168873,27.058860584092113
7166,129,38.81519745176537,28.97624507985721
7167,129,55.91988697948847,38.21074901858122
7168,129,103.4097197298468,40.520264994693854
7169,129,134.97870304901693,50.51907941027326
7170,129,128.81960715173358,46.16263705037103
7171,129,115.57057514751612,39.65845171599806
7172,129,103.0616530802907,41.05521535709093
7173,129,59.98921907786075,39.25373088517209
7174,129,51.3976016328826,34.58929626418707
7175,129,42.86064370296372,30.58041299144582
7176,129,35.468042028463046,27.65795066245782
7177,129,31.554028362683006,22.305880218690397
7178,129,29.31428783790746,21.415984738482937
7179,129,28.516165086623747,21.100509556963903
7180,129,28.07026546785657,20.924294868433847
7181,129,32.31211836234754,30.218029431134735
7182,129,39.79912384074119,30.00742810002382
7183,129,74.01270036133678,36.56247165768063
7184,129,55.70045520877953,37.93603323320881
7185,129,33.37584451833608,30.22999548252346
7186,129,24.254310919921863,25.436054542821694
7187,129,22.607504908157438,26.44187160915149
7188,129,22.932915374734854,30.785872041139214
7189,129,20.09745063177576,21.765295692238418
7190,129,23.68796147556351,22.258219583995054
7191,129,44.04873249743568,33.476798394945845
7192,129,90.21449582135988,43.50349719586332
7193,129,133.70401134245458,50.00590397039995
7194,129,127.45584666893073,44.355877826795385
7195,129,114.6185160094978,42.45205129136077
7196,129,104.36932108564156,40.304623176254026
7197,129,61.30127530257573,39.77495276788681
7198,129,52.815434995642065,36.42042420307176
7199,129,44.16215678986213,31.729102458700975
7200,129,37.46212456682241,29.080883219522473
7201,129,32.880906884015516,32.97758127400237
7202,129,30.139593683814248,21.746523939057695
7203,129,28.394692999669125,21.057045695692935
7204,129,27.459743678862893,20.688400469075102
7205,129,31.171609464016758,22.15719556864496
7206,129,39.22659142447971,29.781910883244542
7207,129,70.79910636505821,35.29189034687649
7208,129,56.43912653526706,38.20962083636254
7209,129,39.017593098955025,32.35337532885023
7210,129,29.370048299658947,27.870746062131275
7211,129,26.041197925778913,27.4244317390094
7212,129,23.998444132319275,30.75436234963908
7213,129,25.265207852244732,30.97574966510596
7214,129,32.89173925749911,29.377092577932455
7215,129,55.353921212382915,37.738863965466265
7216,129,100.73666870658083,39.295069241981864
7217,129,134.3217422594324,50.25127591859077
7218,129,127.14466121936896,44.232095017271696
7219,129,119.14593955340325,44.2411652772381
7220,129,110.00744200372148,42.53217004140346
7221,129,64.16122733676133,37.7372911120115
7222,129,54.61938432389574,37.1360324750052
7223,129,45.15090051296511,32.11988798599183
7224,129,37.66430573028362,28.528459767772876
7225,129,33.048044283763566,30.507522874795743
7226,129,31.394472091739843,22.242439513250435
7227,129,30.344159357855393,21.82867912335219
7228,129,29.561617139368114,21.51878258562219
7229,129,31.936171055955974,26.264958110321853
7230,129,38.837763455268735,29.629574092844145
7231,129,69.04418108869397,34.6085880350622
7232,129,57.22598422208558,38.482089711972286
7233,129,37.72274261110392,30.475141045774496
7234,129,25.86525932833511,26.423645120275562
7235,129,21.376551148108327,21.75567190340322
7236,129,19.981163214776775,21.55954509360162
7237,129,21.727129540309477,22.009189609972093
7238,129,33.05487497425491,29.461304219687214
7239,129,56.32107192417979,39.407607971695704
7240,129,101.11384845693084,39.48082851850562
7241,129,132.8312786651097,49.65649564319453
7242,129,126.25746278065108,47.05370286556974
7243,129,116.83261186371885,45.23200304503135
7244,129,105.78401376445224,40.86340785926466
7245,129,62.910803711645144,37.24540801036889
7246,129,54.40568101185195,37.04975334237597
7247,129,46.38157090027028,32.60916900045633
7248,129,39.31745017643146,29.815783626359206
7249,129,34.06435230269045,27.106042063178258
7250,129,31.158616335411615,22.151442629452184
7251,129,29.316716850765477,21.423940089829465
7252,129,29.007511539882458,21.300855424627525
7253,129,32.46364282142977,26.47523825116736
7254,129,41.207102995781895,30.566797384660752
7255,129,77.10734520305934,37.78118164361332
7256,129,70.20307315270846,35.295884553487156
7257,129,52.075968538892404,37.27341403876373
7258,129,37.292754664492946,31.294228920682723
7259,129,31.951911775901344,29.39617960158359
7260,129,32.580114356940804,36.355583018264014
7261,129,32.418222931901774,36.0883087209
7262,129,36.466819661827074,31.20592562271472
7263,129,54.0469606732355,38.35186200388191
7264,129,95.34456974177135,37.13311212664195
7265,129,128.12083564871568,47.792320253853404
7266,129,122.90597714691864,45.728618988234466
7267,129,115.67723503591276,46.04123624225376
7268,129,104.80920606894483,40.47867337429238
7269,129,62.1698391941139,36.949470189318156
7270,129,55.91106332511375,37.64576033765006
7271,129,48.31469199860261,33.37222531671711
7272,129,41.13642966660813,30.5341829578833
7273,129,36.26590261668733,27.974339754927477
7274,129,32.8094663416103,30.413082425726998
7275,129,31.306416953348126,22.20816218385078
7276,129,30.757976181351452,21.993055361574463
7277,129,32.31458230993589,26.412798713326474
7278,129,38.145507371622365,30.621321624826127
7279,129,45.98439766608947,33.75605205049277
7280,129,40.66097595975749,31.019061348411817
7281,129,28.368358724050413,27.55578828497128
7282,129,17.71837442561319,22.068540711961067
7283,129,12.986082671388177,25.93379296586875
7284,129,10.499950285775606,25.8721905713422
7285,129,11.60805144477478,22.077851521269167
7286,129,18.830609542544842,27.01222389694595
7287,129,33.14125799552636,32.13763715008726
7288,129,62.2227896875836,38.00040081643604
7289,129,85.85521759060721,41.28630635531111
7290,129,82.68088487169723,39.98878481032024
7291,129,73.05925468374375,36.179106903337114
7292,129,67.0276432580481,33.793626506606216
7293,129,59.61589560699016,39.109521805481265
7294,129,53.667286830309024,36.76447577096013
7295,129,45.24229340831171,32.15803277779761
7296,129,38.38333652804915,29.445120203496522
7297,129,33.45914824338797,26.86353091958524
7298,129,31.033598183693556,29.075637184157024
7299,129,28.861366338937156,28.21748062644869
7300,129,28.940319678245675,28.24882364326286
7301,129,29.631934398847704,28.523334335648602
7302,129,32.822515392372075,26.6186487211973
7303,129,38.87332767834073,29.6623705390407
7304,129,37.26083913735045,29.632823775326543
7305,129,28.820205958724753,27.60895902603616
7306,129,20.149085004311672,30.344870850011166
7307,129,15.237340770660913,29.972881394901567
7308,129,15.230815829420097,30.853669227611583
7309,129,18.131923764296175,31.37975787578521
7310,129,27.570622120065778,30.263805642571086
7311,129,38.415783101171385,32.37406722511353
7312,129,61.84832645140387,40.69754988973126
7313,129,91.54547953186714,43.487979563504254
7314,129,87.44685869407864,41.86443454373891
7315,129,82.47631350412577,39.89825304790016
7316,129,73.59220605993289,36.38980377273053
7317,129,66.5867081976887,38.69423265543293
7318,129,56.88454460244674,38.02984294314389
7319,129,45.712721836056346,32.34324135766525
7320,129,37.58923266260877,29.131884674791092
7321,129,32.73163007971552,26.577417489121643
7322,129,30.42859665621389,21.86176134730148
7323,129,29.253603376893977,21.39749779952797
7324,129,29.091654132341105,28.309794289026645
7325,129,30.54450770838313,18.102326114464773
7326,129,38.22067272050628,29.38390933758829
7327,129,72.87534564102805,36.10776797161404
7328,129,56.42280632175628,38.075724620800685
7329,129,39.59205528758281,31.04007157373879
7330,129,31.02680096478133,28.17860779635008
7331,129,24.790302851942393,26.583104862775244
7332,129,26.312170645509838,27.45302780905831
7333,129,28.440175240771858,28.007746378672607
7334,129,36.2067124549712,31.022723556184424
7335,129,51.706729466683086,37.33702765247039
7336,129,95.67048453873656,45.505379935818155
7337,129,148.871574682932,55.99210497330815
7338,129,143.42998495579508,50.035234877922456
7339,129,131.95760368815368,49.30583411092545
7340,129,117.80523760129225,45.614131985614286
7341,129,69.47328260911556,34.75858038323707
7342,129,60.237602820238436,39.352561841980574
7343,129,49.1094265062268,33.6842823939482
7344,129,40.47164887841254,30.26912907766377
7345,129,35.53919204719558,27.685652751050416
7346,129,32.714390456555606,26.569213558089373
7347,129,30.73267384370004,21.980328709128564
7348,129,30.051833505573445,21.711994467018123
7349,129,32.31247035254964,26.411689839386653
7350,129,39.10636979411214,29.732120217709095
7351,129,77.69314620152734,38.009747523147816
7352,129,60.93301867657386,36.67321587760526
7353,129,40.333271762334256,31.262174994339524
7354,129,26.580332828971486,26.383974027702713
7355,129,20.812175173771653,21.26789975096049
7356,129,22.612016645990717,29.96622588279205
7357,129,23.995030638658765,26.458998064976345
7358,129,31.010180325616645,28.39961512210044
7359,129,48.802790968603404,36.18361935367784
7360,129,90.43724478921978,43.38099959384215
7361,129,145.03114434810237,54.47793660508454
7362,129,142.12419648497587,53.32474035527951
7363,129,128.1254641983831,47.79079459840836
7364,129,112.93028133019911,43.68847310896025
7365,129,67.12305990632656,33.83222861541189
7366,129,58.7454228636603,33.69223811861169
7367,129,49.09282091592754,28.605997808884204
7368,129,41.3180119001193,29.970759681437453
7369,129,34.50807983890136,31.08435762190642
7370,129,31.04935648884821,25.91247132721917
7371,129,29.74229146767138,21.590522620527302
7372,129,28.764159277259004,21.2039111771711
7373,129,31.10820331183406,18.32573074639109
7374,129,37.38727440167744,29.054338176648738
7375,129,75.97200725187814,37.32864974305561
7376,129,67.19945128099391,39.14655284069991
7377,129,51.16921400134839,36.74340119872113
7378,129,37.208278414150975,32.37174721125355
7379,129,28.874981567381997,27.9793445050117
7380,129,30.61166463366233,28.937952898437125
7381,129,33.99550330517786,30.624995780363644
7382,129,42.72437137119412,33.3102066398257
7383,129,60.83320218246563,40.731633920461434
7384,129,99.1341829482173,38.45875933858563
7385,129,143.88552578394075,54.022703662384366
7386,129,134.44851414256388,50.29175061707821
7387,129,123.73444893256436,49.226855925432275
7388,129,110.60024516905065,42.76640053911425
7389,129,66.29302250344166,38.57922970781531
7390,129,56.76190736888398,37.98286414605704
7391,129,46.11416155080988,32.50240644266128
7392,129,38.707145103930586,29.57543562921861
7393,129,33.75491732280228,26.981773497811353
7394,129,32.86884182976013,26.630523815091983
7395,129,31.168891145964107,18.34890328116587
7396,129,30.20179523599825,17.96666750222172
7397,129,31.89327529359609,26.245802056838446
7398,129,37.82242316345563,29.226823325830924
7399,129,75.85689099939653,37.28183698826312
7400,129,70.826816525275,35.47379980484664
7401,129,49.91038167164397,36.19019851545499
7402,129,35.44830203760041,30.285794520653035
7403,129,28.78834266217456,31.739667965269316
7404,129,28.047879714156288,34.24965761915245
7405,129,29.80944206820957,28.378526527736426
7406,129,41.0216099707339,27.62161694839338
7407,129,61.26326049503461,35.902338813493515
7408,129,100.34768096874103,38.988782794608326
7409,129,146.9120602824887,52.04795838351349
7410,129,138.52338336387103,51.90163626040034
7411,129,127.42786413534246,49.418777258047605
7412,129,114.17850366573623,44.181738307390376
7413,129,67.39763335331833,33.94336947468113
7414,129,61.43248976394089,36.656364017740735
7415,129,53.54402524146074,35.440020033506215
7416,129,43.467302690780585,31.45675813560572
7417,129,37.91326877261275,29.261220244389676
7418,129,33.85049965579978,27.02027408021491
7419,129,31.596087808930974,26.128878676643193
7420,129,31.20889176341557,18.366111149315113
7421,129,31.719513998440306,26.177546524643887
7422,129,39.55797093078267,31.182088313646204
7423,129,77.55552170503432,37.95187963953995
7424,129,77.56998585002783,38.100267917250605
7425,129,66.15275464897363,34.25632465611349
7426,129,54.408029882147325,37.56716880340603
7427,129,47.46398342016545,35.587803319170476
7428,129,48.26962440103988,36.18498327239029
7429,129,48.26582907294041,35.986429981470685
7430,129,53.50923756015913,32.29185934341279
7431,129,70.11048048558011,35.99589809985336
7432,129,106.07676183803171,42.45467868061113
7433,129,146.39225383598276,51.83962599123195
7434,129,141.96860314269455,53.262244212497805
7435,129,132.2662499031655,49.42665154655843
7436,129,122.53994517855959,47.48515789796452
7437,129,72.3445395123395,35.898618100002274
7438,129,64.40163566451623,32.75635432138422
7439,129,56.77003920390117,36.71447670367889
7440,129,48.82575406017015,33.57332924285664
7441,129,43.06157451944126,31.294585768116917
7442,129,38.58758032152476,29.525411650111128
7443,129,35.53262570989729,27.68439588846679
7444,129,34.37965619340044,27.228422496067484
7445,129,35.82117045856648,27.79803087652121
7446,129,38.35229111510407,29.43326675221785
7447,129,46.93472915067509,34.09692299046503
7448,129,49.46888627536378,35.51597563971993
7449,129,37.93602410764013,31.21144481789319
7450,129,26.576588907537335,28.272346459246187
7451,129,22.912275961147255,32.29854401922671
7452,129,24.37794549304595,33.605518534866135
7453,129,24.549221476772466,33.29966481052556
7454,129,32.26029258175489,31.08196810801511
7455,129,46.082637832350784,36.28865098101873
7456,129,69.23284955384817,35.37580689993247
7457,129,96.06867941821106,35.13820256555696
7458,129,90.7040164743495,34.91544794921003
7459,129,83.77943631845797,40.417583236080176
7460,129,76.63724392176435,37.59414738487938
7461,129,68.45803167950754,34.36198317018012
7462,129,61.34624557604218,36.625542827419984
7463,129,52.97213213227875,35.21467303481404
7464,129,46.26973562291414,32.56248476288816
7465,129,41.21418617140593,30.564343010694223
7466,129,36.6097010855988,28.10991254462239
7467,129,34.310933977444726,27.20097117231257
7468,129,33.2379204148433,26.777248915382167
7469,129,33.80517887107881,27.001841778736626
7470,129,35.622747083695174,28.354531116022414
7471,129,42.32233082805148,31.010786018903065
7472,129,45.59288862817424,32.69505686122464
7473,129,39.216176514460464,31.59501627469649
7474,129,32.628383883439916,30.9815609983513
7475,129,27.22040222400518,29.554241011815954
7476,129,25.407065360436132,29.637879268606124
7477,129,26.370376423049624,29.476835214217672
7478,129,36.58409135703228,32.641914519732886
7479,129,49.88680056701045,37.237579678332445
7480,129,72.49769422066188,36.22035872036659
7481,129,99.05693685732797,38.208840553814404
7482,129,95.03602578810222,36.62045164551467
7483,129,83.40601355427569,40.26558588365474
7484,129,76.22708044733962,37.43252324485614
7485,129,68.90137105403704,34.53521292393316
7486,129,58.59814784568085,38.70576478903922
7487,129,47.504279299136144,33.05212954985144
7488,129,38.60432666764502,29.533529517983453
7489,129,33.79573226775323,26.998288467252056
7490,129,31.944185568006933,26.266309514392226
7491,129,31.3302482623542,18.413324433878152
7492,129,31.1637296255618,18.34765380445839
7493,129,33.12161153565213,26.731077991015788
7494,129,42.19858045429925,30.95574283852364
7495,129,82.27982109219334,39.8206662424955
7496,129,77.82859931166547,38.185790580978846
7497,129,58.04644741900722,39.277627462354516
7498,129,43.55630268069027,33.271211352531026
7499,129,34.11971248013107,30.319632870210803
7500,129,36.58904649852707,31.527161921645828
7501,129,37.08261114906164,31.467659870733037
7502,129,42.003222430506305,32.81355652348402
7503,129,56.36658977485948,38.79123766166982
7504,129,101.31974721467807,39.29530178578053
7505,129,152.59978775432003,57.464964137048995
7506,129,145.88538782029758,54.81073939553066
7507,129,135.76715039772847,50.81122473514155
7508,129,124.94538821429325,49.70464483027741
7509,129,74.17979406350328,36.61858926986113
7510,129,63.16726479657192,32.26604352511204
7511,129,51.48944796758431,34.62478506361759
7512,129,41.49436772588943,30.673773630775745
7513,129,35.25061263404539,27.57080911422724
7514,129,31.9533321182498,26.268074746609013
7515,129,30.324357467649833,21.81902519641139
7516,129,29.58516004744094,25.332485565272595
7517,129,31.47937507249693,18.4712668176135
7518,129,38.76254915115479,29.59558126297611
7519,129,75.42992563645268,37.11232812913098
7520,129,66.16697579165687,38.6176346436587
7521,129,46.94944985845206,34.81158632179168
7522,129,33.19394438729339,29.152223144670625
7523,129,26.745407736045333,26.84517950756498
7524,129,28.929689484363585,28.052915182614637
7525,129,32.59193209632427,29.288116822119818
7526,129,44.254958425456906,33.78011105015096
7527,129,63.58582577916283,38.475484370569674
7528,129,108.94973037175026,42.26502203566702
7529,129,154.50673746205578,55.04771368151006
7530,129,148.7635362923082,55.94885229004241
7531,129,135.34009008559954,50.64285138013068
7532,129,119.5032750040893,46.28682890608138
7533,129,70.71585201869802,35.25295160970806
7534,129,63.047269522293334,37.29627254573767
7535,129,51.99146531680626,34.826380509247755
7536,129,43.90503223211062,31.628781664762176
7537,129,36.75406845670931,28.80220575363307
7538,129,33.797560430638754,26.999025568649444
7539,129,32.47875598559952,26.478175266554437
7540,129,31.872107487973366,26.23841597823194
7541,129,34.04182122908311,27.095318422043174
7542,129,41.33545088707441,30.614873685791256
7543,129,83.1895964780453,40.177198425271115
7544,129,78.72742382918673,38.520572035756175
7545,129,58.22602604545335,39.22261688776175
7546,129,43.06717193084286,32.95377885767041
7547,129,35.523558554216294,30.697527017771154
7548,129,43.36196244280915,34.04478388369435
7549,129,46.0833955564337,34.86713708608291
7550,129,54.01735277359232,38.579380860160576
7551,129,73.43333619991277,37.101876253762526
7552,129,121.3525135378536,45.19109663263616
7553,129,167.1641477737179,60.05014740317539
7554,129,158.10256519311437,59.64019203764643
7555,129,144.7790898790221,54.3731345893866
7556,129,134.2294737428109,50.20255990049072
7557,129,79.46827779960763,38.71095255175759
7558,129,69.78212793998689,34.88504527641468
7559,129,58.115393915283974,35.344913802870536
7560,129,47.55252674510524,33.07202753042941
7561,129,40.09659770617058,30.12257348274727
7562,129,36.54860671888277,28.720277872821228
7563,129,33.70287684628198,26.96072540813705
7564,129,31.5851986738368,26.123866637810675
7565,129,33.402391850061605,26.84298298069125
7566,129,40.393743173212094,30.242738010015273
7567,129,78.13227065660399,29.93398335514069
7568,129,75.38692818908743,37.16482605443058
7569,129,62.116928819527736,37.524760030642376
7570,129,48.18424532994037,36.10863808954079
7571,129,41.4704427276395,33.048339486280085
7572,129,44.34634279873284,34.444704446503934
7573,129,43.91884683737896,34.07840265875524
7574,129,49.82068352623076,36.99713415872252
7575,129,69.3518227088401,35.58927149356524
7576,129,105.24082519862365,40.768793336660835
7577,129,144.36108864982089,54.21013551984648
7578,129,137.3615293598116,51.44212858196642
7579,129,129.0398347411733,48.152808580604706
7580,129,122.52019245008749,48.747194144225375
7581,129,71.6014192632607,35.6046792484198
7582,129,63.42739955758125,32.372158789360846
7583,129,53.731872446904475,31.710053811765267
7584,129,45.3104095621481,32.18585190467672
7585,129,40.02341931803988,29.460890476248114
7586,129,35.82748181661921,34.14438154210931
7587,129,34.55712364632535,33.64192093487181
7588,129,33.3088017551163,33.148057280753264
7589,129,33.92911298917567,27.05121750465703
7590,129,40.27866743143854,30.198904648606
7591,129,79.4839341883689,38.713782446151484
7592,129,81.92943366824024,39.75272564010125
7593,129,68.12567299576922,34.740286090750985
7594,129,56.070724777617656,33.980608996293114
7595,129,50.52943325614978,37.561791501330966
7596,129,52.63721656100528,38.66050970063262
7597,129,54.091231473220034,39.07589787743912
7598,129,62.440284088288664,38.57157866492989
7599,129,80.0548918229228,39.598336884369466
7600,129,116.09803779518269,45.016796878734766
7601,129,157.64250808176905,59.456805142163844
7602,129,152.89369926644682,57.57991916259498
7603,129,136.98493776570896,51.291852302752226
7604,129,124.02061635301432,48.07160747683961
7605,129,76.31772027522027,37.46738209940799
7606,129,65.91926474591958,38.42989350210896
7607,129,54.881403606710236,37.234716681550694
7608,129,46.30010365598225,32.575220395117505
7609,129,40.90470196129659,30.442383802668367
7610,129,36.488410282616066,28.696821117822527
7611,129,34.68076882326759,27.348043722862176
7612,129,33.45015533257462,26.861319238432568
7613,129,34.20820376599887,27.161415539606338
7614,129,38.38703465810156,29.447237320839786
7615,129,46.456401926860515,33.905339625976275
7616,129,54.23872085464632,37.14930593807071
7617,129,50.11124379685727,36.6051032703274
7618,129,42.53091276762716,34.23209038289847
7619,129,35.91812351478085,33.16080482555089
7620,129,35.36503932052781,33.62696595264519
7621,129,35.919247271271495,33.5639735902325
7622,129,42.23037278914127,34.75690469150089
7623,129,56.36252055884711,39.65872437398703
7624,129,72.69617953538726,36.403274667555536
7625,129,93.48077908700614,36.01034868140707
7626,129,90.36098557345096,43.01795877062088
7627,129,84.1108747112424,40.54785682411065
7628,129,76.31694196747752,37.46721025760277
7629,129,70.12920771204107,35.022963627953324
7630,129,62.583578855476,40.284797849628184
7631,129,54.94267714159512,37.26246806180944
7632,129,46.49330697192655,32.651665620644444
7633,129,41.5736051784325,30.70711059106418
7634,129,36.680755344630946,28.7727800404941
7635,129,35.428333058127315,28.277365488119898
7636,129,34.012298609653826,27.083765945181938
7637,129,35.672518136916075,27.739308507513286
7638,129,37.94362520106631,28.63772701766534
7639,129,45.09044950004903,32.096672492515836
7640,129,50.26249467997235,35.62608662660605
7641,129,44.876616797433655,34.4307549642977
7642,129,36.21138236908416,31.417379458472784
7643,129,30.94615560842301,30.547257852880808
7644,129,30.260894328536626,31.05658185148754
7645,129,30.55009285596816,30.74776768490828
7646,129,37.82613421694586,32.26027801231097
7647,129,51.44698192564378,32.1078351918307
7648,129,76.72824450804605,37.69730953292175
7649,129,100.60701156077923,38.8257182165192
7650,129,96.28096761272498,37.114475137737486
7651,129,89.52540357021805,42.68656834827263
7652,129,83.01250674154758,40.11515146046412
7653,129,74.14438965907571,36.6100772016862
7654,129,64.83412213837897,38.00216922735761
7655,129,50.00535168744696,30.236325889861284
7656,129,41.95384923327528,30.85728060828022
7657,129,37.17124991815346,28.966363806428024
7658,129,33.627467518835275,27.565986925400743
7659,129,32.77798382514374,27.229626868978155
7660,129,31.42564782798962,18.451103524142827
7661,129,35.21047857885185,28.190800923103993
7662,129,42.94639674332073,31.25285314353264
7663,129,86.34808214499823,41.42579090864236
7664,129,88.66756576313311,42.39943289169634
7665,129,69.18680136072109,35.1606279043528
7666,129,50.33733195529844,36.80686674312083
7667,129,40.380529715833944,32.32760667729899
7668,129,43.671980483953654,35.11927784958241
7669,129,46.4273847627591,35.99772873648015
7670,129,56.039626390298025,39.26813969560709
7671,129,76.37141458654762,38.18248008203288
7672,129,125.30203352612645,48.66727745230103
7673,129,172.16736711950708,65.1992040840179
7674,129,164.34157947231787,62.105081966338865
7675,129,149.1117923888413,56.08516530815299
7676,129,139.77357388072122,52.39460384347652
7677,129,80.7713129170205,39.22541788258582
7678,129,68.57344429940888,34.40825978705495
7679,129,55.76661442578978,37.58811007948697
7680,129,45.038173260524836,32.07628353484322
7681,129,38.79732953201809,29.60773042236399
7682,129,35.68272046730192,28.377183159078168
7683,129,33.3078398810685,26.804478774389626
7684,129,32.44929024660392,26.46529601925509
7685,129,33.810374652361475,27.003082409605376
7686,129,42.596730306164844,31.1115702352215
7687,129,85.39530251425298,41.04822613808243
7688,129,87.23737360412936,33.5584672730871
7689,129,71.85623074411463,36.13705332102986
7690,129,58.92764314128313,37.02464222904121
7691,129,51.26585645794118,36.71704828386549
7692,129,55.63088949662453,36.874677098760245
7693,129,58.82336165607316,37.96958563117114
7694,129,70.18007781353892,36.696784399928035
7695,129,91.49353227279965,44.16623599205184
7696,129,124.87856941019082,48.46104318811941
7697,129,162.46402965760865,61.36299633721546
7698,129,155.29774328011592,58.53089915225831
7699,129,142.8981706923449,53.62997176587407
7700,129,131.61289768686302,49.16985351127288
7701,129,78.438824127117,38.30715398913252
7702,129,65.39971023499808,38.22752808714852
7703,129,54.86853048052159,37.23303323748404
7704,129,45.64576792077918,32.31796617540797
7705,129,40.34128356358313,30.220917668573264
7706,129,36.96390786446491,28.88589163182414
7707,129,33.586563531005474,27.551572080220986
7708,129,33.54516326872137,27.53441289925162
7709,129,35.729903794049946,28.39840653848431
7710,129,42.25216456691261,30.978163899604283
7711,129,85.97646491335131,41.2783363069833
7712,129,88.87118767049928,34.23565668076505
7713,129,72.51535073022065,36.3754295516284
7714,129,55.669740955674676,38.82780403156942
7715,129,46.236910884211,34.50450149712661
7716,129,51.10275335163217,36.672414672226346
7717,129,54.74129119926974,39.16189487905156
7718,129,64.08943644981746,39.05201219044775
7719,129,87.48143398415608,42.39909483579618
7720,129,130.8154940873071,48.86754500054473
7721,129,175.2413979945081,67.04689564199764
7722,129,166.43139049699596,59.75940276208971
7723,129,153.01388051633737,57.626862842030896
7724,129,145.26690664987186,57.10142736518824
7725,129,85.78641087548333,41.21061638315103
7726,129,76.18318586202288,37.41601542839139
7727,129,62.26112987319987,36.98500099587351
7728,129,50.26202432184446,34.143384200835875
7729,129,42.45387309780868,31.055133584439133
7730,129,39.208767385871255,29.77211414799552
7731,129,37.257826111056545,29.00114399557679
7732,129,35.580482836038705,28.337680727532103
7733,129,37.629941070352004,29.14927962969463
7734,129,46.19980872230411,32.53733185165604
7735,129,91.95195741883994,35.395823627222235
7736,129,94.96120867804808,36.60513640241066
7737,129,79.64005701399523,39.13886745617937
7738,129,62.36914514632114,38.1673032202738
7739,129,53.594296566361606,35.528545293655355
7740,129,56.8465574788859,37.08256906869929
7741,129,56.87818166638664,36.9248717447926
7742,129,62.35084574486927,38.45625216093375
7743,129,82.80132747638098,40.669827516867166
7744,129,123.79004879940747,48.02454289821851
7745,129,161.55470168339892,61.00499530158169
7746,129,153.84220624363488,57.95648674713359
7747,129,140.25685103789897,52.58737091120469
7748,129,129.4501296829277,48.31687842491911
7749,129,79.97752814360615,38.91854904838592
7750,129,67.02146285011968,33.79414375861649
7751,129,56.5899587475267,34.744405048406186
7752,129,47.396129417003216,33.01145575234202
7753,129,42.08461474351377,30.91066161143109
7754,129,38.634494102708196,29.547117664014326
7755,129,36.77998009613448,28.815002164175578
7756,129,35.935007484297735,28.47965435810674
7757,129,36.62160433898687,28.751381686999522
7758,129,43.83630808549688,31.60583478642687
7759,129,87.72293478203147,41.96989116647007
7760,129,91.17911299660575,35.15324412720598
7761,129,74.73834994370266,37.21585379596314
7762,129,59.237258965248564,39.96805193611344
7763,129,53.80988066816461,38.47325171117712
7764,129,54.202380735947905,38.89242064666061
7765,129,54.069543813207055,37.441783299623886
7766,129,66.52924033221613,34.79986592909477
7767,129,85.78771493672255,41.632078671176394
7768,129,120.1954237233278,47.847269732747336
7769,129,152.33680270685136,54.1891105830244
7770,129,144.83475276308323,54.39515806117092
7771,129,136.98744477511482,51.294290318106775
7772,129,124.44715104586479,48.241462575109765
7773,129,75.33883362052029,37.08208147057371
7774,129,68.63554817446798,39.50619764698128
7775,129,58.28072362492181,37.31341159554033
7776,129,49.008266733572,33.647703349301544
7777,129,42.53097780722703,31.086796946110656
7778,129,37.884361540609035,28.616953632231844
7779,129,35.771696090650394,27.780800529088772
7780,129,35.78922019267533,27.788469766656867
7781,129,36.456940522419046,28.05263112472156
7782,129,39.140501550713914,29.747233539561012
7783,129,48.72273882882383,34.804508661319616
7784,129,60.95394485721856,33.33362247322663
7785,129,58.76020468342086,39.53853467182334
7786,129,49.11261940968487,37.358387751741596
7787,129,43.91919615919287,35.49098989987326
7788,129,44.259367706838745,38.1949474196224
7789,129,45.54028582248326,38.479735782010444
7790,129,51.20865820916054,37.62670334013598
7791,129,63.25022870398384,38.71483211405739
7792,129,85.3787798178085,29.81259484272385
7793,129,102.6533366130572,37.72891930076966
7794,129,99.79056367557504,38.49873473874963
7795,129,92.30749268941052,43.78507363789345
7796,129,83.99711493052303,40.501092124649574
7797,129,75.62097129511346,37.19180945663282
7798,129,67.95636475846229,39.23793827052352
7799,129,57.60102248256005,37.04477194571617
7800,129,50.639565312268374,34.29054446020763
7801,129,43.0785913841934,31.302192664136086
7802,129,38.74600190120814,29.58891228882096
7803,129,36.68721589520069,28.775116849191136
7804,129,35.88647170285408,28.45813442837419
7805,129,36.915856397255475,28.864873013210243
7806,129,40.019258213435435,30.09199064686399
7807,129,47.659917170477684,34.380287442615966
7808,129,56.797292201939854,38.05023062778962
7809,129,57.27935312453541,38.832078215901646
7810,129,48.638723611366345,36.86319198260141
7811,129,43.35334444407457,34.62201749220543
7812,129,43.27333839501085,35.368588113892756
7813,129,44.09707409533159,35.34585534570676
7814,129,52.90441668396101,38.829692371278185
7815,129,65.2338477508767,38.98551753426445
7816,129,87.24082725031302,41.79319111999585
7817,129,110.2179579343594,42.624774021486786
7818,129,109.34271357331826,42.27545060557141
7819,129,101.07564040563788,39.006264819176295
7820,129,92.09763818632317,43.70380177936326
7821,129,81.62017198386539,39.565109723424946
7822,129,67.8526191354667,34.12372427827765
7823,129,54.97470579227498,37.27367709238549
7824,129,45.00884641520075,33.33266750891922
7825,129,38.7839039994543,29.603168657024074
7826,129,35.52134462012457,28.314178649308737
7827,129,35.04535133508485,28.125396044745596
7828,129,33.948527938339915,27.69276296919139
7829,129,35.93670071930849,28.47803123104746
7830,129,43.93432041876794,31.64387107291654
7831,129,87.57473719853299,41.910315692528584
7832,129,96.89367724160647,37.36502860075018
7833,129,86.17783103586885,41.66632989422813
7834,129,69.48410733322186,35.81586610347997
7835,129,58.97320996423666,37.41904607148155
7836,129,58.99925617391044,37.64958176918532
7837,129,63.491424013841225,34.16929704549903
7838,129,73.29097239425676,37.56448856073199
7839,129,93.20161681376126,44.6394158194328
7840,129,129.81306504574175,48.494815360167784
7841,129,168.47374808811566,63.73815200322963
7842,129,159.9552240330614,60.37170896300922
7843,129,146.0618990816488,54.879245086637304
7844,129,136.50019532874936,51.10136388723106
7845,129,78.39889269381534,38.289425093654
7846,129,68.46438277535205,34.36703001212145
7847,129,54.73448355984556,37.18220840263375
7848,129,44.953450140828856,33.311916200462434
7849,129,39.69079526252462,29.962544022740836
7850,129,36.6512478161915,28.76129979427217
7851,129,35.095434717772434,28.146352223117187
7852,129,33.887604112019744,27.669408369831995
7853,129,36.080247806593746,28.536280425782714
7854,129,44.64136073945541,33.19025545573608
7855,129,87.54134880061414,41.89706192946113
7856,129,90.44266419145397,43.070081242658766
7857,129,77.71123319301648,38.29326313978986
7858,129,62.06266913002445,37.95372304089081
7859,129,53.83034880197568,38.6378019274281
7860,129,56.33553373570943,36.78303107784346
7861,129,59.160539886213726,37.76209007807866
7862,129,68.96553289993324,35.93149622378981
7863,129,89.57787029849274,43.214380765093736
7864,129,124.7689673871858,43.30416270755632
7865,129,161.39909021621511,59.039862293653215
7866,129,155.55833220847492,55.462775043341345
7867,129,143.8825503757477,54.01974551589189
7868,129,132.48371438672,52.050844401206405
7869,129,83.05723206653559,40.13263764746654
7870,129,72.78197861529046,36.07222430724467
7871,129,59.82626884143405,34.7534296818208
7872,129,48.9599289985112,33.628076458934366
7873,129,41.3402883725763,30.61638432674657
7874,129,38.137871075284494,29.350112255983444
7875,129,37.84774832207977,28.601221299946538
7876,129,36.45554558567332,28.05009607888027
7877,129,37.72458334384587,31.088986409738244
7878,129,45.761403035331774,34.26796120653624
7879,129,92.70374384126245,35.69286556395229
7880,129,104.58215764470447,37.23942556689743
7881,129,93.54577143826054,33.0890869717186
7882,129,75.49859674450326,38.11838260903464
7883,129,62.62190149673319,42.52825335675452
7884,129,63.593132968011226,43.14759963032916
7885,129,67.01923201743742,44.306763607302
7886,129,80.4291105303887,46.494137219612014
7887,129,100.71692896621931,47.44162145435453
7888,129,135.61611527684292,47.58002886140303
7889,129,173.1117730583176,63.66929088378581
7890,129,164.2982179002016,58.916432053760765
7891,129,152.89476730835793,57.57984669662134
7892,129,138.6968130330437,54.5046391855657
7893,129,81.47136514558085,39.507034783770195
7894,129,71.96726296210277,40.82184386880846
7895,129,58.91511259362703,40.098690592448605
7896,129,49.200455569664015,35.6229341024044
7897,129,43.16067904804366,31.33288128878376
7898,129,39.54809387845049,29.270755275738836
7899,129,37.62210866955329,28.5106601654818
7900,129,36.28127091073513,27.980109432173126
7901,129,38.4085738866643,28.82253633897673
7902,129,47.40040217070107,33.012030505480325
7903,129,92.78002458306483,35.72249175946344
7904,129,96.16414693180175,33.926393560761255
7905,129,79.68417464543576,39.03323644021686
7906,129,57.28367461931744,39.008186817994755
7907,129,45.12283430035491,33.715875862228316
7908,129,46.167190936522715,36.93092421803218
7909,129,50.38856275592707,38.44676744254896
7910,129,60.880474542677085,37.58380262578489
7911,129,87.19542687950033,42.22152630028715
7912,129,129.5000634322103,46.4426588455957
7913,129,166.96052123572758,61.238783293259196
7914,129,160.4706669287733,57.406161615311355
7915,129,149.65693952142013,56.303283984862986
7916,129,141.09695538928935,55.456968921306974
7917,129,85.30961928662694,41.024359313234044
7918,129,75.0250382323836,42.03129585470188
7919,129,62.96110416911982,37.262518845525
7920,129,51.650769863221036,32.79015079288127
7921,129,46.71511972179554,32.74146236220662
7922,129,41.90217868107915,30.83840701785886
7923,129,38.83697646746853,29.62743827446328
7924,129,37.87442052598078,28.61244721926498
7925,129,38.61273296045636,29.538715998479404
7926,129,45.99738431837091,32.46049141082373
7927,129,92.08585878030374,43.69405750970122
7928,129,98.02624236486001,37.857469261238634
7929,129,86.16474051055401,41.616003504829166
7930,129,71.11031778153843,36.11669042965409
7931,129,62.67850294563271,33.36926534652222
7932,129,61.263629732954186,33.058414219293375
7933,129,60.409025922745215,32.61327494983729
7934,129,71.44274098272496,36.447113733115636
7935,129,93.39177917076402,44.45558261830316
7936,129,126.07494706893941,46.98291942048335
7937,129,159.68981553326566,60.266475025254046
7938,129,151.93351406383638,57.200995137293305
7939,129,141.06693254471801,52.90733549016292
7940,129,129.243874668895,48.23463562716852
7941,129,78.14951290332417,38.19252121151716
7942,129,71.79229940658055,35.68026915373862
7943,129,63.00554556350524,37.27986108471862
7944,129,52.61484241278386,36.34219989447266
7945,129,46.085223118922436,32.492576045561535
7946,129,42.365025795730205,31.02237395716397
7947,129,41.57910422949968,30.711726047752904
7948,129,40.68989365616166,30.36001207132094
7949,129,41.10267976187082,30.52352656069136
7950,129,45.443142128595404,33.50719310235223
7951,129,56.939531438475356,38.05190235018406
7952,129,67.99854075110673,34.284340530409295
7953,129,63.52817383353349,38.00959984917231
7954,129,51.91852602594971,37.79409849227653
7955,129,41.46004619826715,34.97830317019785
7956,129,40.81340190627697,35.346804592978145
7957,129,40.846919827534634,35.186860864349576
7958,129,46.95726328004379,35.304604809880736
7959,129,61.79476391772892,32.65807856567397
7960,129,83.34437467685008,40.32498553009337
7961,129,98.94727055588831,38.16816558750423
7962,129,92.6952554789745,43.9404381727071
7963,129,86.61451932570586,41.5353649403786
7964,129,81.76070112530253,39.61803272724332
7965,129,71.18834936020735,35.44112393977484
7966,129,64.2151871075206,37.761758208853536
7967,129,55.653556830075225,37.54402099881382
7968,129,48.39226191631546,34.67226866626892
7969,129,42.87031791289375,31.22080257557298
7970,129,39.339824833899804,29.825056837686486
7971,129,36.83759329499298,28.835665306609677
7972,129,35.41677608155464,28.273741429330666
7973,129,35.76907184647082,28.412630751614504
7974,129,38.002536115507915,29.295540680665383
7975,129,45.39488888722787,32.21789361047425
7976,129,59.59300967355674,39.19776600996725
7977,129,61.8390569256147,37.347150045393285
7978,129,54.832495017067274,38.65432184216274
7979,129,47.9718930408588,36.92977055971754
7980,129,47.13606635336781,37.35061276749041
7981,129,52.89463482896445,39.33532876186835
7982,129,63.22224353916073,39.124435452781306
7983,129,74.9069265457431,37.36695154453259
7984,129,91.49927990477829,43.46634447884949
7985,129,109.90424995871895,42.4981415608225
7986,129,107.01014253933138,41.353070933067436
7987,129,98.28273111539798,37.90080473660122
7988,129,91.70550135076272,43.54990953802754
7989,129,83.56633170936745,40.33136274722921
7990,129,71.03638148591679,35.379378762463325
7991,129,55.994779299653295,37.67564127706491
7992,129,46.17315038296066,33.79238268130008
7993,129,39.33107849960143,29.81896133605818
7994,129,36.345030508002864,28.638886670871273
7995,129,35.45884307696934,28.28835307936832
7996,129,35.05043838422345,28.127325229294875
7997,129,37.3224207307758,29.02543892755593
7998,129,45.81778396655023,33.6580672940104
7999,129,91.12943830593734,43.314672612066936
8000,129,101.15607541183047,39.03324811292086
8001,129,105.97069947424598,41.09553199675217
8002,129,97.29588671645273,38.29303756158605
8003,129,89.79872147285806,44.20718451470962
8004,129,90.93439029104216,44.86403164400562
8005,129,91.33926029550827,44.86129085421804
8006,129,96.48589862272911,38.240346305203424
8007,129,113.2568326829686,44.79821654235576
8008,129,140.01466123430995,55.03559863047392
8009,129,180.47115416971295,71.01635500364131
8010,129,172.53888326578505,67.88175827249948
8011,129,161.75372393170107,63.61842762020317
8012,129,145.3189343219603,57.12331003238297
8013,129,83.53947475724621,40.31914978379143
8014,129,72.6198786179113,36.00388477220541
8015,129,59.219276557368474,35.780931868959755
8016,129,48.69576641047752,34.790121021451235
8017,129,42.19831017601927,32.2225728174631
8018,129,39.52696626589963,29.89796889672286
8019,129,37.905695190703526,29.25695113502373
8020,129,36.965509070493454,28.88637782802052
8021,129,38.33646051571904,29.428357561102235
8022,129,47.305021498422526,32.97468117840585
8023,129,92.37323988401796,43.806293322985255
8024,129,97.02178148070362,37.42487470790182
8025,129,80.60664234775095,39.33312008935315
8026,129,62.00965350950211,37.676587768525614
8027,129,49.45784638888634,36.59940125799936
8028,129,50.061297254328565,37.150560897923974
8029,129,52.91031088089115,38.15509920340951
8030,129,64.7522274758569,39.09400441261437
8031,129,90.36637462169605,43.37105595514458
8032,129,127.94557238512061,47.71994829865946
8033,129,168.28351300436793,63.66282156495398
8034,129,163.68242061735805,64.38106389822184
8035,129,150.42175816152502,59.140597848706335
8036,129,138.22687550531666,51.7839752341194
8037,129,86.51139115159923,41.49580686348644
8038,129,75.23114937219898,37.03839267498706
8039,129,61.97031898027272,36.86939463628087
8040,129,51.4444630662777,35.87914374404917
8041,129,44.06329731827169,31.692797620382045
8042,129,40.46210825843033,30.268317072339094
8043,129,38.64205082791094,29.548689118964734
8044,129,35.911685057410715,27.83462952505875
8045,129,38.55823363699956,29.515364760507765
8046,129,47.20713999166099,34.20592165913353
8047,129,92.61811154106631,43.90341894605401
8048,129,106.61053575261303,41.190253537705225
8049,129,94.60171776339837,36.60317505320458
8050,129,79.29455744211816,39.378516291367916
8051,129,65.12527827166176,34.34808134819857
8052,129,67.60409752460849,35.55059829885575
8053,129,70.50062661051027,36.51016054146727
8054,129,82.58967820900448,40.76891014412408
8055,129,103.4376706765584,40.13951858764901
8056,129,143.36114044947723,53.81246763790396
8057,129,181.2845245087965,69.43566485997702
8058,129,166.94753840450304,65.67037270298559
8059,129,153.46908326370078,60.34306378895443
8060,129,142.39965830608568,55.96768373412756
8061,129,84.82687851686238,40.82952904999412
8062,129,74.29979475951143,36.67000178948669
8063,129,62.789797682381796,37.18932205517077
8064,129,51.75984741244455,35.99982985986943
8065,129,45.31782299760634,32.18470768859683
8066,129,43.18347548525631,31.34076573180014
8067,129,41.26380692210779,30.58253021394782
8068,129,39.62395520083367,29.934031647802723
8069,129,41.89376711030002,30.83138912204597
8070,129,50.17496818781964,36.64321654456852
8071,129,99.49260934486782,38.37444017678808
8072,129,107.68135516745703,42.911116431603496
8073,129,97.20638113850643,37.60151262704055
8074,129,77.4951428648567,38.503773753580376
8075,129,63.61195298008454,38.82989916884572
8076,129,64.17702587547159,41.853846349623716
8077,129,67.5743059728815,41.787096116704255
8078,129,77.81549198032378,38.9769305380705
8079,129,99.76917412406311,40.07464468829186
8080,129,140.07489474212653,50.61060339419798
8081,129,176.93749065890063,65.18001347678468
8082,129,176.284277038507,67.45883284998128
8083,129,164.396459883691,64.6629116688788
8084,129,154.06152996413502,60.57760983806533
8085,129,92.54301995545988,46.4160730133955
8086,129,83.23916101299183,41.47042723303229
8087,129,67.97449653215476,40.51069206113711
8088,129,57.72296456623893,35.186498529532315
8089,129,50.52999907333333,35.514159245660736
8090,129,46.39788378129217,33.8800855635935
8091,129,43.636986401620945,31.52041789146359
8092,129,42.61843194213471,31.11761927028992
8093,129,43.98204591673227,31.657063908305346
8094,129,52.52288571548603,35.034767571042494
8095,129,102.1163666351318,39.41214194001949
8096,129,109.46434260970295,37.268883917643635
8097,129,104.09146029437866,42.841431026117924
8098,129,90.2765667183537,43.463682924558306
8099,129,79.26620277876928,39.646077198875886
8100,129,79.43551123651793,39.957709001618795
8101,129,78.07372028445941,39.32982111397302
8102,129,85.20344303165406,41.671549899429685
8103,129,108.99878869005231,44.800325016244635
8104,129,140.09701197104306,52.52337479322854
8105,129,172.0363382926595,65.14508704457317
8106,129,163.78409503767122,64.42008102648033
8107,129,152.2322168810043,59.85492720187631
8108,129,142.60114389957468,53.51223411966369
8109,129,87.66949599825985,41.95133634925969
8110,129,76.3535460043957,37.48160318359125
8111,129,66.45751179411435,38.64152723269798
8112,129,56.32995124345136,33.368389054995134
8113,129,48.41278976503083,33.41029911331034
8114,129,43.61676326406738,31.514730145162943
8115,129,41.90965874500896,30.840259268019487
8116,129,41.722245264427634,30.76593567087806
8117,129,42.47283821276021,31.062601839952254
8118,129,44.63917850128374,33.187212963371294
8119,129,55.83574924054907,37.612698526022356
8120,129,68.22980673826706,39.440506012802636
8121,129,70.43388740422895,35.42458706167991
8122,129,60.6012718673844,37.546513789285555
8123,129,52.416609962576466,38.7000524344106
8124,129,52.10211065311987,39.19025338492449
8125,129,55.82687992546609,40.531114891089594
8126,129,64.04889548703402,39.703080044684114
8127,129,77.07394377347649,38.40635470667557
8128,129,94.13257893147131,36.2891188499202
8129,129,113.4479772958945,43.89949327850155
8130,129,107.51721887342714,41.555012129518765
8131,129,96.78349056876712,45.556234702713766
8132,129,88.10778357794769,42.125321565498055
8133,129,82.2531392122029,39.813147420960334
8134,129,72.69788534921962,41.11278024742884
8135,129,63.117733158271626,37.32271205443864
8136,129,54.14797025391105,36.947060573225706
8137,129,47.97370114173194,33.2373066327688
8138,129,43.88359376751894,31.620121861787123
8139,129,41.52569722653837,30.688321205655054
8140,129,40.5989088197532,30.32165535844944
8141,129,41.520411758697584,30.686142729100997
8142,129,43.76447716364807,31.57345916588116
8143,129,50.7882372766123,35.61913992182796
8144,129,64.15781233822393,37.825955538474496
8145,129,67.40935165977646,39.37760586972392
8146,129,61.75343003568939,37.727370102499975
8147,129,54.39434451288206,38.89173033794702
8148,129,52.97557057810748,39.0984730641741
8149,129,57.39558365863234,40.60984407773124
8150,129,66.14543733653765,39.878182848296845
8151,129,78.07403900117727,38.409680789723886
8152,129,90.12180504318862,42.92135803682599
8153,129,106.44612682187116,41.13070127425984
8154,129,104.01008081551655,40.16827804810027
8155,129,96.13244996287379,37.05364480016064
8156,129,91.22492842759323,43.35992455099278
8157,129,85.98893412464248,41.28792843214514
8158,129,72.59867443825769,35.99863873712516
8159,129,58.357838586569734,38.6107757168251
8160,129,48.011768671204216,34.51871337876995
8161,129,41.04029324000269,30.494522516972342
8162,129,37.74184467771469,29.19028884821085
8163,129,36.67737726728476,28.77062226894721
8164,129,37.36173434393514,29.04050810052117
8165,129,40.39759329993758,30.240664948591885
8166,129,50.42446546497354,35.4771740428823
8167,129,100.8736668323661,38.92136666290676
8168,129,111.48151422145813,43.113805609004686
8169,129,105.84975261325025,41.01161930376375
8170,129,91.96482702224279,44.2320888214913
8171,129,82.02719804052467,40.90520129214503
8172,129,78.75349258635083,39.82703244143882
8173,129,79.27118566868934,39.890416754342645
8174,129,83.69548543866078,41.275205996854226
8175,129,102.42881559936701,39.78448838089124
8176,129,134.08684132958092,50.14844437831205
8177,129,177.4105779074059,67.90339954760088
8178,129,174.1449400843932,68.51540448299238
8179,129,162.19431040137323,63.79250956653526
8180,129,147.75168996788756,58.08385561683127
8181,129,88.67571019748793,42.34877534143913
8182,129,76.58949924533593,37.57305089751944
8183,129,62.81657826772702,37.20242582656106
8184,129,50.99550385039009,36.96724440320349
8185,129,43.11906426311663,33.22044544936896
8186,129,40.92684961939225,29.816854554271988
8187,129,38.37460602402704,31.345741787693818
8188,129,37.7585225976827,31.10276947446038
8189,129,39.86224696989116,30.030817972215928
8190,129,49.89985002649039,35.26794404783367
8191,129,97.83691549316043,37.720982333758684
8192,129,104.77749886755572,40.47111201376517
8193,129,91.48765327854879,35.33579575541722
8194,129,71.06717526010404,36.01479025958922
8195,129,57.69578374061057,36.49206576598157
8196,129,58.94117728154802,37.3083958705641
8197,129,64.4523035799503,34.31190600449588
8198,129,77.17172653420879,38.80456971614742
8199,129,100.73805510736011,39.1433717041115
8200,129,132.73290531616556,49.611843615661954
8201,129,170.12938894431662,66.92872216554525
8202,129,165.3896418398463,65.05558873191926
8203,129,151.64116021593122,59.62198872994319
8204,129,140.1978069787644,55.099376920265456
8205,129,83.55462509378503,40.32742499645063
8206,129,74.65139053974451,36.808525086194535
8207,129,61.907873332514406,36.84382343479102
8208,129,53.550001714958775,36.71084712357056
8209,129,46.926397456158455,34.091389190023435
8210,129,43.32676254961931,31.399808138866906
8211,129,41.00501276460894,30.481928305828443
8212,129,39.25477669373406,29.789503156206735
8213,129,42.05197455697057,30.89541713057887
8214,129,51.50621638176822,35.90447799741864
8215,129,101.42389557846998,39.13842388479828
8216,129,114.8068493803598,42.52652993076517
8217,129,104.7743479725901,40.56593220920342
8218,129,84.61149102066345,41.33214332703325
8219,129,68.79708715760296,35.63632388121434
8220,129,69.49492457925376,36.14968727049487
8221,129,69.89296271539925,36.13952082036635
8222,129,79.69603124119907,39.52491436821683
8223,129,100.965458999969,39.113498660229105
8224,129,139.60849999679237,54.86659557274502
8225,129,180.10478987534518,70.87091765572285
8226,129,172.43673361036616,67.83973221377258
8227,129,156.94517824877218,61.718170223701726
8228,129,146.5384623084055,57.603390731182756
8229,129,87.03738384968118,41.701497504299844
8230,129,76.74837912643706,37.63687758954079
8231,129,62.00107923005438,36.878991178085805
8232,129,52.252023954454664,33.023796976535344
8233,129,44.643222535053816,31.918147208422752
8234,129,41.86907994341127,32.724109655285936
8235,129,40.98792102769744,32.37558848307999
8236,129,40.47364335773157,30.26929341484739
8237,129,41.66627250187061,32.00842603136855
8238,129,49.2157502044987,34.994852406097905
8239,129,96.81012599093874,37.31399089014475
8240,129,106.01846019674232,40.9545124528185
8241,129,102.65919642530596,39.749406492961384
8242,129,83.08662110462922,40.57545430022244
8243,129,70.48956448981836,36.32821760992155
8244,129,68.95404838306757,36.005417550604875
8245,129,69.02034101973564,35.90690244328651
8246,129,78.92221720630494,39.32936762598464
8247,129,99.42116266745882,38.61124365634079
8248,129,132.66826357606197,49.58613284236562
8249,129,166.95228742279045,65.67257198604615
8250,129,166.24952590197483,65.393716403458
8251,129,157.5705023811699,61.963022398978595
8252,129,144.56007396447535,56.82097891244718
8253,129,89.54705965290077,42.69467476402094
8254,129,77.57475584746332,37.96410523319139
8255,129,63.984752183228466,37.66379219822598
8256,129,53.33685918272685,36.62312198388645
8257,129,46.111247822330284,33.76674521594881
8258,129,40.90880903664451,30.44205734495309
8259,129,39.41394176770929,29.85149067084973
8260,129,39.43679590965266,29.859370877313772
8261,129,39.54204384306659,29.901393102183924
8262,129,47.72699966689442,34.405816289910646
8263,129,95.67015084752927,36.86383765651072
8264,129,109.07146284741076,42.16120240531766
8265,129,110.18859089691091,42.67225457628057
8266,129,95.63694446070869,37.21523084224388
8267,129,85.95455326362466,42.15321898855552
8268,129,85.34694698227335,42.176853548825015
8269,129,82.69225602052732,41.05725382739139
8270,129,89.84040588992303,43.42973642140159
8271,129,112.38289121517475,43.56782068174046
8272,129,139.14578916771202,52.14801613101509
8273,129,169.28292555133484,66.59425006271341
8274,129,162.95903186841787,64.09456745238859
8275,129,145.8732134207853,54.804358415595495
8276,129,136.05568519278643,53.46113438812538
8277,129,83.0111661930738,40.11018364180702
8278,129,74.86743794109618,36.89719077981149
8279,129,64.32236941375952,37.799354751627696
8280,129,55.45147650963217,34.2888802457632
8281,129,48.46333137197762,33.4297381661029
8282,129,44.23832024221569,31.76035854274717
8283,129,41.643930924621266,30.73420503635341
8284,129,40.224456565759795,30.17352257027125
8285,129,40.863289037249615,30.425789746914365
8286,129,44.731186501748454,31.95459585828131
8287,129,55.19463961152054,37.35905214732793
8288,129,69.10014760888194,34.61333941035861
8289,129,73.54950560715001,36.48028241498592
8290,129,63.53850898472657,38.420006093509606
8291,129,59.863809738864404,38.15441465071222
8292,129,58.907841955236016,38.43202993020355
8293,129,61.612719777800194,39.42398670521271
8294,129,69.08648313223686,36.461038932199614
8295,129,82.27943646207441,40.35476570924575
8296,129,96.08578697050251,37.043099310972075
8297,129,112.37982662804392,43.47210750496684
8298,129,110.02153355011247,42.539709249371406
8299,129,101.54933657742737,39.192089363939225
8300,129,91.48365083477533,43.4572299886614
8301,129,84.70822556413171,40.77900400952346
8302,129,76.33810475420744,42.544296042033245
8303,129,66.63301206159488,38.70895750535154
8304,129,55.39387172742999,37.43786513828549
8305,129,48.98759811423026,34.90443141920303
8306,129,42.61657114878148,31.116951763058164
8307,129,41.62328804106296,30.724358062318103
8308,129,39.132673783957074,29.740139596089993
8309,129,41.03437222250433,30.492153050541283
8310,129,44.441320377243464,31.838740800461757
8311,129,50.47374089837342,34.22411551532839
8312,129,64.30088266200184,37.78874215229518
8313,129,68.32278969422568,34.48578210267325
8314,129,62.97565616859202,37.90226945110259
8315,129,57.191993630067216,39.65041873926688
8316,129,55.72631050748345,36.72111459067194
8317,129,56.952874216192214,37.037155234735735
8318,129,63.5365774237,38.68847286843882
8319,129,71.13396624959701,35.627399102967914
8320,129,85.0775773450097,40.93047618900609
8321,129,105.94429422511786,40.9307777024083
8322,129,104.84335293360148,40.4954641095548
8323,129,97.96422070975063,37.777749488039134
8324,129,91.43309086618834,43.44050093184872
8325,129,82.5190102950198,39.91813956979115
8326,129,71.88291904548561,35.71634706241177
8327,129,57.029156461637534,34.9157390977358
8328,129,46.75658850715458,34.022653265896324
8329,129,41.07257880592374,31.77609481648546
8330,129,38.07540513771851,29.323267746246916
8331,129,36.84170820557514,28.836157761649496
8332,129,36.56668697513554,28.726485867758292
8333,129,37.30196878133057,29.01797358361806
8334,129,45.31520113564497,32.1867901932293
8335,129,90.24514057849441,42.965357423587584
8336,129,101.91563410437465,39.33377571549499
8337,129,98.40541052724706,38.030248047187385
8338,129,85.6311015435407,41.595670834818605
8339,129,76.24560836959965,38.472636078826575
8340,129,73.42697169590973,37.59962305982539
8341,129,71.47717022171207,36.72145680310369
8342,129,80.10679188988756,39.8018494829124
8343,129,100.05645439625832,38.817745892499254
8344,129,137.53786997246186,51.51196998253446
8345,129,177.77459249740446,69.95039102394396
8346,129,171.42517675022006,67.44020968752359
8347,129,165.95453102304737,65.278093874722
8348,129,151.4280233240738,59.53685832524036
8349,129,89.57979415310385,42.70830091525765
8350,129,77.4816974654099,37.92691689133685
8351,129,62.79606344370692,37.19565730880422
8352,129,52.33384549641157,36.227726316133236
8353,129,45.50118178434026,33.5275922702247
8354,129,42.800982002256575,31.1912530880454
8355,129,39.36637933545251,29.83450940737886
8356,129,38.488854631859525,29.488038910052687
8357,129,41.29588192065381,30.59696383899118
8358,129,51.09232271047731,35.739295601466125
8359,129,99.94325756932231,38.553080170829794
8360,129,110.07412320004117,43.82623398304222
8361,129,100.18700519711676,38.72269854643982
8362,129,80.9755047429095,39.80596846505795
8363,129,70.41072316597885,36.30699483665722
8364,129,72.27014749095939,37.39426393642438
8365,129,75.82026415744852,38.735041409502195
8366,129,86.2030591493907,42.33856941264706
8367,129,105.3657797657097,40.95854500323061
8368,129,132.28179911218973,49.43296310460072
8369,129,164.66425781217532,64.76873256741496
8370,129,158.75927881778574,62.43448784026351
8371,129,152.47981158269462,59.952600433757645
8372,129,146.1050262761462,57.43343762585372
8373,129,87.37535409574882,41.83611171397368
8374,129,75.73127826610626,37.236062233351966
8375,129,63.65879866752772,37.535482240425765
8376,129,50.68265133783345,35.57600275745827
8377,129,44.018682844740475,32.940644778902154
8378,129,40.98407161936868,30.47276167528468
8379,129,39.9893535227312,30.07857842440628
8380,129,38.2675364653462,29.398321255535716
8381,129,40.09675536990825,30.12152299544716
8382,129,49.056043805208446,34.93320607759348
8383,129,98.96390782313114,38.165244864753824
8384,129,110.49908261784358,42.72495929394957
8385,129,106.98917206779568,41.378792892468844
8386,129,87.51662933856919,42.360822721877355
8387,129,76.05913104510076,38.37825195819107
8388,129,77.03080161489962,41.56356200932654
8389,129,78.07334387004316,41.846928345202286
8390,129,84.59967672236046,41.43823112687056
8391,129,104.61720804952768,40.54749147718216
8392,129,135.57173297268042,50.733963820401975
8393,129,175.60055222435867,67.18925509360189
8394,129,163.23746591747167,64.20546599661382
8395,129,148.9061962859547,56.005395259531454
8396,129,137.65229338484352,54.09219135932243
8397,129,85.49718516344207,41.094466516405134
8398,129,71.90244261617306,35.72231856673038
8399,129,61.860900555306905,36.825949972537416
8400,129,50.399554143502115,34.19401897914627
8401,129,43.75443866409395,31.56681897075385
8402,129,39.07949236919106,29.71947914181035
8403,129,35.9253286458624,27.838623756143992
8404,129,35.088055884994304,27.50745284304923
8405,129,37.75526960607867,29.195692630495582
8406,129,46.05680885873353,32.479661023127576
8407,129,92.17328340872099,43.726014526470294
8408,129,98.98121482211003,38.17280738401009
8409,129,98.40675038272362,38.05785212435827
8410,129,81.83150807696404,39.981846130720335
8411,129,70.27893523775452,36.12929313596567
8412,129,67.50158655829664,35.34369493272366
8413,129,66.40202788657362,34.82146512990257
8414,129,75.60030637527359,38.001853355524126
8415,129,97.43790585982414,37.831299597549716
8416,129,132.46378823256444,49.50478844403288
8417,129,165.33268042260062,65.03303980339592
8418,129,159.04351217071167,62.54652318759334
8419,129,148.17638368113663,58.25142195542055
8420,129,136.13524637510267,53.49184858469167
8421,129,84.18830514938524,40.575324932207735
8422,129,74.48244908231555,36.74062598799897
8423,129,62.83855994359977,37.20862326992418
8424,129,54.253284101160034,36.98592193468725
8425,129,46.54276878638297,33.93824912549703
8426,129,41.91714278880004,30.841258774524807
8427,129,40.684287142108865,32.257461578231464
8428,129,39.80183830763567,31.90756903177657
8429,129,40.614984273622476,30.32700557449334
8430,129,48.79065835828017,34.82712123596086
8431,129,94.19124844524445,44.52416844400267
8432,129,109.32406165266117,42.26282615206139
8433,129,106.46049527855827,41.275088765893585
8434,129,93.93166765362332,44.69388915105965
8435,129,87.03408107979655,42.48155321841544
8436,129,88.9703271668606,43.53745007012844
8437,129,90.16258956410594,43.975484745216164
8438,129,97.59653781902416,38.25259170838438
8439,129,113.5760071125903,45.32609538870271
8440,129,135.9891006070011,50.89859876688831
8441,129,168.11992060747693,66.13484956802773
8442,129,161.83660258862443,63.65063546927782
8443,129,149.115630104935,56.0856322062115
8444,129,137.99017363766808,51.68825193953243
8445,129,82.79626144936603,40.02548711632281
8446,129,75.57746244524071,37.17596906049569
8447,129,64.02400383264218,37.68500833086759
8448,129,52.080692793163294,34.86088850344074
8449,129,45.60262033730167,32.30003872587592
8450,129,41.86754433710033,30.823774054733715
8451,129,38.85687232681268,29.63354872578156
8452,129,38.04447785974718,28.678397506931717
8453,129,37.74424885438798,28.559644499630256
8454,129,42.07956206250712,30.907201171695675
8455,129,50.24699297244023,35.40365794472485
8456,129,65.28209228435955,38.17745447305201
8457,129,70.30602871190744,35.165770427441814
8458,129,66.0697051206055,39.22095329522704
8459,129,58.85055220669033,37.54677609977324
8460,129,56.909225030879085,37.485830517804075
8461,129,58.9610165395047,38.30145304384898
8462,129,65.61867002144267,40.17562396839078
8463,129,75.89649956114819,37.880712179622066
8464,129,91.23345451614429,43.38663708533042
8465,129,112.12378088873653,43.37082309992916
8466,129,106.19338511874143,41.02890653737691
8467,129,96.7260010532192,37.28759918752188
8468,129,90.04511310875706,42.89102552977895
8469,129,84.85814631501349,40.839272680052495
8470,129,74.72320817977013,36.833955881800385
8471,129,64.679952035201,37.938264610817605
8472,129,58.086459963257454,35.33140437296157
8473,129,50.36769725824708,35.44864283836041
8474,129,45.68179140142992,32.32802786316685
8475,129,42.37874831193095,31.022534837309262
8476,129,41.7581260212922,30.776987276826624
8477,129,43.267502516251334,31.373052737576227
8478,129,47.40687527097681,34.278390904638826
8479,129,54.14395037708836,36.94186329334502
8480,129,69.08542428903708,34.60482223300517
8481,129,75.4003648498534,37.33561935592727
8482,129,72.30442751939958,36.336507831466875
8483,129,69.55562149269323,36.10805279785815
8484,129,67.89478624868444,41.40361980543741
8485,129,67.48227267883289,36.074571214520624
8486,129,75.83073200718037,38.500732694957726
8487,129,83.27054229765812,40.48742350817146
8488,129,98.44535306880276,37.968056247712596
8489,129,116.17278715098334,44.97225814399268
8490,129,111.77088791923673,43.231409601892025
8491,129,105.05570793966822,40.577218823613286
8492,129,95.96375083904074,36.98625690200888
8493,129,85.97200543340911,41.28257389404169
8494,129,77.30892637800851,37.85686951137315
8495,129,62.1035468422928,36.919684307561404
8496,129,51.27635978276851,35.808749720745546
8497,129,42.923818615302814,31.239250236345363
8498,129,39.730995805514425,29.978363894933075
8499,129,38.815880830442794,29.615922906504846
8500,129,37.771713983297815,29.202577347516957
8501,129,39.63995680650739,29.942488993938632
8502,129,47.47594241334369,34.30907664779146
8503,129,93.3211339200532,44.180418713869734
8504,129,104.55983303981486,40.37820079482923
8505,129,105.23814583537039,40.67792249217979
8506,129,92.4546267691082,44.21635347774019
8507,129,81.85639274169581,40.617584982006115
8508,129,76.7415473490593,38.86143285418547
8509,129,73.32760681361539,37.43489207327868
8510,129,81.29927873365162,40.28587711553888
8511,129,97.3700099278808,37.78179126425925
8512,129,125.79266642816722,46.86949374507981
8513,129,163.77542298420855,64.41763116532245
8514,129,156.90434561069188,61.7008596722624
8515,129,145.89737918215596,57.3513241103754
8516,129,133.26896937971333,52.360139856700144
8517,129,79.59223342021116,38.76223149897878
8518,129,67.92915975391867,34.15114664493625
8519,129,55.99603364075806,37.680076964338056
8520,129,48.14003556337065,34.57086318422408
8521,129,41.9939893031877,30.873698274249247
8522,129,38.50875525486791,29.495188699093692
8523,129,35.34542185345407,28.24532897530965
8524,129,35.72802992465196,28.395905509477693
8525,129,38.32670413577599,29.422740800763986
8526,129,45.44861861027061,33.509096843808514
8527,129,90.68502091555003,43.138784163968644
8528,129,101.26518907952364,39.07583599811372
8529,129,102.80215966629858,39.74364510643663
8530,129,94.94954226574286,45.269487058002014
8531,129,86.25707754211138,42.51305919834229
8532,129,88.76547468552576,43.87370426039227
8533,129,88.89379956635135,43.88636812069526
8534,129,97.03135372145233,38.38196345756619
8535,129,112.2796969470693,41.80912673596825
8536,129,144.57070052947685,56.82785811619252
8537,129,179.61026946809167,70.67598242444986
8538,129,170.97850635944724,67.26398949947813
8539,129,158.0259367576776,62.14506975574322
8540,129,145.25409925544352,57.09772329836825
8541,129,85.84405129085282,41.23172475630108
8542,129,75.99935959370002,37.34272784880012
8543,129,63.62507356532965,37.52417437272445
8544,129,50.9484654124816,35.68164809852198
8545,129,43.692773786415174,32.812571899652745
8546,129,40.310979679710314,30.20772351809446
8547,129,38.68261410555074,29.56260631175926
8548,129,37.5528646255131,29.116697195700855
8549,129,38.18813066089538,29.368168190219347
8550,129,44.95202445104074,32.042378979836805
8551,129,87.57955511145043,41.910757658928425
8552,129,101.79449939570506,39.28447636460028
8553,129,108.99400532637449,43.42067776570601
8554,129,96.76735096146788,37.729072773476084
8555,129,85.61872286531357,42.115975563457006
8556,129,88.00271394763858,43.33560198512367
8557,129,87.11216042878588,42.872296298497325
8558,129,90.31379193733946,43.70327153388467
8559,129,107.80041124901207,41.810109667301504
8560,129,138.53761829651978,54.4414224201291
8561,129,172.47047728687625,67.85419169536
8562,129,163.28016512547538,64.22167504424436
8563,129,151.42451161401172,59.536661991119054
8564,129,134.28816442996583,52.763474514285704
8565,129,81.07306124152485,39.34677658700364
8566,129,74.17974049915199,36.6210945785554
8567,129,60.55851759756159,36.31092532933898
8568,129,49.67463889373297,35.17663217175075
8569,129,41.86470705752027,30.820786933639933
8570,129,37.48544534015963,29.08996055051314
8571,129,36.01182553143567,28.507339969457
8572,129,35.7653870580677,28.41085353367043
8573,129,36.26836536422884,28.609379879055247
8574,129,44.36695507965044,31.812784959589827
8575,129,88.93958512352084,42.44819287215784
8576,129,100.19505441983456,38.65271934953505
8577,129,102.76984671208133,39.71231296309124
8578,129,94.33020949504395,44.897515600938725
8579,129,83.42593893119243,41.30427595205562
8580,129,78.55339946765078,39.69597345478258
8581,129,80.03539953065952,40.20500009736014
8582,129,90.51962858278712,43.9026259574316
8583,129,107.3198121865846,41.74621437369749
8584,129,136.81259537567635,51.22237499455871
8585,129,167.627337469631,63.40343875526677
8586,129,158.05191715759258,62.15494028708322
8587,129,145.05914448920655,57.01899996186794
8588,129,128.64386737147672,47.99416582063748
8589,129,79.39711847824599,38.68113073041696
8590,129,70.81515232568975,35.28877956631739
8591,129,59.366017575601006,35.83727038063172
8592,129,51.564383118717586,35.92422415008926
8593,129,46.024986485905636,33.73268679557273
8594,129,42.84760735926341,31.20859707686457
8595,129,41.76675644003425,30.78114115524887
8596,129,40.96254011722172,30.462885346291213
8597,129,42.213748881026916,30.95690885135986
8598,129,45.59283969757294,32.29350410287169
8599,129,51.70501384206738,35.97826424008888
8600,129,63.99363379348555,37.66542935217673
8601,129,72.82725524520505,36.21875917906889
8602,129,71.22240918517193,35.98911729642113
8603,129,68.3877128692617,40.777129583689245
8604,129,65.2075162964647,40.39446511127337
8605,129,66.15612896203204,40.667356306453904
8606,129,70.05639154259225,36.24744235661473
8607,129,80.42093219036501,39.35979644339798
8608,129,94.02760899798746,44.4651117508892
8609,129,108.79769854565957,42.05764189678687
8610,129,101.88153687510437,39.322897374253074
8611,129,95.65680836830848,36.862660640359714
8612,129,86.24846039562672,41.38927413236153
8613,129,76.46104361293987,37.52135406140246
8614,129,65.31948114825347,38.19017137601699
8615,129,55.25544914792402,37.38311426745927
8616,129,48.62809374460991,34.76379659076261
8617,129,42.895798986511025,31.227643711526905
8618,129,38.399440032377605,29.450662153426375
8619,129,37.48382400786687,29.08849209938034
8620,129,36.777640926483336,28.80900989510194
8621,129,37.65704511095835,29.156075075009042
8622,129,41.18730133330711,30.552417525261376
8623,129,48.60717953879795,34.75410451589229
8624,129,61.11453819095652,39.69865637200073
8625,129,71.59435112723406,35.7316697008846
8626,129,71.16034273387534,35.96466929940207
8627,129,69.03430029258617,41.03275082703048
8628,129,67.39060566002397,41.257341051611554
8629,129,65.68447435663377,40.48096362194751
8630,129,72.22574796417702,42.17828277064239
8631,129,84.61335530451485,41.01675912138771
8632,129,97.58199055171058,37.625346871213786
8633,129,116.27473087883011,45.012698804374736
8634,129,113.96879285808437,44.10003829823568
8635,129,106.39541484098902,41.10686782568235
8636,129,98.37844994596895,37.939001632813536
8637,129,87.81564032923616,42.00898442340858
8638,129,77.40090120996923,37.89161241027494
8639,129,65.89073088152675,38.41563392823242
8640,129,54.69900839152064,37.16327561427994
8641,129,47.34800908724463,34.255931944151634
8642,129,42.035646560521386,30.88852985969003
8643,129,40.277463359890184,30.193371742752728
8644,129,38.47004955643074,29.478274193168076
8645,129,38.901364771131874,29.648473956609628
8646,129,41.47850809576143,30.668176782571777
8647,129,49.0414338675963,34.92622688755333
8648,129,63.510556968919886,37.47417162031175
8649,129,77.19535886723261,37.84546800858997
8650,129,77.07674496455368,38.383204166546705
8651,129,76.81478200837955,44.16470221441841
8652,129,72.11570891827913,43.17784202271337
8653,129,69.88797125409951,42.18554712741555
8654,129,71.30393444837647,36.76953463385602
8655,129,79.97444632563389,39.18164719097213
8656,129,93.13261241152587,44.10971993048786
8657,129,106.95290481136455,41.32920420375451
8658,129,104.00242855744834,40.16124072245581
8659,129,96.81960968327213,37.322308518988834
8660,129,85.42794731069819,41.06327954204331
8661,129,76.41606547432345,37.501298423058174
8662,129,68.13740460692274,34.22887437592325
8663,129,59.708894661375524,39.142113828308005
8664,129,50.49388677048727,35.50135349566489
8665,129,44.37763974386299,31.815566505638742
8666,129,39.706379789670784,29.969589162688283
8667,129,38.37763451264953,29.44451852174426
8668,129,37.86682944181924,29.242743322918663
8669,129,40.74886774871989,30.381820778591923
8670,129,46.23678083227695,33.818492520858435
8671,129,87.49910260606475,41.87909155318417
8672,129,105.427491610388,40.72151528079993
8673,129,111.86660645604196,43.36267029290522
8674,129,93.91069672962172,44.810680102225845
8675,129,86.09141270081693,42.322228073878215
8676,129,86.72942378801574,45.379531365586814
8677,129,91.621124802586,47.23316407722953
8678,129,102.2109155545593,42.86877391238268
8679,129,123.27381365789303,48.67369450052543
8680,129,153.74267147365163,60.456374521779004
8681,129,176.0195297136785,69.25908366316716
8682,129,160.7304690730712,63.214732253595336
8683,129,148.44826993791617,58.36132837551851
8684,129,142.00057446651059,55.81308405689398
8685,129,86.20637199741432,41.37676996355943
8686,129,74.17589339513985,36.620586447929675
8687,129,62.17291978443357,36.95131307438711
8688,129,54.38276425457273,37.03966969117782
8689,129,46.69129529739091,33.998342443365246
8690,129,43.357578956358445,31.410858401936142
8691,129,40.46970550205692,30.27092549950902
8692,129,39.64904441041311,29.944417020251432
8693,129,42.52072998132456,31.079566539211353
8694,129,48.87029840473145,34.86381876404166
8695,129,87.93931703126151,42.055643535596765
8696,129,106.78101471268387,42.524206371837444
8697,129,112.19966930178016,41.67188919322468
8698,129,99.4985161220221,38.87098000283037
8699,129,89.82019860078272,46.518419795689326
8700,129,96.25732123566655,49.42433486813755
8701,129,95.18641065995736,48.94568587336342
8702,129,108.2580659957243,43.47109268806212
8703,129,127.88338729140636,50.51920758042562
8704,129,161.6422168977546,63.57886838098807
8705,129,188.72995368701228,74.27967790457465
8706,129,175.22444495143375,68.94271461408752
8707,129,156.36617741594938,61.48998376283516
8708,129,141.99425510039487,55.81015749733408
8709,129,81.93035265897974,42.22041056123418
8710,129,76.3585826401506,37.4789844634415
8711,129,63.72289365904354,37.56099335233057
8712,129,52.00653170155422,36.0984387925065
8713,129,43.50400002999483,31.46788070262096
8714,129,39.6034822000701,29.924978128884113
8715,129,38.72083319888847,29.576480281483438
8716,129,37.78847133815788,29.20910554314564
8717,129,38.97077769372953,29.67675390118403
8718,129,43.03910194680671,32.55271305612245
8719,129,75.83654808239571,37.26946278766516
8720,129,92.0267212689605,43.667301362879414
8721,129,107.37468507563686,41.496321624562306
8722,129,106.4695433739684,41.585624099554366
8723,129,99.29044063448849,41.84864357131482
8724,129,101.54925107447632,43.02085321249218
8725,129,90.36620751109703,46.72638477349243
8726,129,94.08145011215142,45.213267014050054
8727,129,105.24546750712915,40.809202261887854
8728,129,133.2607535628546,49.817589261160784
8729,129,168.75240233545196,66.3816737974764
8730,129,162.74710017426898,64.00853188289362
8731,129,147.7973480977065,58.102891114857755
8732,129,133.0073643644222,49.720185003065524
8733,129,80.29307975407146,39.03792972802797
8734,129,72.5521949947221,35.97490482100612
8735,129,59.3408211013482,35.8261812100088
8736,129,47.09023684607233,34.154726894458854
8737,129,38.77209922913916,29.5980918285019
8738,129,35.63981623121437,28.35973119958115
8739,129,33.698185501150114,27.592302087494776
8740,129,32.439921776961754,27.095511773512076
8741,129,32.905094740878326,27.27806753969751
8742,129,37.45084482280953,29.076343707223966
8743,129,70.71890139350468,35.24492651721169
8744,129,84.49085432049652,40.68846325785905
8745,129,91.96753772994748,43.72945956328034
8746,129,80.46574442678644,39.44686346505814
8747,129,66.05127397434346,34.492252323841804
8748,129,65.13456246142752,34.43820646772045
8749,129,66.79273777736516,35.00303850884462
8750,129,76.70068308469857,38.45520899619474
8751,129,97.94959330338348,38.04607622409293
8752,129,131.30394154985504,49.044301644698216
8753,129,163.95527912548036,58.77891585000105
8754,129,157.1373831371622,59.254735905301885
8755,129,142.05562548734486,53.29273922748629
8756,129,129.28519345423607,48.24647319913109
8757,129,79.25443833692725,38.62449801747049
8758,129,73.77868013070233,36.461187279917546
8759,129,62.957315395446855,37.25843460009339
