time,bus,P_sub_kW,Q_sub_kVar
0,129,109.84930435680695,43.490386963974814
1,129,103.90740302627322,41.13939607227786
2,129,94.62049673468442,37.479166480029235
3,129,79.85969310630736,31.637624602817162
4,129,205.8772555484154,28.90543142888899
5,129,205.32393082717704,27.63562079798786
6,129,206.6167187213317,28.96126568721127
7,129,207.7872868890438,31.460445392449735
8,129,172.11821029699337,36.650418316998945
9,129,97.99329011181968,41.17735724201977
10,129,46.355520614707046,39.819887780753035
11,129,0.0,37.0639765829814
12,129,0.0,36.806159442288056
13,129,0.0,36.46557676553935
14,129,8.494672211650567,42.63734616255336
15,129,106.21042085431398,52.911081945987995
16,129,165.9501045599434,65.92844099724164
17,129,208.33593211838064,82.4280853705182
18,129,197.96223969819948,81.75013352115974
19,129,0.0,75.2975443781185
20,129,170.6656054572946,67.53983338382851
21,129,145.90388452302605,57.74299414142041
22,129,224.94311084366458,50.731930599529335
23,129,218.15363257146458,41.746091401883305
24,129,95.83318915725059,37.93804155400866
25,129,85.7156581356513,33.93667576382425
26,129,76.61877752693158,30.34910167836686
27,129,72.59742402587932,28.762326762472824
28,129,71.34250961939159,28.263749796973162
29,129,75.49611727890948,29.91561980988646
30,129,0.0,34.19735286632501
31,129,0.0,66.70754856565992
32,129,0.0,79.50156812150668
33,129,0.0,85.93013526467833
34,129,154.8598500810563,72.10266161892777
35,129,91.37700584977182,58.641521538220815
36,129,210.3051749624001,60.05576938416289
37,129,204.56695246191003,63.31739634290966
38,129,133.76112556285236,68.99888922497796
39,129,198.97370657899316,82.05147218111728
40,129,262.2376403548294,106.71954469933758
41,129,258.6066051009155,144.0773996183029
42,129,261.77160986075523,133.5048437716903
43,129,260.49370030524346,124.53020738446038
44,129,262.24484038517915,113.95068858603952
45,129,166.86738300893467,66.0773152003274
46,129,145.8796510071494,57.76427796882717
47,129,125.45525482513753,49.67915409462128
48,129,107.1575631863837,42.4447726182288
49,129,91.36244561791074,36.191735885359286
50,129,78.45130871862693,31.0965183989763
51,129,70.9045492734468,28.093163950731626
52,129,206.03143993826833,27.74650456536248
53,129,205.953774384259,27.972264000904996
54,129,207.92559111251663,30.82150656913518
55,129,212.39287242013205,36.63671618837627
56,129,112.2572308553984,44.47272422304774
57,129,0.0,48.915462227139344
58,129,45.004556178209754,45.56134420497576
59,129,39.412948340800114,40.39307095293652
60,129,151.84019428951245,41.93611154851177
61,129,0.0,42.63159946927672
62,129,5.837774543948626,48.336858428804035
63,129,0.0,60.18375530799674
64,129,183.94640289758257,73.32937269153902
65,129,11.223483155884395,94.87924793667365
66,129,230.7122215670887,91.33326260452033
67,129,207.54291109723155,82.19423942929527
68,129,187.63973320374205,74.32544316687927
69,129,0.0,66.20496227442223
70,129,146.94125693523574,58.20155586141411
71,129,0.0,51.56571699283871
72,129,108.93169421236237,43.13023340293168
73,129,92.41351340038761,36.58888586199653
74,129,84.69891014986075,33.537234154267615
75,129,79.55148849633531,31.5002475177686
76,129,176.0240066311347,29.922824400528242
77,129,75.05249717901563,29.71948691441452
78,129,79.70112591634404,31.56187084461636
79,129,90.47807833589161,35.84185728272991
80,129,114.55707850029029,45.36105122682282
81,129,119.66427611670483,51.061035701932404
82,129,68.48193480884035,49.927355069280544
83,129,11.623805847182922,47.671266511922546
84,129,0.0,44.69524829971484
85,129,0.0,44.290446838894674
86,129,30.10297897166936,44.971213586281436
87,129,105.39572001612285,52.84913234721077
88,129,181.09353114858706,72.37713644454149
89,129,7.454474512375242,93.3821700095742
90,129,230.49943676704032,91.23137551910207
91,129,216.48590915053845,85.68254204390591
92,129,198.71781781847986,78.65266449048757
93,129,172.56432723790027,68.30044465248393
94,129,152.57153162911408,60.38587738206606
95,129,120.22295037023767,47.603269064634574
96,129,94.03718246088388,37.25912566928098
97,129,80.58697754230693,31.93291306697928
98,129,75.9486797931288,30.097085025827592
99,129,76.35456363927062,30.254919295886218
100,129,77.66180451634597,30.779250461381306
101,129,86.53322521355378,34.29833483776845
102,129,100.66502509451425,39.886288084076114
103,129,236.94110294010784,74.6477010318001
104,129,213.16169034212606,84.30474584098813
105,129,219.88380806839913,88.6207641506877
106,129,160.18361499820344,77.00484786026695
107,129,89.57845899263717,62.33117286677389
108,129,73.08452188426173,60.624892393476124
109,129,104.1850848671757,59.61539706448846
110,129,216.43527963691866,60.79364449299313
111,129,238.1642228215135,77.61862903970236
112,129,263.65370848182226,104.7597743662599
113,129,266.029543708882,144.3079876495464
114,129,267.12023895195716,133.89289831209584
115,129,269.1218002520017,125.23928750216001
116,129,268.5502440909637,113.25662453383215
117,129,164.15896132577856,64.99656533914086
118,129,144.36431616537604,57.162793286041335
119,129,117.70591249285545,46.62405815310436
120,129,96.65962529770056,38.28786767358643
121,129,211.6728594919799,33.557875894247815
122,129,209.68606308617765,32.02606531140423
123,129,208.81553843293688,31.41834561023034
124,129,208.60660772123296,32.01850175358506
125,129,210.2409700598571,33.87695455020086
126,129,213.6353400897555,40.1288979843554
127,129,190.26583814015652,75.25040807011193
128,129,207.13007265015548,82.03436901155206
129,129,183.25167680442433,75.30701455654875
130,129,128.71733052078582,66.36920686421674
131,129,75.21422666136246,60.50272889710085
132,129,63.37869621184922,62.914683797513376
133,129,61.80618207691779,60.304484745006356
134,129,93.65716662606971,61.31776312027451
135,129,179.15047940995876,79.04427140296893
136,129,255.9369946389154,114.06789881033158
137,129,224.90242944783034,153.45973723585132
138,129,134.2850057424414,143.43714746038236
139,129,113.85895797120327,135.36404300079403
140,129,255.15729328950698,124.79391964931983
141,129,184.37936457911164,73.02638619170081
142,129,163.0519733745217,64.5948325500723
143,129,168.96915201978402,54.519423617352444
144,129,216.88702475908173,45.1275460283828
145,129,212.75787717439698,38.41377059197049
146,129,211.33490467081728,35.352164193332065
147,129,210.4397442959396,33.87191917330003
148,129,209.39260152672645,32.64758708476746
149,129,210.44239412544385,33.39704047672496
150,129,97.26745876053755,38.528060845615386
151,129,183.88923888525,72.71976336045063
152,129,0.0,83.5605479998932
153,129,0.0,82.9110505439074
154,129,144.00581423312175,72.62302960656831
155,129,153.3938803240531,62.698412698412696
156,129,205.05793732868582,63.4961990886585
157,129,206.3099095773815,60.01827121276332
158,129,216.7991866062593,61.6295660497295
159,129,181.16836928229318,77.12679467999001
160,129,256.4073417705899,111.64099649741425
161,129,150.15451926811352,149.69608035641062
162,129,126.62795864086718,140.39525431404272
163,129,133.9145306680578,129.57705222757517
164,129,259.7453204842708,117.06986445144842
165,129,177.3418766042596,70.17317272551547
166,129,158.68095080385203,62.80049265584581
167,129,130.97329175753458,51.84945088598158
168,129,215.3509727961911,41.71871375301632
169,129,211.7738950680632,35.47389869976195
170,129,209.0573588387059,31.113762640819484
171,129,208.15274654318472,29.69721119964449
172,129,207.4539607010415,28.469816948945795
173,129,195.15213580814716,30.24963656175752
174,129,92.46860636454457,36.636779678747054
175,129,172.4933020314552,68.21889872115189
176,129,197.532653827988,78.19997385830638
177,129,0.0,72.7147288831476
178,129,115.1171475959103,59.2113198933434
179,129,47.744921911569094,48.90165951988347
180,129,31.72923596843802,48.60274507950582
181,129,44.61499908314792,51.152823400128156
182,129,82.06515156267713,54.91765575435237
183,129,153.75705366018977,69.23000711040116
184,129,242.8633316733375,96.28335444795793
185,129,112.0292259093425,134.6520801626199
186,129,102.80882589551865,131.00528448589733
187,129,245.93453442399138,118.41412982338394
188,129,259.5056479093962,111.71836256409453
189,129,164.27403234497362,65.07311050798165
190,129,143.39776674962934,56.811946417070814
191,129,115.16491786742478,45.625022563689306
192,129,96.22122934856492,38.117150026581264
193,129,85.99930105901876,34.066745577219436
194,129,209.26673329906365,31.810454490327185
195,129,208.01832278108634,29.83891539187124
196,129,207.5128682034446,29.018957245032443
197,129,208.40082036768237,31.36303212091364
198,129,97.867378890939,38.79343265259083
199,129,191.21967741927293,75.63493495320117
200,129,0.0,89.18858485375736
201,129,79.90681768496088,87.53855001776273
202,129,156.68167427065782,74.67238007132838
203,129,108.05326796354464,67.79325218235914
204,129,95.86164126644903,68.63475249809342
205,129,105.13081732517193,70.67263203660448
206,129,134.74384012483753,72.06381562897711
207,129,198.99419158630138,83.72349585610758
208,129,258.26734564452636,104.35474347997398
209,129,266.4782301553075,131.67436063086785
210,129,265.5416585045529,122.34386837059277
211,129,263.50855630172634,112.32668310871868
212,129,258.90083570502753,102.39992244523901
213,129,158.00535825723472,62.61322369184204
214,129,138.98618744073588,55.09101022929584
215,129,221.12730635530298,46.86486101510943
216,129,102.63849318285878,40.72534118035959
217,129,212.1646869316578,34.89724356718148
218,129,209.30296774007218,30.939668270153494
219,129,208.37324400115165,28.14106784754439
220,129,207.78905292736383,28.253339549213067
221,129,190.34763523258746,28.978058474859868
222,129,81.76203176553898,32.474492308657055
223,129,94.92885308445764,37.67334160592343
224,129,19.484300083650652,47.431790081843175
225,129,130.72457871280463,56.27782317826768
226,129,56.02388783234957,55.533251274272594
227,129,0.0,54.82857074775358
228,129,0.0,56.634588579642916
229,129,0.0,58.284969792972035
230,129,17.91562519360923,60.32413167444495
231,129,110.95391201630278,64.0966138805054
232,129,188.438490928462,76.16127712978849
233,129,4.902171650247311,92.39933636310793
234,129,0.0,88.93366888103984
235,129,199.49916579443894,79.01021689680559
236,129,174.64572101076925,69.19780560495188
237,129,157.04070544957816,62.237315777849965
238,129,141.024405162252,55.9045738217465
239,129,126.14858567957299,50.007268084472635
240,129,105.97491173243867,41.99272132276791
241,129,90.92201488666873,36.01500516777255
242,129,82.74024236727229,32.79160873062223
243,129,80.39722068460975,31.863036436086976
244,129,75.88841840401273,30.070736769119343
245,129,75.2393940291789,29.83481341035895
246,129,79.6182280718547,31.578392679368363
247,129,94.54957751270854,37.52339738031947
248,129,114.35705790043116,45.36988756827193
249,129,0.0,53.84740398170799
250,129,58.83362020697547,53.227300342249926
251,129,0.0,51.58198346392631
252,129,0.0,52.05337169497111
253,129,145.19843588717052,51.38771291414598
254,129,22.616977081518996,50.733117126535355
255,129,104.13772845136293,56.602514364906575
256,129,176.98466479743047,71.08263004212371
257,129,229.77064746646292,91.04617381619818
258,129,230.0854475920282,91.16812237612288
259,129,218.73428461065458,86.67953523183026
260,129,198.16200399725759,78.53066679948631
261,129,177.6931653616458,70.4123379796576
262,129,153.18414962908022,60.73862914515767
263,129,124.33063862792082,49.31165582634485
264,129,100.94950955296156,40.0656028179289
265,129,87.25762073511234,34.64123210410376
266,129,80.01989507310014,31.76778539629272
267,129,209.5507199416673,32.26579794296462
268,129,209.1063972409799,32.00985916359153
269,129,211.42671155666193,35.01481265686273
270,129,107.71076535114332,42.72231537320873
271,129,215.42465087759055,85.21400955346226
272,129,230.44803376659573,91.1570602522127
273,129,222.3283048432556,90.94146474489683
274,129,155.13578884072032,78.67010487305754
275,129,76.61308565330316,61.8643028076329
276,129,60.4971143978581,60.63702603305033
277,129,59.4235233088618,57.34279282063611
278,129,86.96418568741393,59.64869443061009
279,129,165.20003498294855,74.74883445044387
280,129,258.22993668022673,110.45175445730267
281,129,255.88521003568232,146.3485432413631
282,129,248.97742941331913,145.94365691437028
283,129,248.83922113683,134.66259870136705
284,129,252.5461380720273,124.9164410944511
285,129,182.65475301721423,72.35011818892227
286,129,163.08652594530315,64.60067061847137
287,129,132.6731598996389,52.5804695162309
288,129,106.83377501406355,42.3526056357684
289,129,92.7703991208837,36.778938110020476
290,129,210.63703934532185,33.678395484722515
291,129,210.16320450511827,33.66306842481517
292,129,209.70578424411102,33.14163852839064
293,129,88.56259601748917,35.12862365789804
294,129,103.22044155951815,40.94241877301151
295,129,0.0,78.43950551036419
296,129,0.0,82.51068800207443
297,129,0.0,68.46251239204214
298,129,90.72250783104963,54.69866381202028
299,129,17.479819842630917,42.09453351102584
300,129,52.602255997854286,38.04520293585821
301,129,179.82461739207523,35.44346839079703
302,129,32.78828119221444,41.45199830217737
303,129,112.90817977106826,55.910858937985445
304,129,232.42028151851812,92.6317430177653
305,129,255.62454551910108,142.2281929328722
306,129,257.56011617980334,139.22067475840183
307,129,257.68874002011444,134.4298724495302
308,129,256.36778834135396,123.86556642759783
309,129,188.68511679536226,74.73063447726786
310,129,165.69289716628433,65.65621421364848
311,129,222.9007281936397,53.97816602206006
312,129,217.41159615146444,43.631069348509
313,129,213.31793387486186,40.1031964747133
314,129,211.01293726342618,37.9544607312476
315,129,210.44578561632576,36.49259626215899
316,129,210.19477813665688,35.114468263567495
317,129,183.94093009980494,37.79713186896248
318,129,116.47116686347303,46.15889489924224
319,129,219.37578368884658,86.76278130188723
320,129,11.539093498512898,94.97066377962997
321,129,215.91355671505497,88.59654006391288
322,129,223.53208970484673,73.0819089173579
323,129,68.96605580450199,59.06031006140169
324,129,199.59218804278578,57.077807468927745
325,129,51.293616145088095,55.22712580070842
326,129,90.03826303363738,59.2896111959464
327,129,157.66369107355516,70.8612047840223
328,129,261.83401475768164,104.26020214509693
329,129,142.30341299897376,146.6088106491545
330,129,248.38443426911283,144.91886530478533
331,129,254.85858192151767,133.32689809617244
332,129,259.7982625545434,117.47432422524595
333,129,169.08900032761665,66.96291900110732
334,129,153.91606651520107,60.97898164656327
335,129,126.4054930754206,50.1112515836627
336,129,216.30131127258068,40.89921072304813
337,129,212.2320636210837,35.56230402411929
338,129,210.7684825444771,33.4037886521302
339,129,82.5665121086061,32.759080388781555
340,129,210.40844976991835,32.32049675657796
341,129,88.49796744374672,35.10072720702685
342,129,104.1413373000033,41.30405272033364
343,129,206.68084438371892,81.74822196298703
344,129,0.0,89.38938654092314
345,129,0.0,82.20098028971064
346,129,124.50909424952883,66.25880603200252
347,129,49.443877976681705,54.06042577330365
348,129,161.72556472367816,51.980029046774234
349,129,195.40538124641316,50.58623708291602
350,129,74.23714304476903,56.34711592663565
351,129,150.28702248713444,71.24810379889846
352,129,251.24805812380302,100.43082901967234
353,129,130.17093627217236,141.8463748719328
354,129,112.36284482076542,134.79513155237044
355,129,258.83979780855884,127.87208451523846
356,129,258.50188389166465,121.62632827314204
357,129,182.90464065384526,72.46139408962718
358,129,161.40222692744288,63.952606674792854
359,129,222.25760659709337,52.487939212080306
360,129,150.17132328517846,43.44683148936798
361,129,212.99956158815192,37.28667618157365
362,129,212.41264261479031,34.79571827867614
363,129,210.8467061994901,33.49197380081355
364,129,210.28364310928183,34.27298552490169
365,129,211.18859863344852,33.84501429149559
366,129,99.73092630525215,39.548087142623864
367,129,198.09845364341072,78.36681673001483
368,129,0.0,90.35444425665743
369,129,212.59819041372552,87.03196363447015
370,129,141.0875741777886,71.75305751082762
371,129,93.998702619988,66.90199392150758
372,129,132.26834360434125,68.10647948459422
373,129,212.34984768983267,69.10035248611231
374,129,126.97470771682617,73.77275162367019
375,129,191.35120425653795,84.10411347151724
376,129,260.1203219705255,108.53854229947191
377,129,148.94496548561165,149.2733444376978
378,129,141.41800377103664,146.2985814479716
379,129,252.6390941573169,140.09357412281233
380,129,251.90735622178906,131.2623187488092
381,129,194.11762018806655,76.9194195670103
382,129,173.17366826216585,68.6597607853952
383,129,200.0925870597854,57.59989909408594
384,129,218.82424634988595,47.769724599730374
385,129,214.80704012729035,41.423641720386094
386,129,212.72738053278317,37.614774442476815
387,129,211.47891879717662,35.401340319228865
388,129,210.57386715142812,34.76510790127986
389,129,211.66199716048695,35.37436678823853
390,129,95.59404044404474,37.977427316208235
391,129,0.0,45.92701623813916
392,129,0.0,58.019949626509664
393,129,0.0,63.969621283569865
394,129,58.836136695212815,64.29313764630193
395,129,0.0,62.90459121518332
396,129,0.0,59.72013301795389
397,129,150.01945941226325,56.13700168362607
398,129,0.0,58.02870308779821
399,129,84.82396264887626,62.81171822669068
400,129,180.65939364534245,75.8125033709558
401,129,12.017130419817335,95.257962537279
402,129,0.0,90.18125771336047
403,129,31.974016122447324,82.14327447404312
404,129,186.36292803930488,73.85478644951027
405,129,174.2013716401587,69.04041518884107
406,129,158.15955432456263,62.710362705580444
407,129,134.48878348637905,53.35501360765005
408,129,110.69697285565283,43.9311378712897
409,129,97.0006097154048,38.48696650709174
410,129,89.46516828947537,35.51118881689387
411,129,85.15843696852343,33.81156707906504
412,129,208.835981452399,32.1523521753925
413,129,86.855974820228,34.498065793705386
414,129,90.63087602282849,36.013191838209224
415,129,101.22167663354986,40.23235067595428
416,129,130.73892989260116,51.92418446813543
417,129,133.29365520586478,60.33311229633971
418,129,53.182407465897086,58.82047948188679
419,129,0.0,54.24119672213415
420,129,0.0,57.67445399668239
421,129,159.06369299166911,58.10943170864498
422,129,15.448725632698057,59.835952628031734
423,129,100.93641183845037,61.664916512878584
424,129,184.14128701218146,73.99155878329475
425,129,234.18791282307083,92.79501236379683
426,129,191.53186640965103,92.46310279671587
427,129,0.0,83.94509298392032
428,129,193.97483088869194,76.89624444432467
429,129,176.03434334204593,69.75684058822675
430,129,154.97038409381858,61.46521944805701
431,129,131.48087860888324,52.145223858584956
432,129,106.55943394248268,42.28009506354828
433,129,90.61711767789404,35.97405392324067
434,129,84.13413414858795,33.409252586774
435,129,83.51432648149526,33.16687752776918
436,129,83.01949790738661,32.960926370468556
437,129,87.41719870566911,34.69136701843624
438,129,105.8862488653034,41.99349872537704
439,129,204.86938856988246,81.03196816943736
440,129,221.10755733602616,87.4574700629087
441,129,206.78101690311124,86.29827742067903
442,129,145.97178766607755,78.4820806189346
443,129,68.18289692816748,63.52757817457611
444,129,201.9320118831942,60.14207238083252
445,129,201.3407454333418,57.854474956424625
446,129,207.1898402705088,56.96291549194092
447,129,139.58853428383122,68.81049525232241
448,129,243.94476760904027,98.18120621744187
449,129,267.5854477689477,143.58162577257582
450,129,266.9132195224257,137.30910209719718
451,129,268.47476550490865,126.88689908213816
452,129,268.62551442839333,115.24736089669153
453,129,162.86879257636855,64.54810793537371
454,129,147.3224305287033,58.385738666103045
455,129,120.49532209259795,47.79058921583407
456,129,100.16994329060935,39.75996872061627
457,129,83.87667598483617,33.29721064093476
458,129,210.1811849437496,30.24951118837466
459,129,209.24699435486716,29.3483876259194
460,129,208.8916749436116,28.924943504098515
461,129,80.48051903828579,31.95230947629261
462,129,98.3135741743979,39.00311781091596
463,129,0.0,75.13124432995463
464,129,0.0,82.30682580065724
465,129,0.0,72.3892603814679
466,129,99.38889982558763,61.478326060899114
467,129,192.62772494269242,52.49878645019571
468,129,182.48925199383947,49.583209314392
469,129,184.9107519469122,47.89398358661457
470,129,131.64064475968829,55.004149394738505
471,129,140.66073737153673,70.67459296157367
472,129,115.86373507080694,101.0218023524225
473,129,145.85432521779396,148.04043050653115
474,129,127.79150536409034,140.8964404733868
475,129,258.93607631676116,128.03908295485817
476,129,254.50051118231087,122.48284846890728
477,129,183.54937973407104,72.67797525343849
478,129,161.27776390869286,63.89620986853192
479,129,165.72325027049928,53.10256552536603
480,129,216.57995209263703,44.61000734788902
481,129,212.6804772819959,37.91056189909947
482,129,211.04695213391977,34.652131899206076
483,129,210.2754702223102,33.52033944485957
484,129,209.85735720693555,33.014411969215914
485,129,210.73620630071943,35.508832649548474
486,129,103.7437869164286,41.13116396672904
487,129,207.16901515090314,81.93298214528369
488,129,10.598889570221814,94.57070428049624
489,129,86.08831342435508,92.31403176305136
490,129,153.60881510600422,82.81947398298966
491,129,92.54138466485173,74.02797649383699
492,129,205.02829706914483,74.82223313957806
493,129,206.05776845496493,74.07946840610353
494,129,216.49289104824732,78.39869864023235
495,129,192.61037604114506,88.74054466313936
496,129,255.23397312050022,118.37125540903514
497,129,173.20678315441285,158.84302049525462
498,129,156.28833242797313,152.1639021508452
499,129,252.72694951774,139.63629249580308
500,129,253.20325535650667,128.53244655658392
501,129,188.67457753789196,74.74988802958825
502,129,161.34484763841428,63.98945432966395
503,129,223.66919692619547,51.107651145541
504,129,125.9441223358273,42.386096098892224
505,129,212.7593540413386,36.81796578482467
506,129,210.81540651426423,33.279809638572075
507,129,210.16112909551055,32.675259743887715
508,129,210.0260861687424,30.684597247076866
509,129,211.55001660123318,33.24906196768574
510,129,100.68894295535458,40.00901184599456
511,129,202.5848310345708,80.16535323891821
512,129,0.0,88.47826544776366
513,129,0.0,80.65725330822148
514,129,113.35713463443398,65.48398387413869
515,129,40.8381190194973,55.76044582524646
516,129,18.652072379307327,54.01204524517841
517,129,16.360902675423006,50.76210919981429
518,129,55.574605720803305,54.569479306060344
519,129,134.41567654682274,69.42743290315315
520,129,248.7436010090711,100.71463935043917
521,129,204.04559944747547,138.57037920381057
522,129,272.2797088087781,131.77307889436324
523,129,266.0934022833494,126.61548680929529
524,129,263.5567552117202,118.27675958089786
525,129,178.12145543781455,70.62833981872224
526,129,160.3320415020768,63.61572389008418
527,129,134.4306799001167,53.35020825571796
528,129,108.4656428722397,43.05703397581165
529,129,95.01284423567213,37.72454189089804
530,129,150.34803757140836,34.49344565534793
531,129,210.96692951065066,32.47985239747714
532,129,210.06919035000138,31.79786256247498
533,129,211.50621360016686,33.773681781436174
534,129,101.50313464428606,40.28202643848988
535,129,203.27717451387528,80.42378299614595
536,129,2.43247233580135,91.40545750544693
537,129,0.0,82.9165668650211
538,129,116.95374774564726,65.86477838795518
539,129,52.161774685203,55.69386547036903
540,129,39.83257484408753,56.04189574339985
541,129,198.23779560558563,57.8923872822496
542,129,208.9492499797032,63.00751105184102
543,129,157.21165391444458,75.36073975164364
544,129,254.7393694007205,103.41871297823566
545,129,257.10960810636504,144.1278931866885
546,129,262.03255298343464,137.2725782994689
547,129,264.28122085982864,126.44627419378759
548,129,265.88979765728027,112.91631590201146
549,129,175.99174481439306,69.70862822321862
550,129,161.65860766243867,64.06684967677903
551,129,141.67362824980856,56.16847689412348
552,129,116.67728243267561,46.27910054957059
553,129,96.93922175117464,38.47021602465968
554,129,212.10597744218163,34.3806054863613
555,129,211.187364477599,33.598546286998385
556,129,210.75999781615096,33.48976186042956
557,129,87.77153559540096,34.828928798551125
558,129,95.13777023591174,37.72989499936686
559,129,0.0,45.69434068853839
560,129,0.0,55.523726378709036
561,129,11.817347931700084,58.12386723699904
562,129,3.769254039376335,51.49973758655539
563,129,0.0,44.05944749639132
564,129,0.0,39.857302516192654
565,129,0.0,36.488910166031985
566,129,0.0,37.583385341278564
567,129,10.829491429849014,44.781408427929506
568,129,126.11203676922855,59.2594646638275
569,129,207.55336665818547,82.26581273336416
570,129,205.65728713144082,81.50605416043119
571,129,139.20955379772693,73.19531405550656
572,129,172.26460283234957,68.3057937451394
573,129,157.1067169425433,62.30208485215162
574,129,141.79378989843983,56.23954079391898
575,129,125.58199344857002,49.824585647985664
576,129,106.99107324919055,42.464168990074214
577,129,92.91381815606314,36.87462004271211
578,129,88.5650652297656,35.15317378474393
579,129,0.0,35.24345605479427
580,129,85.83176676012627,34.065155508316444
581,129,82.8258170816234,32.897798398876326
582,129,90.15371278417916,35.80427388365352
583,129,106.35573409907906,42.2232361056565
584,129,130.22132672576703,52.2841352000401
585,129,104.98298647565107,53.77090849039931
586,129,5.008813183604133,49.51156360920342
587,129,0.0,47.69426898898432
588,129,0.0,49.47786386906124
589,129,0.0,47.53698136756341
590,129,0.0,47.67556954190717
591,129,46.589044701317306,52.077172873678215
592,129,158.7074608899357,66.94320398982842
593,129,4.6726072351575,92.33995905304798
594,129,4.769529308532583,92.36521469674233
595,129,0.0,87.54307275404858
596,129,192.49368323521665,81.49273714353637
597,129,184.35126368826005,73.01553540885705
598,129,159.7393847427533,63.28035697347789
599,129,135.8712567396978,53.83664669171529
600,129,109.96431940569806,43.58464468165622
601,129,95.75134005559605,37.969846093617505
602,129,87.13114137656319,34.552601118211825
603,129,82.69260577404225,32.78805839986385
604,129,82.23483052906744,32.59939051350836
605,129,86.83828152779682,34.426554752015164
606,129,106.54258480969858,42.21688232248773
607,129,211.48055943007193,83.63446835815749
608,129,223.40029181564702,88.5824622702624
609,129,189.12943717407416,81.68693514568854
610,129,104.12865462069831,66.45830822315946
611,129,39.810164833809836,58.381188473445825
612,129,15.133928572623745,55.264867678209804
613,129,187.1811880083989,51.33220819464408
614,129,194.72444069585393,52.7172082229852
615,129,111.51331186865576,63.08827399924241
616,129,237.75183623975948,97.9206830211498
617,129,251.25878538040425,144.08833276492302
618,129,255.19307248021406,138.78605484401203
619,129,251.63538173473654,131.93509834763728
620,129,255.93138334923893,118.72274494083467
621,129,170.80230219782067,67.70439121035196
622,129,151.05053681260472,59.89031225873728
623,129,218.94956433687085,49.38786466856979
624,129,100.33122826887109,39.83920967094417
625,129,209.95959204405779,35.472464976305226
626,129,209.5113387090315,32.84752745735694
627,129,208.10213682165468,31.3841080214941
628,129,206.93827868256776,31.052431216297403
629,129,208.34274825225663,33.026004376815145
630,129,125.1688945437337,39.743439081283654
631,129,192.28650181234386,76.06914230736838
632,129,213.3050426135945,84.55149634367206
633,129,174.29721196678827,75.23262295792442
634,129,85.31607438689193,60.788197152407946
635,129,23.64566369748644,56.05286855020855
636,129,7.476759350158346,58.674093327835266
637,129,5.322358317073395,55.833874421303484
638,129,46.057420955321504,59.28171683242887
639,129,118.10726719012976,67.65550283584771
640,129,222.10825748954122,91.63013817533059
641,129,92.64866459722043,127.0020182294
642,129,90.3006873355956,126.07142397481248
643,129,266.7353632530052,120.09830003305164
644,129,265.7657252552923,108.74662832751561
645,129,166.14994736724498,65.79600580631885
646,129,146.1515170794101,57.89471971578844
647,129,123.81118215660436,49.057453380822025
648,129,97.09396920283808,38.48519324396567
649,129,209.51676836790867,31.60319908268618
650,129,208.23164345563328,28.841255096535434
651,129,208.00783947538903,29.168927149431955
652,129,72.08944137465423,28.59498577443737
653,129,207.20266898601025,30.6636908075592
654,129,92.97528865078775,36.85994989809557
655,129,184.49532671643,72.96949347625781
656,129,0.0,78.13645629614105
657,129,162.53760646349846,71.48414420629082
658,129,79.35283477625532,58.63210778991566
659,129,24.86029830231118,54.00032740818748
660,129,12.377479135704306,56.21569940232865
661,129,18.667275331957,55.73645657033742
662,129,46.96816736065301,55.25389723112277
663,129,120.48083243498198,66.54258696640626
664,129,23.072699989167944,95.0427422802305
665,129,96.8347988199234,128.6564344779981
666,129,262.27904320201037,123.07295815740233
667,129,262.88836951291114,112.70886154483806
668,129,260.5799645424547,105.48466657560515
669,129,164.77222965876592,65.29003306308998
670,129,225.6442379194077,55.9083322271543
671,129,219.64277162989276,47.729341512090414
672,129,97.44745618923645,38.69944000110986
673,129,124.96931079840934,33.08576773155428
674,129,207.94118918079718,31.31739550068021
675,129,206.85245723528922,29.771793848826253
676,129,206.75648580247596,29.262310455302195
677,129,208.7307872438977,31.228652270776752
678,129,97.08508794492943,38.56411261291273
679,129,191.1010358860814,75.62665490006873
680,129,0.0,81.54070632544705
681,129,165.21030970660888,72.40396918997705
682,129,83.60030790369422,59.44536789222467
683,129,17.045801957610962,53.36975398087125
684,129,187.03924396052685,54.14603325987254
685,129,27.63289643649003,51.95044515775242
686,129,30.867353921884444,52.88909463306875
687,129,106.79468399746384,64.96980299656938
688,129,219.21855427480708,91.50585057275035
689,129,263.26707237304703,132.53267192288698
690,129,99.69786428377247,129.8090497178972
691,129,255.73863067806357,124.76022805813865
692,129,257.73374336811014,113.95750964418058
693,129,167.87091152951206,66.56389963401685
694,129,141.85590324283126,56.29747138012397
695,129,221.04214220528107,47.8982303074295
696,129,95.46437884267434,37.91312995066208
697,129,82.15434024948465,32.63197351441549
698,129,75.9422041790252,30.166437608161544
699,129,124.29703164076855,29.97034209952555
700,129,205.73013462823653,29.780104312799942
701,129,206.43774815276572,30.054676040438604
702,129,93.11755832327151,36.954639771272625
703,129,187.11922996727992,74.02694844386703
704,129,191.8414779597981,84.30862517642707
705,129,175.59847644453797,76.6150361754985
706,129,91.3410362804079,61.339961776978754
707,129,19.632149970256307,49.92953168823644
708,129,0.0,49.72608510196776
709,129,5.232527693078026,50.717771368102014
710,129,38.44679778996607,52.99391206017911
711,129,116.50642361753683,66.06939884927293
712,129,213.3495818596316,89.11645907683457
713,129,87.68467322216011,125.0249172298361
714,129,93.71857076080659,127.40984316241446
715,129,65.29058542403376,116.17930867249845
716,129,260.0125679836332,105.42158166112168
717,129,158.87679557331325,62.944998640893175
718,129,139.39827858212084,55.24916951025221
719,129,122.96233082973984,48.74537807930571
720,129,102.17479032059629,40.516574388813666
721,129,84.335189133526,33.45308604367973
722,129,76.9364659431524,30.515906514588927
723,129,197.02040988955716,27.953005505107786
724,129,69.32784854593521,27.511273753952157
725,129,70.53268893675124,27.989992276433888
726,129,79.8770250502372,31.680645552463776
727,129,101.38457945801704,40.18356114074588
728,129,0.0,48.68692051201104
729,129,60.56471939752228,44.04477496507217
730,129,0.0,37.319892317046204
731,129,0.0,30.966825065601583
732,129,0.0,29.33272232438447
733,129,0.0,27.680213618524693
734,129,0.0,29.323666666088933
735,129,0.0,36.50198978055107
736,129,47.67375546790831,48.47915164673985
737,129,0.0,71.61573130129914
738,129,0.0,71.4456396368407
739,129,0.0,66.5068231348227
740,129,0.0,61.16485030554822
741,129,143.80527084828998,56.99059021228929
742,129,132.925909960516,52.68048283690149
743,129,115.35446176496933,45.72550160308023
744,129,98.61194856465261,39.080129682127314
745,129,87.98848940930881,34.86592023867003
746,129,78.85455760655447,31.25324215871704
747,129,73.22293031438676,29.032571087777153
748,129,73.68573923341515,29.200064211020088
749,129,76.90290378786813,30.474172709180007
750,129,81.8155540511647,32.428696124933836
751,129,91.45854832724254,36.24769816574183
752,129,111.91578187714768,45.492326630340116
753,129,65.53746625956336,47.262063238598905
754,129,0.0,44.89402347003158
755,129,0.0,41.77330599271398
756,129,14.82864310763432,42.716015787614
757,129,51.30463065281177,41.89995991494086
758,129,0.0,39.51966111709644
759,129,0.0,42.02970907519892
760,129,116.03033207189384,57.01633590345392
761,129,128.835816133396,82.98970717148116
762,129,0.0,82.22183596226337
763,129,197.49053069996592,78.17272550314583
764,129,178.816898339754,70.78986392095213
765,129,159.96262102994407,63.34047876081588
766,129,134.38797852492357,53.2121918062441
767,129,113.53806859638382,44.966574012494114
768,129,90.52766442314208,35.866986352195944
769,129,79.64332646478667,31.572930243307567
770,129,74.44655483573825,29.50604061224091
771,129,74.06910708091274,29.36453932259174
772,129,73.51133334801574,29.151678316540536
773,129,79.39484726612278,31.477068077844326
774,129,96.24859114849826,38.16133011295695
775,129,182.00766332785534,71.9914579149043
776,129,189.05192767525492,75.31916725390323
777,129,125.95536963236853,60.93628629192414
778,129,30.78828677719514,44.27338596895347
779,129,0.0,38.659907795032645
780,129,0.0,38.657645691143216
781,129,165.14101274128024,37.623120989254275
782,129,0.0,40.16649010430119
783,129,61.96450782372409,50.60029585024929
784,129,184.79177189658458,80.75860832753395
785,129,262.6237814377106,130.61844266381186
786,129,256.74851269802093,133.02401608130305
787,129,177.79608158397764,121.81167741852296
788,129,256.17598299367114,115.0397159735413
789,129,172.00350157855837,68.20730144350883
790,129,148.12399951365407,58.77192232726706
791,129,123.31850682216938,48.968141158793806
792,129,99.80551568991203,39.639024856480106
793,129,86.96933006675422,34.552920740501406
794,129,81.55215761209078,32.419559747808975
795,129,206.32377621078035,31.33744811541142
796,129,206.32675344721463,29.52677813937649
797,129,80.0807781081403,31.840655905749763
798,129,98.86696274004692,39.26297465312821
799,129,0.0,80.23693756144787
800,129,0.0,80.53694153084056
801,129,0.0,67.43495149291536
802,129,50.0513723422209,54.11000398936405
803,129,0.0,47.743843408732204
804,129,168.0095264639796,47.26718547927434
805,129,168.5392480386163,46.53678499546583
806,129,186.21979521183007,48.908541408912974
807,129,81.49238033065487,60.76531701831601
808,129,197.36355535811256,86.02572356907332
809,129,103.22276631213256,131.37099641049684
810,129,89.72886101369681,125.8368124698748
811,129,70.25265722305463,118.13651551443516
812,129,259.2410789887154,108.4053248804086
813,129,167.2900693526067,66.26691893376922
814,129,151.23926367919083,59.92060842178768
815,129,123.58904689997985,48.97970712501213
816,129,104.21056763632564,41.307834162184854
817,129,89.94557956665261,35.65700889639109
818,129,209.48524129021706,32.29617649180978
819,129,83.01854552398069,32.88069174928276
820,129,173.83966138200435,32.64776567362136
821,129,85.40789603081578,33.84832922511475
822,129,102.22152890587921,40.496146277469094
823,129,200.34546304009382,79.2337190045411
824,129,0.0,83.32013444327444
825,129,149.4749061064269,71.27524710481838
826,129,50.070613685676335,54.75150924885092
827,129,0.0,44.499767446634266
828,129,164.79752306669937,44.95171761295021
829,129,165.26315992172158,44.75175960193059
830,129,0.0,44.69180503043875
831,129,69.02135291268152,54.25256754125075
832,129,219.74154616902908,87.72473156311297
833,129,249.15212556199506,135.6289137169866
834,129,117.2995002584365,136.75037657259165
835,129,248.96011145352404,125.13819014656814
836,129,251.45765950269094,113.34195548766407
837,129,166.76898280029206,66.10813346615905
838,129,143.50671472162446,56.9011496238281
839,129,217.2616072367788,48.237550373047554
840,129,211.55315684549691,38.07869229326354
841,129,208.24926184125303,33.441074772519734
842,129,206.93538293281222,30.403805296592687
843,129,206.41192742006353,29.461603865470494
844,129,72.39970608321045,28.766582374201786
845,129,74.83391383116711,29.718474532396584
846,129,92.2844214307652,36.62329038950556
847,129,0.0,68.8318427595999
848,129,0.0,71.83057629598589
849,129,124.04521825412829,61.725084708584816
850,129,48.79587669877594,54.46203164437227
851,129,173.45859687477017,46.94207820944656
852,129,160.90867623795546,44.647430702935274
853,129,60.340662857008454,46.274889569893524
854,129,0.0,46.9508538118307
855,129,74.50048467677917,60.49664530751896
856,129,203.45903261177867,89.9428919792346
857,129,103.6541947987395,131.61771751008857
858,129,87.88524812334941,125.13283933502434
859,129,55.42286392976692,112.29222199358138
860,129,256.09077379603207,101.53629294447286
861,129,156.63789958331265,62.10889089038619
862,129,138.35918441236217,54.86646668984621
863,129,116.71225741010005,46.28774832654154
864,129,98.91104410970186,39.24194700697513
865,129,83.84051661332137,33.26769225752953
866,129,206.7755634377768,29.137217837602847
867,129,205.77281125651936,27.65396633881946
868,129,134.6993848369884,26.43650537387161
869,129,205.27626075929462,28.29485884864195
870,129,85.15618462406138,33.769669516513446
871,129,0.0,67.44535169119791
872,129,0.0,70.57969949679492
873,129,0.0,63.20176636446852
874,129,36.017531604382924,48.391313308629
875,129,0.0,42.183391165342776
876,129,160.71955437626784,42.20001970553539
877,129,161.60828679317873,41.99421177741683
878,129,0.0,45.90663283686955
879,129,146.95073281239956,55.382759981892164
880,129,176.37987813177247,79.33055737780602
881,129,70.01934219105976,118.28565340113906
882,129,78.81699458602043,121.53571522437446
883,129,254.79676145958763,113.66609243300287
884,129,251.8027376191121,106.53422316936992
885,129,161.96758648431597,64.19739808698202
886,129,145.1299466443281,57.54006768009522
887,129,123.5143634853273,48.976246802913515
888,129,97.86417601286956,38.81287402547558
889,129,78.89959817239856,31.29945657235212
890,129,72.71020834537723,28.860920666385702
891,129,68.79073379860401,27.31181829010684
892,129,181.3102490824825,26.823782407650626
893,129,69.20997899748116,27.469770152252828
894,129,80.129393239595,31.80601475580705
895,129,99.43026669517252,39.43944029686142
896,129,0.0,46.787378026303216
897,129,21.59834231890656,43.276810036671904
898,129,0.0,37.82009334184751
899,129,0.0,31.71840814510067
900,129,0.0,31.37416707504189
901,129,0.0,29.37042750109814
902,129,0.0,29.22840032976075
903,129,0.0,33.539330728587366
904,129,0.0,48.67360913373266
905,129,0.0,72.85970298482655
906,129,0.0,74.05625061048258
907,129,0.0,69.1313812141095
908,129,159.74073175304682,63.296361339212915
909,129,139.17681397825632,55.156098893298015
910,129,125.52888114080574,49.75167602100019
911,129,109.33604616504411,43.344065726359
912,129,92.22864707105671,36.569901921540996
913,129,91.65168410188329,31.364579830941096
914,129,72.36950483897076,28.710774810884967
915,129,68.85843276889858,27.325589808007898
916,129,66.14603675810216,26.25100685464587
917,129,70.19588324711279,27.854228796134976
918,129,77.44168283555908,30.728343035671493
919,129,92.95066504784444,36.8553967930395
920,129,0.0,46.7934456392416
921,129,0.0,48.418451443626914
922,129,0.0,45.65364762592219
923,129,0.0,42.8319991113163
924,129,0.0,41.24099888388803
925,129,0.0,39.44352063974643
926,129,0.0,38.53328713742524
927,129,0.0,40.749069189801574
928,129,71.7828795508062,52.35838288431942
929,129,84.34391449551981,81.22554889311034
930,129,0.0,85.32850360941381
931,129,0.0,78.31171306702159
932,129,0.0,71.57354219643987
933,129,166.35490602178393,65.89276829076192
934,129,143.4184097622513,56.82244559224932
935,129,115.23466103434643,45.67303615618413
936,129,97.37930778253556,38.61597718616572
937,129,80.72066439626724,32.021802458597485
938,129,75.32035643895796,29.88218976041268
939,129,74.63642780816926,29.61699765468817
940,129,73.58835479708858,29.207937277125236
941,129,79.84016578378572,31.691735306035405
942,129,95.68984098243405,37.97404697058375
943,129,189.032296326058,74.78317741700461
944,129,183.0356540173952,74.1651196911274
945,129,101.88461301423501,58.20622943995668
946,129,0.0,40.91526652358521
947,129,0.0,32.21737749076832
948,129,44.74520448264485,29.37498190230405
949,129,119.58277968296116,26.395405085465562
950,129,0.0,29.16341705694451
951,129,0.0,35.33943368912792
952,129,127.86951318829409,64.10178514020157
953,129,81.6609659594647,123.16722285906641
954,129,93.23312331170541,127.24635675268703
955,129,256.39682425685703,117.96929154128061
956,129,259.39801662793013,106.87647995343652
957,129,160.71562934763506,63.718078469142874
958,129,132.62232279018704,52.62503789646906
959,129,110.6625131728265,43.93537949908772
960,129,95.75918153529983,38.008989749924105
961,129,209.8566633488197,32.527023308581064
962,129,208.54571481067552,30.3679029443407
963,129,208.15248749064708,29.642497102452385
964,129,207.68114867438925,28.597304337241766
965,129,99.41786053867219,30.56445606651854
966,129,0.0,35.68449416351671
967,129,0.0,70.6935372698977
968,129,0.0,68.5396906541321
969,129,0.0,53.043992527192756
970,129,0.0,35.97571357342696
971,129,0.0,28.076448527649845
972,129,0.0,25.89024533377921
973,129,0.0,25.9355467525631
974,129,0.0,29.99738719055402
975,129,6.90894019109578,40.96718270467251
976,129,143.58206625777825,70.77537878169183
977,129,165.8270661673491,127.81616377123012
978,129,112.56458994443364,134.86285701995422
979,129,259.9923455473885,119.42598598642492
980,129,259.3265874589079,109.44050890670076
981,129,168.38124486746509,66.7088573609782
982,129,151.81535466130214,60.166753663468825
983,129,219.09240466305846,48.41155948230799
984,129,213.08944975692157,40.39914945683252
985,129,209.2115810394013,35.06660788400036
986,129,207.51828122515903,30.887750395355024
987,129,206.62310127570294,30.529492419663622
988,129,206.47592215236443,30.15734787913362
989,129,114.53461652129704,33.040514974592945
990,129,101.24039633832638,40.13180104504266
991,129,193.3051311664009,76.46193078261282
992,129,55.414134871607956,78.05134879120759
993,129,0.0,65.96499495856494
994,129,14.568879344437846,50.83972045630544
995,129,0.0,41.45584100872662
996,129,0.0,39.75381829125669
997,129,0.0,39.82955541659241
998,129,0.0,42.445893556358236
999,129,28.42704727306966,47.779257337924086
1000,129,158.29575547302,75.43932236434418
1001,129,264.2624794992621,122.88200576829897
1002,129,83.85612140459031,123.55605572359528
1003,129,266.22861468532835,115.91362679939593
1004,129,263.8042844588213,105.97609693094007
1005,129,154.65036675497146,61.35434879532887
1006,129,140.129963875971,55.592221414125454
1007,129,116.77724586251159,46.35982015410947
1008,129,96.24383813890347,38.21087534469526
1009,129,87.90669737589951,34.895159732529656
1010,129,175.64693892927608,33.661857591670305
1011,129,208.13239492354896,32.6773002510014
1012,129,76.09931597474073,30.22850039886456
1013,129,82.10421426265668,32.59416334896912
1014,129,101.3015758163398,40.20214835106981
1015,129,200.91922208209212,79.4914852164281
1016,129,0.0,78.35469083412283
1017,129,110.06583509796286,63.44133748470004
1018,129,12.817630535725044,50.9899358717896
1019,129,0.0,43.99826890400338
1020,129,0.0,41.647116458304005
1021,129,0.0,40.136967338504945
1022,129,0.0,40.06722231903943
1023,129,29.574921981755153,52.20781661868228
1024,129,157.31476905098418,77.73553957019207
1025,129,248.6024336808086,124.0340471140694
1026,129,94.05583285255403,127.56506485931904
1027,129,71.61881438672069,118.68962496363109
1028,129,255.04256442444273,107.47168322471498
1029,129,162.00324470695193,64.22635381445663
1030,129,146.85619932087945,58.22982041257669
1031,129,124.21104245913384,49.25402920208185
1032,129,164.42836366565317,40.86017745070091
1033,129,210.57588239656866,36.30534312375757
1034,129,82.32664684769375,32.66673155840657
1035,129,207.1643215506178,31.40050507312958
1036,129,206.55943277319366,30.806709014295635
1037,129,207.10103517498624,31.973246830266525
1038,129,93.73497886137017,37.14743812582886
1039,129,178.44832812956213,70.57980144499909
1040,129,0.0,77.41908914698725
1041,129,0.0,67.08235155571171
1042,129,0.0,55.0136586948136
1043,129,0.0,47.242199972839565
1044,129,0.0,48.567176199889325
1045,129,0.0,47.38332455972591
1046,129,0.0,47.22528168705602
1047,129,28.14531843563728,50.3572834063079
1048,129,140.0530679007126,71.37446825743666
1049,129,82.59850649258738,124.16317323165794
1050,129,107.42523673478388,132.8525011075226
1051,129,191.39026220997124,121.56242968531895
1052,129,257.0655600708669,106.13326591736583
1053,129,165.3290711235904,65.54403561996358
1054,129,144.9886234509492,57.502367477266326
1055,129,124.13376324880687,49.244365984980945
1056,129,103.70653252871165,41.145280537431134
1057,129,88.22186909419472,35.025165562165434
1058,129,80.57297715452094,32.01489627251014
1059,129,207.17870750612732,29.19847834692317
1060,129,145.7754178193582,29.08753926795693
1061,129,74.1353425527258,29.455165461069125
1062,129,80.92699011996629,32.16774828250093
1063,129,0.0,40.46987495901573
1064,129,0.0,47.380766727226295
1065,129,0.0,43.15137317467059
1066,129,0.0,38.23364511588967
1067,129,0.0,34.28223194060939
1068,129,0.0,31.86837328354114
1069,129,0.0,27.322507917342573
1070,129,0.0,28.00247728461735
1071,129,0.0,33.952211238299
1072,129,0.0,47.99124786251931
1073,129,0.0,76.26640135620917
1074,129,0.0,79.23054658030065
1075,129,0.0,73.58326263567344
1076,129,23.16039554635907,65.29022300461216
1077,129,149.54241364509713,59.3122888817706
1078,129,130.67369458947198,51.83953170738929
1079,129,111.22921870937219,44.14408865395142
1080,129,95.00190041984524,37.72278643350903
1081,129,79.86388346039419,31.721818224717534
1082,129,73.70061732363098,29.288515287302406
1083,129,69.8988953758608,27.78845430580413
1084,129,67.48514221435187,26.831874501358453
1085,129,70.5424045131835,28.047858121189186
1086,129,76.69773054227491,30.498672812411513
1087,129,91.24263150821932,36.24218518878099
1088,129,86.34544375416198,44.33856425947813
1089,129,0.0,45.042437358861875
1090,129,0.0,42.47909751583823
1091,129,0.0,41.23311383986635
1092,129,0.0,42.03214741035233
1093,129,0.0,41.86372974917213
1094,129,0.0,42.772043343167624
1095,129,0.0,44.540571397707154
1096,129,31.837337954254252,53.09177754442213
1097,129,74.66158381628674,77.28810193870046
1098,129,0.0,80.73269528264254
1099,129,0.0,72.4217455727659
1100,129,159.019162407251,63.04496433206378
1101,129,142.53741792479246,56.528446617560455
1102,129,125.15321240972455,49.65772739512941
1103,129,101.68946076231933,40.355758692293534
1104,129,86.27849800966203,34.25712694628717
1105,129,73.05013168801722,29.00567214358022
1106,129,65.4819460770284,26.019624176544355
1107,129,65.65918120293546,26.076787149812688
1108,129,64.90323590968572,25.775376364886213
1109,129,68.82815121649699,27.347214544955822
1110,129,84.81672372061055,33.67662631139554
1111,129,157.17949889843297,62.199119387164366
1112,129,141.20652566655423,60.366088069291415
1113,129,66.78573787768372,52.19905526262236
1114,129,0.0,47.47084502141134
1115,129,0.0,42.702648730855685
1116,129,0.0,46.13259086820349
1117,129,121.0439414087503,41.3403270145027
1118,129,0.0,40.34009385963395
1119,129,0.0,40.919849683779596
1120,129,102.59613835172487,61.02753380525974
1121,129,261.09145698915984,105.0198718487247
1122,129,72.14570843047596,118.898434481795
1123,129,196.97653385928504,108.44590109707941
1124,129,250.6805492818316,99.1485090149041
1125,129,147.75110041111006,58.55018973513235
1126,129,127.35312464385018,50.4830522230692
1127,129,107.55932572192961,42.6445580706327
1128,129,86.23300487777641,34.20805566028233
1129,129,76.52541575026817,30.371320857149893
1130,129,75.15805624014504,29.82314288506423
1131,129,70.06829528972247,27.801241985205884
1132,129,69.85880851249959,27.702998692054454
1133,129,77.07697057342244,30.56868163030927
1134,129,95.73509141293002,37.97385027022538
1135,129,0.0,73.98488213199822
1136,129,0.0,67.52898141079473
1137,129,0.0,51.30077928958805
1138,129,0.0,37.478939980689354
1139,129,0.0,32.54360409082743
1140,129,74.21322246477047,31.614216381567527
1141,129,73.67354977170848,29.651571620459908
1142,129,1.2294261067467005,32.18991789526105
1143,129,0.0,43.10977657738545
1144,129,127.22214482831973,71.37901274664068
1145,129,78.01123165294044,123.61291785541789
1146,129,91.59157018520858,126.59440215766607
1147,129,65.22961204728617,116.17541698219132
1148,129,241.44403303673556,106.26463639567557
1149,129,161.95052773075247,64.2134823349731
1150,129,145.85513304988496,57.846979864115546
1151,129,124.41076899965253,49.34321460812404
1152,129,101.67435669517388,40.32111888195542
1153,129,86.52176701698266,34.35032257287328
1154,129,79.576706995649,31.6183364903902
1155,129,207.31943931461672,30.144369144745497
1156,129,206.68522829969405,28.324061043929873
1157,129,109.25535971137279,28.918208644083286
1158,129,83.23415347572549,33.04597569766468
1159,129,0.0,62.16425846009883
1160,129,0.0,57.94920683654929
1161,129,45.34986130049745,44.37133485750296
1162,129,0.0,33.7650718838959
1163,129,0.0,31.05061108980492
1164,129,87.60719641912118,31.175710007463984
1165,129,94.75822332170125,31.82265704340604
1166,129,35.86621459361439,37.89214115638505
1167,129,0.0,45.62024031777221
1168,129,124.65987353369101,69.22492787779204
1169,129,59.89751404479193,115.88480166151982
1170,129,77.99684800111706,121.2269573791534
1171,129,55.38731601610891,112.28828870366597
1172,129,256.7499289796089,103.24994462335607
1173,129,153.4288138844211,60.85077569212234
1174,129,134.5145343454135,53.3469932118241
1175,129,110.28185509787392,43.75152820521927
1176,129,85.53300577626999,33.94688124576269
1177,129,74.11021212644187,29.414267998369276
1178,129,68.64099410479696,27.237234196641047
1179,129,205.69837090329912,26.276888841600485
1180,129,205.51295002518088,25.102371463736016
1181,129,69.31023280031923,25.992670992421896
1182,129,80.19932951579989,31.810590142468417
1183,129,0.0,63.05640233297286
1184,129,0.0,59.657998061093025
1185,129,45.320531569476685,45.38003939794998
1186,129,0.0,34.900188552523026
1187,129,102.86628964359323,30.62934483203229
1188,129,39.35946693184533,30.812100024786965
1189,129,0.0,29.192702889004945
1190,129,0.0,32.313372434514996
1191,129,0.0,41.89439461466678
1192,129,110.8604047748436,66.42168860908541
1193,129,60.100956394546046,117.08274822658815
1194,129,78.0453279506581,121.2094880589153
1195,129,64.02033101047166,115.66613145458297
1196,129,258.64106782859506,104.19713685123364
1197,129,157.58053027331798,62.422085605639566
1198,129,135.93759546777306,53.88371684193309
1199,129,116.97444003523216,46.352722726454544
1200,129,96.21069879967337,38.13340758793423
1201,129,82.87074327459365,32.86874442679287
1202,129,76.19609149355355,30.22551486380606
1203,129,72.88224486899253,28.905491513938657
1204,129,208.26358960792035,28.077340134036323
1205,129,71.22338675301165,28.25763877867799
1206,129,86.55243766548182,34.33405863365192
1207,129,168.33506925322794,66.65657695021248
1208,129,4.262734769518772,68.00671238591922
1209,129,85.42896972710423,60.28338549990449
1210,129,0.0,52.23955862936705
1211,129,0.0,51.70295789018496
1212,129,0.0,54.39095883147044
1213,129,0.0,52.286721772341224
1214,129,0.0,52.63971656075421
1215,129,11.255185691499747,53.847702214792406
1216,129,116.04070186187343,69.30116959702455
1217,129,261.3739242596545,115.70830783085056
1218,129,263.59682713159316,126.20588608505112
1219,129,135.91573665546974,120.76063582191816
1220,129,261.35764735524344,111.09220457217926
1221,129,169.935716795532,67.38508691898399
1222,129,147.75446037044304,58.62358501736359
1223,129,128.41882053941234,50.96615399483299
1224,129,108.08146039059707,42.894785330558
1225,129,212.69381231786255,36.40182770650181
1226,129,80.44637383193276,31.967557938736984
1227,129,73.981566971149,29.409890677310838
1228,129,70.1461085374504,27.88634309615782
1229,129,114.73629925821172,28.754118902877067
1230,129,82.47236562321092,32.78120466375868
1231,129,0.0,39.093092423591884
1232,129,0.0,41.2823710226764
1233,129,0.0,38.12254664783869
1234,129,0.0,31.658766479846125
1235,129,0.0,29.614917900507493
1236,129,0.0,29.457276980413873
1237,129,0.0,26.28343436387786
1238,129,0.0,23.805154480166163
1239,129,0.0,27.546770547059207
1240,129,0.0,38.70909077784398
1241,129,0.0,65.73796604673352
1242,129,0.0,73.16653067214182
1243,129,0.0,70.4412003741885
1244,129,0.0,63.43794006609743
1245,129,88.33973395399752,55.318101071202534
1246,129,124.36471061079857,49.33564522050461
1247,129,107.04626375463633,42.48577127563194
1248,129,88.41667611503112,35.11245851946118
1249,129,77.153184288143,30.655680150550943
1250,129,72.66547262174328,28.87167610564016
1251,129,69.04184944747627,27.434302805598886
1252,129,66.33829791595147,26.355398497075633
1253,129,66.46403754259467,26.412825152539973
1254,129,73.4038901889491,29.17102023664074
1255,129,83.79752033928867,33.51338160634147
1256,129,41.83964059711087,34.91779627003818
1257,129,0.0,32.28921443921648
1258,129,0.0,29.643712517682353
1259,129,0.0,27.741583215746324
1260,129,0.0,28.482153251206523
1261,129,0.0,28.63872189507753
1262,129,0.0,28.04703270510532
1263,129,0.0,30.97921018354006
1264,129,0.0,38.345833942629525
1265,129,0.0,60.15656902759007
1266,129,0.0,66.866518435759
1267,129,0.0,66.48948695693949
1268,129,0.0,60.7193664231252
1269,129,137.1064452681381,54.363830695883294
1270,129,24.88679601272281,48.23182910171384
1271,129,104.28651216482265,41.361436888190674
1272,129,89.23667610149266,35.38493369870073
1273,129,78.33870483905514,31.057101750921273
1274,129,73.70396266901835,29.240804219024362
1275,129,69.75887099438438,27.671342942837843
1276,129,68.80926817442301,27.306388364829765
1277,129,74.46355495988755,29.53848371282782
1278,129,91.47852073657248,36.27873289981419
1279,129,166.36892676810078,66.01176296817908
1280,129,129.7199039404191,59.24272971770467
1281,129,40.90934586031736,48.894885116652794
1282,129,0.0,45.19278119209471
1283,129,0.0,42.01683899066854
1284,129,0.0,42.57357357260925
1285,129,49.94390978129104,42.45146931545734
1286,129,120.63309763466634,40.575588047082235
1287,129,0.0,43.841447885278704
1288,129,80.01571999809087,60.844781433024295
1289,129,14.674166788914533,100.899719479712
1290,129,56.08995724737653,112.55389096598695
1291,129,48.95018274787333,109.72690187089538
1292,129,229.23655080817795,101.41504126482845
1293,129,162.15124053808694,64.22891448533558
1294,129,140.49306078800328,55.6560663504527
1295,129,117.83008763114822,46.67319217693982
1296,129,92.18809192129385,36.53613232430927
1297,129,77.79716378312074,30.843267534027703
1298,129,71.74695583799107,28.4416831578741
1299,129,207.57353326650474,29.03132855070593
1300,129,207.01201714028272,28.02570010116824
1301,129,208.37754805905107,29.644085300888175
1302,129,20.702558615980138,35.8839245474046
1303,129,0.0,66.7556624847569
1304,129,0.0,55.13809197937634
1305,129,0.0,45.566302589978946
1306,129,0.0,37.42199200378634
1307,129,0.0,34.74456078026026
1308,129,0.0,32.378941260692635
1309,129,0.0,31.99560485724743
1310,129,0.0,33.60351624040704
1311,129,0.0,42.57776037352214
1312,129,85.69975323165124,64.38914901997494
1313,129,254.13655799206936,114.55191981366919
1314,129,75.98016006321373,120.45293621381457
1315,129,48.1766735717315,109.46399189342287
1316,129,247.48530596604468,97.93722258082566
1317,129,150.28382329234447,59.68516717904025
1318,129,134.0345772455258,53.24484077172889
1319,129,112.89212627502465,44.8447907386072
1320,129,149.12287707378624,34.70390049749322
1321,129,210.19340082360927,30.253246372017237
1322,129,75.68661059418247,30.116980039776053
1323,129,74.27742768541634,29.534297072960168
1324,129,73.98073042140751,29.41700729524433
1325,129,77.31968431751213,30.744417323478228
1326,129,0.0,37.79683591257463
1327,129,0.0,70.59291309045034
1328,129,0.0,59.42391523448119
1329,129,0.0,42.12648200300979
1330,129,0.0,28.47804155558337
1331,129,0.0,22.38230314181007
1332,129,0.0,21.416792740607594
1333,129,0.0,23.497784479955808
1334,129,0.0,27.45452536653506
1335,129,0.0,34.138070906720564
1336,129,68.4955410203365,56.94303200392262
1337,129,27.802907721891756,106.7731503325315
1338,129,79.15326960196367,121.71253475753713
1339,129,66.92403226170285,116.84287770948427
1340,129,262.0625827934404,107.83044508785608
1341,129,170.58312912383045,67.62567248629148
1342,129,142.87147879306517,56.65019840326055
1343,129,114.92913362765123,45.591017643735576
1344,129,92.66119009697604,36.7746461725606
1345,129,76.03489317681422,30.1957758438431
1346,129,70.40956810694254,27.951852316865075
1347,129,169.62854396426508,25.588945638636165
1348,129,65.01584921498349,25.812444935484763
1349,129,69.24118480122843,27.47209624406298
1350,129,86.02536535274297,34.10561036033725
1351,129,160.7538000222668,64.13791043163553
1352,129,0.0,55.957326206432626
1353,129,14.738474760800813,40.10497367482742
1354,129,0.0,29.72384724433623
1355,129,0.0,25.797554259420078
1356,129,0.0,27.94888477532371
1357,129,0.0,26.331228946413262
1358,129,0.0,30.914934483766192
1359,129,0.0,38.2867617816883
1360,129,64.70699299106641,57.95021581722243
1361,129,226.04673676923426,96.55187227934181
1362,129,52.380671943740964,111.10076452059691
1363,129,37.541116203907876,105.20197765727019
1364,129,247.44807053583173,97.8612226997378
1365,129,144.3025138145444,57.16200203811038
1366,129,125.36795232370324,49.69134767928579
1367,129,109.9188693469415,43.56967813727614
1368,129,94.8514405608556,37.596383050833616
1369,129,84.30752228055383,33.436812722104065
1370,129,78.79527769000205,31.25053137315071
1371,129,118.35583231053093,30.385930950734252
1372,129,74.39058924468611,29.51221852113727
1373,129,76.38101976644052,30.31178176637249
1374,129,91.7011923802491,36.38735710308966
1375,129,0.0,66.20219396402578
1376,129,0.0,60.41200135341332
1377,129,37.52839388424789,47.7129539753328
1378,129,0.0,37.51589222744664
1379,129,0.0,33.692757470763546
1380,129,0.0,31.74864374068822
1381,129,0.0,33.26447173778585
1382,129,0.0,33.5322948408619
1383,129,0.0,37.630098993729696
1384,129,56.807867482554286,56.08502543781013
1385,129,126.89704074890784,96.52981627889498
1386,129,61.25636330163431,114.73412640621362
1387,129,45.93778902901491,108.56124151772337
1388,129,255.78924215066579,102.31472612068859
1389,129,149.92813366919933,59.46454990785398
1390,129,135.585027526119,53.79329795721286
1391,129,117.83516770412916,46.7703007329195
1392,129,101.83765618409524,40.40118824777797
1393,129,87.95483372185586,34.940076206174204
1394,129,80.01669308447035,31.78467380782623
1395,129,80.22769153857467,31.857742232766917
1396,129,76.69202602057368,30.45261280404587
1397,129,77.00956272625703,30.583213255496602
1398,129,91.14780819644253,36.194159544147325
1399,129,0.0,42.041214422237076
1400,129,0.0,39.93468585469735
1401,129,0.0,33.93076954303098
1402,129,0.0,26.03099835886047
1403,129,0.0,24.160777831225477
1404,129,0.0,24.93489941627
1405,129,0.0,23.812741047025217
1406,129,0.0,23.14359339671949
1407,129,0.0,25.313698217636308
1408,129,0.0,36.14728461198902
1409,129,0.0,65.56792616207768
1410,129,0.0,77.50218901011154
1411,129,0.0,74.17972415421973
1412,129,0.0,67.46237298655338
1413,129,159.30991736295042,63.16730222065066
1414,129,140.0257030118759,55.53277866780641
1415,129,127.40514422980453,50.529311439734315
1416,129,103.42060405189102,41.03709606379807
1417,129,94.2602956818206,37.41661280914354
1418,129,86.18199423652939,34.21097098524893
1419,129,80.74031051310726,32.0576653434275
1420,129,78.23167609564763,31.055876261363245
1421,129,77.93613088346873,30.939058515535635
1422,129,86.57352099044857,34.35789374428789
1423,129,62.643575669543594,38.88282350554665
1424,129,0.0,34.29978912561118
1425,129,0.0,28.856353770669593
1426,129,0.0,22.21692418299554
1427,129,0.0,19.390788416360195
1428,129,0.0,18.962785545974636
1429,129,0.0,17.142787259935346
1430,129,0.0,17.733848576172242
1431,129,0.0,21.057060572286996
1432,129,0.0,32.44718909706697
1433,129,0.0,62.91751277801108
1434,129,0.0,79.6013185397797
1435,129,0.0,74.05283538309988
1436,129,0.0,69.18007082390082
1437,129,98.28424705852257,59.77073458043606
1438,129,131.95892138400467,52.321369858836604
1439,129,109.68542626392974,43.487418982865535
1440,129,88.11989920813446,34.94089913994102
1441,129,76.49181859156684,30.32457295047058
1442,129,70.37318401253856,27.911478921287635
1443,129,67.77888243564689,26.893912089308287
1444,129,68.83038409542053,27.30444397263441
1445,129,75.23009981229833,29.836350831145907
1446,129,94.12454287717509,37.30398163257503
1447,129,167.8024908262188,67.08076444616621
1448,129,106.72126674916882,53.61559292010404
1449,129,6.033187980239774,41.10290726202233
1450,129,0.0,31.377682632170917
1451,129,0.0,28.082976186966377
1452,129,0.0,26.917708543957712
1453,129,92.34256191097856,26.706354594864848
1454,129,207.21398557540383,28.611586215578534
1455,129,0.0,33.158332465727064
1456,129,32.00560846551426,53.24099854079322
1457,129,249.29271042654833,109.04905970967913
1458,129,207.08016209912117,131.2998306061451
1459,129,88.47237068592406,125.3458944018398
1460,129,258.62369125560747,113.60910857167073
1461,129,177.5218842374322,70.30087490898829
1462,129,156.84684096319046,62.11662781623134
1463,129,129.79300608259337,51.40600491250206
1464,129,101.86856399608857,40.34900403977634
1465,129,87.36704650869598,34.59959073792867
1466,129,83.19504974620529,32.953196706194326
1467,129,85.15352049331426,33.724650469927454
1468,129,86.98486125872762,34.46138315709986
1469,129,91.32332815913813,36.1708496446262
1470,129,108.46969288994757,42.97853684655226
1471,129,0.0,79.36579359342191
1472,129,0.0,65.51535843772518
1473,129,25.691035600974743,50.24517534812954
1474,129,0.0,39.02876597506649
1475,129,0.0,32.40260506185586
1476,129,0.0,29.043458316971254
1477,129,204.8825054641199,28.36992830335687
1478,129,0.0,31.6278759744643
1479,129,0.0,38.499757419869525
1480,129,46.71826226593012,61.02882067437855
1481,129,240.41459525790287,115.52410519651588
1482,129,103.62680621244635,131.7194795467384
1483,129,93.9471189446266,127.5353059202578
1484,129,125.689535756635,118.37352182663221
1485,129,184.67671262127894,73.22640253735456
1486,129,157.68024830885352,62.561782615067756
1487,129,131.57240243264567,52.220134861172085
1488,129,106.27242578865648,42.179640688503234
1489,129,92.53048270134201,36.74584641560767
1490,129,83.81963942744974,33.31589229119161
1491,129,80.83229841296102,32.13006834156846
1492,129,209.9606169657413,32.02354846816517
1493,129,88.39831077800042,35.12300155302121
1494,129,107.00165391148175,42.50915466186376
1495,129,0.0,73.72025372660049
1496,129,116.07074986894972,58.961894082067886
1497,129,15.298355269717234,45.328939933333146
1498,129,0.0,33.73330934466978
1499,129,0.0,27.18832298586598
1500,129,67.40685563108073,26.641144044177917
1501,129,0.0,26.9539049106606
1502,129,0.0,29.068458988934996
1503,129,0.0,36.06407148676737
1504,129,40.26226539453859,58.21224776104982
1505,129,10.506426990950501,105.03838688910369
1506,129,79.72221117372769,122.60998445827879
1507,129,88.93441503258259,125.54235247223767
1508,129,258.89508007489326,114.4116000981747
1509,129,174.64093590208307,69.20371930565075
1510,129,158.74943677152942,62.920356995046944
1511,129,130.22655254637172,51.63190817968882
1512,129,106.47456565840585,42.21348908580194
1513,129,87.54702697407524,34.72503202414628
1514,129,82.84851033328167,31.18287149002129
1515,129,208.12413938669394,29.435953199254108
1516,129,208.27031090617965,29.25000729749305
1517,129,82.88113421066967,32.87567136899578
1518,129,99.82675087756832,39.58852017127977
1519,129,0.0,66.04446331824697
1520,129,0.0,51.225339993734615
1521,129,0.0,34.99489668051789
1522,129,205.2199898913436,26.1006597190213
1523,129,202.6230379298859,22.356366428536468
1524,129,202.92451344123208,23.029856625581775
1525,129,202.54042520324234,21.96217733531504
1526,129,103.24840487800557,25.269977909216152
1527,129,0.0,30.58056704338673
1528,129,21.199726453986045,52.87052688570029
1529,129,200.1399886096138,95.03399146303032
1530,129,70.55743107446943,118.90991897511402
1531,129,60.227313721018305,114.18842024011443
1532,129,259.3645577583743,108.99692759298718
1533,129,157.22731634117082,62.316114636190605
1534,129,140.88490388677144,55.85447636960265
1535,129,116.59138971990757,46.25815719693274
1536,129,98.04579206106823,38.905208994020946
1537,129,85.5571371118593,33.953835741442646
1538,129,77.40548050670526,30.726896162519896
1539,129,73.11102746654896,29.016695236532637
1540,129,72.84806570504898,28.90243592208325
1541,129,73.48027608519558,29.152283120335312
1542,129,0.0,35.14753820558472
1543,129,0.0,58.84173208158211
1544,129,85.30456139861897,46.843257553093956
1545,129,0.0,35.23031044871582
1546,129,0.0,27.023983137483622
1547,129,0.0,23.125233932031946
1548,129,202.42399852946136,22.364905871198083
1549,129,203.00274043573552,23.647437101983463
1550,129,0.0,25.935547183631865
1551,129,0.0,32.98780455318284
1552,129,14.484005714777481,51.498719852354945
1553,129,0.0,91.81389511037393
1554,129,60.426460919700276,115.17539252861982
1555,129,59.55910523395502,113.93091804570625
1556,129,256.15054149220384,104.77254794261646
1557,129,161.99736957299038,64.20580942491307
1558,129,143.66251582222134,56.94656354872873
1559,129,120.44671486961178,47.773566738066556
1560,129,135.91445925538892,40.58002105391903
1561,129,90.29988226458485,35.835655043662875
1562,129,84.7188239968446,33.61959192907529
1563,129,78.44689563117413,31.140758616645563
1564,129,78.2331529384237,31.053718799310662
1565,129,76.64953850147782,30.420213410250486
1566,129,86.68417265731065,34.432610663968994
1567,129,0.0,36.741398593178545
1568,129,0.0,30.170651867506066
1569,129,0.0,23.274151332696917
1570,129,0.0,17.992601620945585
1571,129,0.0,17.315417369661613
1572,129,0.0,17.391397005757092
1573,129,0.0,17.051723278652165
1574,129,0.0,17.574726978790626
1575,129,0.0,21.4651577640568
1576,129,0.0,34.17629147118613
1577,129,0.0,62.58660679748601
1578,129,0.0,78.01146280409624
1579,129,0.0,75.13421992716168
1580,129,0.0,67.48921630602997
1581,129,54.52520179412801,60.09223740482872
1582,129,138.84021916449285,55.05901196906804
1583,129,118.4116003534541,46.96700894293061
1584,129,98.86029463854129,39.22690093115265
1585,129,89.87046470483406,35.655960472300215
1586,129,83.33624429360142,33.08380357918571
1587,129,79.1044836503616,31.411244101342774
1588,129,72.21165967802179,28.679363218709046
1589,129,74.75481640469184,29.671661427662386
1590,129,83.31925047777844,33.06425406131198
1591,129,81.15621072691681,35.63065515433535
1592,129,0.0,34.18162045075808
1593,129,0.0,31.479085481541276
1594,129,0.0,25.39323348834543
1595,129,0.0,22.236180088047
1596,129,50.02774823159939,19.77250678981202
1597,129,48.95110591545304,19.346961278064637
1598,129,0.0,20.462305766329514
1599,129,0.0,24.587298890436006
1600,129,0.0,35.110531908181834
1601,129,0.0,64.35448079234321
1602,129,0.0,77.73840035915603
1603,129,0.0,75.90048031398047
1604,129,71.69675907734785,69.07567220669864
1605,129,154.77665810954377,61.37575127393358
1606,129,133.1232946290868,52.80745165060062
1607,129,110.15471766453544,43.71411879846888
1608,129,91.36214146069932,36.266171839956
1609,129,77.13413007379444,30.61720334449399
1610,129,72.18671897929951,28.674677194010712
1611,129,71.49025591112235,28.427740845617645
1612,129,69.27573441191015,27.519017193881314
1613,129,0.0,30.127598593025198
1614,129,0.0,36.74879278482018
1615,129,163.9567907568953,66.51626458474261
1616,129,105.49751141927644,57.0629818573377
1617,129,0.0,43.216765766289384
1618,129,0.0,33.54858521727298
1619,129,207.42467957238375,29.3465447620656
1620,129,206.13323101746417,27.437887941956987
1621,129,205.05004444108366,25.721957916319745
1622,129,145.7851144704989,27.275070316760825
1623,129,0.0,31.80786818666618
1624,129,0.0,50.69778129599763
1625,129,207.1067876593844,98.80630329499591
1626,129,254.3782575651754,123.50660589811096
1627,129,79.20646452686597,121.69678140750321
1628,129,209.51514348264766,111.13741400785122
1629,129,165.14222925063393,65.44923037199352
1630,129,145.3970726147631,57.62220542095307
1631,129,119.23443959220492,47.271735002163766
1632,129,93.50337340613635,37.0841512153993
1633,129,81.80544660675082,32.43756653521439
1634,129,75.2360896327815,29.851437000755908
1635,129,72.07265012911535,28.577937604975492
1636,129,70.35895545945436,27.91351092169096
1637,129,75.08494675012756,29.7710774722914
1638,129,0.0,36.10006126072281
1639,129,0.0,66.68613228209391
1640,129,0.0,58.23753367796498
1641,129,3.9597641966899744,48.630517738599885
1642,129,0.0,37.69676303788651
1643,129,0.0,30.961539939044215
1644,129,0.0,29.139327806150835
1645,129,0.0,25.952436693586225
1646,129,0.0,26.674857508981404
1647,129,0.0,35.57713918222017
1648,129,15.543331137379823,59.22145412243016
1649,129,222.01614079488863,105.95616995363444
1650,129,71.80819454026377,120.03802681936513
1651,129,76.96753017546243,120.79411986376569
1652,129,263.0282392059762,113.03519756151442
1653,129,174.69009939807023,69.19985335849243
1654,129,152.19312328477486,60.308351182518486
1655,129,129.04490238412336,51.141363848960424
1656,129,104.20385120090359,41.30282805245694
1657,129,90.15101100787604,35.75129852145853
1658,129,82.02779798843096,32.53817224455799
1659,129,78.38682210918435,31.091495926071257
1660,129,76.54969283686697,30.38086069520575
1661,129,82.01253785624729,32.53475825233271
1662,129,97.41062052393445,38.65403533781751
1663,129,0.0,67.01044036266352
1664,129,24.500403555592243,54.314633926372274
1665,129,0.0,42.246304308902495
1666,129,0.0,31.589514699585582
1667,129,0.0,27.170306403742853
1668,129,0.0,27.86401748613609
1669,129,0.0,28.923444773550646
1670,129,0.0,30.65840195708242
1671,129,0.0,34.53167594684856
1672,129,5.429795722509567,54.91274161852077
1673,129,199.08970862265463,96.95717740752441
1674,129,49.84463701939745,112.13864019482841
1675,129,41.961049336819656,106.96686113277937
1676,129,11.364090204025956,94.87150673762248
1677,129,149.30980679498518,59.16908434178097
1678,129,133.35892553430995,52.86211498147149
1679,129,114.62166009222585,45.44368989403104
1680,129,91.5208256528075,36.28515802619309
1681,129,76.47674159054674,30.344484761089877
1682,129,67.94825416272232,26.96600931866198
1683,129,65.8929987776844,26.16404638744639
1684,129,63.01854619747971,25.020258149685525
1685,129,66.85601199902891,26.521479351834138
1686,129,83.53330711829798,33.14376822018499
1687,129,105.00595409658686,54.85764137799221
1688,129,68.26012282501992,44.98917744092558
1689,129,0.0,33.67563378070309
1690,129,0.0,23.343590585559898
1691,129,0.0,18.22749941584773
1692,129,0.0,18.05577441785611
1693,129,0.0,17.816347386360913
1694,129,0.0,18.598267234329764
1695,129,0.0,23.225489732868272
1696,129,0.0,41.28122252898334
1697,129,150.60463022404136,79.79838218234434
1698,129,17.851856270141298,99.32104856566608
1699,129,26.841793782097056,100.98840379993878
1700,129,6.29975069333355,92.86697531224148
1701,129,145.84479910410408,57.80717035422436
1702,129,132.81326203662758,52.65411911618328
1703,129,111.03697906775878,44.03708858248195
1704,129,91.41276563461176,36.26041310110983
1705,129,77.46211219588517,30.73383814076752
1706,129,70.82793052834546,28.106631198734803
1707,129,206.5460172962723,26.563206705918024
1708,129,97.60106860992224,26.658773183154523
1709,129,70.67667458604987,28.023585741778536
1710,129,88.0305378855013,34.88494630169725
1711,129,0.0,55.03874107944596
1712,129,0.0,39.99269707574778
1713,129,0.0,27.687917536060187
1714,129,0.0,21.213967315696976
1715,129,0.0,20.7703323454683
1716,129,0.0,19.836781528726636
1717,129,0.0,20.1034103567402
1718,129,0.0,23.05080920402688
1719,129,0.0,29.682196338240168
1720,129,0.0,48.31616396378569
1721,129,171.56086309008955,89.07279818752626
1722,129,52.31178326594943,113.43254609325807
1723,129,51.235604810585755,110.62697692970583
1724,129,66.28704074665492,103.78563978958236
1725,129,149.51850599837258,59.253908533877166
1726,129,133.61936568086108,52.96748342222358
1727,129,113.95079809947006,45.173274250610994
1728,129,93.28001165663125,36.988045244517295
1729,129,81.51207662697502,32.342201723319135
1730,129,75.09821354327073,29.80204369285714
1731,129,70.66234236484448,28.061859311535585
1732,129,69.61457717611097,27.650261952411007
1733,129,71.47269619172292,28.353643528115196
1734,129,77.42505996560212,30.755167323275455
1735,129,0.0,31.2209290602849
1736,129,0.0,24.56130297701142
1737,129,0.0,21.005437321010156
1738,129,0.0,17.80291933046792
1739,129,0.0,18.276928700236123
1740,129,0.0,17.932564710271887
1741,129,0.0,16.736534968134663
1742,129,0.0,14.918849500274902
1743,129,0.0,17.881267275413038
1744,129,0.0,28.630867352884927
1745,129,0.0,56.10502404553332
1746,129,0.0,74.8212938005488
1747,129,0.0,74.27468613311152
1748,129,0.0,66.8313424064034
1749,129,154.05404078026663,61.05121845704152
1750,129,0.0,53.37418563033558
1751,129,116.8288174479315,46.315543744943206
1752,129,58.064153728793144,37.7874447558105
1753,129,81.50820281316129,32.32484454969667
1754,129,73.44878314766845,29.14222558301159
1755,129,68.10466027868145,27.030174336641295
1756,129,65.06046761537121,25.80381076979
1757,129,65.01873899005162,25.774491347376404
1758,129,70.43162000769954,27.983341664236562
1759,129,53.039516916197016,28.75829303828583
1760,129,0.0,29.46325429817395
1761,129,0.0,30.357776155186713
1762,129,0.0,26.659278184774497
1763,129,0.0,25.06263157521567
1764,129,0.0,23.888373936484026
1765,129,0.0,21.122037499303797
1766,129,0.0,19.644984101681423
1767,129,0.0,22.058899417839505
1768,129,0.0,30.829271315311566
1769,129,0.0,54.40813025040528
1770,129,0.0,65.79164368427217
1771,129,0.0,64.90000783543186
1772,129,0.0,58.98156351450759
1773,129,0.0,51.99957166460925
1774,129,0.0,47.83938678281754
1775,129,98.72110897800468,40.31960203835605
1776,129,82.64750837690471,32.81940504806014
1777,129,74.97230759923923,29.76266543059079
1778,129,68.72595195073217,27.304293088470615
1779,129,66.20681070439716,26.324089403441103
1780,129,67.732530231293,26.911604368188854
1781,129,72.4362633683171,28.75522573418651
1782,129,91.4282778832991,36.30774755895687
1783,129,151.4213355541436,63.44260651944193
1784,129,79.9161036931828,52.96799989193636
1785,129,0.0,42.216750645542625
1786,129,0.0,32.89379581647513
1787,129,181.14535320542302,28.970186697996496
1788,129,205.813982462967,27.395350993995926
1789,129,204.48359817088502,26.573287984006985
1790,129,0.0,29.77357053150047
1791,129,0.0,34.65809503556728
1792,129,0.0,53.76476831777487
1793,129,199.51329193566636,102.3306482811948
1794,129,72.5151097257104,122.44241673049117
1795,129,74.91281920090742,119.9969886633788
1796,129,246.08672766531114,112.5416919764391
1797,129,166.48583617308788,65.98537020333532
1798,129,146.3728800433266,58.01037999639291
1799,129,118.98245112707428,47.177225342597936
1800,129,95.38343380152625,37.83731283352685
1801,129,78.17511110638975,31.02582291935907
1802,129,70.02044351250802,27.800276326801495
1803,129,66.06350436251418,26.218381247808438
1804,129,63.27175232156179,25.10216427335584
1805,129,66.72659613957421,26.459899894888316
1806,129,0.0,33.121395819173216
1807,129,0.0,56.84227151041275
1808,129,58.90851540761943,47.44770616550771
1809,129,0.0,35.33245757655317
1810,129,0.0,26.19304607886964
1811,129,0.0,21.417451846631444
1812,129,52.40755159077182,20.71309608193876
1813,129,44.621338690326695,17.635708863166894
1814,129,0.0,18.783614865239773
1815,129,0.0,26.555877104604807
1816,129,0.0,48.73869119209019
1817,129,174.57447761034928,93.77270619444161
1818,129,51.17254730653897,113.62601498831587
1819,129,69.76497304484042,117.93947912505953
1820,129,48.30061301984401,109.45632859431507
1821,129,164.4851252430044,65.14590138218284
1822,129,145.859339925007,57.78201974133631
1823,129,120.53117249599055,47.75855861872185
1824,129,95.62342807891255,37.865345050270605
1825,129,77.96199034866902,30.882463709364135
1826,129,69.7803368277512,27.651392046494834
1827,129,165.57234014235078,26.13938496790154
1828,129,64.59167688514356,25.603215619408573
1829,129,70.70592843753332,28.022290238069882
1830,129,85.5806784615396,34.024888715362955
1831,129,0.0,52.73223259700172
1832,129,34.19527687642798,36.94835049283937
1833,129,0.0,26.253002816847516
1834,129,0.0,20.808131274095818
1835,129,49.182166950661355,19.438254270441686
1836,129,202.01703292818607,20.04782880261112
1837,129,54.62247575200152,21.588363096507102
1838,129,0.0,24.588568363723017
1839,129,0.0,27.25812374491799
1840,129,0.0,45.282751870169506
1841,129,156.34428112585752,86.74522252038452
1842,129,27.15984185314113,105.46985939414185
1843,129,36.514426394319344,104.78982689223162
1844,129,168.15165650039177,92.80346575459728
1845,129,140.06005297629898,55.46371209691301
1846,129,121.74580545708125,48.21524768628991
1847,129,98.76277403290956,39.13439351520384
1848,129,78.49100040829526,31.119854263309637
1849,129,68.70526822884315,27.262616095634858
1850,129,62.233846470398646,24.70237355584378
1851,129,60.71819128369427,24.09554763766162
1852,129,62.07336413417508,24.63111510655809
1853,129,64.83515131928641,25.707149315097052
1854,129,0.0,30.985978680986157
1855,129,0.0,49.06525029221488
1856,129,36.878391903997,39.47214542509614
1857,129,0.0,30.960746082063338
1858,129,0.0,21.23416188057218
1859,129,0.0,15.479727456310144
1860,129,37.734226842164986,14.913626224751628
1861,129,33.33749377623718,13.175902190728658
1862,129,0.0,13.06080647195131
1863,129,0.0,15.649861003766738
1864,129,0.0,32.137254008306016
1865,129,89.76314616118586,73.01864077706475
1866,129,9.745720390121448,98.24991355314056
1867,129,34.78673252296716,104.10468597475328
1868,129,22.318591691085743,99.16648138344722
1869,129,150.9696304385173,59.780788349390235
1870,129,133.4425072600851,52.835512153676824
1871,129,112.40781339375872,44.51689503465453
1872,129,89.57263550652783,35.48912171337694
1873,129,77.19856292379745,30.59344187487459
1874,129,68.53924894349461,27.155523694066012
1875,129,61.43858025770044,24.349122911162638
1876,129,62.55296675604782,24.79471991441963
1877,129,64.03153410989049,25.36619596624018
1878,129,76.79558532244002,30.580931415737435
1879,129,98.87993175104626,44.083180255694444
1880,129,20.258131630129128,33.03209877154482
1881,129,0.0,25.542876651898286
1882,129,0.0,19.735848128672767
1883,129,0.0,19.746646682254962
1884,129,0.0,20.03147972228786
1885,129,0.0,20.226155772256618
1886,129,0.0,21.358894488331543
1887,129,0.0,26.08149523536351
1888,129,0.0,41.04162972048286
1889,129,90.22521152637353,74.76209912950635
1890,129,9.86114878696398,99.1275252137073
1891,129,29.343211630827426,101.97084116846388
1892,129,7.875834455834507,93.47864897371107
1893,129,144.92070402059554,57.40785403970035
1894,129,129.94411266912564,51.504207659262526
1895,129,112.15168574233658,44.44646502647731
1896,129,96.05404110400784,38.076407856114564
1897,129,80.51686454145468,31.92794800872386
1898,129,70.77671251258977,28.073225280067305
1899,129,64.14083897994516,25.463435404366344
1900,129,63.71140552350951,25.291170987494613
1901,129,65.48862782900855,25.96529478929599
1902,129,71.88737841112669,28.842037033825438
1903,129,28.37578475647362,25.726801267574757
1904,129,0.0,23.034133046646602
1905,129,0.0,20.268217730323506
1906,129,0.0,17.024486215683964
1907,129,0.0,15.196542771222928
1908,129,41.73965805108182,16.496777971577067
1909,129,41.511360293466026,16.406550990207613
1910,129,37.222000007052,14.711235678757212
1911,129,42.541505722741846,16.813664038897265
1912,129,0.0,23.30161663226124
1913,129,0.0,43.87965776597748
1914,129,0.0,61.733201203093486
1915,129,0.0,63.47837065472473
1916,129,0.0,57.52931441557331
1917,129,0.0,53.16877328121131
1918,129,121.47356194328296,48.17231415764495
1919,129,104.636853730387,41.51271949901912
1920,129,88.25007797764073,35.015531603816655
1921,129,76.2408383469797,30.253679643661684
1922,129,70.41995641824883,27.953096093749664
1923,129,67.77580894229729,26.905481256347784
1924,129,65.35060517985869,25.931548348270354
1925,129,67.82193205247466,26.892784515662363
1926,129,73.35007332999766,29.39204698244447
1927,129,29.445182932480662,28.416751498897113
1928,129,0.0,29.36902861984478
1929,129,75.52995830799958,29.85164387483039
1930,129,70.6056896264009,27.905415094239817
1931,129,69.21110814054998,27.354159608176754
1932,129,204.20792280337352,25.511369333967423
1933,129,202.96423897309168,22.70727124935089
1934,129,101.55936906849306,19.82802970231903
1935,129,56.41371969638698,22.29634054316719
1936,129,0.0,33.2444063701316
1937,129,0.0,56.51664292161382
1938,129,0.0,69.77593486497344
1939,129,0.0,71.29235607752466
1940,129,0.0,65.56387195643245
1941,129,137.21114002752088,56.827149493016094
1942,129,0.0,48.77649211711332
1943,129,101.78984522530143,40.35646860415944
1944,129,83.0958315566086,32.955281719111646
1945,129,72.96684206052717,28.946878935316327
1946,129,68.3491340318767,27.111511725474355
1947,129,65.7871791068807,26.101548777908313
1948,129,65.69714415412875,26.08141811133183
1949,129,74.86303444493458,29.704038664257524
1950,129,85.85820451256865,34.48760354431832
1951,129,0.0,44.78594344714108
1952,129,0.02770453265199535,32.39690556596308
1953,129,0.0,23.31629989978154
1954,129,0.0,18.970525330712018
1955,129,0.0,14.507968350986374
1956,129,0.0,13.735249896160022
1957,129,0.0,13.555558875542193
1958,129,0.0,16.099105727403295
1959,129,0.0,21.80054031184158
1960,129,0.0,44.46927302776775
1961,129,123.13287295505404,77.9706038926613
1962,129,24.69554645522365,105.7920920388882
1963,129,46.11579175836766,108.65217476798364
1964,129,109.21548769578138,102.5989224481737
1965,129,153.0035262993259,60.633723315534596
1966,129,131.16280903171784,51.98091647545381
1967,129,100.41935283706493,39.81239620148151
1968,129,84.53795408343368,33.52525462176178
1969,129,73.42867513921547,29.144831151622558
1970,129,69.2884833219729,27.518780452250237
1971,129,67.36707002485787,26.761928652215435
1972,129,64.91278804018563,25.786790078366963
1973,129,72.79684756753824,28.887270694876733
1974,129,88.66207921306213,35.81195217694501
1975,129,0.0,48.518579483537074
1976,129,0.0,36.81950189634353
1977,129,0.0,28.30536336397021
1978,129,0.0,21.81633064289757
1979,129,0.0,17.336424278594347
1980,129,0.0,14.963197267762343
1981,129,0.0,13.88038292993578
1982,129,0.0,14.741011306599173
1983,129,0.0,21.277585910090302
1984,129,0.0,45.341306989161126
1985,129,103.71268046963067,81.76952351964906
1986,129,21.371633255149902,104.26855713085223
1987,129,41.47254410752055,106.87025564000662
1988,129,18.464545103437757,97.66370929740336
1989,129,138.22419600682423,54.756283321423986
1990,129,117.71398843887582,46.65257383204433
1991,129,94.03072455200956,37.27158116020226
1992,129,77.22556791819812,30.58847215522126
1993,129,66.46624250488387,26.33869574380135
1994,129,59.353187212209946,23.532607139106922
1995,129,58.76466674672187,23.307749331777025
1996,129,62.911126819710006,24.943995476529146
1997,129,70.4610802898209,27.922778782320094
1998,129,82.68078315738592,33.7492974911624
1999,129,98.90291259283757,47.95371090301695
2000,129,2.702601434915408,35.19536328602736
2001,129,0.0,25.779697753365998
2002,129,0.0,21.29397708710172
2003,129,0.0,19.345133631369144
2004,129,0.0,18.0423566027288
2005,129,0.0,17.638391789347015
2006,129,0.0,20.09935745447198
2007,129,0.0,26.860622222468546
2008,129,0.0,46.675410608903064
2009,129,110.47864724784162,74.84654981470328
2010,129,0.599268377005302,97.40387634235675
2011,129,25.314616135116097,100.42499688420061
2012,129,13.11409187337631,95.54131484997738
2013,129,141.89808830208506,56.192897019680466
2014,129,122.90512743576443,48.68116689132726
2015,129,105.50703277202444,41.78953944962936
2016,129,86.44770058073803,34.259270104259045
2017,129,73.1784591300837,29.002068353408614
2018,129,67.5207898065544,26.763449903726414
2019,129,64.67171060515398,25.62971551105689
2020,129,63.215889278918524,25.059550190324117
2021,129,67.61181614008649,26.784138552189923
2022,129,79.29668692743164,32.71113828182562
2023,129,71.3212725999881,48.3510132041208
2024,129,13.334436152479867,41.30432321035836
2025,129,0.0,34.34549572314094
2026,129,0.0,26.70505195464991
2027,129,0.0,22.110979976490945
2028,129,0.0,21.024800097124388
2029,129,0.0,20.00268094766007
2030,129,0.0,21.543126584040984
2031,129,0.0,26.531093999509405
2032,129,0.0,46.05294627524344
2033,129,101.75187380949069,72.00863956069817
2034,129,0.0,91.61991340801877
2035,129,21.36860827303977,98.95338526596059
2036,129,3.8581359759604084,91.88361861754484
2037,129,139.6527079433234,55.331374639448875
2038,129,121.56537941890733,48.15948678386274
2039,129,100.33402687227522,39.75271654524125
2040,129,82.72763202377575,32.78132442307517
2041,129,73.61109245630715,29.16524050094615
2042,129,68.61239580412715,27.18455193703747
2043,129,67.39180896476782,26.709890882158362
2044,129,68.8300844944898,27.27573714481494
2045,129,76.29460009971112,30.213020536099986
2046,129,88.32640826022242,36.05041194272206
2047,129,70.18182563323805,53.23411332543171
2048,129,25.184444780851578,45.53670032411071
2049,129,0.0,37.53588585285022
2050,129,0.0,32.50528965700464
2051,129,0.0,30.76595145978449
2052,129,0.0,30.91952373630966
2053,129,0.0,30.35703990606365
2054,129,0.0,32.02960700711397
2055,129,0.0,33.97638905673024
2056,129,0.0,50.31695258806231
2057,129,99.62778070917011,73.18668791610781
2058,129,0.0,87.11226888219612
2059,129,0.0,86.57510451528857
2060,129,0.0,83.25326138243507
2061,129,116.24020509053068,50.07926793674419
2062,129,115.08171027511338,45.62304946011836
2063,129,100.850168441049,39.98794766300418
2064,129,90.00432311941964,35.685869667520755
2065,129,79.87872813562547,31.671034115544476
2066,129,71.89693061785718,28.508611372324147
2067,129,69.78028160105865,27.672049506975515
2068,129,65.99517021490797,26.16576386963547
2069,129,69.25257269315566,27.44291357997444
2070,129,0.0,30.344115903089687
2071,129,6.982219832529779,29.31308317504605
2072,129,0.0,26.36912337424565
2073,129,0.0,23.6487121781151
2074,129,0.0,21.813838905333693
2075,129,0.0,21.428571428571427
2076,129,0.0,19.770029052326464
2077,129,0.0,20.75092309294816
2078,129,0.0,20.121222048303284
2079,129,0.0,23.489439430275528
2080,129,0.0,35.03339673285711
2081,129,0.0,49.911968968536186
2082,129,0.0,63.32009301431141
2083,129,0.0,67.42378474391545
2084,129,0.0,62.18857421724518
2085,129,0.0,53.966570639153936
2086,129,0.0,47.51559711030054
2087,129,86.54415516255298,40.12392136053031
2088,129,89.10056225236573,35.36194254280707
2089,129,78.67421109479267,31.233475770244183
2090,129,0.0,0.0
2091,129,74.5176867588988,29.5830140148053
2092,129,71.46057467849332,28.379887195309752
2093,129,74.09947345302115,29.412470498888464
2094,129,77.75365860628014,30.872216691353245
2095,129,79.61137002039465,33.371163262613535
2096,129,4.225127099779513,32.5899613102792
2097,129,0.0,31.224202135427483
2098,129,0.0,27.608655645032975
2099,129,0.0,24.27929144030915
2100,129,0.0,23.186841483855464
2101,129,0.0,20.37765627080955
2102,129,0.0,18.088730238276597
2103,129,0.0,17.55202414023102
2104,129,0.0,22.53565611092966
2105,129,0.0,36.370289515353676
2106,129,0.0,47.1511697126671
2107,129,0.0,57.336039983917914
2108,129,0.0,61.61973954029036
2109,129,0.0,57.824248691885735
2110,129,0.0,49.980053235209915
2111,129,0.0,41.41823913672185
2112,129,88.38793954267032,35.04414524452836
2113,129,78.79786146822454,31.246171788907994
2114,129,70.52672554692663,27.982336903080256
2115,129,72.9825299657243,28.942630422863004
2116,129,73.7279444305976,29.2397878076701
2117,129,76.96831683123406,30.429384452043823
2118,129,87.65409884897934,34.64331397482064
2119,129,157.69600573164055,62.325854747088805
2120,129,118.37865263446545,46.786568413714896
2121,129,79.39082392719854,31.37752318807812
2122,129,108.65297418855846,22.023269301407105
2123,129,200.6285417518221,19.131471752245133
2124,129,200.48777155902187,19.016713298784932
2125,129,199.74546643790347,18.331018247686174
2126,129,199.84425366580538,18.538904615246757
2127,129,50.56487894064787,19.984651492845327
2128,129,0.0,27.833063893018117
2129,129,0.0,55.565193822142064
2130,129,117.00658971251343,79.40293073472587
2131,129,234.7198975734166,100.56599964905219
2132,129,256.7704214460065,106.55375086708432
2133,129,163.3033090570244,64.67850859287768
2134,129,141.43246183333247,56.047394605935956
2135,129,17.023840698744408,47.8574473071199
2136,129,92.9076089420775,36.81241846244432
2137,129,80.404454494726,31.863080708919952
2138,129,0.0,28.094339088097733
2139,129,0.0,28.00920944408001
2140,129,0.0,27.07364408214106
2141,129,0.0,28.105248863964963
2142,129,0.0,32.27304631073467
2143,129,0.0,59.51088951169878
2144,129,0.0,49.68729324068792
2145,129,0.0,36.49615712044725
2146,129,0.0,29.07453514440961
2147,129,0.0,24.09866099332329
2148,129,0.0,21.516704955282357
2149,129,0.0,17.981060806378512
2150,129,0.0,16.8871109153952
2151,129,0.0,19.718642485997023
2152,129,0.0,29.78135306518006
2153,129,0.0,60.19967436446387
2154,129,0.0,82.95324175502842
2155,129,4.5281498452602875,100.0958352394912
2156,129,145.9413404629899,105.91193805742255
2157,129,158.49554878515093,62.77833224398601
2158,129,134.52800367082318,53.30077052818098
2159,129,115.70125580955093,45.85471457853309
2160,129,94.8702047019303,37.60877165004982
2161,129,80.40110709840675,31.87211467366649
2162,129,74.92903884917013,29.71201371460202
2163,129,70.48824306414403,27.977513294254685
2164,129,70.84189457008705,28.109540552086553
2165,129,71.80944449576288,28.494600836279236
2166,129,0.0,33.68077928395119
2167,129,0.0,61.54967812588851
2168,129,92.67660992685478,51.76931319793021
2169,129,0.0,40.23549986175278
2170,129,0.0,30.28210408604948
2171,129,0.0,26.18107516475994
2172,129,65.63788917473445,25.942161601782733
2173,129,158.35055375649532,22.92347946459608
2174,129,51.340684676592474,20.291492994970593
2175,129,0.0,20.76649458611886
2176,129,0.0,33.850971799844345
2177,129,0.0,62.63735813432967
2178,129,0.0,76.303812540174
2179,129,0.0,91.64029478951299
2180,129,140.5451378888607,98.24009713584825
2181,129,154.99036791993603,61.43706325571581
2182,129,140.92072830420932,55.86086898709571
2183,129,113.62488033306661,45.090820440351095
2184,129,92.02971528930348,36.53256671976741
2185,129,76.61808848515861,30.42338976218577
2186,129,70.97220803020221,28.16878934178662
2187,129,68.43722595822754,27.166882455874262
2188,129,65.71893601840628,26.08994117153053
2189,129,0.0,26.904521752073702
2190,129,0.0,31.34754860785878
2191,129,0.0,59.28327813663314
2192,129,108.94880127972328,58.998735427496015
2193,129,3.8728358516095795,51.00207073141862
2194,129,174.90952498625134,38.873495663320455
2195,129,206.27587507847878,30.288869127045476
2196,129,203.1685165743653,25.344892678987915
2197,129,202.63970581403612,25.00107450288597
2198,129,203.93795925646785,26.709539221788084
2199,129,205.8612211320856,30.31490730649531
2200,129,111.63298454403048,44.12032555200993
2201,129,1.5159978948489083,73.92886014946929
2202,129,0.0,87.89001198096743
2203,129,4.2344963777551925,101.01503959257094
2204,129,234.87279555175178,104.8086816906724
2205,129,169.1139304433733,66.98527388606064
2206,129,156.362528071206,61.93033670668928
2207,129,131.20096771758227,51.97295119284481
2208,129,106.43787409528471,42.15237236489997
2209,129,90.78862278124333,35.946645483259225
2210,129,81.05277265293509,32.09627683319129
2211,129,74.55610650870526,29.52856174647657
2212,129,73.60525839539989,29.157934063077878
2213,129,0.0,29.79481594144063
2214,129,0.0,35.572261306725174
2215,129,0.0,63.1821992690148
2216,129,114.4514897389044,61.09141396204748
2217,129,15.379205326663481,54.14845097747011
2218,129,113.7262097154732,44.94796317285893
2219,129,213.18148771887735,36.50132470515124
2220,129,211.78445874892304,35.77838059224122
2221,129,210.6645944761425,34.62723761471428
2222,129,203.6029758440776,30.877340121492324
2223,129,0.0,30.74347643566074
2224,129,0.0,36.294807036192935
2225,129,0.0,61.32132634573432
2226,129,0.0,79.88128117493095
2227,129,0.0,94.96747471007497
2228,129,69.0068411334046,97.43947960399703
2229,129,151.97147286169965,60.21560286399574
2230,129,135.66370777879655,53.780618928258306
2231,129,119.40098117824505,47.335071683212576
2232,129,98.36439677328812,38.99751936551723
2233,129,85.59651313284533,33.94622246871189
2234,129,74.16126375500198,29.43183530393388
2235,129,70.19734786067389,27.862623775282326
2236,129,71.42128568111161,28.35665585852848
2237,129,0.0,27.523463030782363
2238,129,0.0,30.204236995585212
2239,129,0.0,32.39592706696789
2240,129,0.0,31.57070381474983
2241,129,0.0,29.081480162085754
2242,129,0.0,23.92200871239559
2243,129,0.0,22.484459339481802
2244,129,52.29322011479809,20.667866620225904
2245,129,46.935735323312855,18.55041937544716
2246,129,40.64689168226465,17.19784917626597
2247,129,0.0,17.2002622777498
2248,129,0.0,20.425550146210995
2249,129,0.0,33.545698224274254
2250,129,0.0,44.80690972877998
2251,129,0.0,52.38037642197065
2252,129,0.0,58.635804019402435
2253,129,0.0,54.560056559082746
2254,129,121.52093284602117,48.21690000380705
2255,129,0.0,40.425467032455714
2256,129,0.0,33.99712265113647
2257,129,73.80323059265237,29.26980372121003
2258,129,68.42305215620215,27.14338025373638
2259,129,64.7883450030804,25.711927116545734
2260,129,63.79844790582467,25.318142263556147
2261,129,33.09626148982403,26.438358424976155
2262,129,0.0,28.81972417051632
2263,129,0.0,30.294458972897434
2264,129,0.0,28.405345386029797
2265,129,0.0,25.49463742637626
2266,129,52.33561006898313,20.684622850824898
2267,129,198.70494015027163,16.994899866175828
2268,129,197.86985468755347,15.659912283593664
2269,129,197.1897670565852,14.413752409172194
2270,129,33.90643276611982,13.400862083692015
2271,129,7.361742930090287,13.322661526663275
2272,129,0.0,17.815010163573554
2273,129,0.0,32.492156907309266
2274,129,0.0,42.570842693257035
2275,129,0.0,52.66831106221158
2276,129,0.0,60.480366869501374
2277,129,0.0,56.45988355471579
2278,129,67.61462451179057,49.43895099785757
2279,129,0.0,40.557666192732306
2280,129,88.73334958978418,35.1652030368803
2281,129,75.36688999413244,29.874694098374842
2282,129,67.4953611879694,26.758478425037303
2283,129,63.51529606668649,25.198356894796373
2284,129,0.0,24.653859409544765
2285,129,0.0,24.42527339569229
2286,129,0.0,26.41221864451379
2287,129,47.61716821672124,27.52991811844338
2288,129,0.0,25.66589150432469
2289,129,61.21748246553693,24.19489186331399
2290,129,52.70191255324619,20.829289445251852
2291,129,42.79177147937929,16.912503268605175
2292,129,197.75926851916736,15.65916136732427
2293,129,196.7756791319566,14.409728729314956
2294,129,172.61237705085009,12.644211863904697
2295,129,0.0,12.780173999432606
2296,129,0.0,16.884449921898337
2297,129,0.0,32.7427164404627
2298,129,0.0,43.74825335298272
2299,129,0.0,52.16068612241498
2300,129,0.0,60.07659400649128
2301,129,0.0,56.011768359040396
2302,129,124.29371953694357,49.25076061939766
2303,129,106.19490956469235,42.09248318194134
2304,129,92.20738295296371,36.53319359156867
2305,129,78.94195122242564,31.303167715556288
2306,129,70.8065837141767,28.08785449620564
2307,129,70.52845233138783,27.983098186684604
2308,129,70.23934089872341,27.850857419920153
2309,129,0.0,29.24200624991814
2310,129,0.0,36.417061193657204
2311,129,0.0,60.73875068828543
2312,129,3.8916073096295634,45.46373063852198
2313,129,0.0,33.29729116998649
2314,129,0.0,25.264529969729768
2315,129,0.0,19.99418129020522
2316,129,0.0,18.762490270521983
2317,129,0.0,16.70039526274386
2318,129,0.0,16.15706651814923
2319,129,0.0,18.471149942167937
2320,129,0.0,28.539350144484963
2321,129,0.0,55.252533051181885
2322,129,0.0,69.4176952066945
2323,129,0.0,88.77102782478471
2324,129,17.96536643348645,98.32957133157171
2325,129,151.59677629416635,60.08284684822543
2326,129,135.4218171800987,53.67704312473316
2327,129,112.47739649066801,44.58815671227487
2328,129,91.44812582662709,36.26391253815965
2329,129,79.65232922903098,31.58130614851269
2330,129,152.0471478003138,27.800821568947768
2331,129,67.29619797824427,26.708197498492414
2332,129,67.9912482745273,26.982865357271102
2333,129,0.0,27.115784867309493
2334,129,0.0,32.47327554035914
2335,129,0.0,56.74445889330164
2336,129,58.72086881766947,45.37165409328646
2337,129,0.0,34.53217323738789
2338,129,0.0,25.7924937871952
2339,129,0.0,21.608338598805393
2340,129,0.0,23.785454073352515
2341,129,0.0,23.679502671995515
2342,129,0.0,21.114844388345485
2343,129,0.0,21.69473559364127
2344,129,0.0,32.254832909532915
2345,129,0.0,58.46261954951001
2346,129,0.0,64.08716106136501
2347,129,0.0,77.42095486991448
2348,129,0.0,88.07568585931283
2349,129,143.41676542597526,56.85499390331511
2350,129,131.01009987972034,51.95421791051833
2351,129,109.14717251895212,43.32116534424307
2352,129,87.15866488671864,34.612586866827336
2353,129,70.38907255860494,27.96167119354949
2354,129,63.17781677196521,25.103822607409224
2355,129,60.470333212286675,24.03630480309044
2356,129,60.305162711308924,23.981386201120294
2357,129,7.620704902343789,25.10125721771165
2358,129,0.0,30.752289758625665
2359,129,0.0,56.88939726814396
2360,129,61.843078808038854,47.98414978259242
2361,129,0.0,38.64373112176204
2362,129,0.0,27.681837728207043
2363,129,0.0,22.21087730828855
2364,129,0.0,21.17927714418181
2365,129,49.18137367262432,19.437899586672255
2366,129,0.0,19.913159201090178
2367,129,0.0,22.30261015384499
2368,129,0.0,33.826011345434225
2369,129,0.0,59.09337402127828
2370,129,0.0,71.3719044901208
2371,129,0.0,82.94289984047712
2372,129,63.6512115938892,91.4511112357897
2373,129,143.33023711923332,56.79006882373171
2374,129,133.36544980901976,52.82580640953742
2375,129,110.47171431509994,43.76207046403102
2376,129,88.3896316206716,35.00880701043928
2377,129,74.21329506516372,29.382720605957044
2378,129,69.28738249803956,27.440937312692004
2379,129,67.94791129819444,26.911568925688538
2380,129,67.47431043126184,26.72703675177332
2381,129,0.0,28.52142532475537
2382,129,0.0,33.6690492910401
2383,129,0.0,56.195009341938054
2384,129,57.478273332073115,46.39261101108269
2385,129,0.0,39.262383029265365
2386,129,0.0,32.427004839297474
2387,129,0.0,27.30805581980841
2388,129,0.0,25.58973923138095
2389,129,0.0,23.807632644009537
2390,129,0.0,20.97112744635025
2391,129,0.0,20.37691382848046
2392,129,0.0,27.89193434026377
2393,129,0.0,54.12682297043701
2394,129,0.0,67.11852295614895
2395,129,0.0,84.82916881862728
2396,129,5.312781434110292,93.63103812107957
2397,129,149.57458560448345,59.250310418778895
2398,129,136.7918806880155,54.192948197761204
2399,129,0.0,47.848995648590005
2400,129,103.61759636415258,41.0401977921474
2401,129,85.67479928519361,33.9358507872018
2402,129,76.46390771355627,30.313350924633482
2403,129,69.11433474805051,27.411150678581695
2404,129,66.06604889956103,26.226972530612368
2405,129,56.87611922844127,26.44534515102677
2406,129,0.0,28.725372198302736
2407,129,0.0,27.515896176297478
2408,129,0.0,25.130213914214057
2409,129,0.0,21.631139421123642
2410,129,41.22977747654488,16.29513225153279
2411,129,34.521383998953326,13.643835776418745
2412,129,29.274461495948145,11.570099320358239
2413,129,23.355570831405714,9.23078683993375
2414,129,22.928983617660492,9.062192972462018
2415,129,25.205587896351744,9.961966720097632
2416,129,0.0,13.7674167340032
2417,129,0.0,26.118400172427844
2418,129,0.0,34.778067597460584
2419,129,0.0,47.070625302380805
2420,129,0.0,56.841635146809814
2421,129,0.0,52.29809909673275
2422,129,0.0,48.21241643532462
2423,129,0.0,41.81560018340741
2424,129,0.0,34.29517207092409
2425,129,0.0,29.814900519320926
2426,129,68.0851929514219,26.97091931861407
2427,129,62.31312474266204,24.705109497351565
2428,129,60.54908267761405,23.9950430009585
2429,129,45.2348433123646,23.708029842238073
2430,129,64.60755996253909,25.663472747204846
2431,129,33.28271374184055,25.020377060939715
2432,129,0.0,23.687404915383482
2433,129,0.0,23.44955936664774
2434,129,0.0,20.31985754604908
2435,129,43.50797863154199,17.195586377645075
2436,129,38.72813629010352,15.306431097607378
2437,129,195.6631037432217,12.613902958846012
2438,129,29.007530010986216,11.464631742854374
2439,129,0.0,12.162266587343929
2440,129,0.0,15.727054567711077
2441,129,0.0,31.627993402891715
2442,129,0.0,41.98812357906716
2443,129,0.0,50.3149661899377
2444,129,0.0,60.16173762492391
2445,129,0.0,55.1665850518559
2446,129,0.0,48.210553032285674
2447,129,0.0,38.94436887912126
2448,129,0.0,31.792888506627524
2449,129,0.0,27.99426733971378
2450,129,65.49338242979985,25.962248221125314
2451,129,62.80366502517154,24.89145247569122
2452,129,45.767549796142504,24.01301952896184
2453,129,63.78562992618697,25.274396107975768
2454,129,76.12748984657003,30.366110272302468
2455,129,112.73033893712991,49.80480775222211
2456,129,23.616284117384367,37.64931128778326
2457,129,69.6871732230413,27.542446750421497
2458,129,51.070606582168665,20.184628846884138
2459,129,40.249737170885425,15.907897600943414
2460,129,198.0824186137191,15.20778118062039
2461,129,197.13592979647032,13.668153227434646
2462,129,114.00647389054797,13.938825973604896
2463,129,38.59384133618704,15.253434892036507
2464,129,0.0,19.749011104739793
2465,129,0.0,39.44393157297925
2466,129,0.0,52.623290272895794
2467,129,0.0,70.67761270703876
2468,129,0.0,90.15838051701827
2469,129,103.77795066435525,58.95889313694762
2470,129,138.57047112113463,54.836722035128574
2471,129,111.52971570951564,44.13653699020624
2472,129,87.2321760333108,34.55913710287412
2473,129,73.65186036349769,29.19703005722357
2474,129,67.83632271358186,26.893375157427165
2475,129,64.0716559835468,25.410625613880235
2476,129,65.39106017098106,25.92949044081621
2477,129,0.0,27.27759200669879
2478,129,0.0,33.88209412987085
2479,129,0.0,51.5939921409374
2480,129,0.0,36.770410499212744
2481,129,0.0,25.56935169383893
2482,129,0.0,17.448573310286605
2483,129,0.0,14.657314578118141
2484,129,0.0,14.74356410271063
2485,129,0.0,15.005487688471774
2486,129,0.0,14.04334660281441
2487,129,0.0,15.74261375762517
2488,129,0.0,25.317789308843388
2489,129,0.0,49.261685778781114
2490,129,0.0,58.96866332050542
2491,129,0.0,72.70697750271171
2492,129,0.0,88.33565834450054
2493,129,115.24413763270758,55.76866890978378
2494,129,124.74675879864705,49.486553597489106
2495,129,0.0,42.80081588484508
2496,129,86.03130718657326,34.12573307946152
2497,129,71.99986696615923,28.554345955147912
2498,129,63.24547294993721,25.09178519856482
2499,129,59.67359259066285,23.69293947002634
2500,129,60.218223419227,23.89787645381841
2501,129,63.14536091758427,25.059882185589743
2502,129,0.0,29.665966105050796
2503,129,0.0,47.05677958557152
2504,129,8.491316810598448,33.6293557549638
2505,129,0.0,24.512447288861182
2506,129,0.0,18.2051049902358
2507,129,0.0,14.538036622736856
2508,129,0.0,14.720864024749515
2509,129,0.0,14.785960095011854
2510,129,0.0,14.443586741760734
2511,129,0.0,16.11172257301911
2512,129,0.0,25.169972143907184
2513,129,0.0,45.19053032135357
2514,129,0.0,52.0782889660108
2515,129,0.0,67.10055605176713
2516,129,0.0,82.54708207075359
2517,129,10.614156084081117,52.099666989990745
2518,129,120.00332693946092,47.59898818154813
2519,129,101.44651578411867,40.24168357825791
2520,129,82.27878727241134,32.6479283277726
2521,129,71.10122472350966,28.24046814638337
2522,129,64.09334488128593,25.457859066109137
2523,129,61.08066166375892,24.26457936948672
2524,129,59.87999657598664,23.805461166422397
2525,129,0.0,25.02740683739931
2526,129,0.0,30.998163075456517
2527,129,0.0,48.75490571571654
2528,129,13.564416921759914,37.20076538500575
2529,129,0.0,26.021503809418082
2530,129,0.0,21.135543229125904
2531,129,0.0,17.81314777459809
2532,129,0.0,17.89583105078326
2533,129,0.0,14.504079046196386
2534,129,0.0,14.480753333462324
2535,129,0.0,16.19835275420543
2536,129,0.0,24.27283403847546
2537,129,0.0,44.01771484295074
2538,129,0.0,54.47396428746257
2539,129,0.0,68.83204898242441
2540,129,0.0,85.33202761267228
2541,129,0.0,56.039875660877854
2542,129,128.1840268909562,50.78331527676306
2543,129,109.36233448202515,43.339178843702726
2544,129,89.17552052661293,35.322130482836556
2545,129,74.44323630651795,29.481441516653373
2546,129,70.01954063177607,27.722682571495934
2547,129,66.88980047901083,26.490882877180816
2548,129,61.88511995048174,24.512884120449264
2549,129,50.73355605786034,24.409168812637326
2550,129,0.0,29.357013799475652
2551,129,0.0,48.006935657496946
2552,129,0.0,38.653691796695334
2553,129,0.0,30.442516621533265
2554,129,0.0,22.35324988446901
2555,129,0.0,16.626925942481694
2556,129,0.0,16.17249365746916
2557,129,0.0,13.927092225955041
2558,129,0.0,12.918775434068388
2559,129,0.0,13.213175305775422
2560,129,0.0,21.076352444919774
2561,129,0.0,40.47120218267032
2562,129,0.0,51.99632988927851
2563,129,0.0,62.07272420710953
2564,129,0.0,72.96384708648687
2565,129,0.0,49.68155989177218
2566,129,0.0,46.486777097252975
2567,129,0.0,40.28861991626257
2568,129,88.03546055921885,34.902520816846405
2569,129,77.65641692711256,31.191155223942825
2570,129,69.15131355873427,27.43113270070666
2571,129,64.16675152713935,25.46887103572136
2572,129,62.758074000125674,24.93015186372363
2573,129,61.24544659397557,24.309110917927136
2574,129,0.0,25.389512913889597
2575,129,0.0,21.41677095256842
2576,129,0.0,18.407700461398015
2577,129,0.0,16.00709447661556
2578,129,0.0,12.119437602854292
2579,129,0.0,9.533132900473902
2580,129,0.0,10.328150940261109
2581,129,0.0,10.838075406817259
2582,129,0.0,10.561317572669541
2583,129,0.0,11.2272520631666
2584,129,0.0,15.437593190928526
2585,129,0.0,26.060415567119264
2586,129,0.0,33.24346433063776
2587,129,0.0,40.90139184278241
2588,129,0.0,50.480112602671504
2589,129,0.0,49.041162610056006
2590,129,0.0,44.2245203768209
2591,129,0.0,39.27983651331049
2592,129,82.8632767102171,32.860863252950715
2593,129,49.3096103584989,27.98999305047091
2594,129,64.80384060644084,25.728326388598983
2595,129,0.0,23.293021673987724
2596,129,0.0,22.86599236597188
2597,129,0.0,23.239878547634568
2598,129,0.0,24.453920070726667
2599,129,4.647545671360831,21.395704444151626
2600,129,0.0,21.13460729915921
2601,129,0.0,20.617060770142732
2602,129,0.0,17.523253710831057
2603,129,0.0,15.211278758407543
2604,129,37.347657538877144,14.76091418529427
2605,129,33.61820468826693,13.286904820514582
2606,129,32.09231876485319,13.052199645480437
2607,129,0.0,14.350118657673697
2608,129,0.0,19.494236040668376
2609,129,0.0,34.95400800553315
2610,129,0.0,39.79845922398578
2611,129,0.0,45.361756555398934
2612,129,0.0,53.582828303779124
2613,129,0.0,53.66041224116696
2614,129,117.70934978634884,46.640688046024486
2615,129,0.0,37.58671795987408
2616,129,77.01780904417532,30.545259675834433
2617,129,0.0,26.462182822585138
2618,129,44.122364368448075,24.623162384244903
2619,129,0.0,23.600619873447208
2620,129,0.0,24.683390966612187
2621,129,0.0,26.65015830446513
2622,129,0.0,29.881669645092256
2623,129,93.50280102269437,45.12964023150305
2624,129,10.713918433875591,39.96972824780691
2625,129,87.14319070630694,34.441654870375736
2626,129,74.59858135068487,29.483660570470683
2627,129,206.8198929625531,27.587483808852202
2628,129,206.27199809003116,27.387857563849003
2629,129,201.74164292651042,25.281200722527313
2630,129,56.6490305592815,22.389432905390507
2631,129,0.0,23.159492343660716
2632,129,0.0,28.65405813529505
2633,129,0.0,51.51210203798452
2634,129,0.0,61.526993760965404
2635,129,0.0,74.52830971377675
2636,129,0.0,90.88674662238036
2637,129,0.0,58.269688468722514
2638,129,54.451436879759285,49.86147647099416
2639,129,0.0,39.01271360527802
2640,129,79.47928130857562,31.487329853461947
2641,129,69.9440598137464,27.73414948868909
2642,129,65.41100081419415,25.92970061974269
2643,129,66.34676875073353,26.291731044496274
2644,129,65.81890560069681,26.077974764854297
2645,129,69.29988681418564,27.44335927870553
2646,129,80.6106521466532,32.81537635268436
2647,129,96.2838846066667,47.25132199460413
2648,129,0.0,36.306219211379926
2649,129,0.0,27.493936183890554
2650,129,0.0,18.932468972492693
2651,129,0.0,17.646021894124015
2652,129,0.0,16.587126421497228
2653,129,0.0,15.787591911606373
2654,129,0.0,13.933974064021942
2655,129,0.0,15.888747264149536
2656,129,0.0,24.68868524899561
2657,129,0.0,46.299201674696945
2658,129,0.0,56.400085350615235
2659,129,0.0,69.34513554290096
2660,129,0.0,87.49941333896314
2661,129,0.0,58.118612834931945
2662,129,136.26915895983416,54.06875570295601
2663,129,112.85990093075426,44.77543847369301
2664,129,91.73444577208656,36.400411691467795
2665,129,79.0632852510953,31.371752256020624
2666,129,72.36586242068199,28.72476872813736
2667,129,69.64624261242491,27.655118757419856
2668,129,67.0856103055506,26.627648915933232
2669,129,39.12340876109255,28.81066950669555
2670,129,0.0,31.59173130039309
2671,129,0.0,45.272537155939425
2672,129,0.0,31.625172223697874
2673,129,0.0,22.05651904162256
2674,129,0.0,17.103359956430864
2675,129,0.0,14.07232083827608
2676,129,0.0,12.66136477886463
2677,129,0.0,11.030924214352877
2678,129,0.0,12.29425526733529
2679,129,0.0,14.31085041690762
2680,129,0.0,23.21009469045978
2681,129,0.0,42.31592684412834
2682,129,0.0,54.75429680732487
2683,129,0.0,70.79049734340792
2684,129,0.0,89.58487737938947
2685,129,33.66470176024805,58.57598935889754
2686,129,135.51849508307257,53.73088701449449
2687,129,111.56377987828492,44.23759541606544
2688,129,90.90911096343746,36.071671940539865
2689,129,78.91179294898265,31.363434351793188
2690,129,71.34952154170904,28.371938713236815
2691,129,69.05919498200674,27.435819490328186
2692,129,66.55876737596955,26.463030258654193
2693,129,0.0,28.22039924197553
2694,129,0.0,31.150603831503467
2695,129,0.0,46.0105306994191
2696,129,0.0,33.33903698784238
2697,129,0.0,23.437069926770118
2698,129,0.0,17.724761248840338
2699,129,0.0,15.68594062681939
2700,129,0.0,16.111664767141104
2701,129,0.0,14.286983874167873
2702,129,0.0,13.284390383278259
2703,129,0.0,15.305503723106584
2704,129,0.0,22.31412373758705
2705,129,0.0,44.75560788513793
2706,129,0.0,54.097451625422664
2707,129,0.0,66.96166258627841
2708,129,0.0,86.4984250303651
2709,129,0.0,56.77338797800709
2710,129,135.04644043450753,53.518431451359824
2711,129,116.95944696053218,46.35713317156355
2712,129,96.20126203854085,38.12449428908011
2713,129,82.2775797691655,32.61373631140942
2714,129,72.70986286236791,28.8168372641591
2715,129,69.06632632924214,27.384581739961334
2716,129,64.92469273256773,25.737377544373174
2717,129,19.998166360565506,26.647071069138352
2718,129,0.0,30.889536273548728
2719,129,0.0,47.85775620504952
2720,129,0.0,38.633383083941446
2721,129,0.0,31.244396792520945
2722,129,0.0,24.360883424600882
2723,129,0.0,21.563853495587107
2724,129,0.0,21.85952405300197
2725,129,0.0,18.672045926946172
2726,129,0.0,16.523762746379685
2727,129,0.0,16.914122525652186
2728,129,0.0,24.35461340219282
2729,129,0.0,46.25484037990722
2730,129,0.0,54.22926013291869
2731,129,0.0,64.30588696469043
2732,129,0.0,77.83633664448145
2733,129,0.0,49.491905653815344
2734,129,0.0,45.513920486029406
2735,129,103.48718536788581,40.99119376068404
2736,129,88.733509645472,35.188592293778804
2737,129,75.66307242723269,30.01503119962491
2738,129,67.5878138862096,26.820881728035715
2739,129,65.21257128446223,25.89499955075683
2740,129,24.699706376356545,26.758534550167333
2741,129,0.0,25.33042365950636
2742,129,0.0,26.20128465117845
2743,129,0.0,22.78815335223351
2744,129,0.0,20.741167149106655
2745,129,0.0,18.925049545854904
2746,129,0.0,15.926094326614269
2747,129,0.0,12.956170847295393
2748,129,0.0,14.102509664750539
2749,129,0.0,14.708847292632901
2750,129,0.0,14.319060007748432
2751,129,0.0,14.1316388412655
2752,129,0.0,19.489530066114533
2753,129,0.0,31.6599348806436
2754,129,0.0,35.8156150414471
2755,129,0.0,42.13728105015589
2756,129,0.0,50.84326878517879
2757,129,0.0,53.15353427318566
2758,129,0.0,49.27068015623309
2759,129,0.0,43.43031705787428
2760,129,0.0,35.61056325102407
2761,129,79.44003974240132,31.523375742154947
2762,129,69.340203193196,27.52648639101131
2763,129,65.64173179361887,26.049239102497378
2764,129,43.78397932072531,25.018833782446446
2765,129,0.0,25.92804099155343
2766,129,0.0,24.77052091404853
2767,129,0.0,19.55094648255696
2768,129,0.0,18.059403457463343
2769,129,0.0,15.960758964363524
2770,129,32.53503925494172,12.858785648142506
2771,129,32.505013854926545,12.846905958649256
2772,129,31.73989632499641,12.5444889571806
2773,129,26.529480243947745,10.485177070819708
2774,129,27.981350601152144,11.059033262663034
2775,129,30.4830958411344,12.04776590974502
2776,129,0.0,17.15453257570569
2777,129,0.0,28.662895252151642
2778,129,0.0,34.13061462060245
2779,129,0.0,41.01985104841743
2780,129,0.0,54.47346357690597
2781,129,0.0,57.66167874716706
2782,129,0.0,49.8772794019849
2783,129,0.0,39.96024620240492
2784,129,3.9142281049038274,35.153555125796615
2785,129,78.94908012652735,31.303390901650033
2786,129,0.0,27.759924206794203
2787,129,0.0,25.57557567270684
2788,129,62.87553344150609,24.92492084209693
2789,129,60.50346415939245,23.984844517692512
2790,129,53.25735595600278,23.261841686731813
2791,129,0.0,17.50727454192942
2792,129,0.0,16.781089481602933
2793,129,40.22558346501981,15.898311934050197
2794,129,32.265766563430276,12.752369138736206
2795,129,195.9799046895263,12.643441400483555
2796,129,195.50909816537043,12.028076535239101
2797,129,194.5427816682539,10.130444550894552
2798,129,0.0,11.069389172328512
2799,129,0.0,11.61890826704702
2800,129,0.0,15.013284640419462
2801,129,0.0,25.189117185851632
2802,129,0.0,31.150360444319425
2803,129,0.0,37.75708218200101
2804,129,0.0,50.48566624491796
2805,129,0.0,56.725670242992116
2806,129,0.0,50.44919573653196
2807,129,34.08620769027948,41.34008999559352
2808,129,85.64556388968825,33.94239508537389
2809,129,74.24174648285131,29.461056989340047
2810,129,66.10207121016387,26.23881269350435
2811,129,63.763165351982565,25.29635471122678
2812,129,0.0,24.6862014433801
2813,129,0.0,26.224779923943863
2814,129,0.0,29.31506574473619
2815,129,0.0,37.91928848596676
2816,129,0.0,27.07714494678219
2817,129,0.0,20.00789747136743
2818,129,37.7807738512459,14.932072117417928
2819,129,192.49370917606257,13.195736041900329
2820,129,30.633742622196536,12.10733550131795
2821,129,30.626338352202964,12.104365546649145
2822,129,27.55416497619123,10.890180733617246
2823,129,0.0,12.049601485480547
2824,129,0.0,19.253797734201967
2825,129,0.0,40.8838807567594
2826,129,0.0,50.305013838222706
2827,129,0.0,63.494929852703635
2828,129,0.0,83.92553485718405
2829,129,0.0,59.86694812597285
2830,129,66.16008926513217,53.38606959454335
2831,129,110.24199818017522,43.722729469770826
2832,129,85.50804598529282,33.931751641013406
2833,129,72.13419502510732,28.625445482284043
2834,129,66.18610153219961,26.271990926454468
2835,129,62.78790614704377,24.94181003802861
2836,129,60.47789862872932,24.031518126573342
2837,129,0.0,25.718456234249512
2838,129,0.0,27.155000913958173
2839,129,0.0,30.24339723198417
2840,129,0.0,24.347716940807544
2841,129,0.0,17.674218190445824
2842,129,0.0,12.810440277305224
2843,129,25.765350442846113,10.183256561361636
2844,129,25.598316614967587,10.117244350146409
2845,129,21.212812034750783,8.383969098295825
2846,129,24.20556179536959,9.566801455433364
2847,129,0.0,10.601949412830082
2848,129,0.0,17.262422827286766
2849,129,0.0,36.23687942224761
2850,129,0.0,47.34684424525633
2851,129,0.0,59.625687555510346
2852,129,0.0,76.9950306225673
2853,129,0.0,53.31824326454062
2854,129,2.4285514393405094,48.9319183455396
2855,129,105.42463667261615,41.785509619107515
2856,129,84.63980633263901,33.58103972268071
2857,129,72.82243697657975,28.861519985203316
2858,129,64.60256819787347,25.6051060862572
2859,129,59.80725697281031,23.714997624261617
2860,129,58.464569553819956,23.243631465371866
2861,129,0.0,24.983393504008347
2862,129,0.0,25.719559586042905
2863,129,0.0,30.5212678100222
2864,129,0.0,23.925684150122702
2865,129,0.0,17.357269252628704
2866,129,0.0,12.687522831439033
2867,129,27.070039961380132,10.698906123991655
2868,129,27.86014724574315,11.011144778558823
2869,129,24.425607474274358,9.653727798929062
2870,129,21.903694991863176,8.656996805422276
2871,129,0.0,10.506308349095148
2872,129,0.0,20.275615629361358
2873,129,0.0,42.7039341854463
2874,129,0.0,53.357990595380784
2875,129,0.0,64.54665310722321
2876,129,0.0,77.08155794641262
2877,129,0.0,52.07151742972022
2878,129,0.0,46.890269031942346
2879,129,0.0,41.26196094892708
2880,129,29.847679986286124,35.32296554059926
2881,129,76.37067205361703,30.243235558528045
2882,129,68.15367310017706,26.998233596987337
2883,129,62.76294070744015,24.865084577308018
2884,129,58.94334837431714,23.345181281232815
2885,129,60.40346085486448,23.924877264655017
2886,129,61.12837801985904,26.38062561562806
2887,129,68.81472616141693,38.76521068201894
2888,129,85.69736171357079,33.87042237665949
2889,129,72.30610281445493,28.57776473296686
2890,129,60.31429454196768,23.83811572648293
2891,129,204.7815658516683,22.73284695903799
2892,129,204.82706335827672,24.106643530305814
2893,129,202.70029680668955,21.897756383643372
2894,129,200.85688560738646,19.103332534805304
2895,129,0.0,18.434561278204875
2896,129,0.0,22.457398936760463
2897,129,0.0,43.336014006968696
2898,129,0.0,51.409226390918384
2899,129,0.0,59.57085511895886
2900,129,0.0,78.55756852117734
2901,129,0.0,53.68736653088626
2902,129,74.01876208511382,47.93545665845358
2903,129,0.0,41.211048549504234
2904,129,0.0,35.449430307656755
2905,129,76.12285882298053,30.155653068836664
2906,129,67.43405374551514,26.719002039304883
2907,129,64.42720661070211,25.535637434855847
2908,129,65.47266401253182,25.94620127166806
2909,129,62.981303440441394,24.964083178180772
2910,129,0.0,23.233293018079333
2911,129,0.0,18.11109613426325
2912,129,0.0,18.092134491040166
2913,129,0.0,16.464710364834477
2914,129,0.0,14.227225467622231
2915,129,0.0,12.26255388243894
2916,129,30.04028957337823,11.872743953676208
2917,129,29.019327080483492,11.469261185916555
2918,129,0.0,12.122737895815693
2919,129,0.0,13.905462064482236
2920,129,0.0,24.041355843099257
2921,129,0.0,36.951006111045764
2922,129,0.0,40.856169362925726
2923,129,0.0,44.66537419004194
2924,129,0.0,51.77743009840144
2925,129,0.0,50.24024332150688
2926,129,0.0,44.61325457565362
2927,129,0.0,39.039964588455796
2928,129,80.16589505807659,31.74586565326308
2929,129,71.74599657564329,28.42831397007006
2930,129,34.51729058054198,26.65703827056861
2931,129,0.0,25.151975153380956
2932,129,0.0,23.838619666789096
2933,129,0.0,23.614460192770906
2934,129,0.0,22.820994405641844
2935,129,0.0,16.748250764345944
2936,129,0.0,15.829009365597418
2937,129,0.0,15.770001061494531
2938,129,34.28427299868986,13.550141792726116
2939,129,32.67904760213369,12.915691481810411
2940,129,30.331812112486034,11.987988343171114
2941,129,27.415790088724634,10.835497750943512
2942,129,28.478012871524072,11.2553205896947
2943,129,0.0,10.81825874966825
2944,129,0.0,13.113325093740219
2945,129,0.0,21.603579157783784
2946,129,0.0,28.006889869423283
2947,129,0.0,33.86874766706344
2948,129,0.0,44.94670373281462
2949,129,0.0,49.38554664818938
2950,129,0.0,44.77683218933916
2951,129,0.0,37.51092216592614
2952,129,0.0,31.714231578325826
2953,129,68.42322186346905,27.13300984911153
2954,129,60.74834085886138,24.102249878734092
2955,129,57.67633473973888,22.877806579022767
2956,129,56.499208614482654,22.39708962757881
2957,129,59.804008926416685,23.70835451919306
2958,129,54.99588083834439,24.587773615461842
2959,129,44.0932190154264,30.436850203461034
2960,129,61.37342693897452,24.25644546626942
2961,129,48.59464059878604,19.20594607345899
2962,129,34.99950536060936,13.832756342014003
2963,129,29.59318952999368,11.696027824577438
2964,129,29.731769814510756,11.750822283023242
2965,129,154.15664574088694,11.003052659636955
2966,129,26.417854999269963,10.441086613678634
2967,129,29.240688645440827,11.556760522860943
2968,129,0.0,20.031641908365206
2969,129,0.0,41.79028530325665
2970,129,0.0,47.40661474812285
2971,129,0.0,55.423594850430604
2972,129,0.0,70.11006711209983
2973,129,0.0,50.195379573237545
2974,129,20.18431694101608,45.13684794365873
2975,129,93.01658548598724,36.85565219892592
2976,129,70.37728759806328,27.88221702326022
2977,129,56.52329490684238,22.414456126156132
2978,129,0.0,21.110705454077635
2979,129,50.58298929622396,20.058934459776584
2980,129,0.0,19.888527765825543
2981,129,0.0,20.704578481600063
2982,129,0.0,23.105234105304312
2983,129,0.0,28.705055880829363
2984,129,0.0,21.931926258199724
2985,129,0.0,17.670464199220717
2986,129,0.0,13.66131652295265
2987,129,0.0,11.25194577865039
2988,129,0.0,11.721597563670143
2989,129,0.0,11.650601585441898
2990,129,0.0,11.025194894624098
2991,129,0.0,12.23186451983432
2992,129,0.0,19.903481607160835
2993,129,0.0,40.540447625475885
2994,129,0.0,47.0566130966916
2995,129,0.0,52.61958105424594
2996,129,0.0,67.29158245461595
2997,129,0.0,46.8560728830718
2998,129,0.0,43.97661812014621
2999,129,93.50307668280777,37.04293093951369
3000,129,74.90997589742676,29.681496745017434
3001,129,14.994661613179971,24.645682683814034
3002,129,55.662521366109274,22.058858236826833
3003,129,53.58498081523422,21.250571338747186
3004,129,0.0,21.85418199224112
3005,129,0.0,23.078639617559183
3006,129,0.0,23.13167882101024
3007,129,0.0,28.14676597521936
3008,129,0.0,23.273915639880098
3009,129,0.0,17.749260025049637
3010,129,0.0,14.798849248046873
3011,129,0.0,12.17272264886891
3012,129,0.0,11.639264956415214
3013,129,0.0,9.965085155080867
3014,129,0.0,10.03565427397978
3015,129,0.0,10.78781266473342
3016,129,0.0,17.90940820159636
3017,129,0.0,35.87946324787061
3018,129,0.0,44.140468660409724
3019,129,0.0,54.372124168001406
3020,129,0.0,71.18701441078618
3021,129,0.0,51.91599469064789
3022,129,0.0,48.22056569615192
3023,129,101.16466026558157,40.07604219590624
3024,129,81.03452913844578,32.10714958627575
3025,129,69.53378734971238,27.53855873908828
3026,129,66.36295332947029,26.272407357414234
3027,129,39.757678138542474,24.22517756488683
3028,129,0.0,22.452613240080048
3029,129,0.0,22.854213287673417
3030,129,0.0,21.993635040706966
3031,129,0.0,26.125962187981337
3032,129,0.0,22.787787660257784
3033,129,0.0,18.536292123646295
3034,129,0.0,13.922875415946331
3035,129,0.0,10.978114867952964
3036,129,0.0,10.231880093062587
3037,129,0.0,8.813846594200273
3038,129,0.0,8.559058215436925
3039,129,0.0,11.322890727827078
3040,129,0.0,20.45640798138181
3041,129,0.0,43.886209525720446
3042,129,0.0,53.299714201313904
3043,129,0.0,61.395758876910385
3044,129,0.0,72.34174891470633
3045,129,0.0,49.932305823374
3046,129,52.09169938073188,46.694904062254935
3047,129,101.85267633184125,40.30150195233992
3048,129,83.20430706012871,32.9208042925056
3049,129,68.80425082925967,27.242378942423798
3050,129,60.30549002132446,23.88853559481903
3051,129,0.0,22.603408317142755
3052,129,0.0,21.876489231854272
3053,129,0.0,22.315351764269575
3054,129,0.0,21.301521638027214
3055,129,0.0,29.70203831171038
3056,129,0.0,27.023970003939034
3057,129,0.0,21.406475038628248
3058,129,0.0,17.7102744155941
3059,129,0.0,16.36456373800673
3060,129,0.0,17.922131220123816
3061,129,0.0,16.036621202118692
3062,129,0.0,14.710811353678757
3063,129,0.0,14.89131847809749
3064,129,0.0,18.91224177894748
3065,129,0.0,34.97013942581971
3066,129,0.0,42.145383267085975
3067,129,0.0,49.93499694353903
3068,129,0.0,63.24196041993174
3069,129,0.0,46.47883458410623
3070,129,0.0,44.38667826312524
3071,129,0.0,40.21607486348279
3072,129,85.50878310321153,33.86248859783862
3073,129,74.80025294935544,29.614739116869163
3074,129,66.1057899393569,26.178465216379163
3075,129,40.88699936169604,24.58134998306631
3076,129,0.0,22.53596216989275
3077,129,0.0,22.971320603448717
3078,129,0.0,18.53520365372526
3079,129,0.0,12.666490269296157
3080,129,0.0,12.589712055635417
3081,129,0.0,11.041147936327341
3082,129,0.0,9.620439938312693
3083,129,0.0,8.237138365784443
3084,129,0.0,8.59650404295981
3085,129,0.0,8.123707241062345
3086,129,0.0,8.41528313670633
3087,129,0.0,9.6068300594812
3088,129,0.0,16.216627993872812
3089,129,0.0,27.205533895564557
3090,129,0.0,32.13122145293383
3091,129,0.0,36.09979299168277
3092,129,0.0,43.72196171669159
3093,129,0.0,46.74744635279174
3094,129,0.0,41.73611980836712
3095,129,0.0,36.80393871351066
3096,129,0.0,31.00406636292785
3097,129,66.69579115935065,26.414333419537527
3098,129,8.324332517332778,23.275271363233195
3099,129,0.0,21.402443930878835
3100,129,0.0,20.616388230520126
3101,129,0.0,19.81174704561041
3102,129,0.0,16.626052633710696
3103,129,0.0,12.279303352210897
3104,129,0.0,13.171606797490515
3105,129,0.0,13.053497571861358
3106,129,25.669383822055636,10.275694213313914
3107,129,20.786273245519737,8.215349070970085
3108,129,192.9923383782608,7.69080839917874
3109,129,192.9561250479921,7.90398732444105
3110,129,21.66979052894291,8.564551918848313
3111,129,0.0,9.502446660727848
3112,129,0.0,11.527612763102601
3113,129,0.0,19.51564290538896
3114,129,0.0,25.596721086725886
3115,129,0.0,31.454571256070782
3116,129,0.0,43.48959851054286
3117,129,0.0,46.89367689918346
3118,129,0.0,41.23740740533558
3119,129,0.0,35.53617690265859
3120,129,0.0,28.589634292046412
3121,129,0.0,23.49556241989106
3122,129,0.0,21.325275949731008
3123,129,0.0,20.919139731456703
3124,129,0.0,20.764577638931996
3125,129,22.627242753600285,20.71779747854844
3126,129,37.8440982296695,19.213093329036596
3127,129,26.230076423324533,26.084630152604205
3128,129,59.00789929672001,23.32167953317141
3129,129,46.92505737874342,18.54614590138031
3130,129,57.44389521085225,13.573270772476913
3131,129,195.78724992150498,12.58651991785676
3132,129,196.59667697418826,13.9016802666713
3133,129,196.21454253786297,13.568448198998945
3134,129,196.26302193107392,13.41534069935988
3135,129,0.0,14.786931854769703
3136,129,0.0,24.99666816953605
3137,129,0.0,47.08128084266325
3138,129,0.0,49.02014742936377
3139,129,0.0,55.16307484569125
3140,129,0.0,66.97875359103136
3141,129,0.0,50.19770017752038
3142,129,0.0,47.03736105343903
3143,129,45.16994353136283,39.40017904126217
3144,129,81.4359765267696,32.26312531566933
3145,129,67.21354460927387,26.634317472904367
3146,129,61.09094767066381,24.20676168079544
3147,129,57.897768306322206,22.952453006465742
3148,129,0.0,22.679418519264036
3149,129,0.0,23.542485436825586
3150,129,0.0,21.329845734467533
3151,129,0.0,26.870242322760433
3152,129,0.0,22.039672370857918
3153,129,0.0,18.886202417955666
3154,129,35.27688986561728,13.94244522391289
3155,129,29.79213441360784,11.774739002475446
3156,129,194.80957801592425,11.658260597895277
3157,129,194.35305678934256,11.18912655802228
3158,129,29.800570759494605,11.778079098508108
3159,129,17.541627498548706,13.705763546902178
3160,129,0.0,22.966762074927395
3161,129,0.0,45.13804087302259
3162,129,0.0,52.298535846749246
3163,129,0.0,61.63886389539391
3164,129,0.0,68.030342774588
3165,129,0.0,45.04793131911263
3166,129,45.445316396019564,41.75665646832007
3167,129,90.39396303883152,35.8087717487206
3168,129,72.49512933088553,28.703833831078125
3169,129,60.77523162061027,24.06917145406978
3170,129,0.0,21.865112930562756
3171,129,0.0,22.000941708319978
3172,129,0.0,21.334690603150854
3173,129,0.0,22.408943725987985
3174,129,0.0,20.01777114768342
3175,129,0.0,27.713064133755886
3176,129,0.0,23.639606187330415
3177,129,0.0,19.13910976626184
3178,129,39.331595886139326,15.5450404956038
3179,129,34.16825909415877,13.50432253928784
3180,129,196.06035102764352,13.39151579440968
3181,129,31.37432162225906,12.400081265773133
3182,129,32.323827191266474,12.775397096369222
3183,129,0.0,13.964109299151493
3184,129,0.0,23.108196750292308
3185,129,0.0,41.26202921795271
3186,129,0.0,45.94031684034271
3187,129,0.0,50.24042693136383
3188,129,0.0,64.02760894244248
3189,129,0.0,48.45387350631966
3190,129,0.0,48.29338673776916
3191,129,0.0,41.18314002618241
3192,129,80.64626184028612,31.9202502881459
3193,129,70.82145375319371,28.042284198182863
3194,129,62.51662633489374,24.75736958435984
3195,129,43.02035483120292,23.009726982408846
3196,129,0.0,21.84765316972882
3197,129,0.0,21.99371585282338
3198,129,0.0,17.32573375592489
3199,129,0.0,12.2189044411177
3200,129,0.0,12.833841152884732
3201,129,0.0,12.982597498841367
3202,129,0.0,10.782481173782042
3203,129,21.594682970128787,8.534862045287584
3204,129,20.65641211883218,8.164036550112934
3205,129,22.401001905549833,8.108853544825083
3206,129,21.458961280497846,8.481236068590823
3207,129,0.0,9.33716909630026
3208,129,0.0,12.534123896580734
3209,129,0.0,21.472451801769193
3210,129,0.0,28.351358306566876
3211,129,0.0,33.907825830761865
3212,129,0.0,44.48543025588858
3213,129,0.0,51.43770170797772
3214,129,0.0,45.3335732928752
3215,129,0.0,37.71720976123171
3216,129,0.0,32.58418345585939
3217,129,49.404857092053334,27.330651956230664
3218,129,63.35536827114652,25.101816027915085
3219,129,0.0,22.54568885700494
3220,129,0.0,20.58643566059047
3221,129,0.0,20.259450359510424
3222,129,0.0,16.316171659995387
3223,129,0.0,19.380950713181605
3224,129,0.0,18.91961066544499
3225,129,0.0,18.212556657736656
3226,129,36.160197455540555,14.29157051639124
3227,129,27.52395769895699,10.878303655273818
3228,129,195.26818035090798,10.971001277902754
3229,129,196.0526701445211,11.893121371964162
3230,129,124.75628778181047,13.750356789906947
3231,129,37.37295326279266,14.77092320674101
3232,129,53.89446364475603,21.300679400577714
3233,129,0.0,35.997246108553995
3234,129,0.0,44.43537787716542
3235,129,0.0,54.50094322376905
3236,129,0.0,69.23618120972937
3237,129,0.0,48.9329815040174
3238,129,0.0,46.5260613811839
3239,129,0.0,39.54520032402567
3240,129,85.58049039972815,33.88834881693117
3241,129,74.57891222477286,29.52983461224623
3242,129,65.28520829131068,25.84902620807797
3243,129,54.02438767849205,23.839778057641436
3244,129,0.0,22.35295014390474
3245,129,0.0,21.242644071603983
3246,129,0.0,16.429721629760106
3247,129,0.0,12.549405047111874
3248,129,0.0,12.81662106408853
3249,129,0.0,12.359077187725154
3250,129,0.0,10.294888916288023
3251,129,0.0,8.272500819897202
3252,129,0.0,7.825433369741688
3253,129,0.0,7.102757514301003
3254,129,0.0,6.960104248870742
3255,129,0.0,8.015064559053876
3256,129,0.0,11.44982873831394
3257,129,0.0,20.84466611280977
3258,129,0.0,25.827050243644113
3259,129,0.0,31.00110002728923
3260,129,0.0,39.08639284440132
3261,129,0.0,46.52722271890221
3262,129,0.0,44.77993565718863
3263,129,0.0,40.52247336938983
3264,129,0.0,34.55738725504413
3265,129,0.0,29.382824143831233
3266,129,3.5235112890426024,27.32831556041859
3267,129,63.70520059008555,25.229648949917866
3268,129,61.524885970808185,24.36023062666559
3269,129,0.0,24.07735936782214
3270,129,0.0,17.921845220220405
3271,129,0.0,12.935847529720219
3272,129,0.0,13.716623752187694
3273,129,33.96757427762509,13.424985051717824
3274,129,27.115172925995523,10.716736767332891
3275,129,20.387198604133516,8.05762380567308
3276,129,17.620281988481423,6.964044595653031
3277,129,142.68533679052453,6.800203536211931
3278,129,17.74812509379231,7.014561480065762
3279,129,19.92794177395396,7.87608097982403
3280,129,0.0,11.87594155813975
3281,129,0.0,21.351655874834716
3282,129,0.0,26.12744802279236
3283,129,0.0,32.17686561878032
3284,129,0.0,41.73741392168645
3285,129,0.0,48.463718570201785
3286,129,0.0,46.76388526378353
3287,129,0.0,39.02426775324193
3288,129,0.0,32.47659991203643
3289,129,0.0,27.136085688104654
3290,129,20.78147985474388,23.88593681086331
3291,129,0.0,22.664531449221197
3292,129,0.0,22.28273995174705
3293,129,57.97295230606636,23.00798056278694
3294,129,33.27012070630886,18.788752769298554
3295,129,20.085002957191733,25.716883615796867
3296,129,0.0,22.337126376199965
3297,129,0.0,18.434559464895056
3298,129,34.28807005099088,13.551640669382444
3299,129,29.917076909363516,11.824132732145129
3300,129,31.239565413979875,12.346845688052735
3301,129,195.513622695767,12.827816797777384
3302,129,125.17964070077525,15.589960214087945
3303,129,40.4700779237217,15.995067109925404
3304,129,0.0,24.435522860991213
3305,129,0.0,44.53980841695091
3306,129,0.0,50.04086376201072
3307,129,0.0,54.447385151286625
3308,129,0.0,65.8882689234081
3309,129,0.0,48.574147923565704
3310,129,35.17109439469124,46.5860084752077
3311,129,0.0,40.415404980985144
3312,129,84.29263169468726,33.42051133102406
3313,129,71.73028111802537,28.452884839805847
3314,129,64.12288241298825,25.428214565800484
3315,129,59.54331671506807,23.62602621028039
3316,129,0.0,24.04482936837009
3317,129,0.0,24.743850826376644
3318,129,0.0,21.609238395024143
3319,129,0.0,29.879929849034944
3320,129,0.0,24.06767437993413
3321,129,0.0,18.806212726632207
3322,129,0.0,13.904375839402496
3323,129,0.0,11.356604612509994
3324,129,0.0,9.6466683521514
3325,129,0.0,8.72017397296961
3326,129,0.0,9.677778923176273
3327,129,0.0,13.093980085593028
3328,129,0.0,22.973409456586534
3329,129,0.0,44.34475580930419
3330,129,0.0,50.04993189873153
3331,129,0.0,59.1075460951858
3332,129,0.0,68.01101989368688
3333,129,0.0,51.330531342863274
3334,129,55.07422592072686,49.6413798591503
3335,129,0.0,42.292223478584916
3336,129,86.22984821487378,34.17346940006769
3337,129,70.31227174398325,27.872064987469866
3338,129,65.68262220350718,26.047412427481827
3339,129,61.65778799962851,24.451500464607268
3340,129,0.0,23.048225441326764
3341,129,0.0,23.043318058078896
3342,129,0.0,19.279870120108193
3343,129,0.0,26.10032192147925
3344,129,0.0,20.416324696656947
3345,129,0.0,17.94359725500632
3346,129,0.0,14.053889078078026
3347,129,0.0,12.889502524146858
3348,129,0.0,13.761449851502404
3349,129,0.0,13.252007253903543
3350,129,0.0,14.338452671645475
3351,129,0.0,13.89479749539286
3352,129,0.0,23.908803261995892
3353,129,0.0,47.9204641419662
3354,129,0.0,52.12957998808105
3355,129,0.0,55.37266203524693
3356,129,0.0,69.14422325588603
3357,129,0.0,51.98718150179295
3358,129,93.4284071762157,50.32903333832829
3359,129,0.0,43.305400766964624
3360,129,0.0,35.84468071826018
3361,129,73.54722257680635,29.129844591571263
3362,129,65.75364901712533,26.06767641836784
3363,129,60.614683662240765,24.013363714541423
3364,129,58.91276603629336,23.348421387211175
3365,129,0.0,23.1238078665858
3366,129,0.0,21.444293086722713
3367,129,0.0,28.769198079400308
3368,129,0.0,23.012210537413676
3369,129,0.0,17.15524641401705
3370,129,0.0,12.378464152309224
3371,129,27.917985824288394,11.03401768850975
3372,129,32.978691192532494,13.034166791261532
3373,129,49.514620847070034,19.56965623796246
3374,129,50.93689307406635,20.131785736736333
3375,129,0.0,14.810937431611594
3376,129,0.0,19.713447939322673
3377,129,0.0,33.21519185563159
3378,129,0.0,37.38016562266744
3379,129,0.0,41.58759723537497
3380,129,0.0,56.46068319484537
3381,129,0.0,45.04123732936002
3382,129,0.0,46.68227823143515
3383,129,0.0,41.16164471380469
3384,129,0.0,32.10313394454998
3385,129,0.0,27.988984539887564
3386,129,61.07516431247717,24.213504724521716
3387,129,58.30979331754804,23.13340993391155
3388,129,54.78659637936545,21.730624665919787
3389,129,16.357569266236993,21.219182874089423
3390,129,0.0,17.177943932122627
3391,129,11.419644129428974,23.44870090201319
3392,129,0.0,22.00198314458491
3393,129,47.86699749860546,18.91838317869261
3394,129,40.29883025159364,15.92723894431698
3395,129,35.675090918253716,14.099812455989108
3396,129,197.46907718102236,14.619219595614442
3397,129,198.89579225249676,16.925381444173098
3398,129,194.77558789238358,20.41437799314736
3399,129,49.34864685023044,19.50408283813996
3400,129,70.4873607711285,27.85876403440895
3401,129,0.0,46.53380857708689
3402,129,0.0,50.69377558888978
3403,129,0.0,55.247436470539455
3404,129,0.0,59.302924753868254
3405,129,0.0,44.84352316438048
3406,129,0.0,44.003521134098044
3407,129,21.547525273597046,38.419285484135855
3408,129,0.0,32.345420582941955
3409,129,70.42096583264623,27.899590869023758
3410,129,62.699366579050064,24.82714264674628
3411,129,59.27201618212408,23.477631695383742
3412,129,0.0,22.934719429640815
3413,129,0.0,21.523275017382105
3414,129,0.0,16.848504523661212
3415,129,0.0,13.759904327513343
3416,129,0.0,13.78153162794537
3417,129,0.0,13.76867166650006
3418,129,0.0,11.59823602646352
3419,129,0.0,9.877016754162316
3420,129,0.0,9.27320150750062
3421,129,0.0,8.44838909593554
3422,129,0.0,7.937361982087544
3423,129,0.0,8.609413353243125
3424,129,0.0,11.01646165252983
3425,129,0.0,18.824795270974104
3426,129,0.0,22.677025296852513
3427,129,0.0,26.887225445041054
3428,129,0.0,35.11567355731822
3429,129,0.0,42.311766663973614
3430,129,0.0,41.82306613635679
3431,129,0.0,38.91094719372256
3432,129,0.0,33.535208549637034
3433,129,0.0,28.97769322789761
3434,129,0.0,25.197345697781024
3435,129,0.0,22.275357554813294
3436,129,0.0,21.39716861401216
3437,129,31.312514601314234,21.49229051432035
3438,129,20.219690008104862,16.397788939127036
3439,129,0.0,11.691282570928639
3440,129,0.0,11.98910904665488
3441,129,0.0,13.28641412052656
3442,129,0.0,11.693232926357071
3443,129,0.0,10.618791662631535
3444,129,19.81818062883889,10.370326039892104
3445,129,0.0,9.504025606960028
3446,129,0.0,8.948299410020587
3447,129,0.0,9.565370625779945
3448,129,0.0,13.343603602779845
3449,129,0.0,24.023748815033393
3450,129,0.0,27.048678502010315
3451,129,0.0,29.737823951683563
3452,129,0.0,38.51786357159198
3453,129,0.0,46.780380543105146
3454,129,0.0,45.77160841493784
3455,129,0.0,39.26302054391423
3456,129,0.0,34.26767003541178
3457,129,0.0,29.551764597621247
3458,129,65.40834711821475,25.91581871129769
3459,129,59.32341838762767,23.513437848577105
3460,129,56.17033191573739,22.26722756414592
3461,129,55.47880635291591,22.107238847186398
3462,129,18.63972538480496,16.49460635963599
3463,129,0.0,12.346872938000667
3464,129,33.45747909103736,13.223400416011822
3465,129,36.62375512103466,14.474779860287716
3466,129,32.07781554842981,12.678068299865476
3467,129,30.6955117596992,12.131767206158424
3468,129,114.30880063796067,12.38146001737485
3469,129,194.8683690430748,11.514404120360325
3470,129,28.109451193540025,11.109651401143676
3471,129,29.089834051944763,11.49711560635
3472,129,36.29607611307151,14.345266309051194
3473,129,0.0,27.038752667198267
3474,129,0.0,30.594966433895546
3475,129,0.0,33.299155555805044
3476,129,0.0,39.95059764432417
3477,129,0.0,46.6553306181989
3478,129,0.0,46.38991059387372
3479,129,0.0,39.781814447851296
3480,129,0.0,34.88310718631311
3481,129,64.95450217209608,28.79139422197282
3482,129,65.21556587971133,25.852447480744214
3483,129,0.0,24.435037150432944
3484,129,0.0,23.301049038027966
3485,129,0.0,23.14355134519341
3486,129,0.0,20.106534499285363
3487,129,0.0,28.358737087290752
3488,129,0.0,21.49467388235052
3489,129,0.0,15.945794020212848
3490,129,30.06135094646467,11.881138095362477
3491,129,194.1124479226204,9.440321910993022
3492,129,80.55994420158896,10.426395316259384
3493,129,25.794086538496686,10.194562314114814
3494,129,27.071478404597116,10.69941204954906
3495,129,36.50250002419497,14.42680744432563
3496,129,0.0,25.740845884284624
3497,129,0.0,46.88589630078742
3498,129,0.0,52.41635831587191
3499,129,0.0,57.60907636377457
3500,129,0.0,65.20371224714842
3501,129,0.0,46.88735842286218
3502,129,0.0,46.70317145534471
3503,129,0.0,39.23047232720111
3504,129,0.0,31.059995050370784
3505,129,66.85108003767937,26.504092940229583
3506,129,59.15487517255258,23.4623838916358
3507,129,54.54238226891306,21.644514289966217
3508,129,53.19868436733444,21.100551610733394
3509,129,8.642482742668989,21.277675572415994
3510,129,0.0,18.102523154691376
3511,129,0.0,23.632918665214753
3512,129,0.0,18.930545809340106
3513,129,0.0,15.14836430200007
3514,129,0.0,12.121104612431909
3515,129,0.0,11.070059990645381
3516,129,0.0,12.898655163988977
3517,129,26.126394329899938,13.022230532045153
3518,129,0.0,11.784731764037597
3519,129,0.0,11.38362058848536
3520,129,0.0,18.131663613620624
3521,129,0.0,37.28770203650444
3522,129,0.0,38.91996605004923
3523,129,0.0,42.56799060931026
3524,129,0.0,54.09713682046784
3525,129,0.0,43.81407979139536
3526,129,0.0,45.464253416036065
3527,129,0.0,37.97868362036519
3528,129,0.0,32.948602523127335
3529,129,61.340592829196794,28.377076987814714
3530,129,64.58438944191869,25.592721656187443
3531,129,58.048011891781215,22.996480778877782
3532,129,0.0,23.21690431998736
3533,129,0.0,22.502531918258406
3534,129,0.0,18.31005109653113
3535,129,0.0,23.83962364909057
3536,129,0.0,18.488692803453475
3537,129,0.0,14.628519394561103
3538,129,0.0,10.886712198790445
3539,129,0.0,10.281697289200718
3540,129,0.0,10.780316825077259
3541,129,0.0,9.944075960141939
3542,129,0.0,10.020449667427028
3543,129,0.0,9.79052269813907
3544,129,0.0,14.397995063582782
3545,129,0.0,28.073690503290507
3546,129,0.0,36.6629166634533
3547,129,0.0,42.7052312559943
3548,129,0.0,54.94674536863586
3549,129,0.0,44.61256115722395
3550,129,0.0,43.717131865417855
3551,129,0.0,38.48806987289376
3552,129,0.0,31.35468497000347
3553,129,0.0,26.415162101231022
3554,129,23.704590632426914,23.749980759091954
3555,129,0.0,22.799752627310987
3556,129,53.9703124100015,21.41054925728414
3557,129,52.659664805503326,20.951807967162782
3558,129,24.703291942977046,17.53605412831932
3559,129,8.230501275438229,23.945401919892337
3560,129,0.0,21.758178365674176
3561,129,0.0,20.27428664643058
3562,129,0.0,17.940622269026264
3563,129,0.0,15.560292217403617
3564,129,35.98948426748905,14.22413920467994
3565,129,30.018172722723335,11.864076961469902
3566,129,28.779725891315167,11.37460943831609
3567,129,32.87809767282823,12.994408616095697
3568,129,0.0,18.824999941499936
3569,129,0.0,35.902271845304824
3570,129,0.0,42.02728905884308
3571,129,0.0,47.82809414594727
3572,129,0.0,58.489832395643354
3573,129,0.0,45.203791868560316
3574,129,0.0,44.59567054795349
3575,129,0.0,38.948867293617944
3576,129,80.51495748241067,31.9017994828098
3577,129,70.97016308906845,28.111287069089837
3578,129,31.87021367585885,25.618441358685537
3579,129,0.0,22.81718043445647
3580,129,0.0,22.048005271680466
3581,129,0.0,21.560118860606053
3582,129,0.0,17.31614362893119
3583,129,0.0,15.314414537029977
3584,129,0.0,16.618177739880764
3585,129,0.0,17.189943098474345
3586,129,38.09755516486035,15.057366576476351
3587,129,33.71815134797984,13.326464657520201
3588,129,31.913082011413962,12.613053072290526
3589,129,31.58449730034718,12.483151866799886
3590,129,26.986919400599163,10.6660454534636
3591,129,25.7760275797132,10.187450363562666
3592,129,0.0,12.325488910233238
3593,129,0.0,20.0633867209467
3594,129,0.0,24.833535716022517
3595,129,0.0,29.55629491821332
3596,129,0.0,35.75501592075111
3597,129,0.0,45.20782800080449
3598,129,0.0,46.17450850748868
3599,129,0.0,41.617708025524486
3600,129,0.0,35.73332056638659
3601,129,0.0,29.83662610880227
3602,129,12.939442782791133,26.552062197263115
3603,129,0.0,23.737091862651695
3604,129,55.252433812093216,21.901845315693127
3605,129,0.0,21.314899143828946
3606,129,15.779705799129573,16.08561498101519
3607,129,0.0,12.650810574464797
3608,129,0.0,13.563271115224477
3609,129,37.02995759152827,14.63529634055979
3610,129,32.96187183245536,13.02748936750067
3611,129,34.29495325625709,13.554353994809622
3612,129,37.25144121762014,14.722834059208996
3613,129,33.89938764833289,13.397988588560425
3614,129,33.33922368862474,13.176634838777474
3615,129,34.969525750465635,13.820974748954272
3616,129,0.0,16.759573429238596
3617,129,0.0,27.75994042038117
3618,129,0.0,31.29396041609526
3619,129,0.0,33.15563820750385
3620,129,0.0,40.75773420713035
3621,129,0.0,49.946155368206945
3622,129,0.0,47.6214275115719
3623,129,0.0,38.902314604291014
3624,129,0.0,32.1226973213585
3625,129,0.0,27.180527185862495
3626,129,0.0,24.31867084559592
3627,129,0.0,22.428708665325843
3628,129,12.386879545445595,22.310513058748366
3629,129,54.97953242516829,21.88409299610603
3630,129,22.599702700826896,17.080705975588085
3631,129,5.25564374171239,23.521865398859664
3632,129,47.573621572020386,18.80256730295203
3633,129,38.88633305436073,15.36908630780085
3634,129,32.57246699724803,12.873674291657267
3635,129,27.677444888965397,10.938989413929443
3636,129,179.98229233270635,10.890344251765045
3637,129,194.48839213144709,10.353043088018644
3638,129,194.10530615843058,9.521741399900423
3639,129,26.640563592497557,10.52912078952501
3640,129,48.11567799994876,19.016707679197108
3641,129,0.0,40.61667424002993
3642,129,0.0,44.93319552254656
3643,129,0.0,49.45575073094277
3644,129,0.0,63.718180305893696
3645,129,0.0,47.0639652667692
3646,129,0.0,46.11876931307693
3647,129,12.16537941854412,40.9521004158555
3648,129,79.11374863283172,31.348014772048135
3649,129,68.39525025861803,27.083425247511993
3650,129,60.523054587861225,23.977309925515755
3651,129,0.0,22.306113888757537
3652,129,0.0,22.901156705605008
3653,129,0.0,22.954831926692037
3654,129,0.0,19.12758626851097
3655,129,0.0,25.829050334245668
3656,129,0.0,19.4984775387294
3657,129,0.0,14.582812837731776
3658,129,0.0,9.667044352960326
3659,129,0.0,7.220406108339297
3660,129,0.0,8.654520851296414
3661,129,0.0,8.979445276644341
3662,129,0.0,9.67026898333218
3663,129,0.0,12.03555589947193
3664,129,0.0,19.529129766828362
3665,129,0.0,38.12064964821692
3666,129,0.0,46.865586626356
3667,129,0.0,53.78141344780261
3668,129,0.0,64.68741283462965
3669,129,0.0,45.950194516789054
3670,129,0.0,46.5801403802298
3671,129,0.0,38.89956032260711
3672,129,0.0,32.08560078844324
3673,129,45.66073048658126,26.98297164839272
3674,129,61.091055094198765,24.21968203172689
3675,129,55.17048577540251,21.892592135145794
3676,129,56.000343685674636,22.199984379579977
3677,129,0.0,21.737790423127763
3678,129,0.0,17.695835545046776
3679,129,5.207929328459926,23.44644257972348
3680,129,0.0,19.799816825007095
3681,129,38.09916602009622,15.058002816846788
3682,129,32.2073878892013,12.729363654217922
3683,129,31.12410106924912,12.301207624277044
3684,129,68.20662539789168,15.355884017839188
3685,129,196.85415404501327,14.340123954466907
3686,129,195.79183118695553,13.182974411674628
3687,129,32.200747736251145,12.726674085472748
3688,129,0.0,19.088652995466546
3689,129,0.0,34.79486861034084
3690,129,0.0,38.325255163942046
3691,129,0.0,43.38927336425874
3692,129,0.0,55.33873578816905
3693,129,0.0,48.68360516432994
3694,129,0.0,49.838096517424574
3695,129,0.0,41.55369316176523
3696,129,85.72592245860733,34.1232934061114
3697,129,74.48488107088025,29.513273948619997
3698,129,67.40610397067215,26.723225472111046
3699,129,0.0,25.59179075211803
3700,129,0.0,25.015551540593645
3701,129,0.0,23.217064002848705
3702,129,0.0,17.986009282601675
3703,129,0.0,23.302022404357537
3704,129,0.0,19.625631693096043
3705,129,0.0,15.596477883403997
3706,129,0.0,11.681250008159704
3707,129,0.0,10.105493624309123
3708,129,0.0,10.816028494581005
3709,129,0.0,10.785817098021045
3710,129,0.0,9.496958299964483
3711,129,0.0,9.450687316592116
3712,129,0.0,14.777666685429875
3713,129,0.0,28.749783962856455
3714,129,0.0,38.07429357339849
3715,129,0.0,44.09545325566391
3716,129,0.0,56.95011179941008
3717,129,0.0,48.39949672156948
3718,129,0.0,49.732027098226396
3719,129,0.0,43.59139398831327
3720,129,0.0,35.44177692004141
3721,129,76.22676107458304,30.225063663959396
3722,129,65.45399844896949,25.95705637912381
3723,129,60.233309496396714,23.878289893479323
3724,129,43.170121170337694,22.394647972392427
3725,129,0.0,22.586299059199447
3726,129,0.0,18.67562243234692
3727,129,0.0,27.396245954258692
3728,129,0.0,23.397984331048782
3729,129,0.0,18.22979865230904
3730,129,0.0,13.649492531738193
3731,129,0.0,9.848617129351837
3732,129,0.0,9.81246221543182
3733,129,0.0,8.888908155675807
3734,129,0.0,9.512775694525025
3735,129,0.0,10.4966210768731
3736,129,0.0,15.966829108567289
3737,129,0.0,30.7803048694797
3738,129,0.0,35.59137997502448
3739,129,0.0,42.82274948891289
3740,129,0.0,54.111443859502415
3741,129,0.0,45.658292931599924
3742,129,0.0,45.407015514549194
3743,129,0.0,41.227528623193706
3744,129,0.26061596394200137,35.37165602329094
3745,129,0.0,30.617028780539105
3746,129,68.13288639905579,26.990035943125566
3747,129,63.92747655642239,25.317592193456523
3748,129,61.93661124833483,24.546222138871414
3749,129,0.0,23.094808690281727
3750,129,0.0,17.44874574643561
3751,129,0.0,14.895904013460095
3752,129,0.0,15.644575972105043
3753,129,40.77655570967309,16.11608979104758
3754,129,32.86362848553637,12.988680628941687
3755,129,27.81954717260504,10.995106153073037
3756,129,28.42723785467527,11.235279228218587
3757,129,92.14255244278036,10.101591713565346
3758,129,23.09794644131813,9.128997511251884
3759,129,23.29863347837602,9.208298627757232
3760,129,0.0,11.90375074238645
3761,129,0.0,19.699269081584166
3762,129,0.0,24.297154856682123
3763,129,0.0,28.652094292042555
3764,129,0.0,36.04858095014208
3765,129,0.0,43.39637352097456
3766,129,0.0,43.63466930437973
3767,129,0.0,39.53544352324959
3768,129,0.0,34.76322176797261
3769,129,70.69546476135713,30.54440961259991
3770,129,0.0,27.207076258135316
3771,129,0.0,24.499060669331868
3772,129,0.0,23.22592298237718
3773,129,0.0,22.01738624832881
3774,129,0.0,16.398752942057058
3775,129,0.0,12.812546553528001
3776,129,0.0,12.72175838054986
3777,129,0.0,12.184508141675602
3778,129,0.0,10.758485032631786
3779,129,0.0,10.357563868655898
3780,129,0.0,10.499306733240372
3781,129,0.0,9.677120980527805
3782,129,0.0,10.583372866044387
3783,129,0.0,11.329817190223448
3784,129,0.0,13.25842258723508
3785,129,0.0,21.047099925012727
3786,129,0.0,25.269520290437026
3787,129,0.0,30.273245510990137
3788,129,0.0,37.300827635579225
3789,129,0.0,44.96073149161658
3790,129,0.0,44.34619135199353
3791,129,0.0,35.60659718944417
3792,129,0.0,29.794578743355803
3793,129,0.0,25.56115648849134
3794,129,0.0,23.803531559559804
3795,129,0.0,22.01990068028104
3796,129,0.0,21.485764457940462
3797,129,9.006730607431734,21.49039351119212
3798,129,22.8579035846721,17.56661890468255
3799,129,54.90554421234961,23.548277736540204
3800,129,54.32067653368833,21.469014867793476
3801,129,43.11970586832459,17.042107505871012
3802,129,37.21946933082165,14.71017696474808
3803,129,33.75786776303613,13.342020025899979
3804,129,195.48322457782064,11.339741509811166
3805,129,193.98324604017958,9.667857738885296
3806,129,193.9672927076117,9.682014449135725
3807,129,191.26665047506464,10.584520088310208
3808,129,45.45408964572317,17.96474924051787
3809,129,0.0,36.9016619546488
3810,129,0.0,42.64757011794163
3811,129,0.0,49.32441606307807
3812,129,0.0,63.95119630161161
3813,129,0.0,47.388501870496626
3814,129,0.0,47.21186355959352
3815,129,0.0,38.52935715252072
3816,129,0.0,33.426786261556444
3817,129,75.04738773196706,29.71753247046278
3818,129,69.90916701286665,27.694491861837083
3819,129,13.455455944466621,26.09476183859811
3820,129,0.0,24.60992515419464
3821,129,60.69788044977642,24.198216596742512
3822,129,23.433141525863732,19.43760625769475
3823,129,1.7303537446977657,24.43160232165785
3824,129,49.388235855534646,19.519637594070634
3825,129,35.36852189804662,13.978665750447272
3826,129,25.498932940049457,10.077916220878853
3827,129,110.87064656855006,7.916401640562933
3828,129,192.55443838851605,7.464060646928139
3829,129,192.29347925454832,7.2822642118879575
3830,129,19.51721247945315,7.713796487993824
3831,129,21.295672121787845,8.416733061042876
3832,129,0.0,14.487609321842482
3833,129,0.0,31.11390837362466
3834,129,0.0,38.31632421848811
3835,129,0.0,44.29895935859631
3836,129,0.0,55.58927930835822
3837,129,0.0,44.73008531689823
3838,129,0.0,43.916360290458876
3839,129,0.0,39.1595772091683
3840,129,0.0,30.853486848327854
3841,129,0.0,26.889975604135163
3842,129,47.32676090154442,24.8480687230044
3843,129,60.34383929714693,23.914223953127575
3844,129,59.23569536843587,23.460788552510095
3845,129,0.0,23.18067017565784
3846,129,0.0,17.333597610207047
3847,129,0.0,22.825620171656222
3848,129,0.0,19.67692370139905
3849,129,0.0,15.751005346270205
3850,129,0.0,12.162893086455636
3851,129,0.0,10.56157509995079
3852,129,0.0,13.018126253226809
3853,129,0.0,12.02025687761429
3854,129,0.0,11.377061202427374
3855,129,0.0,12.084411503799657
3856,129,0.0,18.850130727056204
3857,129,0.0,35.25890398658238
3858,129,0.0,38.77227703188828
3859,129,0.0,47.10072624700253
3860,129,0.0,58.32649826599556
3861,129,0.0,48.70279836314067
3862,129,0.0,50.127860296120886
3863,129,0.0,43.121338651941834
3864,129,35.79440311919768,35.50737355204418
3865,129,76.60093876528506,30.341926156401367
3866,129,0.0,26.407184205049145
3867,129,63.98480831740727,25.350464871914323
3868,129,62.351629160897204,24.712678988145075
3869,129,0.0,23.322432003550382
3870,129,0.0,16.66939638114431
3871,129,0.0,21.741712643449908
3872,129,0.0,17.06444352904875
3873,129,0.0,13.147120150106263
3874,129,0.0,9.53914087850908
3875,129,23.175408154799015,9.159629254663374
3876,129,25.384688502519737,10.032799805736838
3877,129,23.628389389958926,9.338652961628833
3878,129,20.876374358927308,8.250965742969072
3879,129,0.0,9.068446137250234
3880,129,0.0,14.43919191781259
3881,129,0.0,29.08670460703974
3882,129,0.0,37.07869643244227
3883,129,0.0,43.635871993355984
3884,129,0.0,58.935479729689824
3885,129,0.0,50.33816670045124
3886,129,0.0,49.996413249144624
3887,129,0.0,42.43632128577487
3888,129,25.182842628289848,34.500997060573724
3889,129,72.50557091582976,28.75167434997084
3890,129,67.1009537742897,26.592361857221587
3891,129,62.53303592174575,24.781826819463284
3892,129,0.0,22.960317401371036
3893,129,0.0,22.357884131890053
3894,129,0.0,17.75219070994693
3895,129,6.6192278298906615,24.380171543872187
3896,129,0.0,22.57643617390726
3897,129,44.90264482234352,17.746803938445908
3898,129,35.086141879641985,13.867040567615895
3899,129,35.15490460714332,11.413264069099439
3900,129,194.37499546091175,10.88027062132356
3901,129,193.72642709838317,9.661626697886485
3902,129,26.860502724851187,10.615999457848625
3903,129,29.979161248206765,11.84857964373729
3904,129,0.0,17.69341141333123
3905,129,0.0,33.93678807950142
3906,129,0.0,38.176988206767774
3907,129,0.0,46.23088135996716
3908,129,0.0,59.19825512815121
3909,129,0.0,48.80200190613389
3910,129,0.0,50.65123763344609
3911,129,115.38693695056779,45.696863041944894
3912,129,95.52496266759292,37.82626452783627
3913,129,42.82455010649855,31.390849919101473
3914,129,0.0,28.941681386951576
3915,129,0.0,26.33470375303159
3916,129,0.0,25.354368105404568
3917,129,0.0,22.856208824229377
3918,129,0.0,14.855312559011855
3919,129,0.0,11.727143438473568
3920,129,0.0,11.46856370790263
3921,129,0.0,10.850592978508965
3922,129,0.0,8.476604613118056
3923,129,0.0,7.459728452526734
3924,129,0.0,7.120708312259984
3925,129,0.0,7.104153683618619
3926,129,0.0,8.029243259965329
3927,129,0.0,8.46538442873195
3928,129,0.0,10.566701233776548
3929,129,0.0,18.54175058203685
3930,129,0.0,24.450755422447568
3931,129,0.0,29.806900884592675
3932,129,0.0,38.73225851980988
3933,129,0.0,44.923214038234555
3934,129,0.0,45.25160634907161
3935,129,0.0,39.344552083136286
3936,129,45.202916297800044,32.57872685403064
3937,129,0.0,27.75827544016254
3938,129,0.0,24.365375708080983
3939,129,0.0,22.170158756729446
3940,129,0.0,22.233235607939697
3941,129,0.0,21.657230086699425
3942,129,0.0,13.57262244143791
3943,129,0.0,10.607800247098622
3944,129,0.0,13.112458242386461
3945,129,35.38196806272964,13.984046023931937
3946,129,33.56612150448868,13.266381349200298
3947,129,28.69372322705388,11.340647986304587
3948,129,27.815108335545347,10.993390279749773
3949,129,187.50481147834108,10.696369293675552
3950,129,25.05397750476135,9.902102049929496
3951,129,28.672442537249765,11.332225561343934
3952,129,0.0,14.083958195834176
3953,129,0.0,21.31773708556626
3954,129,0.0,25.90018403712364
3955,129,0.0,30.736255702520676
3956,129,0.0,39.80001487881441
3957,129,0.0,48.60549991948721
3958,129,0.0,49.21381053242166
3959,129,0.0,40.9215188974066
3960,129,0.0,31.75021853245448
3961,129,0.0,27.663479642164692
3962,129,0.0,25.881729381022684
3963,129,20.01916209725252,23.709768058688827
3964,129,0.0,23.966912923288252
3965,129,58.48427607552864,23.264308820756515
3966,129,28.84383795828782,20.084592246198635
3967,129,13.854526096853448,27.44857878049533
3968,129,0.0,23.369948384230913
3969,129,45.476425508802265,17.973647738668806
3970,129,36.321373848061,14.355292378142154
3971,129,31.940843765521976,12.623973889713442
3972,129,195.4086704848983,11.540410682218726
3973,129,25.674628823267653,10.14738709235705
3974,129,24.78895135925896,9.797347613128807
3975,129,26.990803971724375,10.6675700005071
3976,129,0.0,16.446884370671047
3977,129,0.0,34.23197056828384
3978,129,0.0,40.15744788666471
3979,129,0.0,46.13185744480404
3980,129,0.0,58.81455128943642
3981,129,0.0,49.48985842516147
3982,129,0.0,49.551802920740144
3983,129,0.0,42.22162053448085
3984,129,22.60077849873099,34.449846030733696
3985,129,76.3280232618655,30.236534852387503
3986,129,67.08210466447895,26.587473764406948
3987,129,60.22734968076904,23.886059922481476
3988,129,0.0,23.46419066889232
3989,129,0.0,23.033555206357157
3990,129,0.0,18.435790191379844
3991,129,0.0,23.989803527393537
3992,129,0.0,19.564650984495483
3993,129,0.0,14.791952903772277
3994,129,0.0,11.446643454689376
3995,129,0.0,10.82661540072621
3996,129,0.0,11.182689146358486
3997,129,0.0,9.279048194153324
3998,129,0.0,9.958959969933323
3999,129,0.0,11.7167507915841
4000,129,0.0,23.664345220347105
4001,129,0.0,45.336494760180265
4002,129,0.0,50.62493406804537
4003,129,0.0,54.383327614457826
4004,129,0.0,65.00416305254166
4005,129,0.0,50.613028691851575
4006,129,0.0,49.15481031592622
4007,129,0.0,42.94434607323467
4008,129,81.06698568415283,35.550010355508576
4009,129,76.80599498811702,30.40254705191618
4010,129,69.62635270793882,27.582921320772314
4011,129,67.04887110040758,26.551284994243154
4012,129,0.0,25.797848408898467
4013,129,0.0,24.437764720151105
4014,129,0.0,18.444444785658682
4015,129,6.973172250727799,24.520120723861172
4016,129,0.0,20.197701233740204
4017,129,0.0,15.974815735050246
4018,129,28.221059071348975,11.153802626878244
4019,129,22.34490680483958,8.831370983464756
4020,129,22.11210200260183,8.739356802748071
4021,129,20.133412862865185,7.957330312110633
4022,129,19.453160123863,7.688447519118813
4023,129,0.0,8.854903565570147
4024,129,0.0,13.909860152827669
4025,129,0.0,28.441751406948246
4026,129,0.0,35.998764234025316
4027,129,0.0,46.31469640527136
4028,129,0.0,58.76441167244792
4029,129,0.0,49.12904310956534
4030,129,0.0,49.70216569186149
4031,129,0.0,43.42850698778092
4032,129,0.0,35.61565499025744
4033,129,77.64723949308205,30.73975975923278
4034,129,69.07786076573075,27.368391632908956
4035,129,64.25701100796744,25.447608233846875
4036,129,27.06044031447874,23.910509487120834
4037,129,0.0,23.06195171539166
4038,129,0.0,16.785001314578047
4039,129,0.0,21.743496390809373
4040,129,0.0,18.295210064472528
4041,129,0.0,13.220492712875583
4042,129,0.0,9.498848165722263
4043,129,24.845052174004678,9.819437489704372
4044,129,32.63839129919788,12.899596769209033
4045,129,32.859951251641206,12.987191208769552
4046,129,30.743884243424446,12.150865530006826
4047,129,0.0,13.836392573743458
4048,129,0.0,24.19033748566017
4049,129,0.0,43.89031859197595
4050,129,0.0,50.1868417383705
4051,129,0.0,53.16742973007009
4052,129,0.0,60.828037794928235
4053,129,0.0,46.328282985719184
4054,129,0.0,45.669236146801396
4055,129,0.0,40.70500578425861
4056,129,0.0,35.00545692601782
4057,129,18.01581683698572,28.556243119722147
4058,129,66.05292691293485,26.16523043936865
4059,129,57.78781775756414,22.9038321945524
4060,129,0.0,21.862878818586346
4061,129,54.08677646086346,21.54155935961162
4062,129,21.776864336132462,17.319717771589602
4063,129,7.009811355093376,24.539799262880095
4064,129,0.0,23.123441242338416
4065,129,47.29457698561035,18.692243366897323
4066,129,198.1418642086865,14.982476567932967
4067,129,32.94279116587617,13.020031923624009
4068,129,36.69150525879061,14.501611359820465
4069,129,32.372030148160036,12.794385659767812
4070,129,196.31044654220986,12.994222174059486
4071,129,35.5981032941628,14.069465645441966
4072,129,0.0,19.023283522668507
4073,129,0.0,29.276502349466536
4074,129,0.0,34.97154998623589
4075,129,0.0,38.53847126141697
4076,129,0.0,50.369455985650404
4077,129,0.0,40.117799885145324
4078,129,0.0,43.12840051043599
4079,129,0.0,41.0978809292576
4080,129,0.0,35.211855753910655
4081,129,57.207552634793046,30.236200206044174
4082,129,0.0,26.476140332551573
4083,129,59.27391925323988,23.486044834099328
4084,129,0.0,22.07853761881492
4085,129,0.0,20.72925390666493
4086,129,0.0,13.020295151971863
4087,129,0.0,10.87119219690444
4088,129,0.0,10.974952899514566
4089,129,0.0,11.019975102342965
4090,129,0.0,9.390663748235827
4091,129,0.0,8.12995609205515
4092,129,0.0,7.7776255370688725
4093,129,0.0,7.2477606184908625
4094,129,0.0,7.592321221729287
4095,129,0.0,8.680496598091606
4096,129,0.0,12.152339353463212
4097,129,0.0,22.01793181671159
4098,129,0.0,26.901115811168136
4099,129,0.0,31.03556247802563
4100,129,0.0,35.92675086856352
4101,129,0.0,44.78315077181323
4102,129,0.0,46.66383582330808
4103,129,0.0,40.57040464436617
4104,129,0.0,36.56944024468091
4105,129,0.0,32.548793148162794
4106,129,0.0,29.413641815693712
4107,129,0.0,27.320763459468658
4108,129,39.83053264382619,26.043110937928596
4109,129,58.750372796314565,23.45186508409036
4110,129,9.873832651365433,14.514056747648926
4111,129,0.0,11.085277232569176
4112,129,0.0,13.16535576834037
4113,129,0.0,14.925457456301936
4114,129,0.0,13.835132778663533
4115,129,32.621429888408215,12.892936200095864
4116,129,32.12170303558182,12.695422175868
4117,129,29.584932929122232,11.692828915529239
4118,129,20.210429175779865,11.379968679540632
4119,129,0.0,11.972194899704215
4120,129,0.0,14.387020577847691
4121,129,0.0,21.725028224621333
4122,129,0.0,24.37036053236054
4123,129,0.0,30.18898659126494
4124,129,0.0,39.752481783459736
4125,129,0.0,50.61646652888131
4126,129,0.0,47.91748111323306
4127,129,0.0,37.96246575395154
4128,129,0.0,31.693716454489664
4129,129,0.0,27.780873839944544
4130,129,0.0,25.942790796005408
4131,129,0.0,24.402747899011583
4132,129,13.139277868621235,23.121288245146967
4133,129,56.5446444257951,22.49504794658299
4134,129,25.664135875040017,18.696432634793634
4135,129,61.15967711995296,26.017782808274493
4136,129,58.602686093163214,23.1614616711079
4137,129,199.49428832904914,17.38068629132701
4138,129,197.23648079546763,14.4156918608629
4139,129,31.931555388169386,12.620264219537315
4140,129,30.89577775654817,12.210862516579821
4141,129,159.2715226380612,11.839982822897804
4142,129,29.93465087572389,11.83098582155184
4143,129,34.75815599825438,13.7373585280949
4144,129,43.515835656812385,17.198652207467926
4145,129,0.0,33.822485281325044
4146,129,0.0,37.82524725577733
4147,129,0.0,46.92698603832955
4148,129,0.0,59.50921544230055
4149,129,0.0,49.1724547424585
4150,129,0.0,50.90381859518748
4151,129,0.0,44.904449757887186
4152,129,92.92259888666976,36.79772929440596
4153,129,76.41423776563627,30.273310073597802
4154,129,68.23211263524342,27.018796937263485
4155,129,15.655529329112738,24.928739643181753
4156,129,0.0,23.36433194562827
4157,129,0.0,23.467499271522076
4158,129,0.0,19.05309029259708
4159,129,0.0,24.096061132683666
4160,129,0.0,18.478719778084596
4161,129,0.0,13.167771339775634
4162,129,25.325140845900762,10.00921466154731
4163,129,23.508908348613744,9.29137192207903
4164,129,194.2591752388516,9.923684037255448
4165,129,193.30976667619026,8.716800587214612
4166,129,194.1969844474194,10.013089280304927
4167,129,195.78418368288553,12.099720710105277
4168,129,55.916604622066046,22.09972971319067
4169,129,0.0,41.721623787343354
4170,129,0.0,44.074384357689176
4171,129,0.0,48.01679432734601
4172,129,0.0,59.95554302481115
4173,129,0.0,46.99037011601039
4174,129,0.0,48.32693838817909
4175,129,0.0,40.01983254897733
4176,129,0.0,33.07984720804354
4177,129,71.47425661253592,28.310663035775452
4178,129,64.98418280500218,25.735240312069273
4179,129,62.25039544685984,24.644429447377988
4180,129,26.948566109904704,23.96905916503398
4181,129,0.0,22.668705675740377
4182,129,0.0,17.919776472334497
4183,129,0.0,25.25390566306833
4184,129,0.0,21.919139641052297
4185,129,42.79797955754461,16.915111682230062
4186,129,30.931006898871516,12.22491982452267
4187,129,24.330038726493086,9.616017835822259
4188,129,136.10123920845396,8.919904506067226
4189,129,19.62675409277992,7.757108144720068
4190,129,19.07612034495898,7.539472533931706
4191,129,21.648891351929933,8.55629035068024
4192,129,0.0,15.01983863614248
4193,129,0.0,31.53627732414925
4194,129,0.0,38.54077691181547
4195,129,0.0,45.09818111372714
4196,129,0.0,57.39264531491002
4197,129,0.0,47.262950497935094
4198,129,0.0,48.80836019777045
4199,129,0.0,42.54808166880761
4200,129,86.018499610379,34.07178692440945
4201,129,74.97139631308158,29.703060018213094
4202,129,66.3902928028044,26.79208944067777
4203,129,0.0,25.77583831204573
4204,129,0.0,24.499759127522115
4205,129,0.0,23.046371809724366
4206,129,0.0,18.022988409401712
4207,129,0.0,24.204598159082206
4208,129,0.0,20.245580631143635
4209,129,0.0,15.023446234290372
4210,129,0.0,10.701404212852928
4211,129,0.0,10.630091620944707
4212,129,0.0,14.020542125912392
4213,129,0.0,15.1139852763452
4214,129,0.0,14.456607369798414
4215,129,0.0,16.780347609214665
4216,129,0.0,28.6314768853517
4217,129,0.0,55.61989981562591
4218,129,0.0,63.54868361730567
4219,129,0.0,67.6798584264486
4220,129,0.0,73.64028746477486
4221,129,0.0,54.04868174831687
4222,129,0.0,50.88252295483857
4223,129,0.0,43.936943121652455
4224,129,93.00812546775816,36.834107042628496
4225,129,78.75346447640297,31.20282560728871
4226,129,70.25865164347067,27.824890376823657
4227,129,66.49259026078269,26.3364562645571
4228,129,61.03239703036678,24.18104284663503
4229,129,0.8337566381584338,23.825972827027517
4230,129,0.0,19.64630084088309
4231,129,17.612161479650723,28.150383175705407
4232,129,0.0,24.06664487204039
4233,129,0.0,19.751649078473434
4234,129,0.0,15.69829621946285
4235,129,0.0,12.96267564547843
4236,129,0.0,14.882074238361065
4237,129,0.0,14.33081581389267
4238,129,0.0,14.024931109362747
4239,129,0.0,15.543666115413707
4240,129,0.0,22.421475338098094
4241,129,0.0,37.03453751002227
4242,129,0.0,42.666649271497995
4243,129,0.0,43.79448355868881
4244,129,0.0,55.10178682125703
4245,129,0.0,43.57373413127737
4246,129,0.0,45.51599937439955
4247,129,108.78161128363928,43.11470602336279
4248,129,26.52542500615951,36.15712353835041
4249,129,0.0,31.925982345439156
4250,129,0.0,28.98873604191773
4251,129,67.36783585095196,26.687477767948213
4252,129,0.0,24.990927924269123
4253,129,0.0,22.69803380985781
4254,129,0.0,15.687278436552335
4255,129,0.0,12.970063402090693
4256,129,0.0,13.750698120966964
4257,129,0.0,14.987550225941435
4258,129,0.0,12.188735813683113
4259,129,0.0,11.338502332904893
4260,129,0.0,10.929586296867
4261,129,0.0,9.804716834234323
4262,129,0.0,8.587327217744294
4263,129,0.0,10.123879421274133
4264,129,0.0,13.266421216472132
4265,129,0.0,23.50174168068956
4266,129,0.0,29.9953551380061
4267,129,0.0,33.479450218553154
4268,129,0.0,38.19009983853835
4269,129,0.0,44.45385028441498
4270,129,0.0,45.9644523779752
4271,129,0.0,42.03081933749749
4272,129,0.0,35.98581464172379
4273,129,0.0,30.973461841919132
4274,129,0.0,27.99279013165685
4275,129,66.77901058857572,26.452255602770865
4276,129,0.0,23.842028812022498
4277,129,18.294621775407194,21.974325303432614
4278,129,11.327187799146543,14.498438422386613
4279,129,0.0,10.09896207187651
4280,129,0.0,10.83966735617696
4281,129,0.0,11.359720206757654
4282,129,27.17848013481472,10.741715392861622
4283,129,23.906373544548387,9.44850277168323
4284,129,25.149257461801966,9.939721275680863
4285,129,69.78080493612282,9.717959132179093
4286,129,23.12319294313525,9.138916373212142
4287,129,21.482669278846345,8.490566441757935
4288,129,0.0,10.66258286588774
4289,129,0.0,18.04407962866858
4290,129,0.0,24.007087470343453
4291,129,0.0,29.814779726676754
4292,129,0.0,39.278821533373765
4293,129,0.0,47.21754404979449
4294,129,0.0,45.92201214139124
4295,129,0.0,38.60406372277593
4296,129,0.0,31.665889858663864
4297,129,0.0,26.223071557407515
4298,129,0.0,24.25038583014577
4299,129,0.0,23.1083464450757
4300,129,42.37648193032584,22.458411689658476
4301,129,0.0,21.83616935918989
4302,129,21.853177815646774,16.68782737533872
4303,129,1.0761621759023399,21.305859304984743
4304,129,0.0,17.70226916839404
4305,129,37.437029741720806,14.796327212398705
4306,129,32.829276257796636,12.975212897718611
4307,129,29.34987526723276,11.600013084306848
4308,129,195.814239200498,11.434911231470238
4309,129,195.54808171583105,11.373271827055683
4310,129,145.55789529863006,12.874829650916881
4311,129,36.87621343791747,14.574591507497663
4312,129,0.0,17.573096136227
4313,129,0.0,33.15217165989127
4314,129,0.0,36.213172214323215
4315,129,0.0,42.08085373960881
4316,129,0.0,56.66366746892068
4317,129,0.0,46.73344512337107
4318,129,0.0,48.37235415996339
4319,129,0.0,40.26649808955103
4320,129,0.0,31.644542720554654
4321,129,70.13447013174101,27.78099966049218
4322,129,64.74496693712695,25.63285708016732
4323,129,44.91679225132117,23.135023448650532
4324,129,0.0,22.897872755094127
4325,129,0.0,22.595414002304256
4326,129,0.0,18.233790112407622
4327,129,0.0,22.623385356371976
4328,129,0.0,17.126740041304668
4329,129,0.0,13.876457101553196
4330,129,0.0,11.473584504542748
4331,129,0.0,9.926803077084042
4332,129,0.0,10.737016493988273
4333,129,0.0,9.653105878120204
4334,129,0.0,9.610597264039255
4335,129,0.0,11.408262341732142
4336,129,0.0,16.44871414947786
4337,129,0.0,33.744512269680335
4338,129,0.0,39.072916222477936
4339,129,0.0,45.8265450758066
4340,129,0.0,57.91507791050743
4341,129,0.0,47.995402459124605
4342,129,0.0,48.45086726753171
4343,129,0.0,41.341178768767975
4344,129,35.200956285677876,34.207145389637404
4345,129,75.42887302134815,29.88644845886028
4346,129,68.6548558487523,27.18594164492188
4347,129,62.67382321988535,24.822021826699835
4348,129,0.0,23.894305025094116
4349,129,0.0,22.36111071164374
4350,129,0.0,17.659494906335507
4351,129,0.0,26.923492236287537
4352,129,0.0,24.56980077942193
4353,129,0.0,20.881636823099484
4354,129,0.0,17.20190026550401
4355,129,0.0,15.521222437290552
4356,129,0.0,13.815940212930368
4357,129,0.0,11.556199832308572
4358,129,0.0,9.581345748934796
4359,129,0.0,10.751211435351443
4360,129,0.0,18.15237927739797
4361,129,0.0,39.67422799322086
4362,129,0.0,45.964763433928916
4363,129,0.0,53.115459337760406
4364,129,0.0,66.32840284722243
4365,129,0.0,48.82830159650209
4366,129,0.0,47.2068751447408
4367,129,0.0,41.060258687575896
4368,129,79.85971545727466,33.18630375285843
4369,129,72.44483757822096,28.730247917021675
4370,129,64.66245349890798,25.610665764448537
4371,129,61.734497742385486,24.45349002276688
4372,129,0.0,24.32488392731323
4373,129,0.0,24.26072871810599
4374,129,0.0,20.86082320978241
4375,129,0.0,26.05808861382021
4376,129,0.0,20.20127226152811
4377,129,0.0,15.133851302938535
4378,129,0.0,11.385722713919442
4379,129,0.0,10.040657523953882
4380,129,0.0,11.45618727471803
4381,129,0.0,11.958104856646889
4382,129,0.0,11.349424934713893
4383,129,0.0,11.218061663068815
4384,129,0.0,17.449908773267847
4385,129,0.0,38.02558084395728
4386,129,0.0,45.726215856705444
4387,129,0.0,48.06162956604991
4388,129,0.0,58.56620907730573
4389,129,0.0,47.356838311003024
4390,129,0.0,45.405145799162646
4391,129,0.0,38.265415847091106
4392,129,3.060453680891584,33.300703517722035
4393,129,72.2359104785042,28.63495180080637
4394,129,63.41486787437489,25.148623778492787
4395,129,55.96352361805401,22.201052510014403
4396,129,0.0,21.082378552374763
4397,129,0.0,21.09945398103496
4398,129,0.0,16.675059542832482
4399,129,0.0,22.585064548585137
4400,129,0.0,19.837182918737312
4401,129,0.0,15.668397454067735
4402,129,0.0,11.373449364094823
4403,129,0.0,9.85366833747317
4404,129,0.0,9.824914140399637
4405,129,0.0,9.255971673278612
4406,129,0.0,9.28636170676915
4407,129,0.0,10.835125921087004
4408,129,0.0,16.06523494351141
4409,129,0.0,30.247091921708595
4410,129,0.0,35.43292005527682
4411,129,0.0,39.112243656859214
4412,129,0.0,49.204802693325675
4413,129,0.0,40.15542289460643
4414,129,0.0,43.00355460336871
4415,129,0.0,40.63141471295166
4416,129,0.0,35.30843900846576
4417,129,4.298614317452376,30.568029237797344
4418,129,67.62408064612657,26.822439309968992
4419,129,61.36069923584486,24.326351830528363
4420,129,0.0,23.180639993654815
4421,129,0.0,20.6873083869228
4422,129,0.0,15.25155329534504
4423,129,0.0,12.23810389945963
4424,129,0.0,13.026577897123016
4425,129,0.0,13.348136195248234
4426,129,0.0,11.626550559915751
4427,129,0.0,11.566372483238915
4428,129,0.0,11.745264607380987
4429,129,0.0,9.563783260773594
4430,129,0.0,8.136954284123057
4431,129,0.0,8.568912565302877
4432,129,0.0,11.796893007183128
4433,129,0.0,22.084389707783313
4434,129,0.0,26.799697048226363
4435,129,0.0,29.629663612037664
4436,129,0.0,36.420240248440585
4437,129,0.0,43.75266205910419
4438,129,0.0,44.517388502244486
4439,129,0.0,41.290013988510886
4440,129,0.0,35.87329632298675
4441,129,0.0,29.616569106564214
4442,129,0.0,26.922714582346742
4443,129,0.0,25.044047661437677
4444,129,60.99318381241403,24.19381026814414
4445,129,7.313656057995388,22.795293585356696
4446,129,19.000052173069548,16.397346743303203
4447,129,0.0,10.959911554150066
4448,129,0.0,11.526773404601391
4449,129,0.0,11.508679573441219
4450,129,27.256659053133347,10.772622598986782
4451,129,27.647566821976,10.927143762335378
4452,129,28.303325026509896,11.18632064760663
4453,129,28.29148589792041,11.181635614708956
4454,129,28.633798047831505,11.31693631013381
4455,129,35.78040943972738,14.141489588610682
4456,129,0.0,15.05173888334906
4457,129,0.0,21.275679917376856
4458,129,0.0,25.897525719616645
4459,129,0.0,31.61138832337677
4460,129,0.0,40.945583948438056
4461,129,0.0,48.224971732043414
4462,129,0.0,45.99740972357989
4463,129,0.0,37.99980599674143
4464,129,0.0,31.919326210861325
4465,129,0.0,28.489245879477973
4466,129,64.93361258555197,25.710039286145207
4467,129,29.637606100646252,24.20945093284518
4468,129,0.0,22.92065654285537
4469,129,0.0,22.219873198092777
4470,129,0.0,18.570428654891
4471,129,8.793137757535874,22.84608549243647
4472,129,0.0,18.639715186003304
4473,129,0.0,16.20852498842718
4474,129,0.0,14.050087817913147
4475,129,0.0,12.56126794079856
4476,129,0.0,11.714427297424491
4477,129,0.0,10.666789664368768
4478,129,0.0,11.756216807478598
4479,129,0.0,11.864567924823373
4480,129,0.0,17.726754650339167
4481,129,0.0,34.23759137767638
4482,129,0.0,38.749338378981406
4483,129,0.0,42.69868606418471
4484,129,0.0,52.71144885980651
4485,129,0.0,41.04994341065409
4486,129,0.0,42.91749549984732
4487,129,0.0,35.88556417595286
4488,129,0.0,29.58597962990272
4489,129,0.0,26.472425303205124
4490,129,9.086028980600958,24.747976227091954
4491,129,56.998650542670504,22.573989472955926
4492,129,56.97809586591163,22.56072381719624
4493,129,0.0,21.969674223827894
4494,129,0.0,17.258118110552235
4495,129,0.0,21.13740282777166
4496,129,0.0,16.134272057277244
4497,129,0.0,13.05599167292279
4498,129,0.0,10.954265127241548
4499,129,0.0,9.637874153623427
4500,129,0.0,10.368574180390098
4501,129,0.0,9.404281942595496
4502,129,0.0,9.156586267759957
4503,129,0.0,11.644762262373154
4504,129,0.0,19.106488929740596
4505,129,0.0,41.86046803712033
4506,129,0.0,51.264261072840746
4507,129,0.0,59.30924112880914
4508,129,0.0,69.32244049559621
4509,129,0.0,48.591503985208966
4510,129,0.0,49.85755379834036
4511,129,0.0,43.912222169701174
4512,129,74.27588703890109,34.86977142899533
4513,129,75.33542770450552,29.841702957359033
4514,129,68.90047575180702,27.272700590514116
4515,129,63.44189499866815,25.125649068197962
4516,129,62.91698629270215,24.907938838228894
4517,129,0.0,24.68122660314519
4518,129,0.0,21.093967856169257
4519,129,0.0,26.237663833382484
4520,129,0.0,23.599234127134952
4521,129,0.0,20.599724276720714
4522,129,0.0,17.812588806386362
4523,129,0.0,16.29640557951823
4524,129,0.0,15.214628133836692
4525,129,0.0,11.704603214181926
4526,129,0.0,10.962396908533893
4527,129,0.0,12.854511775661377
4528,129,0.0,17.778613827057693
4529,129,0.0,35.324568365513834
4530,129,0.0,40.42545721370096
4531,129,0.0,45.25101275728559
4532,129,0.0,56.220802438539344
4533,129,0.0,43.45168883749902
4534,129,0.0,45.290554045023185
4535,129,0.0,41.07866673792162
4536,129,81.26282417719466,34.18748194724957
4537,129,74.86097684566317,29.682681127802972
4538,129,68.14386028567654,26.991779878425287
4539,129,0.0,24.69365387748052
4540,129,0.0,24.090729377418512
4541,129,0.0,22.944820752597344
4542,129,0.0,19.938323061046848
4543,129,0.0,24.46603601821606
4544,129,0.0,18.610250507575156
4545,129,0.0,15.154328155683757
4546,129,0.0,11.521896583937117
4547,129,0.0,10.073106450743254
4548,129,0.0,10.509315807922695
4549,129,0.0,10.099253430743902
4550,129,0.0,9.636704515918797
4551,129,0.0,10.08560543141413
4552,129,0.0,14.731220040085015
4553,129,0.0,29.59372354008755
4554,129,0.0,35.48735220948618
4555,129,0.0,41.84573143846135
4556,129,0.0,54.23588392354102
4557,129,0.0,47.498885632519816
4558,129,0.0,48.0820512676634
4559,129,0.0,40.85484754464014
4560,129,25.724252127588443,35.09414610281268
4561,129,72.64222214154259,28.785118566824494
4562,129,65.69442435444728,26.049490471716847
4563,129,61.692415511039655,24.465163159286597
4564,129,0.0,22.93421075039672
4565,129,0.0,22.964547230322633
4566,129,0.0,18.66770854625238
4567,129,0.0,25.15637680847639
4568,129,0.0,24.766239396397523
4569,129,0.0,22.780700432537174
4570,129,0.0,19.581921668394244
4571,129,0.0,17.65997869912279
4572,129,0.0,17.408215755283816
4573,129,0.0,14.132386074119905
4574,129,0.0,13.297209537814442
4575,129,0.0,13.973804599992288
4576,129,0.0,20.347082014670377
4577,129,0.0,38.50710748072977
4578,129,0.0,44.42721168949747
4579,129,0.0,48.10540436079155
4580,129,0.0,59.720095326561626
4581,129,0.0,46.486678587326246
4582,129,0.0,46.17156374946963
4583,129,0.0,40.44175400662516
4584,129,0.0,34.8930399333252
4585,129,72.86391266334391,28.870193558627257
4586,129,67.42731759420906,26.724007288134253
4587,129,62.59540070568548,24.80394470768954
4588,129,20.18485146303206,23.82840642103315
4589,129,0.0,23.456446843236105
4590,129,0.0,17.377260432117772
4591,129,0.0,12.47959962881565
4592,129,0.0,13.765888951982483
4593,129,0.0,13.535822720154988
4594,129,0.0,12.496403258850622
4595,129,0.0,12.520408939413427
4596,129,0.0,11.613678919237941
4597,129,0.0,10.247482071957036
4598,129,0.0,9.480193023475396
4599,129,0.0,9.315658449570556
4600,129,0.0,12.03593919313348
4601,129,0.0,21.92554696968557
4602,129,0.0,25.908649166845272
4603,129,0.0,29.78252665027338
4604,129,0.0,39.20504114835007
4605,129,0.0,48.20120670491467
4606,129,0.0,48.22197981619358
4607,129,0.0,44.1165639997541
4608,129,0.0,37.409198042015355
4609,129,0.0,33.46778716210398
4610,129,0.0,29.4584363334025
4611,129,13.694918964073821,27.38946099724051
4612,129,64.79484224317744,25.683560206702246
4613,129,62.361630544824465,24.794074294905794
4614,129,23.47239754646324,16.879477685818927
4615,129,0.0,11.539142419865888
4616,129,0.0,11.816977192975042
4617,129,0.0,11.878126990894824
4618,129,0.0,10.91835517085148
4619,129,0.0,10.757043032736624
4620,129,0.0,10.785779785561319
4621,129,0.0,11.168012897559814
4622,129,0.0,11.251777272651644
4623,129,0.0,14.487028526731574
4624,129,0.0,14.950611345580906
4625,129,0.0,19.178020213753047
4626,129,0.0,23.639182149395335
4627,129,0.0,28.32174279143477
4628,129,0.0,38.634656131456666
4629,129,0.0,48.64521449508499
4630,129,0.0,48.01903096197777
4631,129,0.0,40.50631283879626
4632,129,0.0,33.75168356979167
4633,129,0.0,28.3853182472788
4634,129,0.0,25.67194450310515
4635,129,0.0,24.752565345328527
4636,129,25.36504619661173,23.468126762159148
4637,129,59.89874792281924,23.779401690749733
4638,129,31.24673476020945,18.506876430919007
4639,129,10.613879094687917,22.117880477397648
4640,129,0.0,17.43856417374216
4641,129,0.0,14.453431186160861
4642,129,0.0,12.030768473522208
4643,129,0.0,10.655827702316788
4644,129,25.738237455122714,10.172499350753531
4645,129,0.0,9.36149521283029
4646,129,0.0,9.527889676077296
4647,129,0.0,10.394244264425593
4648,129,0.0,16.48286127988796
4649,129,0.0,32.9642324061629
4650,129,0.0,41.579031912494486
4651,129,0.0,49.298377032724076
4652,129,0.0,62.45957357366029
4653,129,0.0,47.92259505299004
4654,129,0.0,48.452904732612325
4655,129,0.0,41.27230529276788
4656,129,47.36571365418385,32.718666022616205
4657,129,69.6436572861927,27.584448373344163
4658,129,61.26514428515861,24.2653464274908
4659,129,59.67388581847288,23.63644346861292
4660,129,0.0,24.128925299796204
4661,129,0.0,23.627810662119497
4662,129,0.0,18.008694667580574
4663,129,0.0,20.39813019113707
4664,129,0.0,15.833527125308274
4665,129,0.0,13.009381343552642
4666,129,0.0,9.776142089001075
4667,129,0.0,8.270162967527753
4668,129,0.0,8.045132116333024
4669,129,0.0,7.340213590302709
4670,129,0.0,7.999937815110672
4671,129,0.0,8.245355285855508
4672,129,0.0,14.559708506055252
4673,129,0.0,34.173361413525285
4674,129,0.0,44.996500171640825
4675,129,0.0,55.00706924084117
4676,129,0.0,69.57756352962518
4677,129,0.0,53.42351417225598
4678,129,0.0,51.490986968220945
4679,129,0.0,42.05425335646153
4680,129,73.79347299911032,34.337081767341616
4681,129,72.38752352183653,28.6947496947795
4682,129,68.97224854439088,27.321732139302064
4683,129,63.54794556704846,25.185563565916702
4684,129,60.64676772374966,24.033731774659838
4685,129,0.0,24.36082187091622
4686,129,0.0,21.06390092716404
4687,129,0.0,23.68521492179482
4688,129,0.0,19.91520283951232
4689,129,0.0,15.821514140056795
4690,129,0.0,12.362387277367826
4691,129,0.0,10.682671260361653
4692,129,0.0,10.039463178177467
4693,129,0.0,9.222235731884604
4694,129,0.0,11.00023602553
4695,129,0.0,11.341879701954523
4696,129,0.0,16.735774893627767
4697,129,0.0,31.974695222523593
4698,129,0.0,39.11957216498559
4699,129,0.0,45.83352708951739
4700,129,0.0,59.17935210618671
4701,129,0.0,47.48627545689668
4702,129,0.0,46.50145949707796
4703,129,0.0,39.21735898224063
4704,129,0.0,32.97013201504244
4705,129,71.96057230525099,28.523263556483602
4706,129,62.99214659475183,24.963193817099974
4707,129,62.21650487877994,24.65150621126217
4708,129,32.505647814147665,23.54714561092096
4709,129,0.0,23.232939477289897
4710,129,0.0,19.340658649247395
4711,129,0.0,22.327400232217215
4712,129,0.0,19.168305252361357
4713,129,0.0,17.46884366982076
4714,129,0.0,15.1833979970802
4715,129,0.0,14.559686956192548
4716,129,0.0,15.604028053446699
4717,129,0.0,14.117824944843264
4718,129,0.0,13.089174915789272
4719,129,0.0,14.254490921811485
4720,129,0.0,20.642933133693024
4721,129,0.0,39.303193261024894
4722,129,0.0,45.95284944891596
4723,129,0.0,51.85087016417153
4724,129,0.0,60.859713187493675
4725,129,0.0,46.67536637421608
4726,129,0.0,45.88811330258251
4727,129,0.0,40.614979229529695
4728,129,5.557152112338315,34.72464476772641
4729,129,74.60526517830957,29.558185523063496
4730,129,66.7349424405117,26.44496288626267
4731,129,62.592240770158014,24.8050851662677
4732,129,59.2748185886407,23.50174547894988
4733,129,0.0,22.96355598661011
4734,129,0.0,19.203460334571936
4735,129,0.0,23.694410209894777
4736,129,0.0,23.50462382666387
4737,129,0.0,23.306389199386764
4738,129,0.0,19.268684383887006
4739,129,0.0,16.995761318846057
4740,129,0.0,16.49040117149011
4741,129,0.0,13.869717637380894
4742,129,0.0,13.077611181532818
4743,129,0.0,13.7423724832746
4744,129,0.0,17.151588436161152
4745,129,0.0,30.75973063056593
4746,129,0.0,36.21390538296772
4747,129,0.0,42.92281767328173
4748,129,0.0,57.594955756235066
4749,129,0.0,45.262314023365434
4750,129,0.0,45.69424449451368
4751,129,0.0,40.236462594021084
4752,129,0.0,34.36651512576286
4753,129,77.17957551279753,30.565444929705027
4754,129,67.69636772576959,26.820097395266952
4755,129,56.933007069016384,24.707209105282487
4756,129,0.0,23.469039273858456
4757,129,0.0,22.2580976641864
4758,129,0.0,16.65600158693796
4759,129,0.0,12.294280555536139
4760,129,0.0,12.34056843490914
4761,129,0.0,11.975412388517565
4762,129,0.0,10.694928110077141
4763,129,0.0,10.037699356641367
4764,129,0.0,9.495574609916007
4765,129,0.0,9.522082244694618
4766,129,0.0,9.070635582476033
4767,129,0.0,8.889439009319476
4768,129,0.0,11.870535960315166
4769,129,0.0,19.825824212429925
4770,129,0.0,26.195210457182135
4771,129,0.0,28.715145663186398
4772,129,0.0,35.139317731067365
4773,129,0.0,41.76009950319792
4774,129,0.0,41.854012252255714
4775,129,0.0,40.167454438711424
4776,129,0.0,34.41349502717925
4777,129,0.0,29.112532761859296
4778,129,0.0,26.864266055658085
4779,129,0.0,26.19665625969674
4780,129,56.33991118178017,24.648903701794236
4781,129,0.0,23.208249318098876
4782,129,28.29206018333963,17.511637588108144
4783,129,0.0,12.085488782791366
4784,129,0.0,12.808234704487496
4785,129,0.0,13.472785586828975
4786,129,0.0,11.973967537973383
4787,129,0.0,12.270815551411077
4788,129,0.0,12.769637912464933
4789,129,0.0,11.401916787743556
4790,129,0.0,9.392408238692592
4791,129,0.0,8.961748637459396
4792,129,0.0,11.929435214871743
4793,129,0.0,20.35501425185146
4794,129,0.0,24.834271226464182
4795,129,0.0,28.387016688113366
4796,129,0.0,39.830336179060644
4797,129,0.0,47.70258543138831
4798,129,0.0,46.76618275270752
4799,129,102.24924557016735,40.4943058928999
4800,129,0.0,33.98106378678258
4801,129,0.0,29.162773294450425
4802,129,0.0,27.008505411654863
4803,129,0.0,25.07625203604164
4804,129,0.0,23.14292606803025
4805,129,0.0,23.02533748102561
4806,129,20.900517926158102,18.454925908662656
4807,129,13.992871737571022,22.129160885916168
4808,129,0.0,18.949306162863902
4809,129,0.0,16.358919344974996
4810,129,0.0,12.776359232868666
4811,129,0.0,10.918361918568545
4812,129,30.232156259817344,11.948642069126688
4813,129,0.0,10.471184987934079
4814,129,0.0,9.986821728092833
4815,129,0.0,10.770989701552752
4816,129,0.0,16.812819740765338
4817,129,0.0,35.791299012702304
4818,129,0.0,44.46499698536428
4819,129,0.0,52.60399343945349
4820,129,0.0,62.28721801489866
4821,129,0.0,48.90139294294531
4822,129,0.0,48.631017483417935
4823,129,8.537181818692119,42.1765869916805
4824,129,86.42794508068263,34.22058207927005
4825,129,72.8247594938658,28.841680143478488
4826,129,67.17156954306702,26.60737820183517
4827,129,62.607416592843634,24.808676765763696
4828,129,0.0,24.72156150402012
4829,129,0.0,24.225572491956026
4830,129,0.0,20.776501758950204
4831,129,0.0,24.58252226739157
4832,129,0.0,19.84480533266594
4833,129,0.0,15.323353299513572
4834,129,0.0,12.907748127181204
4835,129,0.0,12.139163017644503
4836,129,0.0,11.566762116738596
4837,129,0.0,9.960764065721854
4838,129,0.0,11.196562394859825
4839,129,0.0,12.01285999750937
4840,129,0.0,16.913814380532173
4841,129,0.0,31.212940096658826
4842,129,0.0,37.255737941834234
4843,129,0.0,44.531728680618976
4844,129,0.0,56.13051807177995
4845,129,0.0,45.31546142134281
4846,129,0.0,44.65524260216093
4847,129,0.0,37.11277746692508
4848,129,0.0,31.10850129469553
4849,129,67.36384379542315,26.714283272549718
4850,129,62.315235663461976,24.698365888064213
4851,129,59.64877924847656,23.65229004497605
4852,129,13.325054875561904,22.253129504293884
4853,129,0.0,23.386954716021194
4854,129,0.0,20.27321467222992
4855,129,0.0,22.442844111734257
4856,129,0.0,20.028186721162793
4857,129,0.0,17.056083226779908
4858,129,0.0,13.479640637795853
4859,129,0.0,11.486405647135447
4860,129,0.0,10.382304406708094
4861,129,0.0,9.437963251954193
4862,129,0.0,9.673361863701997
4863,129,0.0,9.270543186064968
4864,129,0.0,13.769603035270695
4865,129,0.0,27.267039347346095
4866,129,0.0,34.429773555199276
4867,129,0.0,42.85943289704858
4868,129,0.0,58.543590540948124
4869,129,0.0,46.80956942549358
4870,129,0.0,47.99155089451126
4871,129,0.0,42.090339334525396
4872,129,9.684231424358813,35.786936151625284
4873,129,76.67998580504687,30.378304067864548
4874,129,69.74119621499142,27.623001385277032
4875,129,65.23952812779399,25.846404483917834
4876,129,64.62344662436337,25.608125017845556
4877,129,0.0,25.229025193722922
4878,129,0.0,21.02395450412537
4879,129,0.0,25.78769175186663
4880,129,0.0,21.82831874755728
4881,129,0.0,19.99532208732355
4882,129,0.0,17.349734297654546
4883,129,0.0,16.02068784850296
4884,129,0.0,16.602579274662453
4885,129,0.0,15.655451903622515
4886,129,0.0,15.19016986900255
4887,129,0.0,15.33511012571019
4888,129,0.0,21.8294220462918
4889,129,0.0,42.87649808886323
4890,129,0.0,49.27046270141638
4891,129,0.0,51.5688768123006
4892,129,0.0,60.5019310460608
4893,129,0.0,45.23950344531853
4894,129,0.0,44.473170549318816
4895,129,0.0,38.86945440619695
4896,129,45.06923394260909,33.81299738108863
4897,129,76.95366834877859,30.48904015008848
4898,129,69.48847982196327,27.5307808201814
4899,129,66.81491562012809,26.476715997936537
4900,129,0.0,25.767317474067966
4901,129,0.0,26.2070768732407
4902,129,47.93347008150661,23.398899473896332
4903,129,0.0,26.499346671489054
4904,129,0.0,23.110302232938064
4905,129,0.0,20.360239457292867
4906,129,0.0,14.941078782146404
4907,129,0.0,12.351822235194318
4908,129,0.0,11.763934928008004
4909,129,0.0,11.648250724242684
4910,129,0.0,11.742739745210555
4911,129,0.0,13.73088056004253
4912,129,0.0,17.16537863904042
4913,129,0.0,30.435885012651223
4914,129,0.0,36.980424899619045
4915,129,0.0,44.59744377791788
4916,129,0.0,57.19619742246514
4917,129,0.0,46.67563249933723
4918,129,0.0,46.65674596924943
4919,129,0.0,41.191642844385925
4920,129,0.0,35.764932509427744
4921,129,52.13896925572925,31.13717382062337
4922,129,71.86972196057084,28.474570516310365
4923,129,65.55374952766257,25.97060898632993
4924,129,64.63475111343797,25.59706170282493
4925,129,0.0,24.53563339472665
4926,129,0.0,20.015495657832208
4927,129,0.0,14.047459680741522
4928,129,0.0,12.86577801177731
4929,129,0.0,12.054709182723117
4930,129,0.0,10.37334038802867
4931,129,0.0,8.698913791837596
4932,129,0.0,9.358870766549893
4933,129,0.0,9.651180269302818
4934,129,0.0,10.437849172727974
4935,129,0.0,9.788244244924037
4936,129,0.0,12.060766253471078
4937,129,0.0,21.49100483607722
4938,129,0.0,28.215739972776266
4939,129,0.0,30.98268574623342
4940,129,0.0,38.203717170232245
4941,129,0.0,44.9203170111896
4942,129,0.0,46.61041378113138
4943,129,0.0,42.93558254513183
4944,129,0.0,36.52062322582283
4945,129,0.0,31.97965258191942
4946,129,0.0,28.659737313493466
4947,129,67.26942842011141,26.648591670474
4948,129,64.03839826331392,25.39993358542653
4949,129,0.0,25.004880990867697
4950,129,30.084265581336922,21.102122007619606
4951,129,0.0,14.34081429340989
4952,129,0.0,14.066279650894593
4953,129,0.0,15.205325441088599
4954,129,0.0,14.157481044905998
4955,129,0.0,14.094046014786736
4956,129,0.0,14.397354847760843
4957,129,0.0,12.33997849955043
4958,129,0.0,10.529293204407969
4959,129,0.0,9.801727560897735
4960,129,0.0,12.331150902030988
4961,129,0.0,21.2063103528098
4962,129,0.0,27.059450795840316
4963,129,0.0,31.360878501783304
4964,129,0.0,41.47350376834707
4965,129,0.0,46.39636383313131
4966,129,0.0,44.88607547194899
4967,129,0.0,38.16911502094693
4968,129,0.0,32.35958687806365
4969,129,0.0,27.501552941229956
4970,129,0.0,24.951178510211474
4971,129,0.0,22.252824272645285
4972,129,4.8528232301663365,22.726514275491862
4973,129,57.61987604641661,22.84257965872367
4974,129,41.64975475239174,20.3590296901253
4975,129,22.311038136567873,23.546373279080115
4976,129,0.0,22.321912934922167
4977,129,0.0,20.028820559234244
4978,129,0.0,16.842726709445092
4979,129,0.0,14.104671915424708
4980,129,0.0,15.235285055022048
4981,129,0.0,13.851872828630464
4982,129,0.0,13.376691568185016
4983,129,0.0,14.31396643423368
4984,129,0.0,20.769473694857165
4985,129,0.0,42.11720247080992
4986,129,0.0,47.95667644644207
4987,129,0.0,54.77571331276572
4988,129,0.0,64.40445978222235
4989,129,0.0,47.1312382174612
4990,129,0.0,45.461656522830715
4991,129,0.0,37.80449190625812
4992,129,20.932208928002183,30.70856030376754
4993,129,68.27708896126694,27.04444512066351
4994,129,61.180442630316634,24.23451547626781
4995,129,56.46631691877957,22.371317314762358
4996,129,56.89361629637091,22.550515443473333
4997,129,0.0,22.7261534196138
4998,129,0.0,20.816203297797255
4999,129,0.0,23.27706941713415
5000,129,0.0,18.164204410666336
5001,129,0.0,15.175060058803457
5002,129,0.0,12.691737393064427
5003,129,0.0,10.927081921749968
5004,129,0.0,10.791943285897133
5005,129,0.0,9.972183385580623
5006,129,0.0,10.329815575249055
5007,129,0.0,11.238161868065445
5008,129,0.0,15.784716608973689
5009,129,0.0,28.43735780733407
5010,129,0.0,38.19816394434451
5011,129,0.0,45.74737924008185
5012,129,0.0,58.2553863556869
5013,129,0.0,44.19829630866897
5014,129,0.0,41.46063303253078
5015,129,0.0,34.36524463983579
5016,129,0.0,29.10988804379596
5017,129,60.77493788038524,24.954677785688585
5018,129,57.15447325629697,22.640608922683402
5019,129,54.70153117302701,21.671162553595003
5020,129,0.0,20.896791218157023
5021,129,0.0,20.392649388470474
5022,129,0.0,18.363522018592914
5023,129,0.0,22.08882733610562
5024,129,0.0,20.625846000713405
5025,129,0.0,18.157672258004972
5026,129,0.0,14.64399074228214
5027,129,0.0,11.347695393183585
5028,129,0.0,11.598371673427023
5029,129,0.0,11.681340083035787
5030,129,0.0,9.942606178479366
5031,129,0.0,9.205701790335905
5032,129,0.0,13.537051321880627
5033,129,0.0,28.17667699904312
5034,129,0.0,36.31448582952673
5035,129,0.0,45.56957517190426
5036,129,0.0,61.146220806473636
5037,129,0.0,48.05624862864133
5038,129,0.0,45.42039437913479
5039,129,0.0,39.81831304178516
5040,129,37.902888368194,34.56017165707464
5041,129,70.53730725914065,27.945502267188026
5042,129,66.84260961250743,26.480076643995496
5043,129,63.12633215692287,25.003500871155243
5044,129,61.28728971919983,24.286979700244807
5045,129,0.0,25.13048906176984
5046,129,0.0,22.216244258264386
5047,129,0.0,29.066449739100367
5048,129,0.0,25.605889776602677
5049,129,0.0,23.20477731804013
5050,129,0.0,18.152813020455078
5051,129,0.0,16.624156404443443
5052,129,0.0,17.13003679906596
5053,129,0.0,14.995559440411999
5054,129,0.0,14.321270440759967
5055,129,0.0,14.914209102771501
5056,129,0.0,20.56797366865585
5057,129,0.0,37.60707773002971
5058,129,0.0,44.15814297825467
5059,129,0.0,50.6155939846629
5060,129,0.0,65.49614387606795
5061,129,0.0,48.12402439916736
5062,129,0.0,45.750170070766096
5063,129,0.0,39.51654196641832
5064,129,70.9762809171508,35.60787965703169
5065,129,78.41839372706261,31.060203783612998
5066,129,67.77575181006767,26.838507012237354
5067,129,64.76003412243969,25.656974476831103
5068,129,62.61900896570083,24.8132868492182
5069,129,0.0,23.888747055150823
5070,129,0.0,23.564433278721573
5071,129,0.0,28.98193108816561
5072,129,0.0,25.469969667224657
5073,129,0.0,22.0022272558114
5074,129,0.0,15.947742260057453
5075,129,0.0,13.697153941534738
5076,129,0.0,12.207849195444737
5077,129,0.0,11.060150672574958
5078,129,0.0,10.716905540487907
5079,129,0.0,12.027477198373624
5080,129,0.0,16.743499520141413
5081,129,0.0,30.877872178780887
5082,129,0.0,37.80584288093935
5083,129,0.0,43.87693503934961
5084,129,0.0,55.4520553257822
5085,129,0.0,43.60733849073329
5086,129,0.0,43.84996809009486
5087,129,0.0,38.77514062533387
5088,129,0.0,33.25798086278268
5089,129,71.18689722140559,28.361570424088786
5090,129,62.223370331540906,24.64917351018436
5091,129,59.611523770801256,23.624591104845898
5092,129,0.0,22.31024675357298
5093,129,0.0,21.81721976796773
5094,129,0.0,19.66815919251845
5095,129,0.0,13.489075791860737
5096,129,0.0,11.694837227121225
5097,129,0.0,11.077236881481893
5098,129,0.0,9.687663727112234
5099,129,0.0,8.971365912913818
5100,129,0.0,10.185819865662506
5101,129,0.0,11.259471246399928
5102,129,0.0,12.707029869219529
5103,129,0.0,11.557613416404203
5104,129,0.0,13.011699375787833
5105,129,0.0,20.891069580004828
5106,129,0.0,24.874267459323743
5107,129,0.0,29.20918731594543
5108,129,0.0,38.14705668920491
5109,129,0.0,43.7137505721378
5110,129,0.0,42.76868776945096
5111,129,0.0,37.666029078264735
5112,129,0.0,33.2490853463067
5113,129,0.0,28.24605926657339
5114,129,0.0,25.233612293690673
5115,129,0.0,23.748816454872742
5116,129,57.973388867637254,24.16280796712124
5117,129,0.0,23.240475974831455
5118,129,40.674473068374795,19.352813897794917
5119,129,0.0,13.412954461896721
5120,129,0.0,12.689899346675672
5121,129,0.0,13.08034795647751
5122,129,0.0,11.674493391653616
5123,129,0.0,10.996097553972028
5124,129,0.0,11.297710099496435
5125,129,0.0,10.249438723000578
5126,129,0.0,9.13068057427899
5127,129,0.0,9.157122190768106
5128,129,0.0,11.470673666766187
5129,129,0.0,19.743239307938996
5130,129,0.0,25.985152499844162
5131,129,0.0,30.0533440348698
5132,129,0.0,39.1322921165474
5133,129,0.0,44.909215686448995
5134,129,0.0,41.42495880895627
5135,129,0.0,34.13223874012191
5136,129,0.0,31.11536819375488
5137,129,0.0,26.824063213273877
5138,129,0.0,23.798259626797652
5139,129,0.0,22.654611982091655
5140,129,0.0,22.66657699425815
5141,129,33.990384086784786,23.392259526803976
5142,129,47.71015349720997,21.636268735922076
5143,129,34.36359858732985,26.352019757174286
5144,129,55.02856915673959,21.74898900011872
5145,129,42.99940483843656,16.994693922838152
5146,129,34.09178261344792,13.474113763503025
5147,129,27.99385557154821,11.064008886286194
5148,129,195.23289999564142,11.511741430064015
5149,129,194.95186531823094,10.716550695751705
5150,129,179.65698508858807,9.850503004161054
5151,129,27.18171740376718,10.743039667476392
5152,129,0.0,16.319129800422356
5153,129,0.0,32.585321235291985
5154,129,0.0,40.223223331321705
5155,129,0.0,49.927040594351794
5156,129,0.0,61.09842378204248
5157,129,0.0,45.48934191993756
5158,129,0.0,44.073471326360135
5159,129,10.802035431797918,39.93897633075612
5160,129,86.95190211173909,34.43032062256781
5161,129,75.17836059230731,29.80283029571318
5162,129,68.18428698842993,27.012807267135322
5163,129,63.751733701685964,25.268681103398638
5164,129,0.0,24.869175146265718
5165,129,0.0,24.307337507641638
5166,129,0.0,22.166946477626208
5167,129,0.0,24.56331107226581
5168,129,0.0,18.25542008299705
5169,129,0.0,15.446645213004691
5170,129,0.0,11.491354691341119
5171,129,0.0,9.415311055591804
5172,129,0.0,9.056894096848039
5173,129,0.0,8.24996461658963
5174,129,0.0,7.510107029431516
5175,129,0.0,7.4920699083763935
5176,129,0.0,12.97924979079865
5177,129,0.0,29.274208321563503
5178,129,0.0,40.22382873937808
5179,129,0.0,50.792314641557354
5180,129,0.0,64.83854897471862
5181,129,0.0,49.27155112958059
5182,129,0.0,47.64423311202644
5183,129,101.11301355236435,40.03246108589092
5184,129,80.37932659353686,31.850831367516
5185,129,66.7692390183916,26.435598420617968
5186,129,61.66215717082224,24.419648705171443
5187,129,1.6423975388377698,23.50042820188922
5188,129,0.0,22.71069012637879
5189,129,0.0,22.87549907694144
5190,129,0.0,22.005468575207008
5191,129,0.0,26.100112120064992
5192,129,0.0,23.400566908455204
5193,129,50.547558023627204,19.977839423916954
5194,129,41.4862193591361,16.396566502554194
5195,129,196.6493760460679,14.138746675574858
5196,129,195.27419877683982,12.246095473420121
5197,129,194.74994902499532,11.640610908509569
5198,129,193.18944461808485,9.31671150170207
5199,129,43.212628551849264,9.613890436742695
5200,129,36.02928897166535,14.239847840247473
5201,129,0.0,29.55512069805403
5202,129,0.0,37.766375678381856
5203,129,0.0,48.1653655030353
5204,129,0.0,67.94386944347335
5205,129,0.0,51.496601541168154
5206,129,0.0,46.93216110808621
5207,129,52.928527292401384,39.79786106933351
5208,129,81.58657367368605,32.32265837108818
5209,129,70.31907774323543,27.864322024926484
5210,129,64.17039218501586,25.436721996870393
5211,129,64.2636355761077,25.46066777019787
5212,129,0.0,24.00104690542855
5213,129,0.0,22.680686961194112
5214,129,0.0,22.09563350240653
5215,129,0.0,26.99755439610292
5216,129,0.0,22.221816077824716
5217,129,49.14371233423154,19.422953020703456
5218,129,39.588801589943046,15.646593943689595
5219,129,96.36658279158183,14.253650768306183
5220,129,197.72896463345546,14.989422463909033
5221,129,30.45398972560065,12.036323553976658
5222,129,29.077459309554854,11.49224164572531
5223,129,0.0,11.30803623667795
5224,129,0.0,15.653933204909553
5225,129,0.0,30.473744023299638
5226,129,0.0,39.11388660972497
5227,129,0.0,46.40283202681561
5228,129,0.0,64.44408269370744
5229,129,0.0,47.46288185320749
5230,129,0.0,46.421202940692424
5231,129,0.0,42.07998187214423
5232,129,89.33362068552242,36.51347449681478
5233,129,79.50864730007012,31.48069515367881
5234,129,70.24391728309354,27.81644170148137
5235,129,64.56138642772302,25.580895081001117
5236,129,60.86187709453128,24.11097471365818
5237,129,0.0,24.80045595396791
5238,129,0.0,24.127025386550194
5239,129,0.0,29.579687723511995
5240,129,0.0,24.341216028049722
5241,129,0.0,20.440842883004144
5242,129,0.0,16.046452758957695
5243,129,35.59830098107142,14.06947620178885
5244,129,33.633236553541224,13.292846707235622
5245,129,29.072285968354095,11.490248179721167
5246,129,26.00159067331731,10.27661250106184
5247,129,0.0,11.205507994932528
5248,129,0.0,15.250676292969638
5249,129,0.0,28.75798684905159
5250,129,0.0,39.74122532644887
5251,129,0.0,49.54358633829155
5252,129,0.0,64.26476535667393
5253,129,0.0,47.096815237384234
5254,129,0.0,45.58829654349686
5255,129,0.0,41.512375131829515
5256,129,89.35639182734079,35.37553969490719
5257,129,79.26933508936784,31.39389388869708
5258,129,69.26981901955287,27.44705858056172
5259,129,64.20014628778148,25.45627853229427
5260,129,10.611134101374375,24.964175870086418
5261,129,0.0,24.672885161563066
5262,129,0.0,23.54193934478294
5263,129,0.0,16.930964181618666
5264,129,0.0,15.335811481142123
5265,129,0.0,13.593999856539067
5266,129,0.0,10.809061285910806
5267,129,0.0,9.373188585045128
5268,129,0.0,9.399021275868805
5269,129,0.0,9.43361468008703
5270,129,0.0,9.365714831698822
5271,129,0.0,9.674001901841574
5272,129,0.0,12.104668842655153
5273,129,0.0,20.252994146703298
5274,129,0.0,25.627506433198423
5275,129,0.0,31.201685747281598
5276,129,0.0,40.62095697229692
5277,129,0.0,43.989686998066574
5278,129,0.0,43.17448321396088
5279,129,0.0,39.43101771897226
5280,129,0.0,34.3364402694971
5281,129,0.0,30.536049133247936
5282,129,0.0,27.248282663048634
5283,129,65.15998801051737,25.822587815196584
5284,129,35.75923991398611,24.572725187332267
5285,129,0.0,24.49895969603782
5286,129,51.896450531025096,22.50233227259863
5287,129,0.0,15.328638941645684
5288,129,0.0,13.848766191111707
5289,129,34.15588101607625,13.499362394444354
5290,129,29.260326321132624,11.564509466376514
5291,129,24.353764188099092,9.625302400808593
5292,129,52.53948955726884,9.670271659033347
5293,129,193.89255599917377,9.28039791763319
5294,129,21.452887394033837,8.478812056320576
5295,129,22.087521686863454,8.729626896455393
5296,129,0.0,11.057885734624097
5297,129,0.0,20.075730476645067
5298,129,0.0,26.937014439212774
5299,129,0.0,34.4900807002821
5300,129,0.0,46.11217822442042
5301,129,0.0,49.75093562611814
5302,129,0.0,45.92904165221592
5303,129,0.0,40.46985987313287
5304,129,71.46755216886547,33.71979657360617
5305,129,0.0,29.839079630021942
5306,129,68.37372960116994,27.105748928323298
5307,129,0.0,25.41866071148171
5308,129,0.0,25.631424544922222
5309,129,0.0,24.98141314873459
5310,129,56.7245148075699,24.18390526556633
5311,129,45.67826901265093,28.476781429508943
5312,129,58.283602873089535,23.035326819979453
5313,129,44.678864889956316,17.658392133304552
5314,129,34.2209397298916,13.52510084404707
5315,129,194.198377506833,11.059888631035784
5316,129,193.9521998177156,10.993978810010022
5317,129,193.3380700693874,9.722755541534813
5318,129,64.67836553910189,9.42910565262374
5319,129,25.37332683947824,10.02822983937533
5320,129,0.0,16.366695823413618
5321,129,0.0,34.83848165804721
5322,129,0.0,47.29461921887324
5323,129,0.0,57.15517524224091
5324,129,0.0,75.52726491938482
5325,129,0.0,53.19450917226441
5326,129,0.0,50.2529693126067
5327,129,104.70759133602314,41.4761337808527
5328,129,89.15574540774074,35.306419106354106
5329,129,78.88980991296535,31.269607308471123
5330,129,72.8676973636162,28.87141707491192
5331,129,68.6723197733734,27.21844111227137
5332,129,52.347437482179515,26.05603749709016
5333,129,0.0,27.000447183416917
5334,129,0.0,25.792769343974683
5335,129,0.0,29.06805235216639
5336,129,0.0,21.049456228032966
5337,129,0.0,15.562510256511345
5338,129,0.0,11.793576657478756
5339,129,0.0,9.941147071195099
5340,129,0.0,9.732125135034149
5341,129,0.0,10.310962677907083
5342,129,0.0,9.755523117058459
5343,129,0.0,9.922887314749309
5344,129,0.0,16.289151668340143
5345,129,0.0,35.4604837195155
5346,129,0.0,48.86540674350397
5347,129,0.0,60.92139737739339
5348,129,0.0,73.17860951383787
5349,129,0.0,50.3734853182017
5350,129,0.0,48.74886217256272
5351,129,65.81224856153867,41.11547969795372
5352,129,85.9653411273662,34.058436677732395
5353,129,70.57574293186164,27.9528939674756
5354,129,63.0577434901447,24.981495204823496
5355,129,61.30616982832393,24.28667541550145
5356,129,59.31311013862128,23.50159430460602
5357,129,0.0,23.707983960816854
5358,129,0.0,22.24819806549018
5359,129,0.0,26.418740380090835
5360,129,0.0,22.708361001615476
5361,129,0.0,20.078200914004423
5362,129,0.0,17.835666062864103
5363,129,0.0,18.1146568720474
5364,129,0.0,18.255143337246054
5365,129,0.0,15.771513057861293
5366,129,0.0,15.550639888744808
5367,129,0.0,14.269511878904476
5368,129,0.0,18.79329856423643
5369,129,0.0,33.55061518820085
5370,129,0.0,39.51276442306728
5371,129,0.0,50.66416026540628
5372,129,0.0,68.84487052918129
5373,129,0.0,48.76667074296465
5374,129,0.0,44.46435560305253
5375,129,49.70214227627068,37.36860109349083
5376,129,77.98708595218073,30.892220748627004
5377,129,66.27821526535982,26.256790110803855
5378,129,62.62985854634451,24.814883759373206
5379,129,60.24890511234915,23.873908591832038
5380,129,0.0,22.394225748710948
5381,129,0.0,21.71656808754586
5382,129,0.0,21.42191574358563
5383,129,0.0,24.351667773417326
5384,129,0.0,19.51247075274857
5385,129,0.0,15.836332386086259
5386,129,0.0,12.35216201076438
5387,129,0.0,10.307732337023767
5388,129,0.0,9.957957912698815
5389,129,0.0,10.049603621411295
5390,129,0.0,9.621318306908947
5391,129,0.0,9.558710394256432
5392,129,0.0,14.336947880828214
5393,129,0.0,29.29913024251304
5394,129,0.0,38.01164103211393
5395,129,0.0,48.35388743165023
5396,129,0.0,66.3620641734018
5397,129,0.0,49.30765197461433
5398,129,0.0,48.21042136500533
5399,129,47.334464160378786,41.49619140539451
5400,129,92.3871504743694,36.58356472008316
5401,129,77.57739265548125,30.71747695467191
5402,129,70.00903143416792,27.72883100278565
5403,129,66.55909136639337,26.36789787361049
5404,129,63.77639868485474,25.26809214541289
5405,129,0.0,25.541855783890323
5406,129,0.0,25.551885685247758
5407,129,0.0,31.55445451909411
5408,129,0.0,26.587213760287497
5409,129,0.0,22.373881011445064
5410,129,0.0,19.059421547994088
5411,129,0.0,16.41109218515587
5412,129,0.0,15.891726250227903
5413,129,0.0,13.638175880249795
5414,129,0.0,11.175951333482057
5415,129,0.0,11.809874397169892
5416,129,0.0,17.831473767238712
5417,129,0.0,34.34665394371919
5418,129,0.0,43.40969478445397
5419,129,0.0,55.45180009759852
5420,129,0.0,69.18704962417068
5421,129,0.0,46.858333120228956
5422,129,0.0,46.285809108394574
5423,129,0.0,41.3475409076413
5424,129,78.83899912571124,35.0175493219331
5425,129,75.88941855146913,30.07352653344193
5426,129,67.72453325571348,26.851701587570698
5427,129,64.88122761365034,25.730535804346665
5428,129,62.51593923744281,24.790641991575534
5429,129,0.0,23.382187815980938
5430,129,0.0,23.67370863664675
5431,129,0.0,20.0754294139893
5432,129,0.0,17.160455847023304
5433,129,0.0,15.762767494352039
5434,129,0.0,12.775142245930473
5435,129,0.0,10.366825597908635
5436,129,0.0,9.484112528616015
5437,129,0.0,10.099162254427716
5438,129,0.0,10.075980456188157
5439,129,0.0,9.742608061170294
5440,129,0.0,10.359327503833374
5441,129,0.0,17.051380764272256
5442,129,0.0,24.403603400938806
5443,129,0.0,31.307299686860453
5444,129,0.0,44.20003562392308
5445,129,0.0,47.513812326406295
5446,129,0.0,44.38880252504099
5447,129,0.0,41.909933337914204
5448,129,0.0,36.59987831561396
5449,129,0.0,32.127184228424824
5450,129,71.40482687075078,28.280336560090046
5451,129,66.34086187334276,26.299563129725886
5452,129,62.31823035176021,24.704542542495503
5453,129,0.0,24.43352758697802
5454,129,6.912873033506628,23.407785547795804
5455,129,0.0,15.940977030277931
5456,129,0.0,13.937923893040407
5457,129,0.0,12.265429147165992
5458,129,0.0,10.23163614389518
5459,129,0.0,8.110774817359603
5460,129,18.83538455890843,7.444274195805542
5461,129,17.529034761999185,6.927968591721534
5462,129,17.682433886353266,6.988583521335592
5463,129,0.0,7.599755819825601
5464,129,0.0,9.754274711171124
5465,129,0.0,17.790000518797573
5466,129,0.0,25.553305768666796
5467,129,0.0,34.24245583602245
5468,129,0.0,45.93495308861293
5469,129,0.0,49.93808587566777
5470,129,0.0,46.64107161988768
5471,129,0.0,39.645061539894975
5472,129,0.0,33.440034767645926
5473,129,62.46600382078782,28.7520234101824
5474,129,65.32931462533043,25.907468766330172
5475,129,0.0,24.025304477863454
5476,129,0.0,23.057370683934945
5477,129,0.0,23.412524375539
5478,129,59.25288704490583,24.28913339889397
5479,129,56.1861776098489,30.08705195277573
5480,129,0.0,23.895780947790186
5481,129,0.0,19.27370488692441
5482,129,0.0,15.482818551066806
5483,129,0.0,12.196935585198403
5484,129,0.0,10.928365623938454
5485,129,0.0,9.42946345647198
5486,129,0.0,9.063090935204489
5487,129,0.0,9.694447550564288
5488,129,0.0,16.298837497514086
5489,129,0.0,35.52128915800353
5490,129,0.0,46.2746441589403
5491,129,0.0,60.40973456017663
5492,129,0.0,79.41021631979402
5493,129,0.0,53.97639883475575
5494,129,28.733101305885356,50.201063722783566
5495,129,110.10173727918726,43.60556849512659
5496,129,91.43742959162537,36.21343571526939
5497,129,79.55599010652747,31.51501092035243
5498,129,75.81876313449598,30.027665345611847
5499,129,70.91311851866777,28.099161257679263
5500,129,65.18346089675475,25.842380342837515
5501,129,0.0,25.503736187746046
5502,129,0.0,26.10384296796616
5503,129,0.0,29.356206488227905
5504,129,0.0,20.652103491458398
5505,129,0.0,15.332372886227391
5506,129,0.0,11.53223006483434
5507,129,0.0,9.211747221524957
5508,129,0.0,8.837683117480385
5509,129,0.0,9.342781503383067
5510,129,0.0,10.296705635115464
5511,129,0.0,11.398593215617534
5512,129,0.0,19.116020061383782
5513,129,0.0,37.46755901810557
5514,129,0.0,50.193170152692744
5515,129,0.0,60.910115299172396
5516,129,0.0,77.01866547792679
5517,129,0.0,52.90940497818269
5518,129,121.99290838252708,48.32823878105888
5519,129,0.0,40.736551687608355
5520,129,83.77897066915807,33.189099255633295
5521,129,73.48322050701483,29.130222664790935
5522,129,67.6035981914076,26.783264243259755
5523,129,61.489328743039806,24.364176599251724
5524,129,55.49344613056206,24.165298696787747
5525,129,0.0,24.0932985733886
5526,129,0.0,24.903743092666783
5527,129,0.0,29.058966760057327
5528,129,0.0,22.193166604731402
5529,129,0.0,17.885112827735423
5530,129,0.0,14.99441567164147
5531,129,0.0,15.403909401982022
5532,129,0.0,17.364763336533194
5533,129,0.0,16.66768987134485
5534,129,0.0,16.03436897411108
5535,129,0.0,14.094708930287025
5536,129,0.0,20.680131677654348
5537,129,0.0,37.541334249565146
5538,129,0.0,46.411180175376906
5539,129,0.0,58.8112730158733
5540,129,0.0,75.26490149478674
5541,129,0.0,52.68024213311502
5542,129,12.367111477345816,47.355978774003034
5543,129,98.7825035678469,39.12929971851654
5544,129,84.47960883375316,33.445396902898246
5545,129,72.16575136252246,28.570989024442834
5546,129,64.17188816453745,25.4192911752152
5547,129,62.01582289296681,24.562015143650598
5548,129,61.510005150111624,24.367265346856954
5549,129,0.0,24.770084231920713
5550,129,0.0,25.550077664225658
5551,129,0.0,31.64895917944542
5552,129,0.0,23.803634567533287
5553,129,0.0,18.151477658275102
5554,129,0.0,13.665703028201946
5555,129,0.0,12.521563270195054
5556,129,0.0,14.701877161031922
5557,129,0.0,13.70932875111855
5558,129,0.0,11.641902643776076
5559,129,0.0,13.15922148659936
5560,129,0.0,19.807263682430808
5561,129,0.0,37.16596432983512
5562,129,0.0,45.76764862197344
5563,129,0.0,58.352786950148044
5564,129,0.0,75.04366883260852
5565,129,0.0,51.17071729801624
5566,129,92.78183482130231,48.13983733441832
5567,129,103.9546247440235,41.15538191277683
5568,129,95.50647236504872,37.816394652423554
5569,129,83.82619203714015,33.18451109237731
5570,129,73.49350574520486,29.105926202365982
5571,129,67.09615991622186,26.580125094930004
5572,129,0.0,25.604392246967535
5573,129,0.0,25.35452745350304
5574,129,0.0,26.53427345290035
5575,129,0.0,35.800894268403106
5576,129,8.531956410429586,32.96528217611867
5577,129,0.0,31.233614272664376
5578,129,0.0,25.72382046714525
5579,129,0.0,25.47742420765404
5580,129,0.0,24.689641965042508
5581,129,0.0,20.658264952756454
5582,129,0.0,18.91877276604742
5583,129,0.0,19.640798291518117
5584,129,0.0,24.5687153804565
5585,129,0.0,44.23733584481824
5586,129,0.0,52.238548763552494
5587,129,0.0,61.96020696411131
5588,129,0.0,73.72532063481313
5589,129,0.0,48.83646054966495
5590,129,0.0,46.97928695489418
5591,129,69.12253143205405,42.600355648628074
5592,129,93.91031829881413,37.20092481871808
5593,129,81.61046962734986,32.32934490700064
5594,129,75.60822888947882,29.951911659458954
5595,129,69.06356931569846,27.37565749847299
5596,129,68.27825668647236,27.05494781529131
5597,129,0.0,25.923157953678757
5598,129,0.0,25.503214856148162
5599,129,0.0,20.629535840918702
5600,129,0.0,16.37993324561592
5601,129,0.0,15.413593430872716
5602,129,0.0,13.82715593138065
5603,129,0.0,12.859611727148543
5604,129,0.0,11.918304520596536
5605,129,0.0,12.519355970031592
5606,129,0.0,11.950779719351782
5607,129,0.0,11.481950134345192
5608,129,0.0,13.0037576078541
5609,129,0.0,22.341503183465843
5610,129,0.0,29.19912035323821
5611,129,0.0,34.57847538335086
5612,129,0.0,43.18871880818617
5613,129,0.0,44.6347650971825
5614,129,0.0,41.765993960187934
5615,129,0.0,37.76406936811698
5616,129,0.0,32.78102677306714
5617,129,0.0,29.27924232480678
5618,129,67.38794354436806,26.713415001378802
5619,129,0.0,24.786395771058984
5620,129,33.07433784819125,23.73756616768427
5621,129,0.0,23.102310284329068
5622,129,54.79874135006568,21.992864003303016
5623,129,1.0400566604040762,15.785980502038225
5624,129,0.0,12.477228185783218
5625,129,0.0,12.210506383602272
5626,129,0.0,10.476159878192185
5627,129,0.0,9.669845821801971
5628,129,0.0,9.90837776822721
5629,129,0.0,9.629371709284138
5630,129,0.0,9.726623859708821
5631,129,0.0,9.6268184223537
5632,129,0.0,12.10384694704688
5633,129,0.0,21.75020667601605
5634,129,0.0,29.32041729033356
5635,129,0.0,38.13109147393472
5636,129,0.0,51.45920624310381
5637,129,0.0,51.78545736136798
5638,129,0.0,47.528414945739854
5639,129,0.0,39.94774226732926
5640,129,0.0,32.978834470066346
5641,129,0.0,28.660887229356245
5642,129,0.0,26.80433081311427
5643,129,43.748060219485296,25.09264003054161
5644,129,62.24284375873523,24.667201132520542
5645,129,63.805732043697105,25.277108055513356
5646,129,70.41744310163267,28.21224185095051
5647,129,73.18976567914959,34.826285686187425
5648,129,0.0,23.0152482509704
5649,129,44.09219056102032,17.426584742927446
5650,129,32.41810963494274,12.812650890080924
5651,129,61.56505837321191,10.572677968986099
5652,129,193.68516180045248,9.516741727910494
5653,129,193.19459060782052,8.752143731726433
5654,129,22.891929266734223,9.04758464621962
5655,129,0.0,9.964130925119854
5656,129,0.0,16.59453142508669
5657,129,0.0,35.95383195344794
5658,129,0.0,45.3947588800099
5659,129,0.0,59.04967577578821
5660,129,0.0,76.87187277103321
5661,129,0.0,51.09600272084062
5662,129,35.24431961863428,46.07029537511127
5663,129,97.35872465448026,38.58221875006293
5664,129,80.01922868987066,31.700777685540473
5665,129,70.71710015428323,28.024403362059253
5666,129,66.37134267129241,26.29645614263727
5667,129,62.68422504076554,24.857181934947356
5668,129,60.17622584089111,23.85819369273768
5669,129,0.0,24.489498084984103
5670,129,0.0,27.0063963863633
5671,129,0.0,35.16957401115185
5672,129,0.0,22.747327041050696
5673,129,0.0,16.56782660128874
5674,129,0.0,12.29722338012497
5675,129,0.0,9.317409398980386
5676,129,0.0,8.616897283612621
5677,129,0.0,8.62049321355866
5678,129,0.0,10.379793304824826
5679,129,0.0,12.06983401663126
5680,129,0.0,20.464163425418405
5681,129,0.0,41.10296291891387
5682,129,0.0,51.69018594944158
5683,129,0.0,63.51046215335138
5684,129,0.0,79.72288072771124
5685,129,0.0,53.106675657988866
5686,129,0.0,48.2759090359181
5687,129,103.58579323379402,41.07182196009093
5688,129,88.5861706030191,35.102221351118786
5689,129,74.71027324512036,29.63086935965494
5690,129,69.4608775907426,27.530379615535534
5691,129,63.60285409313349,25.222827419220906
5692,129,62.05125142536971,24.5967149397986
5693,129,64.13827350002776,25.41378223850469
5694,129,0.0,27.12432394472565
5695,129,31.676392114398766,37.761926699264954
5696,129,1.864354526112777,28.081046293106724
5697,129,0.0,20.825153704931143
5698,129,0.0,15.764083120640981
5699,129,0.0,12.644672334258651
5700,129,0.0,12.122386009953585
5701,129,0.0,11.18310249720195
5702,129,0.0,9.933843075291735
5703,129,0.0,10.295350318876011
5704,129,0.0,17.379343666410602
5705,129,0.0,34.28388052670313
5706,129,0.0,45.71305520245582
5707,129,0.0,60.69328470222539
5708,129,0.0,78.37039017856081
5709,129,0.0,50.47723337008973
5710,129,27.870669196744302,45.492037666197355
5711,129,97.68349001126353,38.713122955494896
5712,129,78.01296575562588,30.91298888584363
5713,129,63.38644461451537,25.11929780123689
5714,129,59.97679546765866,23.781953527260992
5715,129,56.86946492266287,22.553831657465793
5716,129,56.081250707205044,22.23975168178073
5717,129,0.0,21.969602281191534
5718,129,0.0,24.329518116717555
5719,129,0.0,33.41109422697727
5720,129,0.0,23.014192388754637
5721,129,0.0,15.371001928953087
5722,129,0.0,10.354215651104173
5723,129,0.0,8.891441448863988
5724,129,0.0,10.870174454325337
5725,129,0.0,9.963679554303846
5726,129,0.0,8.534572629871887
5727,129,0.0,11.122477513441542
5728,129,0.0,17.922446393003284
5729,129,0.0,37.75455529288106
5730,129,0.0,48.32231425624989
5731,129,0.0,64.07436934494375
5732,129,0.0,81.92191806718404
5733,129,0.0,53.70832576020836
5734,129,121.99960639439311,48.37773887519635
5735,129,101.32762351535618,40.143146636414315
5736,129,87.34372604550344,34.60856394131948
5737,129,72.78942211979711,28.856188258222844
5738,129,65.8067452273201,26.080932175731366
5739,129,62.66947675801404,24.85648576644351
5740,129,59.9974058462216,23.79791165232085
5741,129,13.0725373731444,24.332362917941385
5742,129,0.0,26.62156441359136
5743,129,0.0,40.46528162446525
5744,129,0.0,36.14925243351697
5745,129,0.0,32.890238599530825
5746,129,0.0,30.12584827860749
5747,129,0.0,28.494396528376168
5748,129,0.0,27.099859004874432
5749,129,0.0,23.366292128313955
5750,129,0.0,19.401004906224053
5751,129,0.0,19.129192730496452
5752,129,0.0,24.7770634148577
5753,129,0.0,44.40063160270863
5754,129,0.0,55.11514028930542
5755,129,0.0,69.57973419975119
5756,129,0.0,84.13751125810865
5757,129,0.0,54.20894914301265
5758,129,122.11282669985479,48.3656991175921
5759,129,61.45407701293237,42.68579387157978
5760,129,92.99029602133047,36.82464583166349
5761,129,79.97083399307314,31.6763471798054
5762,129,71.13350401411012,28.170802702974264
5763,129,65.86741468785817,26.11266758254597
5764,129,61.576763846126426,24.398820619033078
5765,129,0.0,24.762051285883288
5766,129,0.0,25.594762272516316
5767,129,0.0,22.10221598612225
5768,129,0.0,18.50113859004669
5769,129,0.0,15.78939401507153
5770,129,0.0,12.948170584970557
5771,129,0.0,11.403799638974137
5772,129,0.0,10.366765939607037
5773,129,0.0,9.548123756735965
5774,129,0.0,9.102368027609861
5775,129,0.0,9.79281471342301
5776,129,0.0,14.16709823405625
5777,129,0.0,25.390584814476853
5778,129,0.0,35.177239925573936
5779,129,0.0,42.192452176967606
5780,129,0.0,49.48835455471685
5781,129,0.0,47.655512852334994
5782,129,0.0,43.9242047486101
5783,129,0.0,37.9083232291877
5784,129,38.51287457192143,33.57737492982046
5785,129,73.43979948249313,29.113304752620216
5786,129,0.0,25.970741789350615
5787,129,57.803823360188744,22.925787409198605
5788,129,55.7953964698612,22.116551478638794
5789,129,0.0,21.94929057676846
5790,129,0.0,22.07094215911897
5791,129,0.0,17.438981105475765
5792,129,0.0,13.893537963094078
5793,129,0.0,13.072139771098355
5794,129,0.0,10.932074343041148
5795,129,0.0,9.317084854902578
5796,129,24.79230013391387,9.79864002452894
5797,129,25.602818439061537,10.118975331850612
5798,129,23.984140889037775,9.479226403304045
5799,129,0.0,9.037692684675008
5800,129,0.0,11.646170402079623
5801,129,0.0,22.141270166029305
5802,129,0.0,31.377131026739196
5803,129,0.0,42.37756709548336
5804,129,0.0,55.36381924848027
5805,129,0.0,52.53347767974432
5806,129,0.0,47.5527579232283
5807,129,0.0,38.83225442904634
5808,129,0.0,32.29835082810796
5809,129,0.0,26.680220860686667
5810,129,13.685063520480156,24.584801705037282
5811,129,59.08858967551467,23.43359937042232
5812,129,57.97100627233931,22.98665916771412
5813,129,58.56170387424342,23.209756107049728
5814,129,62.549789567381,24.883899689777735
5815,129,74.57523253068032,33.71498366893397
5816,129,0.0,23.194555391374003
5817,129,0.0,16.536802178389806
5818,129,0.0,12.079028515767439
5819,129,0.0,9.757485314894
5820,129,193.77355973590227,8.754189206557239
5821,129,56.686708294858335,7.767591314457324
5822,129,21.452405962989474,8.47865687537854
5823,129,0.0,11.113589324330093
5824,129,0.0,21.19372815095097
5825,129,0.0,46.57701879156197
5826,129,0.0,55.10088662159544
5827,129,0.0,66.12890625710095
5828,129,0.0,78.2679950002077
5829,129,3.3844151298545455,50.44588052041356
5830,129,114.00255641784796,45.170531638452594
5831,129,98.77101150187073,39.13516990551791
5832,129,79.11668864096555,31.341417774831708
5833,129,68.01379577705191,26.958299330681598
5834,129,64.40458789642989,25.529241407291735
5835,129,60.244541017510755,23.88762959371514
5836,129,59.804565211049265,23.708530699351844
5837,129,0.0,24.77372622029244
5838,129,0.0,27.051970333763133
5839,129,0.0,39.2018144436124
5840,129,1.166546755328568,26.182104994453045
5841,129,0.0,17.376896765623805
5842,129,0.0,11.933530391572171
5843,129,0.0,9.610652170455982
5844,129,0.0,8.92087965939385
5845,129,0.0,8.454600826994435
5846,129,0.0,8.903862363124688
5847,129,0.0,11.188094575729535
5848,129,0.0,20.359917146119066
5849,129,0.0,45.955736662209425
5850,129,0.0,60.805238375676296
5851,129,0.0,73.70712703510527
5852,129,0.0,86.09339756076669
5853,129,0.0,54.74059772307538
5854,129,126.61297497577095,50.141743930328516
5855,129,105.76597525942333,41.88951729970945
5856,129,86.19828904579663,34.16871023065056
5857,129,72.90069539982014,28.90017500707566
5858,129,67.41313964542783,26.741605362167682
5859,129,62.08109341994117,24.63430877706806
5860,129,60.07360397295258,23.83572627600097
5861,129,60.01988800635161,23.79129180161282
5862,129,0.0,26.893619132789162
5863,129,16.847773968169832,40.578603138168006
5864,129,23.198068151366158,32.57635399802152
5865,129,0.0,24.747703882010793
5866,129,0.0,17.78113089410599
5867,129,0.0,12.775645247421144
5868,129,0.0,10.800810383394191
5869,129,0.0,9.726636520074283
5870,129,0.0,9.075135248710446
5871,129,0.0,10.816535581586454
5872,129,0.0,19.525013435476826
5873,129,0.0,40.757622143114666
5874,129,0.0,52.42610458259521
5875,129,0.0,69.0219295343093
5876,129,0.0,82.08575313565031
5877,129,23.70224732785786,53.72104563299887
5878,129,124.51443336505008,49.33546733965438
5879,129,104.06114989076443,41.223400574570775
5880,129,84.26580194225153,33.38427407026903
5881,129,68.484159015469,27.152139188789306
5882,129,61.85911269896849,24.53885284926371
5883,129,57.762380071789465,22.919684145291168
5884,129,56.664902318321,22.48591517584398
5885,129,0.0,22.929773468912007
5886,129,0.0,25.89483160327953
5887,129,0.0,39.80846853386977
5888,129,17.072897750530558,29.753677076374505
5889,129,0.0,22.105570863926964
5890,129,0.0,15.833296274315137
5891,129,30.718107221218816,12.140755344675663
5892,129,27.65557998600343,10.930330290401187
5893,129,137.33677039431313,9.211695754937914
5894,129,0.0,8.527270674660505
5895,129,0.0,11.048768760899511
5896,129,0.0,18.721937241326657
5897,129,0.0,42.17849493275012
5898,129,0.0,55.06759031054498
5899,129,0.0,74.67093643335366
5900,129,0.0,90.728662181044
5901,129,0.0,58.992175924421836
5902,129,132.2073848301457,52.38624152475804
5903,129,114.59512488778856,45.3996430629992
5904,129,188.28484033492643,38.36059794481647
5905,129,208.70921862844583,32.014337166506834
5906,129,73.23941162889014,29.031646836901466
5907,129,66.68548566794996,26.454223491092332
5908,129,0.0,25.340429096856415
5909,129,0.0,24.38121114077109
5910,129,0.0,26.953123166125305
5911,129,0.0,45.38801935958161
5912,129,0.0,34.76624418660116
5913,129,0.0,28.85495882277316
5914,129,0.0,25.41022749177617
5915,129,0.0,21.804302413022768
5916,129,0.0,20.61088948558516
5917,129,0.0,18.213219215526614
5918,129,0.0,15.189503194727571
5919,129,0.0,16.27614583769216
5920,129,0.0,24.22561721654451
5921,129,0.0,43.32902836542913
5922,129,0.0,58.07041838796123
5923,129,0.0,71.35827098890759
5924,129,0.0,75.11342218427671
5925,129,0.0,45.976664629910694
5926,129,64.77187424768616,43.620839145744355
5927,129,95.69624236475605,37.90449160419617
5928,129,81.84961982681926,32.418976246306016
5929,129,71.78743640227836,28.436991296443324
5930,129,65.01975889845468,25.759581533552687
5931,129,62.11764394494068,24.622905257863717
5932,129,58.23493587116957,23.080662581384523
5933,129,0.0,22.959414368997436
5934,129,0.0,23.73809539281813
5935,129,0.0,23.025683781062032
5936,129,0.0,19.787953319695458
5937,129,0.0,17.979167057402204
5938,129,0.0,14.651671692070273
5939,129,0.0,11.379612596143618
5940,129,0.0,11.112478603295276
5941,129,0.0,9.837027362262203
5942,129,0.0,9.105863792575782
5943,129,0.0,10.19612321663983
5944,129,0.0,13.706738070090534
5945,129,0.0,24.49973600198774
5946,129,0.0,34.76126293650879
5947,129,0.0,43.996274577913994
5948,129,0.0,50.411030421931834
5949,129,0.0,47.13560082600393
5950,129,0.0,45.279831255861474
5951,129,0.0,39.39508951800826
5952,129,17.229956976144933,35.65952007406005
5953,129,79.16210244006194,31.390084614480013
5954,129,72.98491578429633,28.935888840216943
5955,129,69.00112878817666,27.34855312173195
5956,129,66.01052387978257,26.16149952011746
5957,129,0.0,25.744888896875473
5958,129,0.0,24.40713084172165
5959,129,38.07840943850849,22.237505420743382
5960,129,0.0,16.88079825309014
5961,129,0.0,15.245702476576296
5962,129,0.0,11.241068592069308
5963,129,23.03479362019445,9.104033317765753
5964,129,23.511196948749813,9.292313342965837
5965,129,22.279663699276142,8.805559115139147
5966,129,21.573917957233846,8.526618857284646
5967,129,0.0,8.513542228769637
5968,129,0.0,12.336446666382905
5969,129,0.0,25.65153982479041
5970,129,0.0,33.99635440997708
5971,129,0.0,48.19247852224222
5972,129,0.0,56.127873624106485
5973,129,0.0,53.768562105500834
5974,129,0.0,47.417579144392725
5975,129,0.0,41.71286434572934
5976,129,14.23261250126373,34.56955213321996
5977,129,75.93932944429227,30.090607143179717
5978,129,0.0,27.902967172312604
5979,129,64.92381910609168,25.742116767366063
5980,129,64.08992514792189,25.407442356663154
5981,129,64.2453514348773,25.46118404471911
5982,129,70.41792878378317,27.908488914537344
5983,129,110.2802186395806,43.820848901913806
5984,129,78.75886405774324,31.12776424466704
5985,129,54.24062810654107,21.437462310500294
5986,129,53.20024413238045,13.839970334953534
5987,129,194.24537533096142,9.978294577877417
5988,129,193.78579392877526,9.446773192205653
5989,129,192.999180676388,8.457022151058046
5990,129,193.65159050834535,9.397825688464783
5991,129,30.985508336673462,12.246380543025705
5992,129,0.0,24.385210623195086
5993,129,0.0,49.28664666327393
5994,129,0.0,63.316870823345624
5995,129,0.0,77.67399336667994
5996,129,136.01583854291377,83.79708043312567
5997,129,135.71676426168366,53.78349070773565
5998,129,118.86020851400758,47.05949036853748
5999,129,100.24710559230243,39.70565522749187
6000,129,81.58592531489717,32.32249326299916
6001,129,70.92145739981248,28.11022844521435
6002,129,0.0,26.4701542610415
6003,129,62.58199098891737,24.803783887162346
6004,129,0.0,23.65503704575301
6005,129,0.0,23.49969980964168
6006,129,0.0,26.965139831693534
6007,129,0.0,45.002559166553766
6008,129,0.0,30.944870135648312
6009,129,0.0,18.387923965868975
6010,129,0.0,11.857564841008347
6011,129,0.0,9.733203474193143
6012,129,0.0,10.122289480509565
6013,129,0.0,10.775715679499621
6014,129,0.0,11.427729817492844
6015,129,0.0,14.177803370622636
6016,129,0.0,25.058778003112604
6017,129,0.0,53.60816271084501
6018,129,0.0,66.67549054728377
6019,129,0.0,79.58370364886541
6020,129,18.260947553308426,88.15550375149255
6021,129,137.0965929729131,54.313465645519905
6022,129,122.06522098394856,48.331367974434826
6023,129,104.53922076491651,41.39431794022455
6024,129,86.17302929240722,34.14055351543079
6025,129,73.30289751393337,29.038508468718096
6026,129,64.23580743507173,25.475637522024897
6027,129,60.09604865413465,23.829101709403048
6028,129,57.94976011417319,22.9807782739712
6029,129,0.0,23.151116587979477
6030,129,0.0,27.20009000000016
6031,129,0.0,46.192497175090075
6032,129,50.4076438953831,38.8655556414946
6033,129,0.0,31.25486904482652
6034,129,0.0,22.545362021140633
6035,129,0.0,18.068366720103743
6036,129,0.0,16.518972381924936
6037,129,0.0,14.909846278818163
6038,129,0.0,14.429837663046026
6039,129,0.0,16.769289938177437
6040,129,0.0,26.56341582378024
6041,129,0.0,51.07797586578583
6042,129,0.0,59.656184444331544
6043,129,0.0,76.3488670503587
6044,129,0.0,84.88305912025587
6045,129,133.48238075680285,52.851235828287244
6046,129,118.61861319830425,46.97155220231888
6047,129,100.33269021881353,39.73162880980709
6048,129,81.72722470139959,32.36538288147581
6049,129,70.47368301424228,27.92540780610262
6050,129,65.24293369718492,25.870930410165986
6051,129,62.520066735796576,24.77412483411942
6052,129,57.59355789622589,22.83999948833996
6053,129,0.0,22.331405868853633
6054,129,0.0,24.934995165730538
6055,129,0.0,43.25699108371969
6056,129,2.71440911157228,32.21440703916228
6057,129,0.0,23.57839286191104
6058,129,0.0,17.228599571286665
6059,129,0.0,14.697814262367322
6060,129,0.0,13.805586585286262
6061,129,0.0,11.308837155566863
6062,129,0.0,10.24785814406614
6063,129,0.0,13.167373682353753
6064,129,0.0,21.593205597711123
6065,129,0.0,46.39981209936951
6066,129,0.0,61.32514381184431
6067,129,0.0,77.11167126223276
6068,129,0.0,82.14217397283794
6069,129,107.3106419419041,50.45207118029229
6070,129,120.13023759548247,47.59497304776321
6071,129,99.6363773822111,39.47461537249307
6072,129,84.32865481291074,33.40385246976375
6073,129,74.0911544233569,29.3526182850839
6074,129,67.65498338381093,26.819174673047698
6075,129,62.32883423715663,24.698695120306272
6076,129,59.48477137008368,23.59532090730579
6077,129,0.0,23.592594025201773
6078,129,0.0,25.788715308512938
6079,129,0.0,42.5520406450149
6080,129,32.451091481490835,29.715528950885957
6081,129,0.0,21.545970183889104
6082,129,0.0,17.009841524950275
6083,129,42.875004519707716,16.94545635813882
6084,129,45.21139123279383,17.86883868868508
6085,129,42.938666268049985,16.970610408992798
6086,129,41.351061505196185,16.343163247031256
6087,129,0.0,17.654425008233627
6088,129,0.0,25.63602873886917
6089,129,0.0,46.6849148180863
6090,129,0.0,60.59185418360185
6091,129,0.0,75.32602549211775
6092,129,0.0,80.8213090543937
6093,129,0.0,50.0127639531546
6094,129,0.0,46.896183986629154
6095,129,103.71400794795704,41.070527383864906
6096,129,87.94102956736083,34.84434793725706
6097,129,116.52893384929541,29.482999153989997
6098,129,207.32936360329646,27.34778659341989
6099,129,62.78028153108295,24.871809428809954
6100,129,64.88268010273401,25.702693151835778
6101,129,0.0,25.496751769664083
6102,129,0.0,26.464974810890716
6103,129,0.0,26.088561205237063
6104,129,0.0,22.115823231612026
6105,129,47.20601921509626,18.65713753659296
6106,129,35.73508161150585,14.123528732729017
6107,129,30.609147529592207,12.097612779223816
6108,129,195.832908257362,12.474649561033067
6109,129,38.367257347285744,10.490593693848579
6110,129,25.244245459496994,9.977245037784366
6111,129,26.197764318791172,10.354110095859042
6112,129,0.0,14.85336030647437
6113,129,0.0,27.15635095249189
6114,129,0.0,37.2585926052664
6115,129,0.0,47.62108707496492
6116,129,0.0,51.10416474099018
6117,129,0.0,49.567052416383
6118,129,0.0,44.36571400429274
6119,129,0.0,39.645584285349784
6120,129,88.00708587637018,34.86790128821752
6121,129,41.53027509379115,30.400293057633213
6122,129,67.2770669854934,26.664434829264863
6123,129,61.722154955106134,24.46649533979419
6124,129,60.698579989992396,24.06711690111226
6125,129,0.0,24.566115530682474
6126,129,0.0,25.068384802615288
6127,129,56.803986169040144,26.433333176657147
6128,129,0.0,21.970491507129815
6129,129,0.0,20.496997166522114
6130,129,0.0,17.718602378193268
6131,129,0.0,15.937647938374301
6132,129,37.96447580799267,15.004600697487204
6133,129,36.466656465343306,14.41264774389893
6134,129,33.97067567706458,13.426168957306666
6135,129,0.0,15.362506223024438
6136,129,0.0,19.542062391446663
6137,129,0.0,34.87368422879869
6138,129,0.0,45.79706040427925
6139,129,0.0,55.53959907432461
6140,129,0.0,60.47895714699522
6141,129,0.0,57.183573070092095
6142,129,126.78135177491967,50.26504313753989
6143,129,104.1279367146899,41.28843330709625
6144,129,89.20886635070957,35.363564904724086
6145,129,75.64237896979265,29.970848727245105
6146,129,66.39015278095783,26.314074973097295
6147,129,13.370215357568327,25.486850117478337
6148,129,63.81488399733115,25.29621786632935
6149,129,0.0,25.277039076735605
6150,129,0.0,28.963480686262436
6151,129,0.0,48.85701248754737
6152,129,47.14866078441915,34.56597951457645
6153,129,0.0,23.75417010603122
6154,129,0.0,17.15600369325592
6155,129,0.0,12.713627159556353
6156,129,0.0,13.054325792810829
6157,129,29.15926813858505,11.524544676190699
6158,129,0.0,10.949684617766808
6159,129,0.0,12.729127753178224
6160,129,0.0,25.44058891748948
6161,129,0.0,50.53434060171713
6162,129,0.0,63.25107747674487
6163,129,0.0,77.66277937064095
6164,129,0.0,79.45024777055845
6165,129,0.0,48.59594357220012
6166,129,114.40529530719701,45.33725663257405
6167,129,95.25253347586116,37.7392138668665
6168,129,76.71046491407552,30.400607642230717
6169,129,67.95585039878915,26.85808261432373
6170,129,63.51574842235763,25.103280761410144
6171,129,56.75764223121149,22.432315643926586
6172,129,54.07434287718971,21.371833023836967
6173,129,53.52278095932661,21.2104958369537
6174,129,0.0,24.426471437352443
6175,129,108.64448348775113,44.51363709512483
6176,129,38.59390644143801,31.584291099805185
6177,129,50.375642753721195,19.909976541169016
6178,129,34.82671021628647,13.764609112436768
6179,129,195.12310517402653,11.817538209250047
6180,129,196.18175525076254,12.986015309106953
6181,129,196.72542486013,13.782246064897683
6182,129,196.8501216777483,14.476493613098434
6183,129,82.0491823380145,16.162060707556826
6184,129,0.0,27.671499387214247
6185,129,0.0,58.46517950643235
6186,129,0.0,75.51179958915023
6187,129,0.0,86.26821317611655
6188,129,212.63566393265165,84.15572090767377
6189,129,128.11547894040842,50.82580941596984
6190,129,117.26713471174222,46.484225187104734
6191,129,97.43058543998018,38.50764051608641
6192,129,81.61875236592309,32.25821222183852
6193,129,69.83450511803468,27.600631896614278
6194,129,59.023866356621824,23.327910922841056
6195,129,56.6468230610937,22.388515472729903
6196,129,55.610452323062276,21.97886722752486
6197,129,55.07857516848347,21.863995281003113
6198,129,63.64427709535647,25.267509219630565
6199,129,114.64769970836386,46.8786623225654
6200,129,53.33681173456384,36.12051249107137
6201,129,72.14388248140224,28.513452744473316
6202,129,55.9658459191823,22.119372331761326
6203,129,176.05707707245344,17.116510472020742
6204,129,42.23728146364891,16.693481145449105
6205,129,38.70125022901405,15.295918075319983
6206,129,37.272275987628944,14.73114885959569
6207,129,40.646074446506475,16.06457300600157
6208,129,0.0,25.184944351976934
6209,129,0.0,50.55582064018041
6210,129,0.0,62.799551048971324
6211,129,0.0,78.79875495136233
6212,129,0.0,80.20598335978202
6213,129,123.5566235570964,48.93382430838262
6214,129,113.04319850184186,44.786170167835465
6215,129,97.90443153647388,38.7822873405587
6216,129,79.82253421058161,31.620322349637483
6217,129,70.27366609242591,27.841251414022903
6218,129,61.322231596872,24.311148106670696
6219,129,56.916757822225605,22.549384159863724
6220,129,55.305071688529495,21.927853445039453
6221,129,52.550883665045234,23.543296754363265
6222,129,0.0,26.38522633481488
6223,129,0.0,45.93237954289682
6224,129,0.0,30.576760510276234
6225,129,0.0,23.93146499022546
6226,129,0.0,17.508448796042845
6227,129,0.0,14.95477195011635
6228,129,0.0,15.750913987995055
6229,129,0.0,13.664888673804178
6230,129,0.0,13.803753064339435
6231,129,0.0,16.645605609908618
6232,129,0.0,26.22852466749433
6233,129,0.0,53.888590684691984
6234,129,0.0,66.66971683734675
6235,129,0.0,82.60281567369178
6236,129,0.0,83.57968431086455
6237,129,0.0,51.48521387761992
6238,129,114.24615582567554,45.31298726796097
6239,129,99.54653977265338,39.46204745578552
6240,129,83.98268664199549,33.261830543197746
6241,129,173.7666171888037,28.954998874722055
6242,129,206.7256150375485,25.379115596001306
6243,129,61.51649219692956,24.37228467073238
6244,129,58.0138060669384,23.016225002429675
6245,129,0.0,22.915643928717444
6246,129,0.0,26.823105902166695
6247,129,0.0,46.76913243019441
6248,129,0.0,33.295600253182315
6249,129,0.0,24.448227963928183
6250,129,0.0,16.704545752158623
6251,129,0.0,14.105643003163188
6252,129,0.0,14.640719307966743
6253,129,0.0,13.947146818747328
6254,129,0.0,15.840935143146515
6255,129,0.0,18.105194449407662
6256,129,0.0,28.039032893876215
6257,129,0.0,52.77670431080535
6258,129,0.0,65.9176905618791
6259,129,0.0,79.52931810304861
6260,129,0.0,81.03709517050895
6261,129,91.38856286638841,49.27059133669129
6262,129,109.57283457137024,43.43799657869242
6263,129,92.98219896022886,36.87822605413742
6264,129,81.1578869017282,32.1765487895934
6265,129,71.85015276851914,28.48493116922736
6266,129,65.05039589582395,25.78719359180306
6267,129,61.06957150479886,24.21903740838578
6268,129,58.367711403310096,23.15124729461464
6269,129,0.0,22.46447754096583
6270,129,0.0,23.502777248755915
6271,129,0.0,26.10355987334622
6272,129,0.0,22.54501582267872
6273,129,0.0,18.75379174083825
6274,129,0.0,14.929522871356836
6275,129,0.0,13.873383743832626
6276,129,0.0,13.469169784966361
6277,129,0.0,12.434804059726908
6278,129,0.0,12.003333679769499
6279,129,0.0,14.024966000117539
6280,129,0.0,18.802501193132098
6281,129,0.0,34.85823736024105
6282,129,0.0,45.56343639405862
6283,129,0.0,54.672520932157624
6284,129,0.0,53.43638350992128
6285,129,0.0,48.79042166927797
6286,129,0.0,44.627901526289165
6287,129,45.46543374659251,37.78784444290358
6288,129,83.00658042059084,32.88135500917307
6289,129,73.35023049610001,29.08287573896488
6290,129,66.67605143636024,26.419268715185133
6291,129,62.070015157164704,24.616822492699676
6292,129,0.0,23.20345669364475
6293,129,0.0,22.192434353654445
6294,129,0.0,22.64676363204006
6295,129,53.22839831428183,22.84338097194609
6296,129,0.0,19.98179228048128
6297,129,0.0,17.78060531635566
6298,129,0.0,15.017506369102753
6299,129,32.48608952555898,12.839450864717529
6300,129,33.183967622065325,13.115261990756458
6301,129,32.28176085018575,12.758662016015842
6302,129,0.0,13.138727830886012
6303,129,0.0,15.065978813421172
6304,129,0.0,20.35198983690297
6305,129,0.0,35.677921159671314
6306,129,0.0,46.59812909909522
6307,129,0.0,54.244952254914494
6308,129,0.0,52.15912168384787
6309,129,0.0,47.46855437117176
6310,129,0.0,43.77978904178302
6311,129,88.63057047538447,35.1710761686929
6312,129,71.72349608059037,28.452820492806527
6313,129,60.219149883668166,23.880202590796987
6314,129,57.37054726134616,22.762117488957262
6315,129,56.19042818136677,22.28020225213325
6316,129,54.18296437193959,21.491988804264583
6317,129,56.15790455011194,22.269984880450217
6318,129,66.54549699853618,26.44497321389442
6319,129,124.36618657157439,49.907916496629994
6320,129,71.29570898964488,40.11632170765323
6321,129,68.10576286165926,26.917295392558966
6322,129,50.74340441744951,20.055253182931544
6323,129,41.96087097421852,16.584144566972984
6324,129,0.0,17.543031838310043
6325,129,0.0,16.983335778018443
6326,129,0.0,15.416790579882303
6327,129,0.0,16.96883464900178
6328,129,0.0,30.60281316586591
6329,129,0.0,61.48641185918617
6330,129,0.0,77.12757861444122
6331,129,0.0,88.1459075344574
6332,129,144.60788769989108,87.46785787337174
6333,129,126.85200802597763,50.259236411937124
6334,129,119.52892536442405,47.37530140539676
6335,129,100.27794622069663,39.720342029669
6336,129,79.68960877905928,31.570411432861032
6337,129,66.4349487244138,26.326568570770217
6338,129,61.51895884248049,24.381118358124716
6339,129,57.57378496931764,22.809061987190272
6340,129,55.39880361543226,21.957166852905484
6341,129,0.0,22.26879750648995
6342,129,0.0,26.327535148903433
6343,129,0.0,50.8640170064899
6344,129,65.40606388300318,38.00518564651649
6345,129,0.0,26.050835595923193
6346,129,0.0,20.103478487663203
6347,129,0.0,18.532864873223158
6348,129,0.0,17.405381462882062
6349,129,0.0,16.794027435463853
6350,129,0.0,15.440193193858212
6351,129,0.0,18.688417396229973
6352,129,0.0,31.409890181828764
6353,129,16.298287320125837,63.92989333505325
6354,129,0.0,78.01836283853547
6355,129,0.0,87.11829978357555
6356,129,225.53461250163664,89.18412683660596
6357,129,134.789906827546,53.42249980579832
6358,129,124.10106663577736,49.187649501513135
6359,129,101.94420089234768,40.39181949024305
6360,129,81.0935760975724,32.13823083639766
6361,129,70.62669420393775,27.988472835397133
6362,129,64.61038261474883,25.620977563035503
6363,129,59.06835945596356,23.42031337703132
6364,129,57.27595899808691,22.714429325811384
6365,129,0.0,23.00089185485365
6366,129,0.0,27.91267053422597
6367,129,0.0,50.805446945614015
6368,129,0.0,39.730646796247974
6369,129,0.0,29.486360936512828
6370,129,0.0,21.166125756991143
6371,129,0.0,16.187043435134353
6372,129,0.0,15.54020197953021
6373,129,0.0,14.076316006243626
6374,129,0.0,12.394868984063477
6375,129,0.0,14.912806110082194
6376,129,0.0,26.566407271622243
6377,129,0.0,54.851057663553874
6378,129,0.0,67.19470493771006
6379,129,0.0,76.36860864453347
6380,129,79.26777703037402,79.11417331681247
6381,129,120.76012089876542,47.880070523689106
6382,129,107.94644549209309,42.782125485890106
6383,129,92.92423222712998,36.82687078020978
6384,129,78.05141015215611,30.925517488041965
6385,129,68.4519196171145,27.128876082759724
6386,129,60.726059340844074,24.065131855398686
6387,129,57.193385257715335,22.658512210951514
6388,129,57.87751496925253,22.941733927627425
6389,129,59.82242973813001,23.70783043691241
6390,129,0.0,27.633998859626836
6391,129,0.0,50.086246385635555
6392,129,0.0,37.86226646524844
6393,129,0.0,27.201277033890282
6394,129,0.0,19.972136331958357
6395,129,0.0,16.025556310460313
6396,129,0.0,15.079602834677178
6397,129,35.44724319174719,14.009725516254672
6398,129,0.0,14.040564533035866
6399,129,0.0,17.280127973445275
6400,129,0.0,30.198166355674413
6401,129,0.0,62.73333904627701
6402,129,0.0,75.31688421207218
6403,129,0.0,89.10242033484427
6404,129,220.12306989084252,87.06023134716665
6405,129,132.83743020243932,52.63732277121794
6406,129,118.35316810427088,46.92048778494107
6407,129,100.00266962501314,39.64201068291257
6408,129,82.97148022537826,32.869640278306484
6409,129,74.90478948365009,29.668708912196855
6410,129,64.77174563062604,25.658760806626706
6411,129,61.78003835598744,24.481553023802128
6412,129,57.5486787913313,22.811798067893324
6413,129,14.970924225348625,22.64650511322678
6414,129,0.0,25.550879763584707
6415,129,0.0,49.041897722733836
6416,129,0.0,36.75324885635875
6417,129,0.0,26.534695103104507
6418,129,0.0,17.39893464719211
6419,129,36.69148576447867,14.501546866521556
6420,129,0.0,15.304657873919874
6421,129,0.0,16.3909835701942
6422,129,0.0,19.434700577948192
6423,129,0.0,25.016626612455802
6424,129,0.0,37.30803717102409
6425,129,0.0,67.6783769389224
6426,129,0.0,82.56346914727125
6427,129,1.1122180641223167,92.2566172459806
6428,129,119.64731592291855,87.56515258851883
6429,129,133.10273872874845,52.7761026629629
6430,129,114.97229586549196,45.58476159328714
6431,129,100.24981980105707,39.7634576413163
6432,129,83.32261478579284,33.019203924414434
6433,129,73.27821581143112,29.057076972063335
6434,129,67.07307772770932,26.594267325650087
6435,129,61.37893384000037,24.346435300549146
6436,129,60.78419078760788,24.11389686109651
6437,129,62.95254148230356,24.96055341293796
6438,129,0.0,26.253375534647805
6439,129,0.0,31.67879733794088
6440,129,0.0,29.688025816126952
6441,129,0.0,24.66099870517554
6442,129,0.0,20.35041808635825
6443,129,0.0,17.138459049948327
6444,129,0.0,15.26736712466248
6445,129,0.0,14.255875439524532
6446,129,0.0,13.523975071848783
6447,129,0.0,16.636937678255755
6448,129,0.0,20.978026696187772
6449,129,0.0,36.24762902950367
6450,129,0.0,47.26125573379701
6451,129,0.0,54.61375889937499
6452,129,0.0,51.28236192285837
6453,129,0.0,45.766520100923806
6454,129,0.0,42.025859800924
6455,129,92.82261026743654,36.77627130319204
6456,129,81.10653548764546,32.13023384775943
6457,129,70.00244252163768,27.744201904662056
6458,129,63.49304692845337,25.168887861327207
6459,129,60.81568399278936,24.11593827310666
6460,129,61.23192312311687,24.272672528550622
6461,129,13.700609772339334,23.66029488596974
6462,129,0.0,25.425725986196948
6463,129,0.0,28.15833622521804
6464,129,0.0,25.129871987252734
6465,129,0.0,22.109027092923345
6466,129,0.0,15.8923287523219
6467,129,0.0,12.98299777826765
6468,129,0.0,12.808971669300666
6469,129,0.0,12.680392533928774
6470,129,0.0,13.328622981062066
6471,129,0.0,14.886816529010629
6472,129,0.0,19.268641315978066
6473,129,0.0,35.85371858092218
6474,129,0.0,51.45784622033641
6475,129,0.0,63.27379914244115
6476,129,0.0,61.705791020100364
6477,129,0.0,53.926244319455016
6478,129,34.768758105542474,46.86821303035787
6479,129,96.19396687273607,38.10862954812062
6480,129,78.45986730593069,31.10998108817567
6481,129,71.77905557279374,28.435934696602487
6482,129,66.068313698743,26.199590451569076
6483,129,61.575103124202,24.41351959645939
6484,129,63.63166079846394,25.226322896329208
6485,129,0.0,25.746512198654028
6486,129,0.0,30.15831637859987
6487,129,145.6002103936065,57.80311592549564
6488,129,100.45511309701638,47.341382627297094
6489,129,0.0,33.24790805367564
6490,129,0.0,25.063920134402778
6491,129,0.0,21.494091291372275
6492,129,0.0,21.55091465189891
6493,129,0.0,20.73954275254448
6494,129,0.0,20.970086139925193
6495,129,0.0,22.343714675569835
6496,129,0.0,36.21223633648586
6497,129,0.0,67.94554770116405
6498,129,0.0,85.87947743052001
6499,129,4.895072469128792,93.17432266056487
6500,129,218.82433197737683,86.5551059658535
6501,129,131.70067758050408,52.17801479251638
6502,129,115.87365318023046,45.90724946154777
6503,129,97.21599690728411,38.50231654344275
6504,129,79.57121634231257,31.52341644608043
6505,129,70.8620012062191,28.083903209038972
6506,129,64.68142892055084,25.633440866356878
6507,129,61.85376021245759,24.528786183649288
6508,129,59.20869603220069,23.475702909453275
6509,129,59.76968690366746,23.692226764805582
6510,129,0.0,29.143310696817508
6511,129,0.0,56.471351341598336
6512,129,90.95778673295385,48.88290104429299
6513,129,7.851225523594962,36.377645725224255
6514,129,0.0,27.2634910057764
6515,129,0.0,24.174135002281812
6516,129,0.0,23.597185612033616
6517,129,0.0,19.99425428219098
6518,129,0.0,17.825409441700415
6519,129,0.0,21.926586963032943
6520,129,0.0,38.55052269656814
6521,129,0.0,72.13008102779887
6522,129,0.0,94.12226520929471
6523,129,27.484378380275842,101.8913323624021
6524,129,240.96101647000978,95.30210503342634
6525,129,139.93156368804094,55.41081376460974
6526,129,126.97735189598802,50.303778661460335
6527,129,102.47229984550899,40.62891906482854
6528,129,87.42086411016814,34.6362594135005
6529,129,74.43620985905497,29.501754293272537
6530,129,203.66492182620277,26.295109217131422
6531,129,62.622681943263814,24.809575406083734
6532,129,59.611791358971544,23.624686221793404
6533,129,58.8544860611151,23.325388358251256
6534,129,0.0,28.145271088958054
6535,129,0.0,58.03858841879073
6536,129,4.064090626602734,49.609035575947395
6537,129,12.762493781277584,35.76578556781247
6538,129,0.0,27.054339593546146
6539,129,0.0,22.937189011526435
6540,129,0.0,23.068375309223725
6541,129,0.0,20.494554058864466
6542,129,0.0,20.59289977639698
6543,129,0.0,23.424448317129052
6544,129,0.0,38.070578603820834
6545,129,0.0,70.81637229226706
6546,129,0.0,85.66773794127535
6547,129,1.7196836702879637,91.71608938318863
6548,129,223.41419754583214,88.36666401033052
6549,129,138.0132885325125,54.69617382717874
6550,129,121.46349560205749,48.13470549691884
6551,129,104.61519030067379,41.45511625217679
6552,129,85.96331183372641,34.047288481687815
6553,129,70.69359416508902,28.014890233032887
6554,129,61.51718073364165,24.38809017738267
6555,129,59.45953680505767,23.572296416582226
6556,129,58.04847237872934,23.017214248852195
6557,129,55.2114457029802,24.205236986208078
6558,129,0.0,28.098190660543988
6559,129,0.0,53.175813679254624
6560,129,86.89626503728931,40.80012470331454
6561,129,0.0,25.93172548598376
6562,129,0.0,16.741269078609548
6563,129,0.0,14.736939550152425
6564,129,0.0,13.912651519472567
6565,129,0.0,11.860207813238832
6566,129,0.0,11.451955558671713
6567,129,0.0,13.504381245304328
6568,129,0.0,25.3263985632105
6569,129,0.0,56.189084376568495
6570,129,0.0,77.4100404369362
6571,129,2.8842292873321185,91.98339480293812
6572,129,212.97042490152407,84.2962331341249
6573,129,124.2153114757727,49.2329162240107
6574,129,109.86880058928605,43.547287385230476
6575,129,92.70366794869389,36.74500741781867
6576,129,79.19863306426933,31.381642563816758
6577,129,67.87178493947721,26.904940275505755
6578,129,58.89670885164122,23.347409643853634
6579,129,57.675207002528595,22.882659162127116
6580,129,54.087418219051386,21.44658568133071
6581,129,3.0031631983433726,22.767358998728593
6582,129,0.0,27.2606645857581
6583,129,0.0,54.33325838705116
6584,129,106.99316570349282,47.74857152068226
6585,129,16.3136180672403,33.253416969700275
6586,129,0.0,21.791417660647188
6587,129,0.0,17.353064892905422
6588,129,0.0,18.498726377265605
6589,129,0.0,18.618859554580762
6590,129,0.0,19.689762119242385
6591,129,0.0,23.425681237729425
6592,129,0.0,33.168636494507595
6593,129,0.0,60.559811863531515
6594,129,0.0,81.62512333998797
6595,129,0.0,90.20496865352331
6596,129,221.9972380742128,87.8041710551146
6597,129,71.93581321299192,50.995563372932274
6598,129,116.94411979565089,46.41565338060704
6599,129,101.82263186919371,40.338709984728226
6600,129,85.87021474322398,34.020892567882214
6601,129,73.20280589485151,29.01946573864257
6602,129,64.73176270378289,25.658626785342136
6603,129,61.318031583908805,24.322293469404123
6604,129,61.181272888934046,24.255372563912566
6605,129,60.067280088912156,23.815049053667938
6606,129,0.0,24.96919727807847
6607,129,0.0,30.514716107708555
6608,129,0.0,30.75398500893084
6609,129,0.0,23.510898434369086
6610,129,0.0,18.0515821411932
6611,129,0.0,13.924900429917164
6612,129,0.0,13.591534185529856
6613,129,0.0,12.633217441189482
6614,129,0.0,12.263857497846622
6615,129,0.0,14.081225356901413
6616,129,0.0,19.402820636307883
6617,129,0.0,36.79245455668562
6618,129,0.0,51.805095835497696
6619,129,0.0,58.047194593830646
6620,129,0.0,50.87704607075943
6621,129,114.40637812316012,45.337813762566476
6622,129,106.97650149185733,42.41935350166819
6623,129,92.12016729701489,36.40862253614128
6624,129,84.05004555839213,33.219020365395856
6625,129,70.77243016113854,27.971329397837433
6626,129,126.9534928219258,25.39076188237383
6627,129,60.47293777874785,23.900663834379074
6628,129,59.344557580686796,23.454742627124936
6629,129,60.48828615668356,23.906748048913467
6630,129,63.8387807435592,25.230992228400037
6631,129,76.41517811054399,30.201557743532426
6632,129,46.227494692651305,29.995045894218503
6633,129,0.0,25.026168333684573
6634,129,45.820860030410415,18.10982085339546
6635,129,36.1817216195206,14.300150338832303
6636,129,34.446938548359896,13.614504652501026
6637,129,31.99161675262374,12.644094828042174
6638,129,195.8141614953206,11.781701788044721
6639,129,32.3824752144688,12.79855099250323
6640,129,44.185929782340594,17.463610801096333
6641,129,0.0,35.56748002085467
6642,129,87.15129777590747,55.10381497750123
6643,129,159.00982346531123,63.52287851517925
6644,129,147.02325172650887,58.107704421850215
6645,129,133.89429675754627,52.91880020244254
6646,129,114.29922871747067,45.1742565314384
6647,129,89.28100990365095,35.28634011825594
6648,129,72.05782675933037,28.479279019301543
6649,129,61.9775140892358,24.495263424820077
6650,129,55.69884587538709,22.013737653239094
6651,129,202.51655933984125,21.625627367397644
6652,129,55.566596464871054,21.9614517899464
6653,129,59.837507191382144,23.649417539262313
6654,129,72.2368870721617,28.550002308256783
6655,129,144.8070518997362,57.23180039809434
6656,129,126.66719564964879,50.06249896646317
6657,129,87.73141938664608,34.673975507620014
6658,129,57.15069835317976,22.587679947846237
6659,129,46.965666179406895,18.562281592535182
6660,129,49.79814944137573,19.68173703304547
6661,129,42.24730946434718,16.69743439949496
6662,129,46.29508368540414,18.297240012448096
6663,129,55.78940406141797,22.049640549394848
6664,129,0.0,38.03863330478331
6665,129,101.54923565102081,70.95245314393702
6666,129,195.63948925333463,85.03368406178365
6667,129,0.0,89.60016456524572
6668,129,131.358121670047,86.47915255831093
6669,129,124.18993508569187,49.217768883528024
6670,129,107.71759531357006,42.67898998667961
6671,129,86.92982566813257,34.43727432549288
6672,129,74.8474056861248,29.664399426272357
6673,129,65.40976431161738,25.926639946666594
6674,129,60.8822914916054,24.14239370260575
6675,129,57.3217162695272,22.74795407572874
6676,129,54.74928131080503,21.713202924088176
6677,129,0.0,21.68136736310824
6678,129,0.0,26.362660549930485
6679,129,0.0,54.13362785249341
6680,129,0.0,50.596960930414866
6681,129,0.0,34.48715740367197
6682,129,0.0,25.024926398929427
6683,129,0.0,19.884926362460643
6684,129,0.0,18.174754731722835
6685,129,0.0,15.817014672917809
6686,129,0.0,15.64335504727761
6687,129,0.0,17.764126251875897
6688,129,0.0,30.588239608031508
6689,129,0.0,62.357074054181325
6690,129,0.0,85.49726963100544
6691,129,203.7524847325365,95.67316026062079
6692,129,234.79850619859732,92.87618978363932
6693,129,132.8255475604898,52.63041782550215
6694,129,118.18309612188571,46.835664814269556
6695,129,95.72548237009926,37.95466056330236
6696,129,79.49001217104268,31.504406417554588
6697,129,67.93551460335223,26.92995196395262
6698,129,63.92280800988814,25.318350111961106
6699,129,62.355868662791636,24.71195147610193
6700,129,60.09255806953817,23.817415909476537
6701,129,63.71574262616164,25.24165783129079
6702,129,0.0,30.12494726605613
6703,129,0.0,59.48300464131141
6704,129,0.0,54.40245996250906
6705,129,0.0,39.10219092151804
6706,129,0.0,28.885733018661952
6707,129,0.0,24.48858559926802
6708,129,0.0,24.70736078252228
6709,129,0.0,22.567775497483748
6710,129,0.0,24.273835412567202
6711,129,0.0,27.62485293383386
6712,129,0.0,43.63879495097997
6713,129,0.0,76.62552582499445
6714,129,0.0,93.39020172633641
6715,129,12.824837005421585,95.57514782613526
6716,129,223.53385508289847,88.43521882399409
6717,129,130.99246851868074,51.885614777073926
6718,129,112.96629554524173,44.779085881870174
6719,129,91.88620851930551,36.42693812188467
6720,129,76.98935981322919,30.51091979841096
6721,129,66.65970684647604,26.438652190411943
6722,129,204.88180237812514,23.85625965957811
6723,129,111.84510492851274,23.535263248795076
6724,129,57.3666423291499,22.75283717900547
6725,129,55.87871643513154,22.151956243544657
6726,129,0.0,28.528052118054273
6727,129,0.0,55.719829284590574
6728,129,0.0,50.16328322030382
6729,129,37.71173010091289,37.920924725618534
6730,129,0.0,25.25111591362138
6731,129,0.0,22.25241796893754
6732,129,0.0,22.938004692095518
6733,129,0.0,19.17398361858704
6734,129,0.0,20.582210864035773
6735,129,0.0,23.89070966148286
6736,129,0.0,41.6336620790062
6737,129,0.0,74.44999709837103
6738,129,0.0,94.80901005111838
6739,129,29.959373482387974,102.28121236242224
6740,129,234.54343197184357,92.8086750368814
6741,129,137.07034458018086,54.331134548343464
6742,129,124.99607577789362,49.54105414113265
6743,129,103.9525930027132,41.175157596544125
6744,129,85.14242817730633,33.746012501213904
6745,129,71.84483350966886,28.50330000108927
6746,129,149.28034492004016,25.439472891061868
6747,129,57.40826561778434,22.8000976896584
6748,129,55.02526411440556,21.863478647454876
6749,129,59.06462845003091,23.431595473806354
6750,129,0.0,29.51475820440247
6751,129,0.0,58.16297209226125
6752,129,128.40199443523304,53.74166569440828
6753,129,46.88562984994249,39.217780186206106
6754,129,0.0,28.117753023496494
6755,129,0.0,22.192553145813232
6756,129,0.0,22.691383611138804
6757,129,0.0,22.64603581151318
6758,129,0.0,20.875245552733762
6759,129,0.0,24.112093779193117
6760,129,0.0,34.67980630160674
6761,129,0.0,66.63538462437484
6762,129,0.0,87.43840595179067
6763,129,6.093878432004374,92.80603622095552
6764,129,224.3501429883743,88.73154627992083
6765,129,132.36697487878857,52.4337076404634
6766,129,118.48921640790877,47.04156882045367
6767,129,102.95836040926076,40.80545152714803
6768,129,88.16745844097795,34.941705077572315
6769,129,77.50568903115251,30.735601198757763
6770,129,70.02137547740617,27.751861811872377
6771,129,64.18594197125316,25.45066767936929
6772,129,63.77782495970763,25.291918194230345
6773,129,63.364141807049634,25.11554479005056
6774,129,0.0,28.1210842405254
6775,129,0.0,34.472811128833584
6776,129,55.50387438416138,37.5767245119489
6777,129,0.0,27.785882157277477
6778,129,0.0,21.489618999906902
6779,129,0.0,18.948494507700406
6780,129,0.0,18.515137939679573
6781,129,0.0,17.21029501297521
6782,129,0.0,17.00914866713754
6783,129,0.0,16.8160395727628
6784,129,0.0,22.81281635034944
6785,129,0.0,40.9848164811771
6786,129,0.0,56.55926022540326
6787,129,0.0,59.91164194618254
6788,129,0.0,52.46150542452143
6789,129,46.30977342825915,48.27428135710479
6790,129,107.34635895786937,42.60944766058539
6791,129,0.0,37.347571166203835
6792,129,80.97086429145861,32.07938035353632
6793,129,69.13865535740982,27.40813115622079
6794,129,62.39584653295438,24.730317280101584
6795,129,59.82128963941591,23.707612845803666
6796,129,56.4735219361161,22.39989932665812
6797,129,58.62180752623658,23.233512340597407
6798,129,62.12354567855627,24.640667330721605
6799,129,0.0,29.485651858882207
6800,129,0.0,33.11778039598572
6801,129,0.0,28.089513927479395
6802,129,0.0,22.16958112404676
6803,129,0.0,18.775651748922634
6804,129,0.0,17.359493191466626
6805,129,0.0,15.598471820570868
6806,129,0.0,15.722316554487914
6807,129,0.0,17.066779819833837
6808,129,0.0,24.68310106895917
6809,129,0.0,47.26924421347134
6810,129,0.0,67.01535851175164
6811,129,0.0,68.96920375996211
6812,129,0.0,64.33615226288217
6813,129,0.0,59.363936318350326
6814,129,131.74925712789332,52.23345171855187
6815,129,17.256118621222782,41.10025218468899
6816,129,82.63636148939213,32.76336116319481
6817,129,71.17417803560144,28.220243788313915
6818,129,67.71742034499084,26.866916191411924
6819,129,63.765034129428244,25.309896662902073
6820,129,64.36922827671054,25.52806610862148
6821,129,68.64869296999032,27.21688800990385
6822,129,83.30276556218763,33.065204820313966
6823,129,161.27130633640618,63.81590139624414
6824,129,145.2721673412114,59.793237298755635
6825,129,57.79490133981824,43.61161146533844
6826,129,0.0,34.77614563661174
6827,129,0.0,29.689908059994696
6828,129,0.0,30.22470366853033
6829,129,0.0,28.680029358494014
6830,129,0.0,28.390681318353217
6831,129,0.0,30.362776212523425
6832,129,0.0,45.46660697218423
6833,129,154.0070089470298,84.97841582968368
6834,129,18.94851121515373,101.94556024151734
6835,129,217.6276370302297,98.98194290735897
6836,129,235.44501132426632,93.14428448088773
6837,129,141.07585050297544,55.89607865986046
6838,129,124.49645923216224,49.3254455046812
6839,129,101.45056122156859,40.19655781666926
6840,129,83.14964028719274,32.942955352988804
6841,129,70.03451630899704,27.75435923501371
6842,129,63.451698350007746,25.160376471963232
6843,129,57.33684959925256,22.7487981379381
6844,129,56.709276968764044,22.487899370003166
6845,129,0.0,24.225822972294804
6846,129,0.0,29.155708300097423
6847,129,0.0,58.05261859745309
6848,129,0.0,53.14640782918911
6849,129,0.0,35.48905869724002
6850,129,0.0,22.63676740929123
6851,129,0.0,14.697805527746198
6852,129,0.0,13.559304736743615
6853,129,0.0,11.943889999941941
6854,129,0.0,12.562339225110625
6855,129,0.0,16.825212027524156
6856,129,0.0,31.11599479040776
6857,129,0.0,70.96243020158592
6858,129,11.732972330239733,97.9607947980856
6859,129,30.447893519397695,102.43094545549947
6860,129,225.32119034035958,89.13828467073212
6861,129,136.5137578506257,54.13962199224926
6862,129,119.41213043648347,47.33421747984269
6863,129,98.83876366491506,39.16700628226859
6864,129,78.54645229721413,31.128874464970792
6865,129,65.18359517385974,25.83463577702473
6866,129,204.577231322709,23.27569749524946
6867,129,110.78198272126372,21.66826273429398
6868,129,53.235268995070584,21.109836156211884
6869,129,56.02915381685847,22.208925560864405
6870,129,0.0,26.833280156797464
6871,129,0.0,54.07986670758248
6872,129,0.0,51.1551044054384
6873,129,45.83400849995911,36.231268058891835
6874,129,0.0,23.58229724858564
6875,129,0.0,18.148057319901316
6876,129,0.0,18.67168504105693
6877,129,0.0,19.852941147787963
6878,129,0.0,20.257514260511176
6879,129,0.0,24.693036014233385
6880,129,0.0,41.65648632210697
6881,129,0.0,83.02382986042126
6882,129,15.846951356600414,100.12556444736896
6883,129,22.88479755059214,99.44215760859066
6884,129,139.4210435895573,94.87358715631296
6885,129,133.09238684870195,52.715285969853696
6886,129,115.481585063538,45.76278334957251
6887,129,97.48496400615991,38.639564562987296
6888,129,79.22516272228464,31.397044903525636
6889,129,115.15285274808207,26.99299584640711
6890,129,204.86838532325535,24.193985316217784
6891,129,203.24403229464494,21.922413160014553
6892,129,53.94094290139151,21.380942175762975
6893,129,54.515988640496005,21.603025314121005
6894,129,0.0,25.5217832726154
6895,129,0.0,50.12198447239406
6896,129,0.0,53.475104395834904
6897,129,66.47444462399577,43.397023223497015
6898,129,0.0,31.527531903253152
6899,129,0.0,27.05202802575999
6900,129,0.0,29.32632105610288
6901,129,0.0,28.40475239843027
6902,129,0.0,27.054262963646178
6903,129,0.0,28.01488262215147
6904,129,0.0,41.45196336624445
6905,129,0.0,77.05826578812894
6906,129,4.241272316296119,94.55725635189823
6907,129,3.639083946641364,91.80989325004468
6908,129,210.54215125905884,83.27438813760129
6909,129,129.90893346518462,51.49596410738637
6910,129,121.51891983653229,48.22119719416681
6911,129,109.30763672242705,43.28409332548563
6912,129,91.12690867920037,36.15268965555235
6913,129,79.37173110621032,31.46035907150415
6914,129,68.40401036158639,27.13586747151739
6915,129,109.87956636385121,25.237283845146326
6916,129,62.39631950619895,24.779379462505386
6917,129,65.76117186551045,26.07573265501122
6918,129,78.73128220684222,31.263727442943992
6919,129,0.0,63.10499107258277
6920,129,164.39622243883534,66.16429489325091
6921,129,100.73328073614363,54.95069320766535
6922,129,9.080057809764952,46.63764803846508
6923,129,58.407126304292234,39.05128082405879
6924,129,0.0,37.231893978851225
6925,129,0.0,35.458681116443145
6926,129,0.0,36.690317152018395
6927,129,0.0,40.35229309483475
6928,129,4.001192575493917,53.78614822203257
6929,129,0.0,94.58177184438973
6930,129,42.73048185946493,109.72527050963829
6931,129,255.84464257845596,102.41026162156072
6932,129,226.0581326987534,89.43214547896544
6933,129,136.68130320328942,54.17223298325692
6934,129,118.54710119906287,47.02317996787059
6935,129,105.89200688745493,41.99057319682478
6936,129,88.68944009388002,35.158129393995026
6937,129,76.09968264586442,30.184903611035956
6938,129,73.07221534746589,28.977988017020305
6939,129,70.42009315165743,27.91181916159941
6940,129,65.70890171740729,26.080764639355742
6941,129,65.518185613616,25.971890612994557
6942,129,0.0,29.081443157567993
6943,129,0.0,34.77731293469015
6944,129,0.0,41.50416331586221
6945,129,0.0,35.00039393903022
6946,129,0.0,27.126566379197588
6947,129,0.0,24.442409330035478
6948,129,0.0,25.973475647061342
6949,129,0.0,23.366466583548544
6950,129,0.0,22.31451229420878
6951,129,0.0,24.394401315673804
6952,129,0.0,32.05250580515824
6953,129,0.0,54.592183630705875
6954,129,0.0,68.44920696655707
6955,129,0.0,65.8558086259183
6956,129,0.0,57.67290208657341
6957,129,46.2282781398784,51.527819455291215
6958,129,115.68434439063324,45.896801243947
6959,129,100.50062931964376,39.86741705583176
6960,129,86.48374881717658,34.276107346865835
6961,129,72.95244476570417,28.92559854663082
6962,129,67.71666071426807,26.85622901027322
6963,129,63.823997379085284,25.307478743497974
6964,129,60.82279156676762,24.13679684181037
6965,129,57.644478748237304,22.875539329686593
6966,129,0.0,24.82645109173473
6967,129,0.0,29.258066175574427
6968,129,82.2247840271153,35.43701680418153
6969,129,0.0,31.406380372201614
6970,129,0.0,25.422686933772624
6971,129,0.0,22.149427563617753
6972,129,0.0,21.400011931492006
6973,129,0.0,17.284399148822477
6974,129,0.0,17.311974070376426
6975,129,0.0,17.889467257103146
6976,129,0.0,26.83545664291518
6977,129,0.0,49.141278926246365
6978,129,0.0,57.21272373518076
6979,129,0.0,57.681219182441616
6980,129,0.0,53.06339995819681
6981,129,0.0,48.59131793855048
6982,129,0.0,41.707405915539134
6983,129,20.98722773874684,34.243620008122406
6984,129,74.63791741687231,29.625464552757904
6985,129,64.91596966250412,25.767615327352964
6986,129,60.897503877512804,24.19480799349352
6987,129,57.78966891854509,22.961323091869218
6988,129,55.94641901094022,22.207022923878274
6989,129,59.073237600152595,23.455700300476575
6990,129,69.52429570804952,27.62748440542752
6991,129,138.36186193367084,54.77725777985826
6992,129,145.08528418865652,58.52172411485392
6993,129,82.82330701426943,47.72282530181185
6994,129,0.0,38.756831487229675
6995,129,0.0,33.737751739251046
6996,129,32.9762987815343,31.70308470580285
6997,129,0.0,29.83522411213089
6998,129,0.0,29.473005204801943
6999,129,0.0,32.482943428586225
7000,129,0.0,51.495467159213185
7001,129,0.0,96.01437429202608
7002,129,153.97112778618904,108.10435884669359
7003,129,256.07417221809925,105.72852603602088
7004,129,251.1509520820283,99.48950731835602
7005,129,146.5368933247042,58.111662089144524
7006,129,125.4303629952318,49.718218534073216
7007,129,103.36810087498804,40.98820620342894
7008,129,85.36483738919287,33.84954011667653
7009,129,72.49434734017157,28.757484105339586
7010,129,67.86082201744748,26.926198057771895
7011,129,63.03340102164867,25.028598157298575
7012,129,60.34657339555238,23.95897735655053
7013,129,65.14057414791097,25.84077807406134
7014,129,77.22024588084153,30.689678478677223
7015,129,0.0,60.17165143919956
7016,129,0.0,60.897702292753515
7017,129,0.0,43.04273726804394
7018,129,0.0,27.575098248748535
7019,129,0.0,20.314271859062664
7020,129,0.0,21.798828851711715
7021,129,0.0,20.500139393332486
7022,129,0.0,17.11342167055327
7023,129,0.0,17.78693753885794
7024,129,0.0,33.48352008617308
7025,129,0.0,76.01627485139245
7026,129,27.821136365620447,102.37778975404498
7027,129,25.995941065364292,100.66700513393053
7028,129,150.8137814182149,94.48092431006422
7029,129,150.33315308006223,59.65819000536103
7030,129,130.22149220871526,51.65282357295447
7031,129,112.1213769831293,44.488745097197835
7032,129,90.63868923925966,35.933795381140136
7033,129,208.86640952429758,30.582625041360604
7034,129,206.57963806314328,28.319527292277034
7035,129,205.29928514471862,26.90041737600799
7036,129,65.86345934907811,26.11862655959594
7037,129,68.15095407980465,27.033023411371918
7038,129,0.0,32.16943567366285
7039,129,0.0,62.740666329159794
7040,129,0.0,65.12492852748237
7041,129,93.3659124118833,49.06090454989598
7042,129,0.0,32.490842900044285
7043,129,0.0,26.45626420867702
7044,129,56.300292347017944,27.097773623528163
7045,129,0.0,26.493087760421844
7046,129,0.0,25.850780877118797
7047,129,0.0,29.122404803315785
7048,129,13.503054177402163,48.489001965104485
7049,129,0.0,89.62122208222787
7050,129,33.84317370733925,104.99450140547566
7051,129,265.4728795221146,105.85405204776588
7052,129,239.22943588983614,94.61226380019308
7053,129,141.51499002649714,56.090557108811495
7054,129,125.05138837369856,49.59908224874612
7055,129,103.82285591972362,41.19094876288997
7056,129,84.36524339857954,33.42346654519236
7057,129,70.87611734531407,28.09991430655416
7058,129,65.50720711248914,25.98050926414479
7059,129,60.66745847957833,24.05228256109039
7060,129,58.004340871182336,23.004894085009596
7061,129,60.61788806878354,24.042933079821584
7062,129,71.30681980421372,28.326788549296197
7063,129,77.60718321667781,56.33056165100417
7064,129,0.0,60.34657909931049
7065,129,86.82243415865898,45.3127045762812
7066,129,0.0,32.53649203419723
7067,129,0.0,26.056395628928023
7068,129,0.0,28.378168740112425
7069,129,0.0,28.3257017714584
7070,129,0.0,27.28559729167716
7071,129,0.0,29.45694266654642
7072,129,0.0,43.302190298057226
7073,129,0.0,87.69107707108475
7074,129,40.87631890222809,107.37455261301197
7075,129,29.09249287300142,101.90602543459009
7076,129,161.26350905089382,91.05298004729812
7077,129,137.86359974941576,54.68344105598873
7078,129,125.8574837346984,50.0180193441445
7079,129,105.56843832615215,41.875540545808875
7080,129,82.97399640466452,32.96373145847186
7081,129,70.48429500476772,27.97342538710895
7082,129,62.13405037544817,24.688589339094783
7083,129,56.416245354970584,22.428746657966983
7084,129,200.3941069577131,22.160909194028882
7085,129,58.665098408798855,23.30214988110098
7086,129,68.27483618381436,27.198099588724872
7087,129,0.0,54.416328611847966
7088,129,150.7875074744227,60.031258713276024
7089,129,122.07003499399605,57.40957146373966
7090,129,41.59337387068618,48.70904678671326
7091,129,0.0,40.04094607049905
7092,129,0.0,37.173932529774454
7093,129,0.0,33.282554901124364
7094,129,0.0,35.65087117961735
7095,129,0.0,37.173372729863615
7096,129,0.0,49.97404110317145
7097,129,0.0,86.40992770930963
7098,129,31.330625282443236,103.56350612982978
7099,129,226.84651295784874,95.29318441947095
7100,129,218.4204367380005,86.43462987168041
7101,129,127.433365715099,50.63612583543149
7102,129,118.67062349851665,47.09821276735964
7103,129,106.1607098616193,42.128176827097874
7104,129,87.66524958305055,34.76929160390339
7105,129,83.34302391977388,29.805843016212485
7106,129,205.89053686407155,27.230513053665014
7107,129,205.275949999141,25.49995817674421
7108,129,65.28324894232895,25.925586172725396
7109,129,64.72980521910543,25.71458109714928
7110,129,0.0,26.351520493214693
7111,129,0.0,33.21338698851574
7112,129,0.0,38.696042373490336
7113,129,0.0,33.84294009273575
7114,129,0.0,25.8659700619302
7115,129,0.0,22.09201329312939
7116,129,0.0,20.301452274833238
7117,129,0.0,17.18974942799771
7118,129,0.0,17.143648248977193
7119,129,0.0,19.94929939654672
7120,129,0.0,28.15369870869517
7121,129,0.0,52.51816121678626
7122,129,0.0,65.69136980803444
7123,129,0.0,64.67109350305
7124,129,0.0,59.687895388038655
7125,129,134.51411467231722,53.33650905659366
7126,129,119.91341129891708,47.55820414104958
7127,129,108.64211385069922,43.18578212749723
7128,129,94.28760758669696,37.26524165475407
7129,129,82.80001024461114,32.724929329060814
7130,129,138.31876560987055,54.66749661232302
7131,129,60.33042325712046,23.8442552322758
7132,129,61.293390467874076,24.22487188444587
7133,129,65.22475275686546,25.77869652490649
7134,129,72.28880962007622,28.802518314351058
7135,129,88.0227987500426,35.86348221090209
7136,129,27.563042082263678,32.183768933494974
7137,129,0.0,28.81334326491264
7138,129,0.0,25.86733885999264
7139,129,0.0,24.941154892619153
7140,129,0.0,24.362167959034633
7141,129,0.0,23.89116817391171
7142,129,0.0,25.979791841063147
7143,129,0.0,33.59505873288896
7144,129,75.68863394755354,58.50015814903653
7145,129,0.0,77.32105265485411
7146,129,0.0,72.76687940817793
7147,129,0.0,65.02517445808006
7148,129,128.4282403885939,57.06564126022267
7149,129,131.8803694470425,52.32389960364339
7150,129,112.96448621557431,44.83491120547932
7151,129,88.01453782645297,34.904449965844684
7152,129,70.97999854853043,28.16412290489674
7153,129,61.155942072161906,24.27890198107848
7154,129,56.28888663940046,22.352674174781313
7155,129,55.96177177071837,22.20792464393151
7156,129,55.49369309352414,22.03847958873443
7157,129,64.73002466291433,25.70441418522384
7158,129,80.69377929352584,32.075651736452926
7159,129,139.40307879838088,55.606613199712925
7160,129,89.6215995458789,44.28348265820005
7161,129,6.315345910536507,34.17617547265488
7162,129,0.0,31.063335454222887
7163,129,0.0,28.673310783323824
7164,129,0.0,29.310640447037347
7165,129,0.0,28.65314960704578
7166,129,209.88064186588673,32.75761389408159
7167,129,34.20632371248544,51.078291974032325
7168,129,193.2377214993437,88.6231783833585
7169,129,62.02330877257367,115.30996215619685
7170,129,54.96351889467377,112.12047159589504
7171,129,24.947033815593045,100.27235950151147
7172,129,198.35496694754795,89.22900039974932
7173,129,130.91299680885626,51.866709690839336
7174,129,110.70058903715108,43.87056677547997
7175,129,94.11613164177624,37.3055936927542
7176,129,78.41179007239063,31.043617493035377
7177,129,204.84489654760196,27.796377762363967
7178,129,203.55766898628858,25.770300990301546
7179,129,202.84832177832968,25.271080626746034
7180,129,202.8077171093301,24.62125338411442
7181,129,71.38413061633386,28.35477140248691
7182,129,0.0,34.63348773674126
7183,129,0.0,64.96796745470392
7184,129,0.0,49.92250513278743
7185,129,0.0,32.68660902368745
7186,129,0.0,27.689636407452827
7187,129,0.0,28.458782464430143
7188,129,0.0,29.369812948652076
7189,129,0.0,26.68803710389038
7190,129,0.0,27.84704278602438
7191,129,16.777915118723286,43.332183689773444
7192,129,150.57258861513745,81.56414735476132
7193,129,79.77358533931067,122.13225178331379
7194,129,63.30654288293047,115.4282414178232
7195,129,31.015152792573275,102.64528298565803
7196,129,232.8493738343873,92.1319988475058
7197,129,135.66691180141888,53.79729434355278
7198,129,116.05629770334858,46.03380518490185
7199,129,99.03282324468421,39.248823377206286
7200,129,82.49910369328006,32.7117240553245
7201,129,115.15731699548581,29.05689282361524
7202,129,204.1937381181036,26.058430458393662
7203,129,203.6553160488488,24.12664297200078
7204,129,203.09661209727636,23.439389281396725
7205,129,204.74385811674978,27.10103136738704
7206,129,84.93657695717616,33.74981792938339
7207,129,0.0,61.12577546576802
7208,129,0.0,49.726066151174
7209,129,0.0,36.606778418571714
7210,129,0.0,31.07204210604159
7211,129,0.0,30.8643068895006
7212,129,0.0,29.243991759776485
7213,129,0.0,30.303440441526977
7214,129,0.0,35.25497180788306
7215,129,50.40755358452387,52.414147554899394
7216,129,208.10767607295944,91.0558539052212
7217,129,74.55344478220738,120.09494988100484
7218,129,56.58069839904556,112.7545259763644
7219,129,40.65198775819212,106.44889105296602
7220,129,248.71179266970955,98.38338303556301
7221,129,144.10329182339865,57.190925083719755
7222,129,120.72873755795399,47.9346815469421
7223,129,100.9808676125239,40.0189136653986
7224,129,83.47640813194701,33.13670065671206
7225,129,72.18857381894495,28.644410336268567
7226,129,192.98441773757347,27.82776805640574
7227,129,205.10275358255825,26.871187668450656
7228,129,204.31983232099427,26.210481888761386
7229,129,69.54975326470603,27.642697399758333
7230,129,83.23583773411869,33.10593057666979
7231,129,0.0,58.95332686228543
7232,129,108.84568116405546,49.68639924616397
7233,129,22.88598321574753,35.5110512364014
7234,129,0.0,28.026111159407474
7235,129,0.0,26.243135617334968
7236,129,0.0,25.83475563952167
7237,129,0.0,27.01556211554541
7238,129,0.0,35.00456911527368
7239,129,51.63407057662894,53.26975670251677
7240,129,0.0,89.73038520958512
7241,129,67.45024793971766,117.17154378038059
7242,129,53.729104041469355,111.65573976836949
7243,129,209.26356007836588,103.71137996100121
7244,129,240.76324780520153,95.25445206111114
7245,129,143.45293172133822,56.98277715225501
7246,129,125.05038291142156,49.60651187930042
7247,129,105.83276226147831,41.995668848047245
7248,129,88.95875272594012,35.298232368006
7249,129,75.98154028277904,30.182153749056624
7250,129,69.05234450930564,27.42293623930665
7251,129,64.08762136790358,25.47103351451141
7252,129,72.39340412867179,24.88225303722207
7253,129,70.85917743956927,28.196275806004568
7254,129,92.18463316764769,36.658082636338726
7255,129,172.5082481344451,68.43005284745622
7256,129,145.95748619544224,62.90851448357192
7257,129,63.05357025534519,48.46721890565787
7258,129,0.0,37.62686050752904
7259,129,150.23939291130972,34.47008276230531
7260,129,137.25386239572757,35.430017260239744
7261,129,145.5527316627112,34.833535979590614
7262,129,0.0,37.112139591667756
7263,129,51.81951284288289,50.138181396282526
7264,129,162.7934074024111,83.26108285191624
7265,129,44.70490749798017,108.13017176393949
7266,129,34.873362953053544,104.19050355402642
7267,129,23.39705038532358,99.63144304900706
7268,129,227.52596799202607,90.03289126078364
7269,129,133.59072718590426,53.02046791835781
7270,129,121.71665019327094,48.30941776262725
7271,129,104.66465127386115,41.513257826053035
7272,129,89.4622139335901,35.48678019934095
7273,129,79.51494387695845,31.542427914484918
7274,129,71.72134743333913,28.45698895949827
7275,129,68.22360838812358,27.061742851316648
7276,129,67.50399122282502,26.810862430138926
7277,129,71.21513790705336,28.264806089502137
7278,129,83.17163219414425,33.01862470127879
7279,129,96.27936530035086,38.94375583911056
7280,129,54.67906501459652,35.473445763376816
7281,129,0.0,29.84212467736802
7282,129,0.0,26.67574868854587
7283,129,0.0,26.327555912987833
7284,129,0.0,26.50025342095188
7285,129,0.0,27.201792289586418
7286,129,0.0,29.271523556238115
7287,129,0.0,36.18730370378459
7288,129,0.0,57.40570550709626
7289,129,0.0,75.86577038999475
7290,129,0.0,72.75226311315717
7291,129,0.0,64.10407360676821
7292,129,63.62700861226145,59.865958951152194
7293,129,132.65330946756393,52.621574175210185
7294,129,121.07508550452195,48.16920469600326
7295,129,100.82484771721667,39.99827455780143
7296,129,83.98329511440394,33.3009158478381
7297,129,74.08388377779218,29.365079365079364
7298,129,69.45989996873436,27.534910935643236
7299,129,63.825614938540554,25.315863780978596
7300,129,64.71943002629033,25.671750412846222
7301,129,67.12314790001983,26.64496610725157
7302,129,75.1674432223659,29.930012383416553
7303,129,87.86699364757666,35.31759233070383
7304,129,54.72225455122981,34.62502976402247
7305,129,0.0,31.410672025653266
7306,129,0.0,28.22808979302175
7307,129,0.0,27.154657146533854
7308,129,0.0,29.342953810108007
7309,129,0.0,31.071644848031745
7310,129,0.0,35.11347002307233
7311,129,0.0,39.399178814755274
7312,129,101.73095394209852,54.80428709239015
7313,129,196.8413334872885,78.05021718992522
7314,129,0.0,73.79866565815368
7315,129,26.1952863581989,69.04104698687274
7316,129,156.78863171199708,62.17372495896371
7317,129,143.87500046152013,57.064810475976266
7318,129,123.86028479347644,49.14144859566036
7319,129,100.47923979851703,39.84634891175048
7320,129,83.49356427872223,33.12023933302119
7321,129,73.52150700787874,29.171271511587236
7322,129,68.63812995317531,27.23602224645962
7323,129,64.28009795267187,25.516225789482498
7324,129,65.33236419001653,25.937261488232647
7325,129,67.92364177817234,26.951083548780424
7326,129,85.8739937607993,34.11249537816994
7327,129,164.02697271055544,65.06269980955122
7328,129,114.67624494887474,50.17453653856443
7329,129,35.438457486677066,36.92207123195988
7330,129,0.0,31.39591977605801
7331,129,0.0,27.59556648815914
7332,129,0.0,29.318973200893502
7333,129,0.0,30.79385109304315
7334,129,0.0,36.23335746893755
7335,129,48.95371504086299,47.17157579882263
7336,129,188.69457982764715,82.73425455575897
7337,129,93.50366721517744,127.38204824523241
7338,129,85.14177025527303,124.05643147255458
7339,129,198.15547306790648,111.98107685037961
7340,129,254.5109022699954,100.6779471383321
7341,129,148.1466860719074,58.69371874070861
7342,129,129.63886580363138,51.37629440829844
7343,129,105.90036169001493,41.96065274579375
7344,129,88.5022086316738,35.06106814373118
7345,129,77.93499418833605,30.889619793684584
7346,129,72.27747436205689,28.65365193485702
7347,129,68.87389392229437,27.298112851695876
7348,129,66.90156350356347,26.53406297664551
7349,129,71.97459790963023,28.562195886076864
7350,129,85.72963934028976,34.01920078720375
7351,129,0.0,67.67781109561682
7352,129,124.98255500300814,53.96405077268542
7353,129,41.769384003028875,37.98123528622438
7354,129,0.0,28.252701801822113
7355,129,0.0,25.64605552099093
7356,129,0.0,28.408806307182115
7357,129,0.0,28.650742343064827
7358,129,0.0,32.78159391668306
7359,129,44.96008750801295,45.479409152720194
7360,129,182.86425693292685,79.29055509873713
7361,129,95.12116486977362,128.10478401779224
7362,129,176.92368286608584,124.3831527074789
7363,129,263.411073994984,111.83839620796404
7364,129,241.19676669006296,95.43833721200684
7365,129,142.28312242736862,56.42738349697981
7366,129,126.56118871531774,50.218870054761446
7367,129,173.47236028222568,41.77382050132035
7368,129,213.5474918554472,35.46872976579159
7369,129,209.40097423178727,29.750179242786896
7370,129,206.84933297588515,26.721354533485282
7371,129,205.8155354484441,25.38501382241691
7372,129,204.7780984543266,24.869076622063822
7373,129,68.8278288343227,27.321237782742784
7374,129,81.05348650577682,32.202170986337144
7375,129,0.0,66.40411574345333
7376,129,78.63714025299373,58.706610606905045
7377,129,67.49764207744846,46.7177027039522
7378,129,0.0,36.98895731025386
7379,129,0.0,31.31523917971379
7380,129,0.0,33.33918173635454
7381,129,0.0,35.41632047484604
7382,129,0.0,41.14208019062331
7383,129,77.95551910598064,54.29299423077362
7384,129,0.0,84.85101069160564
7385,129,162.8629399173782,122.8493649658465
7386,129,261.4461473274936,115.50654352402744
7387,129,260.83635588453194,106.02798324721702
7388,129,237.3583991633197,93.89603148735945
7389,129,143.62170788444217,56.98776805256803
7390,129,120.77533509300054,47.95313320109203
7391,129,97.76241090253635,38.782961346046044
7392,129,82.6695211895192,32.83057474284945
7393,129,72.41538232239009,28.73396787058295
7394,129,71.43746375770021,28.32680644332192
7395,129,67.96553720181109,26.964888249230953
7396,129,67.04509922588997,26.601099634653014
7397,129,70.8203470496187,28.10091470337987
7398,129,82.92161964103428,32.95325134155319
7399,129,166.0027035601317,65.75825280527889
7400,129,145.13359296302752,61.184099858362856
7401,129,66.02412305148775,45.001620991171336
7402,129,0.0,34.91572619574935
7403,129,0.0,30.369960893069248
7404,129,140.82488874316468,30.418974397014285
7405,129,0.0,30.966850858276445
7406,129,0.0,38.78550834712918
7407,129,70.78272999887503,52.97297626330397
7408,129,195.10830563179127,82.8014271411884
7409,129,78.84097162115111,121.61252853957745
7410,129,267.25951515878774,115.20846914059064
7411,129,264.01853455222835,104.46181124938967
7412,129,231.6342935490603,91.65488213813771
7413,129,138.77895253084915,55.094554891408926
7414,129,129.06615414122768,51.19893043028462
7415,129,113.19717288656506,44.90622777961497
7416,129,90.48804770081631,35.918145526594
7417,129,78.72386538456766,31.260802975155904
7418,129,69.52695006144793,27.60538425727653
7419,129,207.11401798070384,25.606466662841047
7420,129,119.38099257287149,25.468528267116444
7421,129,65.06416838206164,25.83126895456119
7422,129,83.40113124211612,33.158495441321485
7423,129,163.9212084454833,64.90255082869925
7424,129,156.59213656757842,64.91723585203589
7425,129,103.98792521187872,57.77534999478999
7426,129,32.742297699602574,49.557049702160626
7427,129,0.0,45.00477060489057
7428,129,0.0,46.36004911408056
7429,129,0.0,45.9004266686603
7430,129,23.04490310074314,48.85692361995031
7431,129,101.9961256559263,60.56879660081721
7432,129,0.0,88.92735659073371
7433,129,79.7715749557959,121.92056156593654
7434,129,69.38180282823936,117.81670581960977
7435,129,238.0975662285998,110.62196955301486
7436,129,254.26854409180066,100.57186167029353
7437,129,148.03598518988537,58.753136286468774
7438,129,134.36682129989208,53.29142243817454
7439,129,119.10474186614195,47.225930040639035
7440,129,102.49209136566861,40.63439547944565
7441,129,92.49707508058336,36.67375804754221
7442,129,83.51096478140008,33.104200397179774
7443,129,76.54921706343387,30.365552813609884
7444,129,74.07750847905348,29.38346148615144
7445,129,78.41487351183574,31.095071498953047
7446,129,81.561216732986,32.35145661021407
7447,129,97.78358390781605,38.82749279220488
7448,129,86.3128771417685,42.816059074449505
7449,129,0.0,36.07542767646
7450,129,0.0,30.995213475246906
7451,129,0.0,31.764501237950743
7452,129,0.0,35.10225428229984
7453,129,0.0,34.06995435565986
7454,129,0.0,38.125096219942385
7455,129,0.0,45.25240249695418
7456,129,0.0,60.00423152668381
7457,129,0.0,80.69615147672782
7458,129,0.0,77.115200364114
7459,129,0.0,73.18410245695588
7460,129,152.06842110930197,66.68868568464119
7461,129,148.70530131185689,59.00951491259636
7462,129,133.1437437745464,52.877274423569276
7463,129,115.00620745644596,45.634125623922245
7464,129,101.2248888545706,40.12286345995267
7465,129,90.47331377454526,35.873528008684275
7466,129,80.04860417035431,31.745731988739305
7467,129,75.27621129304052,29.851817187697772
7468,129,72.78038057534175,28.873123605463597
7469,129,74.30584226863246,29.483768346520396
7470,129,77.97503853197796,30.936475665563922
7471,129,92.62584783424543,36.896953786548316
7472,129,82.34527705570471,40.82786251635088
7473,129,2.6160375232393562,38.309656503571546
7474,129,0.0,36.37693973303855
7475,129,0.0,34.72191876564266
7476,129,0.0,35.25796134009836
7477,129,0.0,34.619600067979235
7478,129,0.0,40.49530543564391
7479,129,19.255959830442038,48.08586820392446
7480,129,146.34152934508293,63.41596458617494
7481,129,183.5999743176977,84.96596604269898
7482,129,0.0,81.42506302998619
7483,129,0.0,70.07957059989936
7484,129,160.79580904247592,63.78326817351042
7485,129,147.5491545648815,58.509208048695335
7486,129,124.1794580533977,49.23931999916975
7487,129,101.75260490660065,40.36525537528113
7488,129,83.5938817525701,33.167755869871776
7489,129,72.65363256091462,28.833582618075962
7490,129,70.31337546195715,27.905946102681302
7491,129,68.50475058196892,27.188579239971602
7492,129,67.53734578238735,26.808842342594627
7493,129,72.2704811273438,28.666567274466182
7494,129,92.76077808851113,36.824219143717976
7495,129,178.56453656840898,70.72106356655219
7496,129,165.1894589811569,67.97501815681575
7497,129,89.24897914558017,51.55854317392396
7498,129,12.483579099153985,41.40854536139679
7499,129,0.0,34.97882705038434
7500,129,0.0,37.57009058277802
7501,129,0.0,37.595347575433316
7502,129,3.440628964835213,41.023728791079094
7503,129,81.18504310969143,51.995987790723674
7504,129,216.5469770938948,89.68966015532612
7505,129,259.2667848808574,133.84923470819015
7506,129,258.68296986956454,127.71616322312373
7507,129,262.89498593699886,117.83013572527949
7508,129,262.5494643726079,108.41211158878109
7509,129,161.30113166567384,63.887307953560956
7510,129,137.54666286640216,54.501358970212856
7511,129,113.7387159277452,45.05563840362456
7512,129,89.52828989771788,35.474210720925974
7513,129,75.9584646341267,30.090453731084537
7514,129,69.9840418071922,27.739417119511437
7515,129,206.28860268507054,25.95555642736024
7516,129,205.85731741538638,25.09658479427315
7517,129,68.42005053611544,27.136807126443287
7518,129,84.06631149692956,33.3464842432593
7519,129,163.8609120361849,64.8937006699887
7520,129,0.0,57.403119529723405
7521,129,69.56916308523375,42.14924615093734
7522,129,0.0,32.676928526943215
7523,129,0.0,29.22341732750713
7524,129,0.0,31.71841125821887
7525,129,0.0,34.16143268300186
7526,129,3.3171124623549986,42.53876271770587
7527,129,91.05862193992564,55.93709639872112
7528,129,2.3747914603475806,94.40706631651938
7529,129,112.0669202032687,134.70739714396746
7530,129,259.02286051218937,128.87319724386958
7531,129,262.64120529593174,115.4169780908462
7532,129,259.36430109759453,102.6293806340391
7533,129,152.86761379997316,60.62635587343351
7534,129,136.54287480349225,54.18969117130671
7535,129,110.08802922132688,43.67736204117341
7536,129,94.40821214232997,37.44931921768928
7537,129,170.28178768531532,31.773254915929154
7538,129,207.28410660649033,29.0155161867476
7539,129,206.54323746077452,28.119356552337834
7540,129,206.46062141026889,27.131178691730764
7541,129,207.2493625070635,29.14255279974036
7542,129,89.89996253151489,35.70101291467741
7543,129,182.33001123727632,72.14961240879622
7544,129,169.41993888916684,69.2318428695155
7545,129,97.28295568121936,52.16487854410815
7546,129,17.222332346282343,40.75116414689534
7547,129,0.0,36.13620136236523
7548,129,0.0,43.77251902271753
7549,129,0.0,45.93321164051703
7550,129,42.11163157336273,51.1859368104991
7551,129,129.5787748996169,67.2424972165111
7552,129,42.42672248061652,108.74469505598717
7553,129,146.14600177739234,148.1735450278604
7554,129,257.7435238764316,139.8523352645543
7555,129,258.9059570599908,127.8072616097454
7556,129,257.3400121367726,119.4062918075981
7557,129,181.28770637717295,71.8329957932235
7558,129,158.51104817857475,62.87997601535415
7559,129,130.8280112754332,51.88745886055409
7560,129,107.73105948199557,42.745964174702955
7561,129,89.82437047382774,35.617099243289196
7562,129,82.15907689164581,32.58754583658563
7563,129,207.2361935125535,29.433563901744247
7564,129,205.97933582653383,27.353652542749234
7565,129,206.93943703656004,29.004293775546973
7566,129,87.20823486522633,34.63733263964122
7567,129,0.0,65.46599550876358
7568,129,154.72570855656897,62.69806528949908
7569,129,104.67007721482702,53.76050866251786
7570,129,31.62035703672217,43.664765698220826
7571,129,175.17985379334533,40.86217267642148
7572,129,174.09233271690638,44.256485138401416
7573,129,0.0,42.754962586684044
7574,129,26.988505386572825,46.76998210559049
7575,129,0.0,61.935117186029565
7576,129,0.0,89.15050332478509
7577,129,71.45374177284936,118.68223154644724
7578,129,226.11021128191666,109.86397405354626
7579,129,262.5142375066396,103.85898008598204
7580,129,255.5535492057288,101.11540058785198
7581,129,148.41001714785307,58.900673654033994
7582,129,132.29615688728913,52.49580009196071
7583,129,110.5417421501862,43.87723630491737
7584,129,168.10661330930543,36.942940906601734
7585,129,212.47204610193293,33.10071518555261
7586,129,209.776612408632,29.76835806003349
7587,129,208.92837271095743,28.75958461294314
7588,129,207.7277833457316,27.74446704221132
7589,129,208.1218652762189,28.32317374434424
7590,129,84.03156181860894,33.417653867774355
7591,129,167.03712421659134,66.13357136154802
7592,129,168.94871118498855,68.3678503483631
7593,129,120.2301108074586,58.163185799346316
7594,129,57.78464494268931,50.50676000598007
7595,129,14.135089001012346,47.4993413363271
7596,129,5.122454335026561,49.3603121789269
7597,129,16.619241615913438,50.65289889786935
7598,129,65.42450142529788,57.01453676137151
7599,129,142.83011590650574,70.0168594368815
7600,129,247.49997064212437,99.490752058573
7601,129,262.02615589836853,135.37192022371343
7602,129,105.78415600540225,132.20548557880696
7603,129,122.81544548589096,118.33781206817493
7604,129,259.4154412795717,106.44725437259395
7605,129,164.75617606020165,65.3350160107487
7606,129,139.80847777635574,55.45177624147793
7607,129,118.03264344692721,46.773202553323486
7608,129,99.59716567784582,39.49732136819122
7609,129,89.98002232803515,35.68872703074212
7610,129,81.08824481634969,32.17191971834507
7611,129,76.76873691877972,30.46210707504323
7612,129,72.99743771475775,28.963937854562317
7613,129,76.00965436798646,30.164693495095303
7614,129,85.2439659320865,33.814338353800395
7615,129,0.0,41.4224373817599
7616,129,0.0,48.380509889302836
7617,129,53.57091773844047,46.92965310334399
7618,129,0.0,44.79992080353329
7619,129,0.0,41.71570929598771
7620,129,0.0,41.9694983055705
7621,129,0.0,41.66599505207864
7622,129,0.0,44.473275040805866
7623,129,0.0,51.885312128888614
7624,129,0.0,61.5894254542533
7625,129,0.0,77.79465393856762
7626,129,190.58472061960785,75.5677307272365
7627,129,175.56438718657574,69.60970199281553
7628,129,161.22446650582134,63.939436245790986
7629,129,148.98034627577061,59.12864208744459
7630,129,134.50615144256162,53.40278135499642
7631,129,116.11007956909347,46.08326482610184
7632,129,100.4045907944402,39.81673965323851
7633,129,90.2062726294659,35.783488841473606
7634,129,76.72624598064459,30.445541423178497
7635,129,75.39872526903935,29.913078338836943
7636,129,73.51313915913593,29.17295823686982
7637,129,79.40523395017252,31.488806141396818
7638,129,84.01954074766493,33.328053080182876
7639,129,98.1151840144392,38.89919226973603
7640,129,96.08471708069999,42.52270706461868
7641,129,41.64537501129928,40.060581886173956
7642,129,0.0,35.900156226381746
7643,129,0.0,34.86930055824789
7644,129,0.0,35.52993141822272
7645,129,0.0,34.335728250695226
7646,129,0.0,37.60383176256183
7647,129,45.210139668512284,44.60732959741667
7648,129,155.55583363855163,63.07505454339438
7649,129,205.4414415776904,81.46698473887604
7650,129,182.696299155932,78.29438891625198
7651,129,185.9667430962979,73.69511463905785
7652,129,170.8934455522062,67.79189703873692
7653,129,151.86984398363634,60.27299571009312
7654,129,135.81486396800102,53.89416366150753
7655,129,103.12355604237666,40.924722919396004
7656,129,88.78250764279727,35.21805607256483
7657,129,78.42613150065603,31.11199942079686
7658,129,71.70447889977893,28.460563555740457
7659,129,70.28293098632332,27.885887407063898
7660,129,68.20088403627267,27.070796920638426
7661,129,78.17919615494873,31.001606247389475
7662,129,94.89294267452664,37.70004470754312
7663,129,190.91072292667377,75.5458655168788
7664,129,193.8832478988104,77.88261113395603
7665,129,126.70802598991315,60.738965137599706
7666,129,46.75387163374367,46.52844547807962
7667,129,0.0,39.86044368869998
7668,129,0.0,44.20126780496428
7669,129,7.524240011417049,46.05113887605922
7670,129,52.00558977671221,52.83709068090672
7671,129,137.66199154512648,68.78357616446591
7672,129,256.92731919680864,112.10906699615
7673,129,158.36329937415883,153.00327564743884
7674,129,224.77623227806376,144.2052380087495
7675,129,261.468186192193,131.35121466797722
7676,129,258.4996203991281,123.9091910113076
7677,129,178.19212003713503,70.59427385032849
7678,129,149.04172759768386,59.15311046715715
7679,129,119.4611853737193,47.40524030747439
7680,129,96.40842122841775,38.22972723709931
7681,129,82.60047642769308,32.73371774679226
7682,129,208.88109343263395,30.26255207417615
7683,129,207.58432930511717,27.801354321048944
7684,129,207.00947903802458,27.19735363609409
7685,129,207.34900103059317,28.96825324268623
7686,129,92.93926421944931,36.8660717206248
7687,129,190.78384773293067,75.47769555470919
7688,129,197.87999113836108,78.82590499473585
7689,129,143.8679730245589,65.9184344638375
7690,129,69.57249673885002,55.41553985654471
7691,129,13.777057975453033,50.06283830270529
7692,129,7.064593228410132,54.24723031761901
7693,129,22.6563037390477,57.00367816150725
7694,129,77.63232914046725,64.68863791026571
7695,129,167.49382797472023,80.72050360233548
7696,129,263.16732683052635,107.02059881268447
7697,129,264.85971769839625,139.5456142002271
7698,129,262.59992329913473,135.69183882029984
7699,129,260.43652969557843,125.50957105310218
7700,129,258.9918231451165,117.27062518543455
7701,129,176.686972555121,70.07857383147756
7702,129,144.28235583625337,57.27919978036158
7703,129,122.3590560875003,48.55024917237617
7704,129,101.80278379690577,40.39495601903294
7705,129,91.07104746458461,36.143153177440034
7706,129,209.56922062572048,33.30128856220201
7707,129,207.10979905093652,30.035580260930104
7708,129,99.71977675341392,29.924179690951828
7709,129,79.64855872008414,31.631232977575383
7710,129,92.81785396708742,36.87477256077114
7711,129,186.0547109602848,73.61642228466373
7712,129,190.09242356050038,76.38701766001384
7713,129,136.62623742111535,62.60062552458145
7714,129,62.172679836280054,50.8526817918422
7715,129,9.361224677835622,43.72425425529216
7716,129,7.529822936049868,47.99586287997581
7717,129,24.0396211300542,50.092483958975535
7718,129,73.08877371392697,56.542782142509346
7719,129,162.97512415662752,75.23023715531177
7720,129,127.46329816813784,110.87211749918824
7721,129,143.18039988174291,146.98128758053303
7722,129,128.47962883672182,141.1657079754896
7723,129,269.35987390553964,129.47980721177285
7724,129,266.58710916619555,123.41061894989319
7725,129,181.57102995485275,71.99423799278324
7726,129,159.49525566470157,63.28740343500089
7727,129,131.49817246485895,52.18094685034702
7728,129,105.34449163836257,41.81070448239632
7729,129,213.8038780221052,35.51306832233205
7730,129,211.2487366780904,33.198949721884865
7731,129,209.70471985744865,31.92364347274449
7732,129,208.56963678072304,30.669004884308645
7733,129,209.3224526112536,32.87159223222919
7734,129,101.23158522939235,40.177160030185675
7735,129,205.34555572949387,81.24354531493212
7736,129,121.91896784004541,84.01583589097753
7737,129,161.12282865821825,71.2108916184763
7738,129,88.72556591828129,58.5418263233965
7739,129,30.019193227907692,52.27049286930091
7740,129,23.73778266869664,55.27019244073936
7741,129,31.290515597149238,54.78241617199804
7742,129,74.5961918706044,59.00395254072898
7743,129,155.7063426566785,74.815361452546
7744,129,254.42865995672292,108.79461648211047
7745,129,257.9692951728134,139.82803690575346
7746,129,258.1626253837186,133.08629050076465
7747,129,258.890004555397,121.81168769290564
7748,129,256.98772762411437,114.05771389869568
7749,129,178.8849196027158,71.00975513104663
7750,129,148.89887970398163,59.08363388645543
7751,129,124.8171565738403,49.560711594415416
7752,129,105.16032090197669,41.755717440350836
7753,129,211.63502664666112,37.30498384582777
7754,129,209.14561503654028,34.681307475021306
7755,129,208.20490665911962,32.72989133997696
7756,129,207.42155241397953,32.056536289642075
7757,129,82.17667759436509,32.64090702939074
7758,129,97.64196600126596,38.81256677210257
7759,129,197.1736128022883,78.03711654969891
7760,129,203.15831518353633,81.66467140122703
7761,129,148.46000390425118,66.49995523904845
7762,129,86.47177209245172,54.95110864087879
7763,129,47.840672822609065,52.95826593476119
7764,129,34.78738501631895,53.18875961394416
7765,129,41.584469715054695,53.2266900483861
7766,129,97.25374154760758,63.177097438455895
7767,129,172.02444700302166,76.81519443347639
7768,129,36.971721729308626,105.4115901060836
7769,129,107.47267215034384,132.87345725187885
7770,129,118.84712768196692,125.63050622290677
7771,129,259.4247722587646,118.98861113579191
7772,129,258.43688376151164,108.42685937009841
7773,129,164.9763543998084,65.45323295444247
7774,129,150.3490444252229,59.672065257071544
7775,129,221.90729253899022,51.009261363767145
7776,129,216.52784586347806,43.0563047533041
7777,129,212.87959024382275,37.597661562554734
7778,129,210.34623815145537,33.088422490105536
7779,129,209.4528913295477,31.127290687970806
7780,129,208.91639300843678,31.170184217216867
7781,129,123.12636321573223,32.23806585884206
7782,129,86.38381204669088,34.30888243074118
7783,129,0.0,43.163871819233385
7784,129,0.0,53.63037628286436
7785,129,0.0,53.06712446608956
7786,129,0.0,48.45588234622038
7787,129,0.0,46.50208216192854
7788,129,33.862027744863354,49.34370376724689
7789,129,0.0,50.346875681844736
7790,129,0.0,52.24120566462511
7791,129,0.0,58.392218930347184
7792,129,0.0,75.96144248468431
7793,129,0.0,90.09858454800826
7794,129,0.0,87.83860533935429
7795,129,207.0140824598603,81.99023876695972
7796,129,191.4308791254804,75.84409755006114
7797,129,169.38882203583105,67.15834843872351
7798,129,152.98864426074843,60.717787942886225
7799,129,127.14539003174608,50.44454681127966
7800,129,111.77198042220127,44.31183584884301
7801,129,94.42588306957234,37.4562554848049
7802,129,84.4049185126785,33.47769832751155
7803,129,80.05095280725527,31.754386973590954
7804,129,79.20312943741692,31.40902202099892
7805,129,80.85122537029577,32.0578792407369
7806,129,86.91349196682907,34.46422723389705
7807,129,102.63085081314571,40.67623099468975
7808,129,116.79157697424714,47.46581596459093
7809,129,93.29648066033869,50.24968935803834
7810,129,8.537680369514078,46.2742010951401
7811,129,0.0,44.91210283924044
7812,129,0.0,46.5598670574125
7813,129,0.0,45.012623086024234
7814,129,1.6685148772204172,49.286393619090944
7815,129,100.77317958831955,56.88883583960233
7816,129,189.00924807074304,75.08641381870821
7817,129,242.601816091085,96.1544791491594
7818,129,244.45940392491394,96.82134158244754
7819,129,227.3855090715493,90.03961161665694
7820,129,207.3378275350528,82.14953377922278
7821,129,184.04327346852867,72.99187174087825
7822,129,153.12234962536309,60.773631114985236
7823,129,126.26989534474475,50.06791221730246
7824,129,101.62418694766018,40.28348987356151
7825,129,87.3504719540037,34.62657271501455
7826,129,78.85119136469854,31.277682883676903
7827,129,207.39650132750498,30.55270206778933
7828,129,206.57852064476145,29.590543309579548
7829,129,207.85376563933866,31.75334848778933
7830,129,212.60556153390553,38.70245820270175
7831,129,222.73828537960938,76.61361301391975
7832,129,213.61992121632412,84.84344352002479
7833,129,173.49258878611096,74.9480522144319
7834,129,100.13568909662851,61.214378571389
7835,129,45.08074727801059,53.41821496560826
7836,129,36.07373765709809,54.35399690059617
7837,129,58.553000269181865,59.51815943976498
7838,129,106.3917008645916,68.66899369554257
7839,129,186.57925871117342,84.14144106063412
7840,129,254.27386199221758,117.15293789955703
7841,129,250.15143668247575,153.80884301307464
7842,129,250.54804680105036,145.9934331112447
7843,129,256.3345107854573,130.76332327070693
7844,129,259.9971624557256,119.72158055831672
7845,129,170.06679457661988,67.41651345114427
7846,129,148.57730022107418,59.00816381988215
7847,129,220.33391350285214,47.44143529705331
7848,129,97.26625281838253,38.58434153250416
7849,129,211.66174405627203,33.91397482055685
7850,129,78.80310502639531,31.269073790781103
7851,129,148.02149324815161,30.046567030546687
7852,129,209.2062773254355,28.76355411340322
7853,129,77.50733064494852,30.769827476748198
7854,129,97.26564412507344,38.61761386554381
7855,129,192.64912408755208,76.22338367955425
7856,129,194.00147421513125,77.29610187641859
7857,129,155.83479123169752,67.42054650259787
7858,129,85.87795026804557,55.52790023666271
7859,129,33.847701536064534,50.61977534554445
7860,129,24.106595906118855,53.424325339580854
7861,129,36.49088967844705,55.51094266481773
7862,129,86.99178471146496,62.560845944864965
7863,129,168.96439835194954,77.32194381803332
7864,129,115.63166963606619,105.85273006962537
7865,129,122.19849434228891,138.6971794488926
7866,129,116.43619732446453,136.41931524595182
7867,129,258.46952421388636,127.70856628781519
7868,129,260.3167441591587,118.75409869924086
7869,129,189.4515992686827,75.12177263972953
7870,129,166.75375302369133,66.16634091760461
7871,129,136.9195163544994,54.307918472165774
7872,129,111.19995310764352,43.65514672037171
7873,129,213.14262382436766,36.67917235401781
7874,129,210.7346781222894,33.4885461540914
7875,129,210.41289279671815,32.95770430092936
7876,129,209.38621989339978,31.788795215359087
7877,129,210.19967797181138,32.89544872111078
7878,129,215.96385845884214,38.98147029057303
7879,129,130.6491451140772,78.69020580470438
7880,129,0.0,90.09775457172198
7881,129,0.0,81.76720494415174
7882,129,118.95749839227676,67.13065927820053
7883,129,205.03772729352576,57.53104728742776
7884,129,202.02177832895174,58.98911325654781
7885,129,206.41480454984062,62.07813556879881
7886,129,221.46483006745044,73.64442987816159
7887,129,208.0247794857506,89.18871075818367
7888,129,66.47730616484537,116.66357226153326
7889,129,147.0545530386289,148.53577506566435
7890,129,197.31836357874855,141.8274552689449
7891,129,265.7688684190589,131.45167525508822
7892,129,268.6854887614096,117.22793406438554
7893,129,175.31963826163377,69.56241847284412
7894,129,155.78007136161176,61.793242470582115
7895,129,224.0875357416705,49.936363310627215
7896,129,218.1152926457557,42.11061822284448
7897,129,214.50933656510074,36.47575290338599
7898,129,212.209798880302,33.327288277114704
7899,129,210.61765060473903,31.632504577805946
7900,129,209.8361097582746,30.36272022993395
7901,129,107.62713383745037,32.642990000368066
7902,129,101.16453970338668,40.15337535935127
7903,129,194.2569100228333,76.84839316123981
7904,129,0.0,79.65927696953665
7905,129,155.1570777402489,66.34118430263881
7906,129,82.44287765298353,49.52519963205299
7907,129,20.22589355068405,40.908029185347715
7908,129,191.88245028189144,41.967076966335334
7909,129,52.37660975977221,45.15259804137954
7910,129,73.25165001601874,52.526349658221505
7911,129,159.8510555207362,72.6789044581526
7912,129,39.372471563762446,106.18506834918212
7913,129,121.83140858979158,138.57932498046588
7914,129,189.58656812840147,134.55704850241833
7915,129,262.83311276499785,126.97258618734564
7916,129,259.2140314372067,121.20218801361202
7917,129,185.4856206563298,73.58747828160692
7918,129,164.6314930770174,65.31174443966506
7919,129,138.02402828236282,54.78040021598217
7920,129,112.08734377969876,44.485802936987064
7921,129,100.59054683720703,39.931589173147316
7922,129,91.14588820358804,36.183295089993614
7923,129,83.99097986331228,33.365752847786126
7924,129,209.78383838173187,32.205045397072986
7925,129,82.64671920790789,32.831936602101145
7926,129,192.77518076158984,38.74345402591214
7927,129,193.01109943206995,76.38179076480212
7928,129,209.34991750812415,84.06535358701618
7929,129,169.94360444561352,72.61830913311074
7930,129,116.10428155674057,60.541818081595096
7931,129,71.14161723406198,54.71724174058728
7932,129,56.78430077050578,54.11284220982736
7933,129,60.84141450548941,53.526296084208795
7934,129,109.74449948563603,62.09328303068361
7935,129,190.1214424931119,80.25056656418248
7936,129,264.4165954684041,108.57312015146162
7937,129,264.5569529543046,137.83509382656118
7938,129,265.14683598822944,131.79247507300818
7939,129,267.14972216631594,120.79093689547103
7940,129,265.7048151519597,110.16675135152235
7941,129,169.41245211880585,67.19408461371889
7942,129,156.95927994883263,62.27988772640646
7943,129,224.88538807971636,54.23664723560439
7944,129,115.5125427146082,45.8420599934388
7945,129,214.36359305629438,40.61247596152352
7946,129,212.18540334689706,36.94911083252048
7947,129,211.1015867189785,36.52976570412887
7948,129,211.04175871345277,35.61878464616336
7949,129,90.70369451972127,36.03169360834176
7950,129,101.67166316582765,40.36146998421311
7951,129,125.72143392350199,49.884750818466536
7952,129,145.16713697128836,59.731739268092355
7953,129,16.434391759496236,56.57934138094827
7954,129,32.91339868130194,48.452466845092815
7955,129,0.0,41.40103392534679
7956,129,0.0,42.897277290175424
7957,129,0.0,42.05384828562526
7958,129,0.0,45.033917633131274
7959,129,85.93308916816511,53.17691132594214
7960,129,170.24953367042528,69.14017931335307
7961,129,198.59427931875473,78.72250093981376
7962,129,186.57829291464978,73.95262880003551
7963,129,177.04813918791373,70.14989922924697
7964,129,170.55700831222964,67.6074616247047
7965,129,147.07060134650618,58.36094031666968
7966,129,134.30548437703038,53.38268630943797
7967,129,115.15791078731752,45.71719100497175
7968,129,101.83685315282887,40.416209112720345
7969,129,90.54574745351118,35.940826584593175
7970,129,82.74324879187134,32.8494055082207
7971,129,76.14992507299334,30.235798215746108
7972,129,74.6556549072892,29.63756176243406
7973,129,75.33129964670238,29.896943238065283
7974,129,79.67074333662083,31.614618096112586
7975,129,96.10426154609897,38.122438361829886
7976,129,125.29996391921827,51.69935421221629
7977,129,111.04854906250239,54.8981153001355
7978,129,54.51674283481722,51.03958194764337
7979,129,0.0,46.96083438455874
7980,129,0.0,47.3890627732043
7981,129,0.0,51.02131189181804
7982,129,54.22502113977501,57.56071689074804
7983,129,138.48606843803424,64.27895611737769
7984,129,195.41013651424421,77.41501555028799
7985,129,237.59837394080918,94.12759535830467
7986,129,234.41919115962406,92.84787865146102
7987,129,212.26800673051116,84.03389972357711
7988,129,198.9333722710569,78.84888911339152
7989,129,184.23529855473575,73.00863242314179
7990,129,157.69170383237352,62.52541350707223
7991,129,122.76022870024761,48.65508570266833
7992,129,101.24978272784801,40.12523534788376
7993,129,87.45498459805745,34.657527475479874
7994,129,79.04955956048099,31.338016968179108
7995,129,77.5003199151314,30.720547932995164
7996,129,74.92843376784819,29.711818339320544
7997,129,80.55998935376607,31.94019689909889
7998,129,98.69179739645162,39.240356179983586
7999,129,195.2737190150131,77.25028409099899
8000,129,219.01798466853606,86.63728742281529
8001,129,226.10608778652264,92.69241392879782
8002,129,181.5591691315106,87.86694443643445
8003,129,135.62808023555917,82.63350775789776
8004,129,127.20823570780482,83.55123629028799
8005,129,136.48178452964288,83.89316096573509
8006,129,169.61767495275026,88.60632225083545
8007,129,237.8141343006348,101.17095633708387
8008,129,256.06810139234074,124.17107849941398
8009,129,252.2768956221917,161.25853293378256
8010,129,255.70510192641294,153.78072182983004
8011,129,251.61752709946938,144.88726151377998
8012,129,257.0199372682787,128.01035075132094
8013,129,182.1311677354025,72.1459051976178
8014,129,155.53839262596725,61.646006578138575
8015,129,126.91066350314983,50.33148708645414
8016,129,103.32842701742706,40.9620848670517
8017,129,90.86606866877389,36.046919803065016
8018,129,84.73421249754054,33.615651694415895
8019,129,79.99928104342047,31.739144362883977
8020,129,208.30810509841058,31.164775863431984
8021,129,210.64852388797206,31.83502328084696
8022,129,99.98159805753559,39.69345248672254
8023,129,196.17048945625015,77.60716998453343
8024,129,207.35895009499572,82.55475938627538
8025,129,165.51955743815938,69.11523507953218
8026,129,98.17295881418175,55.15997915399266
8027,129,38.585666993778744,46.16010325770676
8028,129,26.064896536791338,47.592992400564086
8029,129,37.17578592893034,49.503509407384016
8030,129,90.34687791925933,58.87111588895062
8031,129,178.1777408061025,77.79994488997941
8032,129,258.12191796369177,111.35325500947181
8033,129,260.74192743292457,144.20743911156643
8034,129,259.96561244884117,141.01602014223047
8035,129,262.7567926873837,127.63069208069757
8036,129,264.88601705590753,116.82939436508806
8037,129,185.240813478746,73.4187338941984
8038,129,162.14096785266463,64.30728732021694
8039,129,132.5760134704268,52.5964993951511
8040,129,110.02570187677208,43.66345541208542
8041,129,214.18348739177873,37.62586740538252
8042,129,211.68561552869747,34.88558430458824
8043,129,210.18332923573269,33.65931557488275
8044,129,208.9253264358213,30.872210440512646
8045,129,210.33082218499288,33.45289894864693
8046,129,102.43705719051732,40.695079939288924
8047,129,201.94017400269004,79.89309177843798
8048,129,231.86962265216593,91.74026154306719
8049,129,198.78111980431967,81.91402735810401
8050,129,142.1946545790398,71.40757645088327
8051,129,84.31075141280431,60.16181583556393
8052,129,80.93821253345723,63.378343019623735
8053,129,96.90890270426067,65.90844782975056
8054,129,148.28704172185425,75.61575298545253
8055,129,222.328332001549,92.12397029001512
8056,129,259.25918005528814,126.28773280214928
8057,129,177.2962811318486,160.47508666356217
8058,129,257.8014162787632,147.02882667827834
8059,129,252.29118323288802,137.60515957388316
8060,129,251.7496101919896,127.78667411811975
8061,129,191.9471313509753,76.05885002944265
8062,129,166.65060138598164,66.08404794676412
8063,129,141.3219951892799,55.97280090222208
8064,129,217.59349084614854,46.30487769466573
8065,129,141.03989645970216,40.28530481971612
8066,129,212.61268515399934,38.596049145014035
8067,129,211.52156523330845,36.45846733302725
8068,129,210.42122004295294,34.94332031525431
8069,129,94.32285381152639,37.36417181955903
8070,129,215.9184830427101,44.84473494811619
8071,129,226.31130757783424,89.49371132571807
8072,129,241.18481463007058,96.0215150396434
8073,129,208.2683007981423,85.031595177729
8074,129,139.77045533870935,67.11281822623482
8075,129,76.36519316674395,57.15515544601933
8076,129,66.01068885685635,58.44973334805768
8077,129,79.2543962429022,60.803765458145364
8078,129,127.0614172544775,69.16656983050467
8079,129,204.35029292422513,87.40127722746665
8080,129,81.36216550754227,122.54349640876538
8081,129,229.0765809293731,154.04201627304184
8082,129,263.5487340616436,153.49983647686892
8083,129,261.77585555683083,144.11964374806607
8084,129,253.54961865737025,138.40328111064434
8085,129,209.07227240233084,82.83201204645354
8086,129,187.8101536259713,74.42855943701748
8087,129,226.92705923678247,60.29484674842957
8088,129,129.31539236953782,51.22489236510592
8089,129,111.47510991870035,44.166247303190374
8090,129,145.4875470442829,40.446378489206424
8091,129,213.01852304022262,37.57126547772885
8092,129,211.94375125945797,37.04312462590548
8093,129,212.33844079700503,38.73990244942719
8094,129,217.4983270986317,46.45711302277598
8095,129,227.86647693603612,90.12624669287587
8096,129,241.66296937209353,96.11210793174807
8097,129,244.67663302626974,92.24164505551339
8098,129,179.3758790190232,80.89541305766718
8099,129,129.89109231607898,72.24019790469025
8100,129,119.80519821064561,73.24919499802891
8101,129,119.25666114689903,71.2031689172501
8102,129,155.68077746041808,75.87878180730957
8103,129,236.46327867652772,96.20291080712036
8104,129,249.16484763993907,124.86374793549876
8105,129,250.8580045081672,151.3061118816419
8106,129,256.40103334353273,142.45652215198785
8107,129,259.27666585498343,131.72298007107707
8108,129,255.48279856847245,125.5027069795125
8109,129,194.98528125871317,77.2236015701494
8110,129,168.07882592060253,66.64596891644575
8111,129,226.05303550592737,58.38439807958113
8112,129,219.56570287883181,50.51232372496943
8113,129,215.37045707399116,43.45643109926311
8114,129,213.1673598914432,39.10444133131737
8115,129,212.00122151273604,37.1471520652494
8116,129,210.80935100257392,38.23512370945257
8117,129,98.25287692024176,38.96629165621193
8118,129,100.75305377150556,39.954378989100036
8119,129,125.72563811544057,49.82689280696817
8120,129,0.0,60.50443438122439
8121,129,0.0,63.39795475884085
8122,129,0.0,56.7901556862655
8123,129,0.0,52.404646643733216
8124,129,0.0,52.83200062839319
8125,129,0.0,56.37932495281716
8126,129,49.25252707429806,60.74005395988974
8127,129,143.29937483363508,69.91674505669278
8128,129,72.43234736679582,83.13542303802015
8129,129,28.587030969625005,101.8378715963795
8130,129,243.1607298612839,96.33143920419276
8131,129,215.037149292165,85.20057000424633
8132,129,194.16976265204156,76.91442769161033
8133,129,184.48423460441177,73.12480589432184
8134,129,162.05905726568304,64.3183037155014
8135,129,141.01249214542122,55.92549139465443
8136,129,123.5034197861431,48.97703734163673
8137,129,109.62399165627446,43.470760786831626
8138,129,98.58872674767483,39.09645434824928
8139,129,93.2824925285054,37.001921003321144
8140,129,92.24470534994467,36.583993335145585
8141,129,210.32578530942203,37.01442765531527
8142,129,211.41398605051975,39.2637653181637
8143,129,115.00250745159235,45.61715697449749
8144,129,139.53023489677818,57.22037326212176
8145,129,134.78350035244802,60.78533629114345
8146,129,92.54833633843162,56.03879984912474
8147,129,34.86529630431079,51.655691536123925
8148,129,0.0,52.294013396437684
8149,129,17.67695857609297,55.72119205459127
8150,129,82.54438602811476,60.55561252177002
8151,129,156.74847523645496,67.23038122794678
8152,129,192.71028667065337,76.33741633685591
8153,129,227.51662926132354,90.13024883458264
8154,129,219.60102549690674,87.01190022441052
8155,129,200.37176303355153,79.39105760723574
8156,129,192.67873499709154,76.38145578858301
8157,129,185.59078697623832,73.5309402816422
8158,129,155.63978280014013,61.755304361131486
8159,129,125.60827652036366,49.808616861981044
8160,129,103.72679535338492,41.10120432253126
8161,129,149.76247925422115,35.28981774357771
8162,129,209.91030898276009,32.25673024969062
8163,129,209.5477053885979,31.02308948435434
8164,129,79.6247527941496,31.562666978583515
8165,129,85.4502385564615,33.870225873814874
8166,129,108.68590770386533,43.159178978953214
8167,129,219.12993891312027,86.6806501112983
8168,129,242.72467731433167,96.00094414193205
8169,129,220.7893789804345,89.85637261746817
8170,129,170.08351581927172,79.28603425985209
8171,129,121.66011612493222,72.41313740589578
8172,129,108.2092669014223,71.49987749548522
8173,129,114.58583439146963,71.13722237521493
8174,129,140.4293672873571,73.92400895059554
8175,129,211.8386906389098,88.86910290077235
8176,129,265.4747998140756,115.10081813067964
8177,129,160.16119208488533,153.67637497694946
8178,129,259.1049597148185,151.91353135799247
8179,129,264.7371018983016,139.13407017965469
8180,129,262.62793348811545,127.35866966230125
8181,129,197.3985118131516,78.17435988044932
8182,129,170.618725310824,67.61587618821189
8183,129,174.12191312829606,55.40615065540489
8184,129,216.40186993072064,45.73496051252497
8185,129,212.4406316070271,38.27921704545897
8186,129,211.86726407724876,35.54433570710046
8187,129,210.37329054090037,33.25095340402483
8188,129,209.97521300209954,33.27816457119625
8189,129,211.32618064713782,34.711183980210016
8190,129,109.42348978611349,43.41206920605719
8191,129,215.40578561861778,85.20407354840073
8192,129,231.21071517978464,91.58989610885754
8193,129,194.0897446251597,79.31450194490724
8194,129,126.76605728200485,63.0265879580072
8195,129,64.65662079792622,52.53767179242153
8196,129,47.196493872341705,52.25273587619131
8197,129,61.03589706284396,55.65637238260252
8198,129,115.82714448594444,66.39859628636115
8199,129,198.1908085000228,84.02705774827487
8200,129,272.0891361458939,108.33686041353685
8201,129,278.9509002397992,138.15176187230603
8202,129,274.94787680192087,134.74456226582026
8203,129,271.9472256414406,123.77380294810509
8204,129,272.9201559860073,114.2429330242056
8205,129,171.2780878215625,67.90251409009814
8206,129,155.84796681369895,61.80420656173628
8207,129,129.82920735505132,51.490037413529436
8208,129,113.71408528448868,45.11057804559972
8209,129,101.19210615934904,40.13052561423234
8210,129,93.01096037245671,36.88674879806668
8211,129,88.80276994959502,35.21845246524744
8212,129,166.09875064730417,33.33872096823077
8213,129,91.78505012923566,36.39189718304914
8214,129,113.5102504588339,45.06066205642497
8215,129,224.32004758953283,88.72185894775409
8216,129,26.077970332355704,100.69856632023192
8217,129,223.69999124968842,90.58413784047406
8218,129,158.85698864036613,74.97796819733439
8219,129,96.41863006449469,61.62311482812809
8220,129,88.28207250449083,63.25592846389827
8221,129,98.39781935249192,63.835266058231866
8222,129,143.13924920051946,71.53282929970656
8223,129,213.18950280121385,87.50967083500694
8224,129,264.10957361176554,118.87087294696244
8225,129,267.47182904906094,152.51295229700727
8226,129,270.33395379100256,144.85931416154676
8227,129,266.13767520785103,133.14662677398377
8228,129,267.7102392749262,124.07938766694075
8229,129,187.63076816241409,74.31677931365361
8230,129,169.88344884032713,67.34359343680066
8231,129,226.69156199010487,51.6193662273878
8232,129,220.37287973189734,43.041606678702216
8233,129,214.93377031546856,37.09995149337407
8234,129,213.60140567996666,34.67423043529659
8235,129,211.98969170097115,34.76716109631982
8236,129,211.29666368112865,34.53297389104988
8237,129,137.56697171108812,36.132800466608295
8238,129,106.6880581430496,42.27214749086232
8239,129,210.58275733302523,83.2676215857881
8240,129,229.6839159754427,90.83754209337187
8241,129,215.39368313266039,87.69122290059869
8242,129,156.56891532702488,70.9236948457918
8243,129,95.06224486780823,61.55133837417505
8244,129,79.1371180806486,61.058822979780466
8245,129,84.91892635944964,60.79859692917466
8246,129,127.92998882576256,67.77108040633735
8247,129,197.9289870817098,83.68393522551538
8248,129,272.6699401811636,107.85229252372564
8249,129,279.8614049967725,136.52986460956237
8250,129,276.35103287178356,137.84492413367684
8251,129,273.81708251291315,131.39343956230329
8252,129,273.72213151072697,121.06923988074352
8253,129,192.090581233618,76.10519040632174
8254,129,163.16356337748417,64.70061908374274
8255,129,134.44138352492985,53.29720552928756
8256,129,110.33773810036962,43.706391434231676
8257,129,202.74676456898177,37.19715176300139
8258,129,214.25281871398738,32.63133578677099
8259,129,81.02289857608014,32.112577213299645
8260,129,82.94399906602479,32.84870239317331
8261,129,83.35885316860825,33.02040890248106
8262,129,101.5824375032146,40.24352165398344
8263,129,206.723260430401,81.75435057349168
8264,129,233.20129721208005,92.2322724046544
8265,129,232.04186528951354,93.1933918869907
8266,129,187.17307482804912,81.46777806780933
8267,129,145.72488322504284,75.71084294104307
8268,129,134.80857395363088,76.78319333126531
8269,129,130.1329938137883,73.49783387229053
8270,129,163.22533772604686,77.33339465339171
8271,129,237.70548990660956,96.0090689253786
8272,129,266.87915375800844,118.03639418137787
8273,129,263.77667901172686,145.8682926898578
8274,129,263.58556866205873,141.25432481682392
8275,129,266.53566663726383,125.27440421953916
8276,129,264.9492831848903,117.57242228006257
8277,129,181.14778067764448,71.75212195331652
8278,129,164.9250384327985,65.45880878712967
8279,129,141.79242590962815,56.2439431036261
8280,129,162.81309147998968,48.74206166865411
8281,129,108.26003024582675,42.90846320415536
8282,129,97.9991780273366,38.86345128244885
8283,129,90.2422018523481,35.782263596257174
8284,129,85.48697578265774,33.910514725038546
8285,129,86.60234956843382,34.34624625174863
8286,129,94.75502311471473,37.5685503720499
8287,129,118.12481687448795,46.815276846549224
8288,129,147.399384093994,58.439602339136705
8289,129,150.17875263808378,61.75104101398167
8290,129,91.82477372442222,55.490014092962106
8291,129,29.612936658079292,55.12920324733754
8292,129,0.0,55.43640632759557
8293,129,7.948927477908541,58.37380352369625
8294,129,64.51703536914266,63.51425366354202
8295,129,158.57991116502745,73.73271589820224
8296,129,0.0,84.34209994753807
8297,129,18.884150687775048,97.89985971942616
8298,129,243.38299676384167,96.31851067393235
8299,129,223.46894470837242,88.46607371601701
8300,129,200.78824388983207,79.48142114379499
8301,129,186.8204959882398,73.95558774499841
8302,129,170.3494066227833,67.44578255226101
8303,129,149.45875776884776,59.19936943966167
8304,129,122.96006523667558,48.72887175537921
8305,129,107.70236512619746,42.67019521526501
8306,129,92.83203466482348,36.77235239650375
8307,129,92.10086682434948,36.48340224276352
8308,129,82.95236706309694,32.87028147749345
8309,129,87.17150182961575,34.54556737921534
8310,129,213.490964485203,37.716580381986816
8311,129,108.17742821576459,42.87092042079893
8312,129,137.535823442839,54.51803439168262
8313,129,134.4366164121915,56.98508557997695
8314,129,101.96144835981613,53.465668640298446
8315,129,51.13824593573213,51.000206548493345
8316,129,11.960961469466014,52.27471058225991
8317,129,23.269773510492087,53.29974858570941
8318,129,81.67250198530596,56.97280239672906
8319,129,141.9203218866869,60.56619767467039
8320,129,184.88533570208077,73.3015315143494
8321,129,233.03880997560356,92.28160005604529
8322,129,231.37696107496808,91.62199789978523
8323,129,218.10087300140424,86.40059536485049
8324,129,203.3386028787021,80.5609120406198
8325,129,183.03590725231444,72.55239982091288
8326,129,160.35287604469772,63.62863102718261
8327,129,125.13811992795354,49.64123525897417
8328,129,104.6025929104637,41.44516926980517
8329,129,93.12122165600556,36.90732082466468
8330,129,86.89998112243202,34.45102867109764
8331,129,151.24238986274818,33.29214561504412
8332,129,208.63145774105973,33.1267927977179
8333,129,209.6065715001778,33.18442902007715
8334,129,214.5477786297647,40.38725190755645
8335,129,242.41140642095615,79.6810655741299
8336,129,228.10581243762584,90.23401320640644
8337,129,213.24338460039272,86.07081764638083
8338,129,166.0461106733493,74.9705194819898
8339,129,117.87122664864569,67.90226104326113
8340,129,101.16331830468894,66.2194040508072
8341,129,101.30088692457662,64.07879652045041
8342,129,134.9680934395039,70.64044647837072
8343,129,209.60117950025747,87.3878856985799
8344,129,254.28337577860205,122.62576515441812
8345,129,254.0855172888037,157.90773383241452
8346,129,252.0239543926266,153.22481759170645
8347,129,247.79801060519446,149.65038096135052
8348,129,250.17179176833082,135.99383757988036
8349,129,201.44990844423916,79.817396523084
8350,129,174.3845221161564,69.1254815892534
8351,129,185.37656924208434,55.635039621792245
8352,129,218.2478518478277,46.210962383856135
8353,129,214.12081064484667,39.652165784504135
8354,129,212.7829244611732,37.0458702540497
8355,129,210.82651020249799,34.412467168134704
8356,129,210.410788040285,33.588868277611745
8357,129,211.73373332337775,36.33361930373892
8358,129,113.56256090359906,45.048034393066466
8359,129,225.9781551081126,89.37480341727567
8360,129,250.28841756313724,98.99827717718527
8361,129,221.90183149095333,89.26054117909307
8362,129,158.1822102622894,72.89274261277636
8363,129,104.69183295243667,65.56314559737159
8364,129,93.14209241282256,68.19120698021595
8365,129,103.96791988770104,71.1971374021602
8366,129,150.83860068885713,79.51211537614773
8367,129,232.16877741613473,97.17493404835479
8368,129,251.43134896624986,119.90144316428825
8369,129,257.6286039306126,145.32968701906964
8370,129,261.0545357918923,137.78958537370565
8371,129,255.1116137919358,135.80834631008426
8372,129,254.46751094564846,131.1625369653964
8373,129,192.70734793051858,76.34392945627694
8374,129,167.81362275860445,66.54900092186386
8375,129,143.21294730347844,56.77449177711098
8376,129,217.1366915089159,45.071775281143566
8377,129,195.74042609844966,39.29078848790967
8378,129,210.3343683669685,36.97465327262379
8379,129,209.84514964657563,35.899561974919195
8380,129,86.7528271422735,34.37485362390168
8381,129,91.3173223877699,36.18401412880723
8382,129,111.61139323433389,44.251126757151305
8383,129,223.6228141641199,88.42848990958348
8384,129,247.19758574243045,97.75618918497133
8385,129,232.33334847271792,92.718810043
8386,129,169.66599970850638,76.8080532849307
8387,129,117.2452296496651,67.23228915477908
8388,129,106.59798287640143,68.42387833355711
8389,129,111.22653113520897,67.62557537554856
8390,129,145.0039080268546,71.76015305155207
8391,129,211.81060280047248,86.7720694067634
8392,129,52.50352269692016,111.14092864230801
8393,129,137.89693225315247,144.89589871597002
8394,129,119.82442926152359,133.39904042759701
8395,129,276.41551599126046,121.70656681341937
8396,129,277.6241177247769,112.5424952553122
8397,129,179.94337990960574,71.31213873098902
8398,129,151.61220199652448,60.135574624580535
8399,129,133.3130987338791,52.88260438576695
8400,129,109.98542789102217,43.57012382757027
8401,129,95.4109197678541,37.79427529542728
8402,129,89.85411352728434,33.76039420440197
8403,129,209.0743696394739,31.10626995373616
8404,129,209.01373352103292,30.22912116114474
8405,129,83.76948729510403,33.193105480110454
8406,129,102.52734014972731,40.665909482906585
8407,129,206.2497456845449,81.56716325519918
8408,129,215.4685104721672,85.2186936422075
8409,129,211.13720099696565,85.79457168999224
8410,129,163.87879310721587,71.82634608860178
8411,129,105.08072906881694,63.15355975578421
8412,129,84.43579568834636,61.3650912950648
8413,129,85.83863855039198,60.12909973922873
8414,129,123.87508044942663,65.872199485265
8415,129,196.84892180762859,83.33945480744084
8416,129,263.5420913430728,114.92173287603644
8417,129,266.1614754612813,141.11922300257058
8418,129,269.19007313705026,134.7057662934873
8419,129,268.15662524994013,124.17053574583458
8420,129,268.28891489976314,113.85528151531473
8421,129,180.61205050696572,71.54031137721276
8422,129,158.7498280048365,62.92819912897748
8423,129,132.9532467910326,52.66309279589491
8424,129,116.00432225703017,45.95662696901299
8425,129,100.97501913056206,40.01395194785151
8426,129,91.55263396316116,36.28220481000496
8427,129,211.49789852641376,35.20121915075082
8428,129,211.06444886310882,34.62029456251918
8429,129,211.9821876700243,35.03875827207239
8430,129,107.12106197660631,42.45081456777603
8431,129,203.82481281428255,80.61932886737273
8432,129,235.06117790156722,93.00620844723359
8433,129,221.0414287555693,90.40244121497858
8434,129,190.84528449326044,81.04663671749343
8435,129,152.0936820367993,76.22127989990267
8436,129,143.02785592292366,78.56883432736622
8437,129,150.15239063695773,80.70711231950747
8438,129,185.1630415603296,86.04007914023806
8439,129,204.14591174132113,98.63307712066546
8440,129,260.58027952363005,117.31352101350055
8441,129,262.55421298398926,143.7626360188092
8442,129,263.4415921828577,139.29236586892563
8443,129,266.73191020535825,127.61575064821612
8444,129,267.0278284546441,117.6430857653681
8445,129,177.65777265334037,70.37816445958222
8446,129,161.83443847335255,64.19890140785883
8447,129,151.3795196555563,55.40907080149264
8448,129,218.56723919003684,45.16751382043013
8449,129,215.0548206007734,38.7428827851244
8450,129,212.8642153564826,35.5890836137615
8451,129,211.66093374606731,32.72457356343014
8452,129,210.88236015077655,31.979706906069758
8453,129,211.45048045352866,30.934462877140735
8454,129,88.05386771973289,34.93299271524435
8455,129,105.16332507986093,41.69517596837787
8456,129,139.5236060721743,55.341648499872235
8457,129,148.11052270772151,60.26915193195744
8458,129,108.13551781965813,57.86358794103439
8459,129,37.03281845736939,53.83161244774581
8460,129,0.0,53.59331367797836
8461,129,4.160286493601006,55.353867499299184
8462,129,53.83917232605384,59.53087913409876
8463,129,130.8020258030851,63.743430948261846
8464,129,187.62113440745765,74.85169928935275
8465,129,239.67451842026932,94.85280655406301
8466,129,225.02849736691388,89.1055296272546
8467,129,206.79981304101247,81.91634881620222
8468,129,197.6581445726744,78.29306559059648
8469,129,185.8839769371805,73.60609421322685
8470,129,160.8641639793973,63.72524971356589
8471,129,141.3451544920541,56.01841441438586
8472,129,129.35752283736335,51.26249076308915
8473,129,111.66253480357113,44.20955797771695
8474,129,101.00530414257491,39.99248299855414
8475,129,92.09018403504743,36.4689520887916
8476,129,91.91542194629676,36.39474984666978
8477,129,95.34460461791383,37.73977662904389
8478,129,104.94693005661304,41.55303241231702
8479,129,119.17312997746876,47.19107350548963
8480,129,150.73305633790213,59.70552216322552
8481,129,153.97597654414596,65.7815927132615
8482,129,137.7343260603041,63.94547790940097
8483,129,91.71327881140456,63.27260105544877
8484,129,49.51687693938922,64.52861082595807
8485,129,54.306901102123106,64.53327726518448
8486,129,114.77206339966628,70.60065285301845
8487,129,173.83955359001746,74.47470277873424
8488,129,198.71275022376267,86.18807142267127
8489,129,30.57995584195794,102.5429208122634
8490,129,252.12772632848868,99.88301649946177
8491,129,235.75749657508283,93.3099249867615
8492,129,216.5449384839384,85.76807973936404
8493,129,193.8430255961343,76.81615919622145
8494,129,174.32538917666207,69.06623713348087
8495,129,139.9069840637317,55.444803932406806
8496,129,115.96107886114382,45.929078394385066
8497,129,96.25027964075983,38.14136724507396
8498,129,89.233813565059,35.38889145444368
8499,129,86.75822389442445,34.394992829649794
8500,129,83.29565713426845,33.01354924537893
8501,129,87.28603041177152,34.621597578250615
8502,129,104.91070062649754,41.61056287120508
8503,129,207.3516908227937,82.01577478025173
8504,129,235.2967530669119,93.06581552563415
8505,129,229.22481750579848,91.31248131595449
8506,129,181.48209143722127,79.51755004865198
8507,129,129.31355682318824,70.94310665709331
8508,129,101.48894331453207,65.36397081637027
8509,129,96.85282766866266,61.95501680866821
8510,129,128.6407384820265,68.39986958489176
8511,129,191.10361845878998,80.60519268826833
8512,129,260.72062918883177,103.14787829927751
8513,129,270.1758269997363,135.92387573064318
8514,129,270.9122496766589,129.9774517927809
8515,129,268.26808199567154,120.70809765301175
8516,129,268.51036285736643,110.19383117262113
8517,129,167.3290155629985,66.35805278483527
8518,129,142.35788911700098,56.4602756284167
8519,129,117.66629882337654,46.721898498538984
8520,129,103.58543192844749,41.07153396682797
8521,129,90.1309297863584,35.76163204971469
8522,129,83.43315760912873,33.093877865251635
8523,129,75.28392369306758,29.880790543877545
8524,129,208.5548481457522,30.755440712633614
8525,129,83.09105215762713,32.948348692927816
8526,129,99.25844971336417,39.40254930530747
8527,129,199.76152234729483,79.02134372456936
8528,129,223.64436915711394,88.45543843721012
8529,129,226.3418913095947,90.75538915489044
8530,129,192.08152813972745,85.07499816788055
8531,129,137.59125313810827,77.40406644288308
8532,129,121.9471366972158,78.75902609336863
8533,129,123.04842145674044,78.41635752112056
8534,129,164.06800296365986,84.90581273130881
8535,129,230.11870807757262,96.78241665452995
8536,129,258.6112292143206,124.35571735041273
8537,129,262.2822104997482,151.8087410098431
8538,129,261.10050155977405,145.42063311861534
8539,129,260.9450181713271,134.08409599315289
8540,129,261.1652637754638,122.71929819269978
8541,129,184.69874306256173,73.19689232234899
8542,129,165.74464553099233,65.74679566716127
8543,129,139.54184061659092,55.36489462581334
8544,129,110.13089351267169,43.67640998180892
8545,129,94.28624041623479,37.385785793707925
8546,129,187.64817603376116,34.91675797157963
8547,129,209.5296190496363,33.34775907412296
8548,129,209.35517704755924,32.51791210844853
8549,129,210.0724879954292,33.388693284613716
8550,129,100.0937798867767,39.69129199485639
8551,129,195.76262420004653,77.42771558255792
8552,129,225.50715830153933,89.1812160530281
8553,129,239.50123486404706,95.16815349595356
8554,129,192.612690319919,84.98861099268281
8555,129,145.67797909086266,77.64274534554757
8556,129,138.5417732752181,80.48472956071537
8557,129,141.76102471214946,79.4847566121583
8558,129,169.1965646453113,81.45833536885024
8559,129,235.39260376050208,96.18509539368681
8560,129,252.2188845603779,123.40373400241458
8561,129,250.06422007297857,152.2840215644196
8562,129,248.80619330934195,145.11787894475754
8563,129,247.9027120574102,135.2355520230061
8564,129,252.2924075765438,118.48074300137513
8565,129,178.33338187924141,70.69391047137827
8566,129,164.4538731390881,65.18497616346069
8567,129,135.4164517095242,53.70844016500416
8568,129,111.23110410860804,44.07769924741633
8569,129,93.84010990109459,37.191337618964425
8570,129,129.13519661253403,32.8319305378023
8571,129,206.96498071977487,32.06865310691098
8572,129,206.76568040139642,32.049903549263206
8573,129,207.28738207405328,32.25032270739625
8574,129,99.83706368310052,39.62331710567386
8575,129,200.63966992548288,79.3551285752582
8576,129,226.679603053082,89.6545902503427
8577,129,229.58073800466394,91.65662303464498
8578,129,196.81821130938815,84.35254647824085
8579,129,139.86804852232027,76.47195740665452
8580,129,113.28837698166083,72.44873017092499
8581,129,120.79390301732573,73.84876095626474
8582,129,163.62561130990017,81.66994665129504
8583,129,230.2605652493277,96.73747022339846
8584,129,251.31763959693387,124.16666891025316
8585,129,248.77695093206498,151.80238152984137
8586,129,249.96540493903296,143.6693933573922
8587,129,255.62770577889538,129.6052300991158
8588,129,263.5836462404733,112.10340306230604
8589,129,174.35262827165943,69.05581330513668
8590,129,156.78073476479426,62.10305571533164
8591,129,131.22373642932672,52.00492410739652
8592,129,113.02762352453044,44.80308819112544
8593,129,100.63907486179602,39.86291599916136
8594,129,94.52083787354937,37.44742273170257
8595,129,92.45478558636577,36.62568446836855
8596,129,203.78331704086605,36.370639836533336
8597,129,211.09388978987553,37.66901592650701
8598,129,212.75891259737278,40.95018788633169
8599,129,116.37248796170496,46.09419306954263
8600,129,142.62311243285097,56.49236982869802
8601,129,157.40054082804988,65.09724300287658
8602,129,138.20581499586737,65.77040815228662
8603,129,208.4280484419061,65.04180312026922
8604,129,195.81633497396922,63.05581756338477
8605,129,196.70200676371863,64.4200051563624
8606,129,97.83131986144866,64.4929067765406
8607,129,166.35755461013702,71.48698310796719
8608,129,207.94322568120194,82.35831029503198
8609,129,240.76154067530098,95.31594194337264
8610,129,224.10239095962226,88.70590897267758
8611,129,211.72466523133338,83.81397200668658
8612,129,190.6710664413147,75.50845802279704
8613,129,164.57098332134734,65.20075944578103
8614,129,139.6534175514006,55.32946140512943
8615,129,118.70185425189206,47.043530633765215
8616,129,104.74829390945573,41.53109907518157
8617,129,92.48207617527271,36.63934923781829
8618,129,81.71133539264375,32.385096687531785
8619,129,81.14879753629012,32.15752129533438
8620,129,78.31941384050367,31.03154182216696
8621,129,82.29448474167711,32.592223113197285
8622,129,90.63652884635687,35.90992717663653
8623,129,105.8468673469406,41.934465358994906
8624,129,131.7318651346575,52.18825215087766
8625,129,148.8971092147544,61.7367397955232
8626,129,130.99506162280505,62.9205672082432
8627,129,87.10371645686976,62.615399063363014
8628,129,41.87017384946401,62.58361064843573
8629,129,41.47151170833396,60.34440374849359
8630,129,99.86184766207984,65.29532302148091
8631,129,174.3158399691609,74.63226057880445
8632,129,216.247201839753,85.63994001298681
8633,129,251.60102708333199,103.73029542162467
8634,129,252.0424986993426,101.53475113666735
8635,129,240.37606541052625,95.13765320798129
8636,129,219.34997115792854,86.84296720719033
8637,129,195.06730968574004,77.25340359002615
8638,129,169.18039773912952,66.9991398995485
8639,129,142.34327497927524,56.38729854168887
8640,129,117.24682489358074,46.47093163697885
8641,129,100.64034920238996,39.868850096986264
8642,129,89.23349383696433,35.373314302490996
8643,129,86.17081513018832,34.15770082180327
8644,129,80.20917981313858,31.786094687722283
8645,129,82.25454149382472,32.58934127994011
8646,129,86.40147739410864,34.25141185759641
8647,129,102.07382139742549,40.455894710939326
8648,129,134.5148143075683,53.27998593103953
8649,129,160.85251206334306,64.4261243945917
8650,129,135.17281857503605,66.21005040437663
8651,129,97.37761469465056,67.83758462557039
8652,129,63.33961851919412,65.92446432299236
8653,129,47.35207323622603,63.54950670687977
8654,129,92.49947404852321,62.97797241382562
8655,129,159.749599510711,68.8390374612334
8656,129,201.12600419648174,79.63004403551723
8657,129,230.18518589977788,91.1462061281011
8658,129,226.09269801312237,89.49257800641583
8659,129,212.5386436987604,84.13564469738857
8660,129,188.6570853832481,74.67635835925564
8661,129,169.36359787700894,67.04841869094439
8662,129,151.15199300959503,59.84292061305874
8663,129,133.90197169297835,53.02772485375658
8664,129,111.90147988610022,44.36083758280999
8665,129,98.35534246747102,39.006947070637345
8666,129,86.9076835689917,34.48773121383937
8667,129,84.95158813891734,33.71715463484018
8668,129,82.87082013485758,32.897353758204716
8669,129,90.19550319493064,35.79219903218522
8670,129,99.27177695563216,39.363957597988694
8671,129,188.51475784878247,74.56332455168678
8672,129,227.28501151223668,89.90216311922006
8673,129,240.7721194214787,97.19826009334362
8674,129,184.00398475251833,80.89584088934126
8675,129,138.07662424154188,75.03514565774998
8676,129,129.72291681978376,77.21319468764723
8677,129,144.1055579278725,81.26935832438905
8678,129,180.6394156765414,89.4739853129689
8679,129,258.2345794128038,107.81898723043615
8680,129,260.6307493495308,133.94353976215615
8681,129,261.51070863879863,151.64024373644847
8682,129,265.204584408238,138.1958708743875
8683,129,265.20090668524074,127.26040716235798
8684,129,262.6771222003512,124.23871577706889
8685,129,193.34730103635778,76.65338976048128
8686,129,166.7624983061451,66.12042849968795
8687,129,138.12200542277253,54.82671839115984
8688,129,119.59024630618842,47.42781636171087
8689,129,101.8448237718701,40.38594291939326
8690,129,213.3870763883401,37.68279584707755
8691,129,211.40521961906344,35.63428579571256
8692,129,210.84346669001164,34.85170089482301
8693,129,144.02980042096658,37.145145269845116
8694,129,108.92439415868793,43.27156901356603
8695,129,196.9247431048018,77.94355731544425
8696,129,242.2243079308437,95.80070216426184
8697,129,247.90593313020537,102.06861474283905
8698,129,206.7272619519649,91.8444430093916
8699,129,150.59117019341883,83.77311307815005
8700,129,151.41977235219883,91.48408693074545
8701,129,152.75834694844193,90.44771191603562
8702,129,206.2327919765643,101.92865753609313
8703,129,242.74367957478304,118.37276768906979
8704,129,240.58239085368882,148.6612504357255
8705,129,238.12476605206712,173.05249918483656
8706,129,241.94838080242675,159.08111997144198
8707,129,249.172261326553,140.3569526991112
8708,129,250.13975334012173,126.73782401479758
8709,129,179.9920434580926,71.310785577342
8710,129,168.77292036389235,66.82528014288403
8711,129,138.75752033715116,55.016434036739035
8712,129,112.97380890919229,44.76933473068426
8713,129,212.78243814010622,36.952116748735754
8714,129,210.2225531618842,33.88026487746295
8715,129,209.29922942573498,33.56290512460295
8716,129,208.92619299536008,32.520314462399966
8717,129,209.44356657722096,33.9511204713747
8718,129,95.58405384176538,37.86784957209792
8719,129,170.64178974196764,67.49931908641685
8720,129,208.3854802353251,82.39346035117475
8721,129,238.41630933835845,94.40953751276689
8722,129,210.6602103492996,92.5668537451618
8723,129,171.42615160859975,88.57089860634242
8724,129,165.77350545669134,92.04066455393585
8725,129,146.59246581629048,82.03300569217609
8726,129,174.01835192744386,83.79140168587843
8727,129,227.24371992160286,93.1494519644016
8728,129,255.67507865003947,118.63573342442311
8729,129,259.25636663536625,147.98249226535796
8730,129,255.24162736349965,144.77287333868304
8731,129,257.6683191478786,130.22004797129154
8732,129,259.86158362004375,117.03888690931352
8733,129,178.76059995418103,70.85463436834601
8734,129,164.01453388318643,64.95442695353188
8735,129,132.86109982939465,52.62895493258091
8736,129,104.56505143627481,41.43529184842415
8737,129,85.29027225014474,33.804478959466756
8738,129,79.42409064756717,31.478305256437725
8739,129,75.29947762842681,29.848073757732223
8740,129,121.04193367300553,28.73871684310259
8741,129,74.59237501189975,29.55314733160436
8742,129,85.06549821193943,33.725916964495156
8743,129,162.14225051833608,64.10386741288593
8744,129,194.77119810328247,77.0074003745044
8745,129,206.81858790588592,83.52331131977736
8746,129,166.97256490656542,73.14914669272117
8747,129,97.35128710292074,60.791283986212214
8748,129,81.92933573467087,60.9897868211424
8749,129,90.26400290671432,62.43434498131357
8750,129,133.492933237509,70.05181278677902
8751,129,202.33648751301203,85.76555011173531
8752,129,259.5241594163227,114.60522477342796
8753,129,261.91254765356575,141.70775091440723
8754,129,264.1165346878651,135.6165767277369
8755,129,266.8544015568592,121.42239515542327
8756,129,267.797235598298,109.98772728134537
8757,129,174.04712633375752,68.93252628388741
8758,129,161.5197203025538,63.99947451805621
8759,129,137.2125820573551,54.40808172270033
