time,bus,P_sub_kW,Q_sub_kVar
0,129,45.7754016929596,251.94678408356418
1,129,43.30033854840769,250.96818314629436
2,129,39.44163690845708,249.44461105494875
3,129,33.29221352675333,247.01306681701504
4,129,30.410853180425764,245.8757902710908
5,129,29.09758032538121,245.34723106741913
6,129,30.4637705154638,245.89903130435852
7,129,33.09009710499413,246.93931589694867
8,129,38.5522172128125,249.09964428712058
9,129,42.446778079511596,250.98398449900077
10,129,33.8512075856927,250.41893727070104
11,129,21.349628820831526,249.27178808747948
12,129,15.804676370803145,249.1644715953494
13,129,16.75713059257682,249.022703914385
14,129,30.13037472834871,251.59170549489374
15,129,51.6126966395515,255.8681522911952
16,129,69.30704009677882,31.149106478364544
17,129,86.77922270581875,0.0
18,129,86.06523618424544,0.0
19,129,79.27046627239316,35.04899966054763
20,129,71.09893355285195,0.0
21,129,60.784879937285325,257.8794377538297
22,129,53.4058575512558,254.96107963615933
23,129,43.94305259156118,251.22072032977994
24,129,39.93246669492849,249.63561799549967
25,129,35.71929595336053,247.97004781976517
26,129,31.937948340604947,246.47671861336448
27,129,30.26580251430016,245.81622289412772
28,129,29.74169962784138,245.60869002470562
29,129,31.47761751465946,246.2962816051724
30,129,35.98421375743296,248.07855477218806
31,129,70.23709541444808,259.02320569579473
32,129,83.70777054803632,23.212829313237563
33,129,90.09934922165831,0.0
34,129,71.83862241191653,0.0
35,129,53.28737227290124,258.25345015676
36,129,52.7611799696794,0.0
37,129,56.809680501206216,74.35879084128707
38,129,66.60057010720114,259.52917746591123
39,129,85.13226512499831,46.6679263796066
40,129,112.35845812619407,0.0
41,129,151.72076116940013,0.0
42,129,140.58671694284018,0.0
43,129,131.13657596350842,248.07505691052506
44,129,119.99170637032196,75.08936549049204
45,129,69.54408551372465,0.0
46,129,60.79572363502325,257.88829715584706
47,129,52.28533901059282,254.52286097777278
48,129,44.6671730071402,251.51154667691011
49,129,38.08547177493707,248.90871753402402
50,129,32.716438393544856,246.7878311344306
51,129,29.561142693941665,245.53768359520114
52,129,29.196122646322134,245.39338648174407
53,129,29.431047175438454,245.4873589407611
54,129,32.42707735907868,246.67335734578532
55,129,38.54966493317176,249.09394077037788
56,129,46.798633009112194,252.35568237655158
57,129,50.237298897423436,254.20497392004614
58,129,37.53784256490364,252.80882089716755
59,129,22.098227213411192,250.65752500471018
60,129,18.67750103949913,251.29981629490976
61,129,20.250154321031864,251.58931343142527
62,129,33.59435505821601,253.96412984814498
63,129,57.732880711194426,0.0
64,129,76.99336191967116,0.0
65,129,99.872771680179,261.53642855258244
66,129,96.13522432060428,0.0
67,129,86.50319889009685,82.21628463348888
68,129,78.21674856482151,43.45196358646722
69,129,69.67115004721526,0.0
70,129,61.249827241287214,0.0
71,129,54.27064682958626,255.30814356943833
72,129,45.39519033077872,251.7968700138659
73,129,38.510769480094595,249.07403137711302
74,129,35.29781842345523,247.8037800835196
75,129,33.1534577751578,246.95588354818017
76,129,31.494081117063878,246.29928051902598
77,129,31.27900652421236,246.21464120579182
78,129,33.217488655924754,246.98153428363136
79,129,37.71735352567693,248.7630804200423
80,129,47.74199160940328,252.7254488616394
81,129,52.360387133792486,255.09806977202453
82,129,43.9840409341324,254.62617473678816
83,129,34.00389120535775,253.68707693568993
84,129,24.730778009717266,252.44830811608975
85,129,26.046764044392468,252.2798093395246
86,129,34.92296146825087,252.56317878149375
87,129,51.44974555901274,255.8423657449176
88,129,75.92446134989345,20.247281662153284
89,129,98.29868753626147,261.4987074769898
90,129,96.03444286220434,261.20807906810705
91,129,90.19432918909673,0.0
92,129,82.79312104894943,80.74210259102817
93,129,71.89625425397378,0.0
94,129,63.56552354780757,258.26402767501946
95,129,50.10215737608979,253.65877296995276
96,129,39.20580906878757,249.35301897588278
97,129,33.60017870317134,247.13598076313644
98,129,31.66774109198465,246.3718165768428
99,129,31.834946169488482,246.43751515745336
100,129,32.38431845591234,246.65576822334367
101,129,36.08577222586314,248.12058855983534
102,129,41.96988405108106,250.44657642459873
103,129,78.5984706406113,259.78294294182626
104,129,88.76701566636876,0.0
105,129,92.68839207410278,0.0
106,129,75.94888902192102,0.0
107,129,55.517892415463706,258.79370062685507
108,129,51.91052903311123,37.74910362417806
109,129,51.87250882747158,0.0
110,129,56.077835250520835,0.0
111,129,79.2696550144065,260.73444145416255
112,129,110.27459830284049,56.120266616512424
113,129,151.96248986277024,237.7873929214292
114,129,140.99385658467023,244.8747432764638
115,129,131.88028743878542,6.9991352350771905
116,129,119.26062085963551,0.0
117,129,68.4097268911234,0.0
118,129,60.16322063397772,257.6379289062693
119,129,49.06490476631627,253.2511760204313
120,129,40.29216926400259,249.78123326338928
121,129,35.31555517861147,247.8123722163783
122,129,33.70237312122896,247.17475542365298
123,129,33.06228693172702,246.92179184507583
124,129,33.69534540698058,247.17160708956243
125,129,35.64968154062621,247.9451888397356
126,129,42.22629590180165,250.5475628965765
127,129,79.23311917209132,79.3259119398562
128,129,86.33309895705865,261.60292826244444
129,129,78.22864975247586,0.0
130,129,64.07026044847066,0.0
131,129,52.14467287518507,258.7088648334454
132,129,52.01828348591445,258.8521117040592
133,129,50.017168689304484,0.0
134,129,55.438273159275326,0.0
135,129,80.14954882347809,0.0
136,129,120.03609756574372,37.60107885071058
137,129,161.5977782860835,226.3807196772208
138,129,151.04311016681342,0.0
139,129,142.54075927968756,239.36811534998517
140,129,131.4085508995845,245.69493888914346
141,129,76.85264179808873,259.59372440485765
142,129,67.97336208924003,0.0
143,129,57.37269508610547,256.5376251813737
144,129,47.49198900903451,252.62825222559204
145,129,40.42794227489305,249.83364040557373
146,129,37.20536128501199,248.55924546774546
147,129,35.64541889137522,247.9430928620045
148,129,34.35688477335584,247.43346412052415
149,129,35.14702487955738,247.74542440688668
150,129,40.54518019591881,249.88121377122673
151,129,76.57188010836796,0.0
152,129,87.96498075160405,261.08768935668496
153,129,86.57050078124456,260.79531774999606
154,129,70.57712603443082,0.0
155,129,55.33881818253235,258.34787287851384
156,129,54.18486468875501,258.40523612045706
157,129,51.80398108112783,15.763365890792226
158,129,57.580471845853836,258.70003107936463
159,129,79.1510648323864,260.39763439928294
160,129,117.48969467488004,254.69193839264597
161,129,157.640080565564,229.42537089481877
162,129,147.84539566912915,0.0
163,129,136.45369320790925,242.67445083928772
164,129,123.28199975949748,252.51178650380197
165,129,73.87444571197871,0.0
166,129,66.10857182234122,258.66736739087173
167,129,54.5752472109856,255.4262479205634
168,129,43.91331216338358,251.20932437204308
169,129,37.3382537237849,248.6099175067188
170,129,32.744291032022936,246.79500905727556
171,129,31.253372624486264,246.2053689302465
172,129,29.962534201340443,245.6944655624898
173,129,31.83506139365909,246.4353162171732
174,129,38.551144373364515,249.09396719827134
175,129,71.83006089181248,0.0
176,129,82.31026149898479,45.064738599548775
177,129,75.86377189855236,260.05432411894265
178,129,57.20216290358499,258.4555585310907
179,129,40.20647728515533,254.1992285374055
180,129,37.62321280496343,254.07480527717468
181,129,41.2653498156163,255.13627643960513
182,129,49.38165692902015,256.70338947416394
183,129,69.72952963157655,32.52338474724516
184,129,101.29255077707728,262.86828455157075
185,129,141.78610951691277,240.72406111515338
186,129,137.94636993076304,0.0
187,129,124.68734557841113,0.0
188,129,117.63662648768445,0.0
189,129,68.47855615957171,30.793074806178243
190,129,59.78182494615228,257.4918887510201
191,129,48.010703180592344,252.83532704048838
192,129,40.111431010092765,249.71017197176192
193,129,35.849572135084145,248.02418943373257
194,129,33.47137805360157,247.08500732963157
195,129,31.388146260742005,246.2643533592453
196,129,30.526487926580163,245.92304543931573
197,129,32.9952623566135,246.89876758212347
198,129,40.81408386632357,249.99167489634135
199,129,79.63538789625919,259.904166190242
200,129,93.90421420765377,49.638752500419315
201,129,91.56754141784509,0.0
202,129,73.84932353292048,0.0
203,129,61.96265026560952,259.1006900108314
204,129,60.719981132640726,0.0
205,129,63.477662570502396,259.50135618723345
206,129,68.82189330706515,259.88772262395577
207,129,86.26757260870465,47.36390693030145
208,129,109.85674863044552,260.59066763191214
209,129,138.65042858089944,0.0
210,129,128.823687302906,0.0
211,129,118.27255964205605,257.12006032096804
212,129,107.8181636594206,263.6501579798304
213,129,65.88142765802155,258.89907270006387
214,129,57.96120140411118,256.77554834651824
215,129,49.30128040863279,253.35141031197517
216,129,42.831458539529635,250.79583262518284
217,129,36.69631077533903,248.36988456774944
218,129,32.52914479836758,246.72254220301912
219,129,29.583646447320945,245.5576236121896
220,129,29.70384009425417,245.6043567547422
221,129,30.46993380271124,245.90602130920732
222,129,34.14162278473473,247.36141334791736
223,129,39.618829154625566,249.52543653192774
224,129,49.89347200112157,253.5873947719875
225,129,57.5363542007212,257.26955973053884
226,129,45.927092386391436,256.9596313655728
227,129,34.51409471116227,256.6663078030855
228,129,31.069102235428566,257.41806347736537
229,129,33.67753677471933,258.1050353443855
230,129,43.505644140666284,258.4347499920566
231,129,59.89086884654648,258.94017876761615
232,129,79.57833481667056,259.9305691188087
233,129,97.25373283151117,0.0
234,129,93.6027171725137,261.6750355280506
235,129,83.15149807479368,36.594401141852515
236,129,72.81321830793986,32.50998085719818
237,129,65.48337901009592,73.90920685649704
238,129,58.81484310630259,257.11419453052207
239,129,52.6105673577698,254.659438562626
240,129,44.185359301561185,251.32338013700794
241,129,37.90039805732795,248.83515329926425
242,129,34.50170881006412,247.49341319056023
243,129,33.52468081697043,247.1068945864414
244,129,31.640913021279296,246.3608491040205
245,129,31.384710294304,246.26264590773337
246,129,33.21612299926391,246.98841150422416
247,129,39.460955540013146,249.4630221856058
248,129,47.71803719308034,252.7291269924457
249,129,54.53202251441437,256.25789672830774
250,129,44.78377923347789,255.9997783302652
251,129,34.609993799976294,255.3149144947991
252,129,28.671101264250368,255.51113004218723
253,129,29.82768486702327,255.23404929758814
254,129,37.711170591985535,254.96157352851927
255,129,53.80410600779072,257.4047125721302
256,129,74.43740704820479,0.0
257,129,95.80085370851396,262.0009649763287
258,129,95.93014514941315,0.0
259,129,91.20347459109003,0.0
260,129,82.62804452573918,0.0
261,129,74.08869525709338,259.86036727305884
262,129,63.895528468527615,0.0
263,129,51.86954432240614,254.36988967063135
264,129,42.13365112774493,250.52121625720469
265,129,36.42567549605683,248.26331968967847
266,129,33.404247964533674,247.06724630147863
267,129,33.92387798760092,247.27454423132872
268,129,33.654338681769005,247.1680096078801
269,129,36.82297999877791,248.41882275026742
270,129,44.9375612137085,251.62707396419765
271,129,89.71943938562083,0.0
272,129,95.97641725145927,261.92046983530946
273,129,94.6233863769553,0.0
274,129,76.32629773418827,260.6135945786059
275,129,53.27464062669444,258.6979158334934
276,129,50.0478687152467,0.0
277,129,47.65789994312439,257.71285378746893
278,129,53.31338492748934,0.0
279,129,75.16769717941439,34.82059892475196
280,129,116.0875976004797,0.0
281,129,154.10997809085484,6.978270263521637
282,129,153.6815067431629,229.6541614224008
283,129,141.7992693053495,0.0
284,129,131.53366658113868,0.0
285,129,76.13826000238194,0.0
286,129,67.98251188401099,0.0
287,129,55.32293560792371,255.73053472969147
288,129,44.55681543924459,251.47318213209635
289,129,38.69246391541841,249.15314070446217
290,129,35.426999418955624,247.8625385460799
291,129,35.4089574876343,247.85615865101357
292,129,34.861851499263416,247.63911323958155
293,129,36.94968533413527,248.46619662682212
294,129,43.0649735815429,250.886191263483
295,129,82.58565499791987,260.54997628203324
296,129,86.8239030598407,0.0
297,129,70.42676901237839,259.6298423735116
298,129,50.52067056709327,256.6122339870127
299,129,31.09884499501276,251.36575950274948
300,129,24.022882817894484,249.68022396530046
301,129,22.065774904833606,248.59725087794533
302,129,32.939456646764654,251.09830395461074
303,129,54.63960278549733,257.1168107127724
304,129,97.26831164734853,262.2582974585218
305,129,149.76191587067788,0.0
306,129,146.59723131211604,237.51446436668357
307,129,141.55161546764307,0.0
308,129,130.42752941810173,0.0
309,129,78.6466571927744,0.0
310,129,69.08485741365224,0.0
311,129,56.7914080155575,256.3123264820346
312,129,45.901539336980306,252.0053431846857
313,129,42.18888262508674,250.53686463248965
314,129,39.929762184716,249.64245248486003
315,129,38.39298456635322,249.03395079110012
316,129,36.938633100199404,248.4603044380401
317,129,39.765903269313156,249.5769642804455
318,129,48.56663956572967,253.0575516223869
319,129,91.35537885096338,0.0
320,129,99.98146946545751,52.045545260106366
321,129,92.08231873610669,0.0
322,129,69.889561975529,259.7322600996731
323,129,49.931089252594994,0.0
324,129,45.69190287301876,257.60255352452
325,129,45.01686996485064,256.8322065097768
326,129,53.527238795580516,258.5232177465559
327,129,71.41497332265747,260.14092287666824
328,129,109.58684046832809,0.0
329,129,154.38251976741168,233.51104051429914
330,129,152.60176892309082,231.87204727276688
331,129,140.39602143499926,0.0
332,129,123.69944642764705,252.28906410740265
333,129,70.47406737457709,0.0
334,129,64.16704857142398,258.5416499652345
335,129,52.71924941062663,254.70272173744706
336,129,43.02306090761197,250.86820589470034
337,129,37.40318796231284,248.64671625978156
338,129,35.12986511292381,247.7482333377081
339,129,34.45381291119115,247.47987325472926
340,129,33.99780349795109,247.29731263526386
341,129,36.92103942101208,248.45458471753528
342,129,43.44655257444374,251.03672154458607
343,129,86.07284932333111,261.44714574644354
344,129,94.0587170874587,0.0
345,129,85.39309734331891,0.0
346,129,63.37035851653772,0.0
347,129,43.95213871657008,256.34656713773035
348,129,39.34815128779023,255.48060113434644
349,129,38.82015713554499,254.9004346492239
350,129,49.18613478076046,257.2984028658905
351,129,70.5805507107882,259.59821230822155
352,129,105.34783119007294,0.0
353,129,149.35504643094143,235.51952179170982
354,129,141.9336997396675,0.0
355,129,134.6455745434054,0.0
356,129,128.06553671993336,0.0
357,129,76.25099704714606,0.0
358,129,67.29363141354109,258.5714323502232
359,129,55.227709910351216,255.69201895207306
360,129,45.713344907544695,251.92865409912906
361,129,39.228310152822054,249.36448688809256
362,129,36.60375248862583,248.32762462414917
363,129,35.224839144016784,247.7849404425546
364,129,36.05032370878652,248.11003689780284
365,129,35.59668524833331,247.93189369375426
366,129,41.60199595003911,250.30580014194283
367,129,82.50740257485252,260.850133014093
368,129,95.11995339054451,0.0
369,129,90.52961613548196,261.2407581890828
370,129,69.55427406076406,259.54029817278746
371,129,59.26951033650824,0.0
372,129,58.20264437385284,259.48208142478546
373,129,59.88025227019393,259.6679827237553
374,129,68.82355836173323,78.71083682894941
375,129,85.38857592029315,25.789107756740382
376,129,113.97828081062708,35.299481901468106
377,129,157.17323239053678,89.79243569181494
378,129,154.04013144374193,44.25765657195837
379,129,147.50170038301582,0.0
380,129,138.20461041179578,240.2462643173712
381,129,80.93584686968025,0.0
382,129,72.23012785940593,259.04019619645044
383,129,60.58100657545444,257.81987438081336
384,129,50.226052893707404,253.72806015572363
385,129,43.552147762780656,251.08650051563686
386,129,39.54253578989936,249.50105792576446
387,129,37.208545036644416,248.57971505061965
388,129,36.53660343562457,248.31488304181636
389,129,37.18983007170594,248.56848730711712
390,129,39.9236215483511,249.65201233540958
391,129,48.29506400536053,252.96103203318293
392,129,61.0051641297784,257.99472058978097
393,129,64.52608442979434,16.747649976766827
394,129,52.276347834003495,0.0
395,129,38.89305609379266,258.5647477115683
396,129,29.59325627415588,0.0
397,129,26.709967880116157,257.2109427247774
398,129,36.8130770784599,257.99836422168545
399,129,55.13655737240516,258.7123030228791
400,129,78.18569079451693,0.0
401,129,100.24673374416233,262.4133123144002
402,129,94.90067221990819,0.0
403,129,86.44004831044516,261.1429557626489
404,129,77.70795303486678,0.0
405,129,72.64046739426652,76.74099981811506
406,129,65.97003122884125,258.4896647473588
407,129,56.11706301447703,256.05293903014893
408,129,46.19975799688208,252.13024683219675
409,129,40.47771022982667,249.86410823571075
410,129,37.34282384205297,248.62543953349714
411,129,35.551889379428104,247.91797127765764
412,129,33.80339068752847,247.2273223833551
413,129,36.268955671206164,248.20372665338212
414,129,37.855958049699474,248.83439850007855
415,129,42.28705836354808,250.59062512251668
416,129,54.59106974320505,255.45735580524277
417,129,60.66393939322796,0.0
418,129,47.730467991183126,0.0
419,129,33.121459878574996,256.4218131204269
420,129,29.683753085225135,257.85090789005244
421,129,32.070362024128094,258.03196754371646
422,129,42.808457985330165,37.4207071184153
423,129,56.75541597137433,0.0
424,129,77.47042553846504,0.0
425,129,97.64128649428726,0.0
426,129,97.29369731291565,0.0
427,129,88.320933758199,82.94507815439515
428,129,80.89908591559103,259.8024043337007
429,129,73.39820990095107,259.0817098383493
430,129,64.65300324720417,73.5878214378355
431,129,54.851067417974804,255.54936354352498
432,129,44.467040247618655,251.44299957622718
433,129,37.82755598168588,248.81810732668183
434,129,35.12726714666674,247.7505077027778
435,129,34.871016189645296,247.6496189835784
436,129,34.65806662009316,247.5638917286248
437,129,36.483378680721266,248.28418836863807
438,129,44.17287273982219,251.32370373116757
439,129,85.31883008680167,260.31532842790483
440,129,92.08320732205551,261.34574097916686
441,129,89.16871461995007,0.0
442,129,74.83685355092878,260.5470192791931
443,129,53.147657075853516,0.0
444,129,47.358965088745286,258.878055069602
445,129,46.03506737544006,257.92584168947883
446,129,48.512742501123014,257.5547296912756
447,129,67.33954901143551,259.87373548460374
448,129,102.73866134629418,263.8055275585571
449,129,151.19112661998105,0.0
450,129,144.58415521893778,0.0
451,129,133.60488335831366,0.0
452,129,121.34622175056751,0.0
453,129,67.91455542977103,16.988445286375907
454,129,61.43116605944468,258.14698042977153
455,129,50.26960373332253,253.73674506086164
456,129,41.81090058894689,250.39399593697814
457,129,35.01312310923495,247.7038701961848
458,129,31.804273303151774,246.4352640304506
459,129,30.85237691156618,246.0601709724854
460,129,30.408410042070624,245.88391218051873
461,129,33.597727124179215,247.14405452658693
462,129,41.02248799000528,250.07895643077578
463,129,79.10019951415998,0.0
464,129,86.58744638446684,0.0
465,129,74.61404666612707,0.0
466,129,56.399063447993726,258.46908808996557
467,129,40.18009368502651,255.69653411945347
468,129,34.01246780021064,254.48292392306504
469,129,33.03771463401794,253.7797830107368
470,129,45.219990363764474,256.73939248797785
471,129,68.76088549502286,41.93229566884038
472,129,105.77952705381995,0.0
473,129,155.87977512297428,228.67191586054497
474,129,148.35763035541203,0.0
475,129,134.82209149464398,0.0
476,129,128.97028034878073,0.0
477,129,76.49320632165232,0.0
478,129,67.23659090297612,0.0
479,129,55.86698630817403,255.94785741081665
480,129,46.933337572807744,252.4128265344109
481,129,39.881472120186125,249.62417957770538
482,129,36.44980936306654,248.2678567339269
483,129,35.26075935837172,247.79674765369603
484,129,34.72604205501572,247.5861551313668
485,129,37.351099878832876,248.62445877785882
486,129,43.270606607397355,250.96475652893295
487,129,86.27081788116777,0.0
488,129,99.5709225225364,0.0
489,129,95.54007086154817,0.0
490,129,78.90882151090341,38.18000598958144
491,129,63.87818590933295,259.5788736954219
492,129,62.300015977032224,21.265054179234372
493,129,62.765771571129264,0.0
494,129,71.66191855855172,0.0
495,129,88.71570423778613,260.6919533684664
496,129,124.23845362608826,0.0
497,129,167.26001439736123,0.0
498,129,160.22293496736808,0.0
499,129,147.02956157338767,235.2457333954713
500,129,135.33536338104935,242.5162135972771
501,129,78.65796840407378,259.78955795148704
502,129,67.30986483581732,74.63853525801795
503,129,53.740676935149274,255.1174734698307
504,129,44.56003622235069,251.48712255131213
505,129,38.71032371497405,249.16938599034495
506,129,34.98016270546884,247.6966270217082
507,129,34.33665517034926,247.44498287640167
508,129,32.24683067158862,246.61636878348992
509,129,34.93607586975379,247.6838282909032
510,129,42.056586536244545,250.4976602415811
511,129,84.39230145538956,261.0134221343172
512,129,93.07573519381572,49.34308175200365
513,129,83.30187885771781,24.35435077901162
514,129,61.187732469811614,0.0
515,129,43.8235879219861,257.0542011919855
516,129,39.34169731511975,256.3264287227597
517,129,36.80073638748652,254.9736414910897
518,129,45.20808458821572,256.5584608826341
519,129,66.98814722518361,0.0
520,129,105.16700561956338,0.0
521,129,145.89384876416807,0.0
522,129,138.7378137661422,248.40807119930554
523,129,133.30691449251682,0.0
524,129,124.52452570976533,41.40116301542938
525,129,74.29836754279128,77.40197410627738
526,129,66.9057262839926,258.99528478662927
527,129,56.10508706931842,256.05093880040704
528,129,45.276198689694375,251.76640072185802
529,129,39.66600020308684,249.54674867186057
530,129,36.26403005974204,248.20180351886768
531,129,34.14333162962711,247.36364448711993
532,129,33.42992580244213,247.07976593442157
533,129,35.502066884094326,247.90220150675
534,129,42.3623535600542,250.61130267934968
535,129,84.67002426243303,261.02220538466423
536,129,96.21350976705541,262.2078734654009
537,129,85.61797352611775,0.0
538,129,61.98015024454098,75.41913967788582
539,129,45.4619649537773,257.0264870915537
540,129,43.20924270578387,257.17135483757056
541,129,45.768842599751885,257.9416227108847
542,129,55.25785590711005,0.0
543,129,74.39435686678927,0.0
544,129,108.04168308136286,0.0
545,129,151.7634520960721,0.0
546,129,144.54335085241834,240.62006489311943
547,129,133.14128268297375,248.45168841168166
548,129,118.89171215758718,257.738978927775
549,129,73.35954733727363,0.0
550,129,67.40907121320501,258.7442077499481
551,129,59.09031521394459,257.22404429424887
552,129,48.678598893217206,253.10758727437167
553,129,40.4573901913643,249.85713584042605
554,129,36.15509810802132,248.1548337515572
555,129,35.333411392057975,247.8293012842899
556,129,35.214001357585005,247.78401972144903
557,129,36.62912731616455,248.34144851687105
558,129,39.688348581871836,249.54897690548893
559,129,48.071480673450075,252.8641807388104
560,129,58.28329633085168,256.95566662383
561,129,56.72793842455058,258.03797633840236
562,129,35.42818704633413,255.28067961410855
563,129,14.299041092029537,252.1836557670541
564,129,3.2151782387750485,250.43451116990178
565,129,0.5387965643107143,249.0324164520526
566,129,10.087082084217734,249.487992199325
567,129,31.929015097752472,252.48417230532354
568,129,58.869393774147156,258.5106692400127
569,129,86.55290132411332,0.0
570,129,85.7566804622593,261.8964771560883
571,129,77.00579113907688,0.0
572,129,71.85521748064362,260.16750483176577
573,129,65.5370199575326,0.0
574,129,59.15603073180659,257.25362467211903
575,129,52.40263098418116,254.5833969223965
576,129,44.65543150070707,251.5196204247645
577,129,38.77832578452308,249.19296834877284
578,129,36.96641132637976,248.4764156273407
579,129,37.05668614717988,248.51399565982928
580,129,35.82344197345626,248.02352756688992
581,129,34.586168107754666,247.5376146841726
582,129,37.6433847137864,248.7474363145326
583,129,44.397948284614976,251.41933201133705
584,129,54.75760629532421,255.60718544722783
585,129,52.01227110170776,256.2260554482093
586,129,34.26619286655549,254.45310136845774
587,129,21.190151917936028,253.69665172634183
588,129,15.428938191418142,254.4390738375961
589,129,15.38376450875886,253.63118068845446
590,129,24.562104899933836,253.68886807371237
591,129,42.18472470031964,255.52103729273134
592,129,68.91737146752128,0.0
593,129,97.17910745698225,262.2379416197399
594,129,97.21073009836302,0.0
595,129,92.13309296362495,261.2465432174719
596,129,85.7582605232662,0.0
597,129,76.8409447905733,0.0
598,129,66.59100720760264,258.33270880305076
599,129,56.648912021606996,256.2534190018712
600,129,45.856417360553976,251.98601889778382
601,129,39.94200303231542,249.64885664835046
602,129,36.34686477440366,248.22642700490823
603,129,34.49234551270669,247.4919353639042
604,129,34.296563649236944,247.41340227767566
605,129,36.21798477084852,248.17396015251197
606,129,44.421653456263975,251.41668724644845
607,129,88.06375573965485,260.3285384759377
608,129,93.18581960761442,260.9365336959657
609,129,83.42245173415353,0.0
610,129,60.475544689696676,17.783566951287874
611,129,45.445186385198014,0.0
612,129,39.66686119433287,256.84791658199697
613,129,36.579510064673435,255.21094543499152
614,129,41.550999474943296,255.7874522732952
615,129,59.29171564277383,258.48667616362746
616,129,101.64171288426066,0.0
617,129,151.72143052452142,231.7944606049817
618,129,146.13720524897573,236.80925913181565
619,129,138.92189083710392,239.69196979666125
620,129,125.00670835411906,249.8957171346676
621,129,71.23083605123126,0.0
622,129,63.00392276075152,258.2841304658245
623,129,51.94108326530288,254.40161163292936
624,129,41.888500982687766,250.4269800155362
625,129,37.2933597222369,248.60932071873333
626,129,34.52969472467608,247.51668938383975
627,129,32.98653832595284,246.90754043451295
628,129,32.638227706726454,246.76947982628926
629,129,34.721672343682485,247.59098047585533
630,129,41.798268151126614,250.38711546772535
631,129,80.08817520594594,0.0
632,129,88.95576004669647,260.55630689059063
633,129,76.84735606552681,259.6735858173283
634,129,53.83960638114684,0.0
635,129,41.46563208231712,257.175922272972
636,129,40.836678835275144,28.129481241348564
637,129,38.59335337509483,257.08476587565895
638,129,46.98336572413894,258.5199317144557
639,129,63.363820757053254,259.7904217655657
640,129,95.05680853700623,0.0
641,129,133.7259197731791,249.78588648457261
642,129,132.74682901828217,0.0
643,129,126.46197521792502,0.0
644,129,114.50638767225738,0.0
645,129,69.2471968716412,259.0837081335416
646,129,60.924586182375656,257.94259358731625
647,129,51.62017974438237,254.2640777968706
648,129,40.490407519321444,249.86337011419644
649,129,33.24915490612096,246.99873717993086
650,129,30.33935108036328,245.84907684603522
651,129,30.684480799397658,245.9854704744471
652,129,30.077029675488937,245.74656713820232
653,129,32.25288627354302,246.6076664693385
654,129,38.777749267525856,249.18686189496978
655,129,76.83114138998596,0.0
656,129,82.22445856870257,260.6490698201063
657,129,72.56115597770558,0.0
658,129,51.49345631827557,258.24953168010944
659,129,40.25663396222378,256.3215511682347
660,129,39.90092795024549,257.2437006829454
661,129,40.511435231793385,257.04421565464406
662,129,44.392019485966756,256.8433501288304
663,129,62.963401327220936,259.26322026349595
664,129,98.96609822081928,0.0
665,129,135.4683998858574,0.0
666,129,129.58811269003326,0.0
667,129,118.67266226680601,37.03537902324892
668,129,111.06711370942122,0.0
669,129,68.69988493802217,0.0
670,129,58.808355668696116,257.1157589683376
671,129,50.194451198778616,253.711250678684
672,129,40.688129654169636,249.95255041603798
673,129,34.78653620976624,247.61585699714206
674,129,32.92208203649764,246.87977131995504
675,129,31.288432013131423,246.2364139890134
676,129,30.756651552855786,246.02434131438628
677,129,32.81782859501654,246.84283191356806
678,129,40.54252644884509,249.89622033437072
679,129,79.61216694469611,0.0
680,129,85.69740597489861,0.0
681,129,73.5812249679246,42.65214924376715
682,129,52.67540332893028,258.5880515362155
683,129,38.667853856275094,256.05907471663784
684,129,36.63830371787656,256.3822012896487
685,129,35.0120807376284,255.4682868282263
686,129,40.397113396086105,255.8590000630403
687,129,59.863713277961736,259.1636817542022
688,129,94.5429441193344,0.0
689,129,139.5385331547699,244.17153788334522
690,129,136.6741060161438,245.0700106915328
691,129,131.35696248762343,0.0
692,129,119.97978737562117,88.6783017392045
693,129,70.02285316216098,259.2674140872029
694,129,59.204560588476106,257.27773830274054
695,129,50.36735529910519,253.78155071004372
696,129,39.86092864080539,249.62524853023723
697,129,34.306665596875845,247.42696496536593
698,129,31.713884402139126,246.4006846181073
699,129,31.50638910718813,246.31905978101267
700,129,31.307925803734225,246.2398732231017
701,129,31.592224845330016,246.35416381902192
702,129,38.86313271393035,249.22627659409443
703,129,77.93729614955944,0.0
704,129,88.70181682374826,0.0
705,129,77.97681763509887,259.9848565945244
706,129,55.109087172678734,0.0
707,129,36.723394454996765,254.62708075533465
708,129,33.63294765466508,254.5423960291157
709,129,35.11631532617371,254.95518585018363
710,129,41.595020087472506,255.90263036070533
711,129,62.052099265326206,0.0
712,129,92.05288736373289,261.72689549611914
713,129,131.6491908426414,0.0
714,129,134.16080320471505,244.7162795737863
715,129,122.33113095992573,38.71684660341204
716,129,111.00115709323764,0.0
717,129,66.23544259157359,258.82498582612266
718,129,58.12924602844549,256.84138221305034
719,129,51.28254320784263,254.13417632271302
720,129,42.62099960608743,250.70893336130263
721,129,35.18653697422443,247.76875339746059
722,129,32.09809415450599,246.5461511958744
723,129,29.398915125142494,245.4793425838692
724,129,28.932748238225628,245.2954715585797
725,129,29.436007794819137,245.49473834282958
726,129,33.32384734923726,247.03097430521285
727,129,42.27812006640593,250.5703164581775
728,129,50.83835971308551,254.10984333599356
729,129,38.82390159721526,252.1775483197848
730,129,15.432636362648418,249.37831311830905
731,129,0.0,246.7338462304279
732,129,0.0,246.05365028420044
733,129,0.0,245.36579284752912
734,129,0.0,246.0498808626657
735,129,17.393036908553327,249.03786084704058
736,129,44.37980375710166,254.02335945934024
737,129,75.24613303132509,0.0
738,129,75.18316379466819,0.0
739,129,69.9820189291771,0.0
740,129,64.35699013689056,0.0
741,129,59.963658393649,257.5662493051404
742,129,55.428142925972566,255.77216531605123
743,129,48.107043330850196,252.87715148245925
744,129,41.118778575731405,250.11101265422369
745,129,36.68629382589621,248.35684621921828
746,129,32.882546668596945,246.85306746465892
747,129,30.54186794886692,245.92871220702494
748,129,30.7240468996512,245.9984312892939
749,129,32.064937226989166,246.5287794820012
750,129,34.118551155984015,247.34235066737995
751,129,38.13768426450361,248.93201185652745
752,129,47.43792532532487,252.7800923029969
753,129,41.74151135521568,253.516745902838
754,129,23.882712116103768,252.53104836347435
755,129,8.24085555217864,251.232048414541
756,129,1.1374926473814109,251.62445175907143
757,129,2.0291261529652753,251.28476816238776
758,129,8.690264058355774,250.2939677969846
759,129,25.515492645050806,251.33877630435325
760,129,55.85198786027668,257.576965959804
761,129,87.3463961003434,261.1065803276923
762,129,86.54636260073056,261.46951327915605
763,129,82.28575075981364,260.6619143900748
764,129,74.51109927456592,41.98027725366381
765,129,66.66474273865586,258.75188500712613
766,129,56.00533321128009,255.9934893958642
767,129,47.3230610399409,252.56124755697374
768,129,37.741482239937966,248.77354040566752
769,129,33.216104761363255,246.9861377629401
770,129,31.04422519561008,246.12579409366487
771,129,30.892345137753352,246.0668941229485
772,129,30.665404316462556,245.97829064057623
773,129,33.11441943389024,246.94623509666337
774,129,40.1454955219154,249.7285619511059
775,129,75.79913895380248,260.2043263242294
776,129,79.0993520671464,0.0
777,129,59.981544633724084,37.878721464024764
778,129,34.55238598487533,252.27270774531007
779,129,21.64003276542476,249.93609511880297
780,129,18.945736756668076,249.93515351711747
781,129,18.739886304353472,249.5045321793347
782,129,25.09897458327657,250.56321063215142
783,129,43.47064890604627,254.90628661697835
784,129,82.14889068907799,261.0477697625109
785,129,137.51238502248518,0.0
786,129,140.06490324958887,241.13248743089562
787,129,128.25614640919022,41.06132243842042
788,129,121.12308593163708,252.35049778901535
789,129,71.7500224598733,258.9627070152065
790,129,61.81191402790306,15.244572648411458
791,129,51.486617369777264,254.22690154727513
792,129,41.674905630071315,250.34365300318834
793,129,36.32311680936085,248.22656004781933
794,129,34.07344924740856,247.3385476465986
795,129,32.928930433991745,246.8881182291837
796,129,31.022863704758322,246.13442609796698
797,129,33.462731158827985,247.09757868137243
798,129,41.280744089216356,250.1871219495121
799,129,84.47311648579593,23.51892714871098
800,129,84.61364633578607,260.70611600385894
801,129,66.84075850773675,259.43719243429007
802,129,44.075934561437286,256.3672040908024
803,129,29.478584802874376,253.71728709919745
804,129,25.382404713162074,253.5188780376515
805,129,25.19261121555286,253.2148485322367
806,129,32.624821172883344,254.20209312657866
807,129,53.25616424625965,0.0
808,129,87.58423290643266,261.3327913189147
809,129,138.25646795114397,0.0
810,129,132.5035733465637,0.0
811,129,124.39485116933241,0.0
812,129,114.14475148027815,0.0
813,129,69.7357270618275,259.06968392588647
814,129,63.052828276715154,0.0
815,129,51.53469282095097,254.2317158855279
816,129,43.459671549148844,251.03829557133068
817,129,37.51314311533661,248.68613720228552
818,129,33.977342679294395,247.28718931493069
819,129,34.603598675681,247.53049403415847
820,129,34.354401832900145,247.43353845820891
821,129,35.61386500032835,247.9332735362531
822,129,42.61429092565529,250.7004301514524
823,129,83.42876723233775,260.3863978608032
824,129,87.40480936389714,47.196007574310855
825,129,70.47797965337556,259.3379293239781
826,129,44.51302740924834,256.6342309220905
827,129,26.859121419897292,252.36693912962605
828,129,24.41841666783616,252.55506357447948
829,129,25.105134360707105,252.47183096916004
830,129,29.653504567418334,252.44687485382045
831,129,46.992384815994185,256.42654622861744
832,129,89.76140316789335,0.0
833,129,142.78221032209802,0.0
834,129,143.99032886288182,0.0
835,129,131.76223312231403,242.90882927540457
836,129,119.3386851750431,0.0
837,129,69.55022093074126,0.0
838,129,59.85857094806077,257.5290196229637
839,129,50.732290429154475,253.92279282859943
840,129,40.04084406497883,249.69416392426038
841,129,35.156659691327825,247.7637537008406
842,129,31.9578478680291,246.4994890172213
843,129,30.968494806867362,246.10729727932497
844,129,30.239318095189912,245.81799429428133
845,129,31.245581113912685,246.21421980135537
846,129,38.5145948932299,249.08835227600957
847,129,72.46311730397407,0.0
848,129,75.21736819013985,42.41347421296836
849,129,60.23124452548366,73.69599046069867
850,129,44.127189727100756,256.5137357487309
851,129,28.15189095778414,253.38355200125952
852,129,22.722557380667755,252.42840402152606
853,129,24.865756849548042,253.10583445232803
854,129,30.256105425711443,253.38720484940458
855,129,52.0342114138891,257.99310558824686
856,129,91.14185965496115,260.7955533509378
857,129,138.4866332678972,237.75706374458608
858,129,131.75186689516053,6.95482614119787
859,129,118.23240899249869,37.5224196623618
860,129,106.90545172132515,0.0
861,129,65.33664180940613,0.0
862,129,57.71590931416967,256.6820820047562
863,129,48.68966875732747,253.1111869151355
864,129,41.27292934167035,250.1783691830481
865,129,34.98760630138617,247.69158315680536
866,129,30.638384109687127,245.97227146019927
867,129,29.07823694697601,245.35486740642645
868,129,27.796114529416144,244.8480987729982
869,129,29.756208201645077,245.6216391804119
870,129,35.523043961696246,247.90053139980563
871,129,71.01292663244534,0.0
872,129,73.98823982820193,41.89279622462722
873,129,61.792387651777176,258.752067722732
874,129,38.11747827187281,253.98679671453877
875,129,24.5065066516919,251.4027465383458
876,129,21.34857749287273,251.4096681751228
877,129,21.37988399816699,251.3240005393756
878,129,29.92395895208937,252.9525474339197
879,129,47.394600649098535,256.89698930247715
880,129,79.93119881497505,260.1086049247595
881,129,124.4599482334174,249.35822423558557
882,129,127.96848137357888,0.0
883,129,119.67993902917902,0.0
884,129,112.16833231279172,0.0
885,129,67.54291650362501,0.0
886,129,60.5324976691555,14.731812638766062
887,129,51.521048242521964,254.23027552501392
888,129,40.82670460620126,249.9997673758974
889,129,32.92048148928582,246.87230423357138
890,129,30.349378124653896,245.85726264767126
891,129,28.71789521307815,245.2124481387307
892,129,28.209735653221944,245.00930299951307
893,129,28.88717347441759,245.27819566709636
894,129,33.44633813711612,247.0831592882895
895,129,41.48382323179753,250.26057584717003
896,129,47.737146652130306,253.31915798563222
897,129,32.51142775476852,251.85788259867263
898,129,7.734739491695664,249.58652200309143
899,129,0.0,247.0466930001165
900,129,0.0,246.9034025114141
901,129,0.0,246.06934507970254
902,129,0.0,246.0102262105143
903,129,6.172936204098859,247.80465278345264
904,129,39.779376704654325,254.10430246924386
905,129,75.98769032706993,259.85867711595705
906,129,77.93586764951435,0.0
907,129,72.74733038394815,259.3890394185405
908,129,66.60203335560145,0.0
909,129,58.03357281010098,256.8026415300025
910,129,52.34563811595169,254.55304825981528
911,129,45.600131089816216,251.88587780750044
912,129,38.47044788397381,249.0661293039964
913,129,32.988282842640565,246.89941181706666
914,129,30.197094693890612,245.79476437282074
915,129,28.737353725640165,245.2181805387894
916,129,27.606573514708383,244.7708849371568
917,129,29.29406804390954,245.43822673764356
918,129,32.3171121082723,246.63457798620175
919,129,38.77098816735541,249.18496666309508
920,129,47.807425013017635,253.32168363204315
921,129,37.15230228031991,253.9980929745282
922,129,15.867734544209224,252.84724223455763
923,129,0.0,251.67272986584055
924,129,0.0,251.01047535891934
925,129,0.0,250.26227429159414
926,129,0.0,249.88338921736784
927,129,15.575229816340334,250.8057094189899
928,129,46.12029448612449,255.6380910767146
929,129,85.17035953017526,23.930437027025377
930,129,89.80548954232108,0.0
931,129,82.42039197313983,0.0
932,129,75.32592499286976,0.0
933,129,69.34297645130856,258.88739574971646
934,129,59.792161851152066,257.49625903705845
935,129,48.053687742060724,252.85531271835004
936,129,40.62138951869663,249.91780898457623
937,129,33.680245305391345,247.17298100939777
938,129,31.428876385481733,246.28236633316368
939,129,31.147679293030617,246.1719800087695
940,129,30.714906950708283,246.00170845633744
941,129,33.32594708824514,247.03559041975333
942,129,39.935590683922115,249.65060526513622
943,129,78.73361081771277,260.44102697984954
944,129,77.42359079314333,0.0
945,129,54.55467241315728,258.0722596396669
946,129,27.088053067843834,250.87488912835664
947,129,10.143318123874668,247.25438919794695
948,129,4.032329138514842,246.0712408511001
949,129,1.682144191891794,244.83099076084102
950,129,8.934737090266335,245.98317689615547
951,129,23.746700032932985,248.55394639007125
952,129,62.40917433034888,258.6146011127769
953,129,129.49590139453161,246.4193636236651
954,129,133.97792216836774,243.70667502637747
955,129,124.20850433549614,0.0
956,129,112.52860750930411,258.8862739664576
957,129,67.03225427876112,0.0
958,129,55.345380699976104,255.74908633651722
959,129,46.19762383636616,252.13201241153317
960,129,39.96968644511629,249.6651502115816
961,129,34.19993899332846,247.3832793985019
962,129,31.92694883391003,246.48454464815194
963,129,31.16482599614223,246.18259416451548
964,129,30.064001865406947,245.74753224093456
965,129,32.134811018036864,246.56635996707385
966,129,37.521282912842544,248.6975779561675
967,129,74.42333106243179,260.17397223773423
968,129,71.33524527058609,259.8094503072554
969,129,48.975397226805896,255.9234763759457
970,129,21.090994474691335,248.8187981567625
971,129,4.094985525981399,245.53072579338541
972,129,0.0,244.62071780392887
973,129,0.0,244.6395745383543
974,129,8.17059344881916,246.33031731141082
975,129,28.763894942424614,250.8964992603448
976,129,69.26349471801704,259.46918557155146
977,129,134.22796960935514,56.9098968438276
978,129,142.00895501936358,239.00119517818
979,129,125.75060367458913,0.0
980,129,115.23316186828492,0.0
981,129,70.19690629369262,0.0
982,129,63.30483608462124,258.03735627205424
983,129,50.92438808730901,253.99522419276062
984,129,42.49543570120333,250.6600551844872
985,129,36.878336623314176,248.44038253512315
986,129,32.47624264517685,246.7009313660233
987,129,32.110607926847095,246.55180633451684
988,129,31.721494977546193,246.39690101461593
989,129,34.757936927292846,247.59702051822038
990,129,42.221592267621425,250.54877129679593
991,129,80.5052031289742,0.0
992,129,81.13372481042468,0.0
993,129,62.33374001725179,31.164322079980607
994,129,36.58679986226703,255.0059472089098
995,129,19.152202631077216,251.09990348281124
996,129,14.038736171812815,250.39143581819678
997,129,14.917026691310062,250.42296142814345
998,129,22.870393119525108,251.51201326787276
999,129,36.57484871491979,253.73202816196434
1000,129,74.6083976253014,260.01360475739665
1001,129,129.1923161639907,251.00546036608574
1002,129,130.08520667575524,0.0
1003,129,122.03831832443917,0.0
1004,129,111.57339441158037,0.0
1005,129,64.53026135110326,29.24513869535057
1006,129,58.47043942698967,256.9841777108329
1007,129,48.74811659090954,253.1411868433604
1008,129,40.1784019277061,249.74918517444004
1009,129,36.69410967556504,248.36901717070808
1010,129,35.391379268652514,247.85565464121288
1011,129,34.35645068046963,247.44583223833703
1012,129,31.779282252503283,246.42651828057114
1013,129,34.27359093718792,247.4112264682603
1014,129,42.278454614025385,250.57805339221167
1015,129,83.68852558120673,259.7592171888867
1016,129,81.41461020144271,0.0
1017,129,59.31538585633396,258.00996974837744
1018,129,36.42820908173091,255.06847443813209
1019,129,20.450913534662206,252.15819015250702
1020,129,14.66167062571377,251.17952196831627
1021,129,13.379418942319889,250.5509217686
1022,129,18.513565109653186,250.52189037521595
1023,129,39.74401806458362,255.5754178059698
1024,129,76.01756220038013,259.44643059297687
1025,129,130.15131546552277,0.0
1026,129,134.3168868723967,243.04648384254233
1027,129,124.97223586937429,0.0
1028,129,113.15737544710629,0.0
1029,129,67.56822470804676,16.85451499961388
1030,129,61.2562837915247,257.808214614335
1031,129,51.812785397761814,254.3459025642948
1032,129,42.97815991969596,250.85195827883805
1033,129,38.186894723212966,248.95600659429618
1034,129,34.35571313889086,247.44143301564537
1035,129,33.02605008168965,246.91436571408155
1036,129,32.40350149735773,246.6671978574241
1037,129,33.637893438233206,247.1527697088937
1038,129,39.08524942189898,249.3065289894309
1039,129,74.31407571113628,0.0
1040,129,80.50379305966726,0.0
1041,129,63.23249216160654,259.0310386838529
1042,129,41.174675110175095,256.7433507380924
1043,129,25.123285421488553,253.50847781019775
1044,129,22.927640609136834,254.05999971622904
1045,129,21.90848011004205,253.56722097823237
1046,129,26.616325507215848,253.501435566698
1047,129,38.27856803545908,254.80513258603366
1048,129,69.14459130112338,259.3592422348039
1049,129,130.3100039350764,4.503058105017284
1050,129,139.88365104579816,45.65706989471408
1051,129,127.99289976510589,40.95757296572496
1052,129,111.74289185917064,258.393183973206
1053,129,68.95434558074989,0.0
1054,129,60.48588152789082,257.7792768047145
1055,129,51.79457183349894,254.34188024615406
1056,129,43.27428611940859,250.97063255736379
1057,129,36.82878851929462,248.42313215140916
1058,129,33.65365527755678,247.17010630656415
1059,129,30.689358943499496,245.99777117270344
1060,129,30.578222041263107,245.95159273490535
1061,129,30.963521740487238,246.10461729081274
1062,129,33.809734533785345,247.2337310193475
1063,129,42.554399308629165,250.6894947042105
1064,129,46.05649952678739,253.56615627938933
1065,129,25.763549638635943,251.80566945265147
1066,129,0.0,249.75866310117723
1067,129,0.0,248.1138857221898
1068,129,0.0,247.10911605141553
1069,129,0.0,245.21689770051682
1070,129,0.0,245.49993523268265
1071,129,0.0,247.97651446748162
1072,129,33.30970289377251,253.82026930606838
1073,129,78.41880908493486,259.8194888498148
1074,129,83.36230180752877,0.0
1075,129,77.41186281988071,0.0
1076,129,68.67559465445282,258.8558416328193
1077,129,62.388375561326576,0.0
1078,129,54.52379794590599,255.42211905834537
1079,129,46.4230497974379,252.2188876841205
1080,129,39.663189077593316,249.54601796199165
1081,129,33.34977352020986,247.04811244717675
1082,129,30.78605566772229,246.03524908661424
1083,129,29.20533156689684,245.41084807866457
1084,129,28.198861566289136,245.01267133688742
1085,129,29.476680997970114,245.51882502479546
1086,129,32.051047716538925,246.5389776601696
1087,129,38.10188031313459,248.92971707757277
1088,129,42.85550378059818,252.29983823587116
1089,129,26.771557621907885,252.5928257064775
1090,129,2.6593820999527407,251.5258344298275
1091,129,0.0,251.00719320606308
1092,129,0.0,251.33979126237554
1093,129,0.0,251.26968734080546
1094,129,0.0,251.64777325239191
1095,129,10.055717643631308,252.3839237912449
1096,129,40.67877268526152,255.94336690925806
1097,129,79.98024852897046,260.22719039989727
1098,129,84.94829595483024,0.0
1099,129,76.19694675001416,260.05561858827076
1100,129,66.32435496626964,259.12876968107383
1101,129,59.462077722513136,257.373881841467
1102,129,52.22589494068271,254.51394210519035
1103,129,42.43991188424625,250.64199376068657
1104,129,36.019859496430406,248.1034357578533
1105,129,30.49784832712535,245.91751551030632
1106,129,27.351076401092605,244.674571801084
1107,129,27.416129384018884,244.69836591250106
1108,129,27.099722598643655,244.57290354781298
1109,129,28.747424168055332,245.2271818445452
1110,129,35.40965109774848,247.86180212694603
1111,129,65.47835911452613,0.0
1112,129,61.86283989291515,258.97130169316955
1113,129,45.2699230771579,255.57177088786293
1114,129,29.675484793504225,253.6036514068394
1115,129,16.08749735250447,251.61888771613167
1116,129,16.18236466736563,253.04660255851763
1117,129,12.017993237482942,251.05182073463288
1118,129,15.804791512980923,250.63547326757134
1119,129,25.619166697909968,250.87679687069559
1120,129,56.57066813820926,0.0
1121,129,109.91783975570333,0.0
1122,129,125.19155573440557,55.246032432122284
1123,129,114.1846636998909,57.65461840256779
1124,129,104.39472177166657,0.0
1125,129,61.60611159163099,258.2154332557078
1126,129,53.11195720303661,254.8574839083621
1127,129,44.862314708207165,251.5947074546338
1128,129,35.979992052537185,248.08300981462796
1129,129,31.939204037422822,246.48596735578158
1130,129,31.36480734496782,246.2577880467216
1131,129,29.23921526113653,245.41617095553835
1132,129,29.141550848514925,245.37527714387028
1133,129,32.15483502294063,246.56811885976072
1134,129,39.94221649764553,249.65052338853033
1135,129,77.88403066253792,0.0
1136,129,69.1039441721957,258.60958398254854
1137,129,44.051187348092476,255.19786314017955
1138,129,18.48321857017428,249.4445167745041
1139,129,3.8257770142687644,247.3901811560135
1140,129,0.0,247.0033231351758
1141,129,0.0,246.1863714364132
1142,129,5.658812257152903,247.2429591298868
1143,129,27.02207204947323,251.7883548517168
1144,129,67.2398717608572,259.5503631229844
1145,129,129.25522764999022,92.69736942619971
1146,129,133.29288075376667,244.17584526565895
1147,129,122.31970470567984,0.0
1148,129,111.88076359092273,35.01343464824856
1149,129,67.55151397196138,258.7325701489479
1150,129,60.84831075153503,257.92272185418557
1151,129,51.902898622993696,254.38302602668332
1152,129,42.41443814360297,250.62757492521447
1153,129,36.119376079585734,248.1422284762125
1154,129,33.237213166826976,247.00503813218864
1155,129,31.69256675240889,246.39149861102445
1156,129,29.774460686197372,245.63379460635596
1157,129,30.40399390238275,245.88110879223402
1158,129,34.74741708976751,247.599293546472
1159,129,65.40067629949193,259.4984913361801
1160,129,58.750267580689474,257.9652738740128
1161,129,36.78329112940211,252.31347901093997
1162,129,14.661017885728091,247.89861763331473
1163,129,3.6216492503641087,246.76872219787887
1164,129,0.16511721998466775,246.820794674427
1165,129,1.6661060737623687,247.09008664742976
1166,129,13.498573793495183,249.61651193588236
1167,129,30.39284335077994,252.83333642863448
1168,129,65.40062588438582,0.0
1169,129,121.32990758518582,0.0
1170,129,127.63756047063026,0.0
1171,129,118.22458912824533,36.86031540304741
1172,129,108.70541892798781,0.0
1173,129,64.0078355210624,73.33205896866492
1174,129,56.11557212346395,256.0496005370479
1175,129,46.01649960300715,252.05548423393248
1176,129,35.699082589562686,247.9742958558702
1177,129,30.93213028127629,246.08759370494045
1178,129,28.64510054879695,245.1814024787799
1179,129,27.635627489523845,244.78165832500005
1180,129,26.399648016190138,244.29276497757058
1181,129,27.341121858680026,244.6633525269737
1182,129,33.45975095959089,247.08506379489188
1183,129,66.32963642403949,0.0
1184,129,60.48387688499001,258.6765589325143
1185,129,37.46180260735396,252.73335269577484
1186,129,15.557076056718305,248.3711104191235
1187,129,2.0636702771464184,246.59336994272894
1188,129,0.0,246.66944186778483
1189,129,0.0,245.9953671359408
1190,129,5.940071203460964,247.2943471332394
1191,129,25.139522143506888,251.28245160383202
1192,129,61.451416699859756,0.0
1193,129,122.17159174988302,254.15310008786102
1194,129,127.63332087619406,251.8717117735803
1195,129,121.79541006193287,0.0
1196,129,109.71606843281369,55.88606851668464
1197,129,65.68889465127324,258.6822704136657
1198,129,56.69047948398771,256.2730119714923
1199,129,48.77263874816159,253.13823253614493
1200,129,40.1210016039389,249.71693918844255
1201,129,34.57347229106611,247.52552095619913
1202,129,31.79165722407948,246.42527555036025
1203,129,30.40529021761341,245.8758152815178
1204,129,29.532086513573297,245.53109692491498
1205,129,29.72002256353574,245.60614631079667
1206,129,36.11295608338309,248.13545860474179
1207,129,70.15501052383607,0.0
1208,129,69.41590104501769,0.0
1209,129,53.51507548214351,258.69318545356685
1210,129,34.774386199852856,255.58863043112996
1211,129,25.86098646173218,255.36527015008508
1212,129,24.863379380153578,256.48415166077666
1213,129,22.835257366298638,255.6082621090246
1214,129,28.033706584001692,255.7551963366358
1215,129,38.130823763574774,256.25802086795375
1216,129,64.17110781407982,41.3606076216591
1217,129,120.65438097655131,3.0318609796203546
1218,129,132.8799542973827,0.0
1219,129,127.14519459875301,3.086750491905394
1220,129,116.96533760132168,94.24507465300434
1221,129,70.88581769841751,40.56303740935464
1222,129,61.65634896332001,258.2459840724873
1223,129,53.59741538078236,255.0585752219501
1224,129,45.109305602191846,251.6988646557351
1225,129,38.270025757521594,248.9961683420254
1226,129,33.60270083423006,247.1504017054265
1227,129,30.90997804505035,246.08577164322784
1228,129,29.30823414830813,245.45159432839546
1229,129,30.224126010923378,245.8128063691545
1230,129,34.45474197267363,247.48908249339763
1231,129,40.96179019752142,250.11640840075415
1232,129,36.536619731458906,251.0276965289109
1233,129,14.415450222289481,249.71241831760668
1234,129,0.0,247.02186713212842
1235,129,0.0,246.17111431022587
1236,129,0.0,246.105496211619
1237,129,0.0,244.7843829013725
1238,129,0.0,243.75279786819232
1239,129,0.0,245.31024711348596
1240,129,16.892968226854222,249.95656755587058
1241,129,65.19044125015157,0.0
1242,129,76.98322266545944,260.20595845381337
1243,129,74.11300261827523,0.0
1244,129,66.73637189030553,0.0
1245,129,58.1893538837275,256.8700750039887
1246,129,51.89070376906309,254.37987526593602
1247,129,44.678404571573054,251.5286123851198
1248,129,36.9168539924103,248.45946788121918
1249,129,32.22493234623475,246.60433203002455
1250,129,30.34994352747815,245.8617396037379
1251,129,28.838120388055493,245.2634323692884
1252,129,27.705788968101036,244.81433800177126
1253,129,27.76336086723101,244.83824187101203
1254,129,30.662542874398444,245.986341722869
1255,129,35.14762180929691,247.79385145051668
1256,129,29.860937343714312,248.37843963886812
1257,129,7.260539576885984,247.28429135764063
1258,129,0.0,246.1831000816108
1259,129,0.0,245.3913379679177
1260,129,0.0,245.69960055344072
1261,129,0.0,245.7647723166237
1262,129,0.0,245.51848144500664
1263,129,0.0,246.73900154092547
1264,129,17.635488007753487,249.8053617470067
1265,129,59.49447686477891,258.884089304849
1266,129,70.35402484476553,260.5900003253292
1267,129,69.95702140912951,260.04146727582764
1268,129,63.88487779576911,259.11835395500543
1269,129,57.189223396731165,256.47285956304654
1270,129,50.731178962141115,253.9204113470254
1271,129,43.50698167235475,251.06060772834277
1272,129,37.22329448008493,248.57288578799552
1273,129,32.67305546660345,246.7714239382705
1274,129,30.75430756351756,246.01538933458377
1275,129,29.105184542202043,245.36210042508222
1276,129,28.716888942723653,245.2101879300739
1277,129,31.068743928371262,246.1392985477887
1278,129,38.161695969806985,248.94493007750344
1279,129,69.42555925843277,31.183789283449876
1280,129,59.39439424150465,258.5037033117232
1281,129,39.18564345969999,254.19640868924088
1282,129,23.698106334324663,252.655406389641
1283,129,11.332654818520364,251.33341912631047
1284,129,8.098069122978272,251.56516012778414
1285,129,8.627494747327118,251.51433417991876
1286,129,11.438826623729675,250.73349782112115
1287,129,24.412510384606435,252.09291333818618
1288,129,53.08977406516602,259.17055800507984
1289,129,104.46096619694069,32.11981872307973
1290,129,118.50834262123075,0.0
1291,129,115.53292002907574,0.0
1292,129,106.78195160790749,264.69251902318354
1293,129,67.59145470154057,17.516047905682633
1294,129,58.56750715334168,257.0107531921549
1295,129,49.11659271931803,253.27162807830496
1296,129,38.44135708920095,249.0520726950919
1297,129,32.44763877665583,246.68241535647996
1298,129,29.922260231488316,245.68275486024538
1299,129,30.543305480020987,245.92819500045192
1300,129,29.488084482210056,245.50960173973863
1301,129,31.189622858156728,246.18325525277558
1302,129,37.74866211280165,248.78059093647371
1303,129,70.17135692801004,259.3357922347348
1304,129,54.64316388025526,256.79514614458685
1305,129,35.27329997845252,252.81088482698917
1306,129,14.827333227826887,249.42081215541376
1307,129,1.9180241478967182,248.30633029413917
1308,129,0.0,247.32164018442884
1309,129,0.0,247.16207624693078
1310,129,2.2434674989683256,247.83137002946478
1311,129,21.86588854154506,251.56690288540702
1312,129,56.334853434597406,0.0
1313,129,118.45847053886074,255.0308808759016
1314,129,126.8138114586365,251.6520158303568
1315,129,115.24059863334425,0.0
1316,129,103.09958525946487,0.0
1317,129,62.75105915002731,258.6878680891692
1318,129,55.97509402247767,256.00707954133736
1319,129,47.144887884640006,252.51055521852618
1320,129,36.48581033956079,248.28940543451267
1321,129,31.79553497946129,246.43681880219646
1322,129,31.642378314070996,246.3800978846802
1323,129,31.038362917719517,246.13755585720105
1324,129,30.914862558074123,246.0887339384049
1325,129,32.30993623437013,246.64126891519223
1326,129,39.730635497993475,249.57684108847587
1327,129,74.13456055744992,0.0
1328,129,58.93902060568059,0.0
1329,129,31.88024761563584,251.37905807583633
1330,129,5.516153255636094,245.697889058426
1331,129,0.0,243.16053540633922
1332,129,0.0,242.75864129994451
1333,129,0.0,243.62485497766193
1334,129,0.0,245.2718500186955
1335,129,13.491804542567479,248.05387863182642
1336,129,48.73578809778789,257.5464531811114
1337,129,110.38977855373717,0.0
1338,129,128.13810810975144,250.49312402830188
1339,129,123.02326358283273,0.0
1340,129,113.53338316731171,0.0
1341,129,71.14483789515408,18.269482811732733
1342,129,59.594153728381535,257.42456107294373
1343,129,47.952675467859336,252.8211724784029
1344,129,38.67316924977127,249.15135418370798
1345,129,31.74723350884655,246.41289667092187
1346,129,29.391735667762866,245.47886256878306
1347,129,26.904049456655734,244.4953016804096
1348,129,27.141365206647617,244.58833335575443
1349,129,28.893185933613225,245.27916390378067
1350,129,35.879608074606104,248.04036691588288
1351,129,67.3219888948835,259.38547883414344
1352,129,55.213873577621904,257.13615273260547
1353,129,29.34378563854858,250.53760439277667
1354,129,6.472277591069071,246.21645619493648
1355,129,0.0,244.582135105644
1356,129,0.0,245.47762732838103
1357,129,0.0,244.80427741624712
1358,129,-6.151799435686257e-05,246.71224675413984
1359,129,16.696033074876972,249.78077293542617
1360,129,48.85420701715385,257.96569386263826
1361,129,98.97418275196154,0.0
1362,129,116.97307228160308,37.02647499328727
1363,129,110.77342587671794,264.18436752649194
1364,129,103.04222417851979,31.515510199389954
1365,129,60.15319356132305,257.6375995489887
1366,129,52.28039567124791,254.527936562465
1367,129,45.839242997077996,251.97978906745593
1368,129,39.55520979623833,249.49340250133764
1369,129,35.171532150357564,247.76197962058097
1370,129,32.87182531786178,246.85193909903867
1371,129,31.964163886175673,246.49204881331755
1372,129,31.040116161446704,246.1283656508146
1373,129,31.877354906649003,246.4611841844623
1374,129,38.26833707338246,248.99014494733157
1375,129,69.544816151166,17.676959284316162
1376,129,60.079463307788096,258.5979451062551
1377,129,37.88297533638768,253.70442935968686
1378,129,15.897093068251797,249.45989816259828
1379,129,2.749185674713043,247.86851672874747
1380,129,0.0,247.05927857936538
1381,129,0.0,247.69024261412136
1382,129,2.89707872845027,247.80172409225827
1383,129,16.239313566387132,249.50743677660202
1384,129,46.41738302778939,257.1893075908214
1385,129,98.76544733531175,0.0
1386,129,120.75305038147354,0.0
1387,129,114.29645231370037,0.0
1388,129,107.7207809477297,261.27744540325807
1389,129,62.54893168191537,258.26141244218644
1390,129,56.57686353713462,256.2353750730905
1391,129,49.183244270640266,253.312049555153
1392,129,42.492877078240255,250.66090383206696
1393,129,36.73158887361216,248.38771367155917
1394,129,33.41512483224001,247.07427610980926
1395,129,33.49597605698698,247.10469087210564
1396,129,32.019021086194996,246.51980516251473
1397,129,32.15468435691276,246.57416765479368
1398,129,38.05543310053321,248.9097263830033
1399,129,43.6621256679795,251.34356540984714
1400,129,31.891776219772453,250.46672201676517
1401,129,4.516442490993774,247.96758935290143
1402,129,0.0,244.6793063092071
1403,129,0.0,243.90082623609925
1404,129,0.0,244.22305466810246
1405,129,0.0,243.75595577980542
1406,129,0.0,243.47742279183257
1407,129,0.0,244.38072982684625
1408,129,5.258701145028942,248.8902146729805
1409,129,60.735068351832325,30.999042028162833
1410,129,81.42549724309725,0.0
1411,129,78.04745660274007,260.1568445458267
1412,129,70.97297746626447,259.1822237256095
1413,129,66.45061456481103,258.5907430634238
1414,129,58.41483110210731,256.95943464293475
1415,129,53.15105280135224,254.8767393265544
1416,129,43.15875675671726,250.92560072518245
1417,129,39.34577458469435,249.41857306340452
1418,129,35.974457033491596,248.08422331985867
1419,129,33.70760967611355,247.1879089501362
1420,129,32.65641258602184,246.7709138277317
1421,129,32.533391768431514,246.72228839240566
1422,129,36.132197480581006,248.14537997946533
1423,129,40.45794396567659,250.028883876093
1424,129,25.92537900490274,248.12119390775499
1425,129,0.0,245.8553616754283
1426,129,0.0,243.09169634589344
1427,129,0.0,241.9153161566513
1428,129,0.0,241.73715978369694
1429,129,0.0,240.97958473955816
1430,129,0.0,241.22561425847124
1431,129,0.0,242.60890263514244
1432,129,1.4569909439476687,247.3500483747278
1433,129,57.46344942967468,0.0
1434,129,83.40313021668024,23.91481749211455
1435,129,77.92870913599407,0.0
1436,129,72.80440374472454,259.55548820868734
1437,129,62.88670495277697,14.999861638799239
1438,129,55.04133171009942,255.6226843894509
1439,129,45.74904918620652,251.94554866019203
1440,129,36.75669139096457,248.3880562180822
1441,129,31.902544054918895,246.46650852016745
1442,129,29.359148349317547,245.46205712606866
1443,129,28.284501965255906,245.03849450869467
1444,129,28.718701484024468,245.20937857601328
1445,129,31.384330057461113,246.26328585977592
1446,129,39.24914984803421,249.3716902892754
1447,129,70.36240816249394,259.91050248154284
1448,129,52.16546372407451,256.1614052774238
1449,129,28.725536049065823,250.95299466383696
1450,129,5.851880562145868,246.9048658635326
1451,129,0.0,245.53344293429308
1452,129,0.0,245.0483997928476
1453,129,28.126857570297265,244.96042362356138
1454,129,30.13335566009932,245.753477078737
1455,129,7.9714148411740915,247.64606209794644
1456,129,40.80463111244167,256.0054802111109
1457,129,110.89168044793792,49.09808196639161
1458,129,138.0908258247013,7.473694707783991
1459,129,131.98404720941647,245.5033229337577
1460,129,119.62656043498977,0.0
1461,129,73.98774729702912,0.0
1462,129,65.37303071612709,258.0623340741934
1463,129,54.09965098910168,255.24166334951798
1464,129,42.462136407829526,250.63918213376468
1465,129,36.413664020633796,248.24598645367487
1466,129,34.67881287405479,247.5606742526532
1467,129,35.49228289535224,247.88179220292506
1468,129,36.26330046325233,248.1884574906259
1469,129,38.06570063163646,248.90002362762482
1470,129,45.2238129968261,251.73372625912916
1471,129,83.21612004469917,259.36375926000545
1472,129,64.17918682216866,0.0
1473,129,37.83780450338541,254.75846756015164
1474,129,13.224958542360778,250.0896324897793
1475,129,0.0,247.33149025151317
1476,129,0.0,245.9332440207087
1477,129,29.878994459540955,245.6528868721843
1478,129,0.0,247.00900894640503
1479,129,12.07199386981708,249.86943245847854
1480,129,48.264869059991064,15.523540499081511
1481,129,117.19028563969205,0.0
1482,129,138.5519794230868,0.0
1483,129,134.2803558749729,240.7781825026017
1484,129,124.63104773767236,246.7146222074201
1485,129,77.03222880123626,259.00658868015205
1486,129,65.79842777870346,29.747733525411476
1487,129,54.91532788372081,255.58054527953377
1488,129,44.35629419612366,251.40118540080036
1489,129,38.63446042353942,249.1393662728885
1490,129,35.017289496892275,247.71164644088051
1491,129,33.770319071325744,247.21804672825021
1492,129,33.65815663239246,247.17370778660714
1493,129,36.92141911003281,248.46385642332703
1494,129,44.687743584201776,251.53834572937217
1495,129,77.15884536536565,0.0
1496,129,57.1752493432929,258.3868053614914
1497,129,32.96415487570596,252.7120825223579
1498,129,7.692352690926488,247.88539646314067
1499,129,0.0,245.16104316693517
1500,129,28.058131714567775,244.93327970469406
1501,129,0.0,245.06346654555404
1502,129,0.0,245.94365056081998
1503,129,9.816568163426759,248.85557717496926
1504,129,45.39790070768549,0.0
1505,129,106.1701320566845,34.50300778071045
1506,129,128.83017754242272,0.0
1507,129,132.18509457304557,22.69223766634799
1508,129,120.46430589555516,253.8777249274009
1509,129,72.81645923166121,41.3200438973112
1510,129,66.19987186132145,258.38939301795824
1511,129,54.316743975533306,255.33569567851683
1512,129,44.40903863783125,251.4152748102655
1513,129,36.52521005468142,248.29820144127794
1514,129,32.79566954807208,246.82377564452267
1515,129,30.9539767867798,246.09662017883508
1516,129,30.76197490025586,246.01922011982714
1517,129,34.57954176493354,247.5284042987744
1518,129,41.643627210555756,250.32263040695113
1519,129,69.04226254561316,0.0
1520,129,48.87873741077126,255.16646150187879
1521,129,21.475579623698067,248.4105327168236
1522,129,27.48872444145036,244.70830287937068
1523,129,23.54532925170841,243.1497392386428
1524,129,24.254596621943904,243.4300798135036
1525,129,23.130179988489058,242.98565786450797
1526,129,26.613998751883905,244.3625312302676
1527,129,3.0083489639941834,246.57306616790115
1528,129,38.94746122193589,255.85127123046937
1529,129,94.84312930646466,262.9505269468301
1530,129,124.96300673923567,0.0
1531,129,120.2305189755608,0.35106302029222836
1532,129,114.76398978752965,0.0
1533,129,65.56454435620229,0.0
1534,129,58.76026412711803,257.0933414452141
1535,129,48.65156722778119,253.09886959511846
1536,129,40.91625630106676,250.03820184498855
1537,129,35.70738302564707,247.9771906675918
1538,129,32.3107640858205,246.63397572465013
1539,129,30.51447500828386,245.9221038773361
1540,129,30.39804009599687,245.87454339013604
1541,129,30.661197929891472,245.97854239040748
1542,129,36.97441075803058,248.47406981517003
1543,129,61.51019670281545,258.33678787877193
1544,129,44.39671846448959,253.34241786191814
1545,129,22.288908511626655,248.50852379582693
1546,129,1.2783752018138685,245.09263663663953
1547,129,0.0,243.4697806570142
1548,129,23.554560416772492,243.15329378520514
1549,129,24.90530513485706,243.68714794387384
1550,129,0.0,244.6395747177869
1551,129,5.662170945086109,247.5750797833674
1552,129,37.02067238439403,255.2802559818243
1553,129,91.22981107011651,261.5074084575617
1554,129,120.929131647371,0.0
1555,129,119.95760964187764,0.2438776246841863
1556,129,110.31504770125746,258.88885425597033
1557,129,67.55356948428583,17.506430414664496
1558,129,59.912957766631614,257.5479231881071
1559,129,50.25111519892253,253.72965944740528
1560,129,42.68935487648495,250.73534306206253
1561,129,37.686785396840484,248.76049873544915
1562,129,35.35669060017466,247.83806154156488
1563,129,32.745997807269525,246.80624614345044
1564,129,32.655283080041244,246.7700157832544
1565,129,31.990870184281857,246.5063189013612
1566,129,36.199187191779686,248.1764809283836
1567,129,37.25865317341936,249.1375148649507
1568,129,18.173346216303955,246.40243880531364
1569,129,0.0,243.53176758702804
1570,129,0.0,241.33332032106398
1571,129,0.0,241.0514420945891
1572,129,0.0,113.85216007855063
1573,129,0.0,113.92864904671866
1574,129,0.0,241.15937982732683
1575,129,0.0,242.77877326108737
1576,129,0.0,248.06978795769444
1577,129,51.90552868801414,0.0
1578,129,81.30709222898551,260.2323884401374
1579,129,79.05313121689011,0.0
1580,129,71.00334784710233,259.110439195064
1581,129,63.21686019166406,28.719784303700333
1582,129,57.91788447237324,256.76222905737916
1583,129,49.40225369205502,253.39392942945
1584,129,41.25529333797808,250.17210624772406
1585,129,37.50106318924727,248.68570079532125
1586,129,34.7881681928018,247.61503941790096
1587,129,33.026696063580275,246.91883583904536
1588,129,30.152322488749633,245.7816892845025
1589,129,31.202191322815164,246.19473382702378
1590,129,34.772373297886155,247.6069019229486
1591,129,36.188361009428526,248.6751674461849
1592,129,22.214229096026134,248.07200614765952
1593,129,0.0,246.94707484179196
1594,129,0.0,244.4138364163856
1595,129,0.0,243.09971162438663
1596,129,20.824071025472588,216.173219856527
1597,129,20.37591821322378,215.99608636012866
1598,129,0.0,242.36133569959566
1599,129,0.0,244.07836580453534
1600,129,0.0,248.45866592847202
1601,129,52.94237139855988,0.0
1602,129,80.44465423313775,0.0
1603,129,79.85986394619233,259.579173642345
1604,129,72.67321064604502,258.8007250700298
1605,129,64.56364351360763,0.0
1606,129,55.54344498204161,255.82501613760434
1607,129,45.97229980546222,252.03991255280084
1608,129,38.13592819899294,248.93970153110874
1609,129,32.19607011277098,246.58831604348723
1610,129,30.145429397329295,245.77973872477136
1611,129,29.874713021705208,245.67695136696523
1612,129,28.930242374653808,245.29869476867339
1613,129,31.67664407017072,246.38451786189017
1614,129,38.639293407288214,249.1405927002998
1615,129,69.4087478385454,31.393788291343448
1616,129,54.31778896217159,257.5963823575245
1617,129,28.44785108873619,251.83288914613243
1618,129,4.556701450590285,247.80850496822026
1619,129,30.907384679698026,246.05940387963872
1620,129,28.897285586256853,245.26492468378942
1621,129,27.09001173843619,244.5506680963615
1622,129,28.72570532508581,245.19715177952867
1623,129,1.5441885424875401,247.08393077965576
1624,129,34.11276109015503,254.94686497434944
1625,129,97.68540156848798,0.0
1626,129,129.48268913398402,247.0436119913036
1627,129,128.13583112577348,0.0
1628,129,117.01872955489483,254.6315925939463
1629,129,68.86261863415217,0.0
1630,129,60.6279907839339,0.0
1631,129,49.730806928484306,253.52077177844805
1632,129,39.00803022116024,249.28018578662127
1633,129,34.12306514004331,247.34604297935144
1634,129,31.395544534733435,246.26956548415563
1635,129,30.063063342941668,245.73947083056737
1636,129,29.358458435373702,245.46290294708245
1637,129,31.318677307707933,246.2361157969827
1638,129,37.9774963197453,248.87055793335935
1639,129,69.45576689419005,18.538865836400948
1640,129,54.88792600093384,258.08529004176813
1641,129,33.513817914547616,254.0863656580834
1642,129,8.400270300459043,249.53518571273153
1643,129,0.0,246.7316462942986
1644,129,0.0,245.97314973548524
1645,129,0.0,244.64660498333555
1646,129,0.0,244.9473129484517
1647,129,4.106915841227103,248.65289140051593
1648,129,42.40654423864169,0.0
1649,129,104.74261630873217,0.0
1650,129,125.9127211830903,252.8960333830258
1651,129,127.1916640732364,0.0
1652,129,119.01993359339903,0.0
1653,129,72.82122537572222,259.5870510710091
1654,129,63.45684970418795,0.0
1655,129,53.809183422027864,255.13150639666182
1656,129,43.455131587708784,251.03621177607266
1657,129,37.60737525025963,248.72538529796793
1658,129,34.22434020722476,247.38792014774296
1659,129,32.70354975472839,246.7857405279933
1660,129,31.949309384823973,246.48993831734322
1661,129,34.21973241325417,247.38649907205814
1662,129,40.65186588434416,249.93365070604276
1663,129,69.66087969378208,259.27198883826594
1664,129,50.74398934290732,256.4523813872591
1665,129,27.16801438868708,251.42893416054036
1666,129,2.005038418812095,246.9930410497689
1667,129,0.0,245.15354375712664
1668,129,0.0,245.44230128393087
1669,129,0.0,245.883288333304
1670,129,0.0,246.60546498312576
1671,129,3.2887270793248624,248.21771689361802
1672,129,37.98572758194959,256.70134396307867
1673,129,95.241341191523,0.0
1674,129,117.29888667012057,259.9156618712911
1675,129,112.62543457989469,92.52789872917829
1676,129,99.88769336247057,263.79163950857617
1677,129,62.25666801512922,258.4730483933404
1678,129,55.61536280841088,255.84776977183293
1679,129,47.80724705674588,252.75984724126332
1680,129,38.17232843919562,248.94760453903294
1681,129,31.913710670977807,246.4747968196259
1682,129,28.358491501957257,245.06850501042345
1683,129,27.509967562034273,244.7346876064875
1684,129,26.30824275183101,244.25858527641736
1685,129,27.895124034668747,244.88346922669564
1686,129,34.85798597880296,247.6399997246773
1687,129,56.79248126521935,256.6784084650234
1688,129,40.60730316291,252.5706562434669
1689,129,17.2228378755654,247.86138898563198
1690,129,0.0,243.56067170493628
1691,129,0.0,241.43109662596842
1692,129,0.0,241.35961602407386
1693,129,0.0,241.25995442255237
1694,129,0.0,241.585428884744
1695,129,0.0,243.51151217584388
1696,129,22.789214185334465,251.0272184679333
1697,129,76.41642771395415,260.9601598998998
1698,129,103.8650141253846,0.0
1699,129,106.33029391944802,263.7171257508883
1700,129,97.77791569071493,0.0
1701,129,60.81958984869107,257.90615112912263
1702,129,55.39346287756998,255.7611914063283
1703,129,46.32209905778788,252.17434885983263
1704,129,38.13955810844725,248.93730445366705
1705,129,32.323871595609155,246.63686532598535
1706,129,29.55890223021392,245.54328934278834
1707,129,27.935351212722804,244.9008382552023
1708,129,28.03989491787823,244.94061784113146
1709,129,29.480243699665618,245.5087216367624
1710,129,36.70554076401474,248.36476582587287
1711,129,57.00774948546208,256.7537912911363
1712,129,35.38394469861807,250.49086921167435
1713,129,11.460265795540014,245.36899960640994
1714,129,0.0,242.67421513239944
1715,129,0.0,242.48955189137845
1716,129,0.0,242.1009609753184
1717,129,0.0,242.2119453359636
1718,129,0.0,243.43880133300297
1719,129,0.0,246.1991189879368
1720,129,29.586701181707678,253.95551576846708
1721,129,85.81100169177952,0.0
1722,129,118.54212337988943,0.0
1723,129,116.48248367158735,0.0
1724,129,109.27848900592642,262.2169690614975
1725,129,62.34528338781078,258.5083564986085
1726,129,55.72551537022235,255.89162942915567
1727,129,47.52451198821286,252.6472866171292
1728,129,38.90982307275364,249.24018163623768
1729,129,34.01490370305307,247.30634733670462
1730,129,31.341642039884743,246.24900549918286
1731,129,29.50393002743684,245.52465302610526
1732,129,29.069541573893318,245.35332545404208
1733,129,29.82205347877551,245.64610832771177
1734,129,32.3328679829407,246.64574360708266
1735,129,29.989027832447338,246.83961712398602
1736,129,7.530828935616849,244.06754499475142
1737,129,0.0,242.5874144353101
1738,129,0.0,241.25436498869755
1739,129,0.0,114.12389264090105
1740,129,0.0,114.26882555388553
1741,129,0.0,114.25014664459331
1742,129,0.0,114.34171242067262
1743,129,0.0,241.28697735339352
1744,129,0.0,245.76150286016656
1745,129,39.38801916466216,257.19763201961035
1746,129,76.69921562892866,0.0
1747,129,78.15554274088899,0.0
1748,129,70.3212243153966,0.0
1749,129,64.23669011349443,73.41549335299689
1750,129,56.15521665147222,256.0609193925722
1751,129,48.725977224786234,253.1227567696151
1752,129,39.75302687022576,249.5729320155636
1753,129,34.00282577203464,247.29912240595903
1754,129,30.64983322393825,245.9743559363101
1755,129,28.425339855228763,245.09521372586627
1756,129,27.142495210371106,244.58473938068997
1757,129,27.1164044407096,244.57253515890613
1758,129,29.416612962237867,245.491970022734
1759,129,27.35579849877806,245.81454385475553
1760,129,12.112192166933829,246.1079842726246
1761,129,0.0,246.48032936795087
1762,129,0.0,244.94082804826581
1763,129,0.0,113.5320770791991
1764,129,0.0,113.53610199794761
1765,129,0.0,113.75187777518897
1766,129,0.0,113.83330277254687
1767,129,0.0,243.02591847161963
1768,129,0.0,246.67658942461318
1769,129,36.431216712099115,256.49129927105594
1770,129,66.21243370172928,259.666386407448
1771,129,68.27257420048598,259.7156429622211
1772,129,62.038191885404515,258.3949927709323
1773,129,54.68837878683083,255.48873575715504
1774,129,50.316605624231684,253.7570570684305
1775,129,42.39901253313642,250.6269435384349
1776,129,34.50671430799388,247.50498341926402
1777,129,31.296210607878766,246.2326142811233
1778,129,28.703139438740983,245.20931577041722
1779,129,27.66501130076505,244.80130557851354
1780,129,28.28962723451099,245.04585892714312
1781,129,30.237092656324702,245.81326708814785
1782,129,38.17392296683377,248.95700744144884
1783,129,65.46415634506415,258.3306563616228
1784,129,47.742323353677435,255.89184440988817
1785,129,23.76470692887978,251.4166324358651
1786,129,0.0,247.53594860758173
1787,129,30.51098585019869,245.9027446788111
1788,129,28.85238161421957,245.24721866149486
1789,129,27.986650738398858,244.90503459140297
1790,129,0.0,246.2371535339158
1791,129,0.0,248.27033889191912
1792,129,33.44344817671521,256.223499598799
1793,129,98.94277181380765,261.7987101847938
1794,129,127.64597490391128,243.633937361977
1795,129,126.34685522921212,244.953996348321
1796,129,118.49886603701292,0.0
1797,129,69.42538405970215,258.18281847256435
1798,129,61.03591527465573,0.0
1799,129,49.62940510978712,253.48143209331408
1800,129,39.797583112921714,249.5936896236707
1801,129,32.62763465849642,246.75840411161278
1802,129,29.231506635757604,245.41576899982573
1803,129,27.57221937069121,244.75730451473038
1804,129,26.401430209569586,244.29267873448862
1805,129,27.83427765969933,244.8578367521096
1806,129,34.83552332852706,247.63068720344364
1807,129,58.26842135617917,257.50451158374636
1808,129,40.97580117620853,253.5940198484376
1809,129,15.535521170995427,248.55104258030826
1810,129,0.0,244.74675874011356
1811,129,0.0,242.75891565310127
1812,129,21.814665164322513,242.46572727285968
1813,129,18.57365080349808,241.18476356208194
1814,129,0.0,241.66257991326106
1815,129,0.0,244.89778730560445
1816,129,27.416370533544022,254.13139290312563
1817,129,89.44107814008565,29.15319647646373
1818,129,118.5039765377689,253.7216579360164
1819,129,124.18836394234712,0.0
1820,129,115.25381514739522,255.61939792686533
1821,129,68.559446696643,0.0
1822,129,60.804711562634715,257.89568217603903
1823,129,50.25313011544404,253.7234123114808
1824,129,39.85213052835981,249.60535804555872
1825,129,32.49880547916676,246.69873078077907
1826,129,29.094933037866788,245.3537958561749
1827,129,27.501518556210833,244.7244222803368
1828,129,26.93689541937467,244.50124156584596
1829,129,29.48369941551971,245.50818238280462
1830,129,35.759043939870125,248.00676649756198
1831,129,53.81324357867887,255.79370617523344
1832,129,30.099427110894833,249.2236586793283
1833,129,6.556625797227773,244.771715757254
1834,129,0.0,242.50528571115322
1835,129,20.47209746530951,241.93507383817044
1836,129,21.114131732216514,242.18880949092156
1837,129,22.736628268398064,242.83005753200396
1838,129,0.0,244.07889422331914
1839,129,0.0,245.19009776194534
1840,129,23.947320027140062,252.6928567218403
1841,129,81.97310399074281,0.0
1842,129,109.41219546108614,0.0
1843,129,110.342577331313,0.0
1844,129,97.72230441289231,262.6634550060935
1845,129,58.373313532273244,256.93068565405144
1846,129,50.74302340948122,253.91350932595324
1847,129,41.17807125487486,250.13359999732916
1848,129,32.738192803093256,246.79754469767283
1849,129,28.67185467968333,245.19196770480127
1850,129,25.976378436601372,244.12626568191118
1851,129,25.340253607039603,243.87367414087635
1852,129,25.904344870143266,244.09660432273475
1853,129,27.043474481138244,244.54450400993858
1854,129,32.51004609193642,246.74181893080504
1855,129,49.803744155119496,254.26732326448303
1856,129,32.207004541599076,250.27418937041108
1857,129,10.159188509686437,246.73131585100015
1858,129,0.0,242.68262112843465
1859,129,0.0,240.2873354040494
1860,129,15.70688762993595,240.05169553077374
1861,129,13.87674566110413,239.32836717828323
1862,129,0.0,239.28045853743345
1863,129,0.0,240.3581535639968
1864,129,9.270246230599309,247.22103776502058
1865,129,66.82260377558693,0.0
1866,129,101.93506439896836,262.63901705505754
1867,129,109.62167979580998,259.9251155660189
1868,129,104.42483401506709,0.0
1869,129,62.91791817683674,0.0
1870,129,55.61003616133727,255.83669633368993
1871,129,46.85084759897805,252.374068495269
1872,129,37.343951055866484,248.61625409247267
1873,129,32.18974970779058,246.57842532186743
1874,129,28.5748412046382,245.1473904480711
1875,129,25.619184908522215,243.9792249540219
1876,129,26.086537237124908,244.16470489210772
1877,129,26.69327030161202,244.40258203655497
1878,129,32.121431930327894,246.5732178380441
1879,129,44.54613149245584,252.19353453799266
1880,129,25.376026404448343,247.59351727019822
1881,129,5.039461919358773,244.47612544550347
1882,129,0.0,242.05894740553273
1883,129,0.0,242.06344230795617
1884,129,0.0,242.18200417943186
1885,129,0.0,242.26303816626523
1886,129,0.0,242.73454112833434
1887,129,0.0,244.7003256550709
1888,129,17.856777270286056,250.92748786166425
1889,129,68.07194957103741,260.31985021595017
1890,129,102.54650181264412,0.0
1891,129,107.36802165539244,261.12797193118644
1892,129,98.42698424329379,0.0
1893,129,60.412259734316066,257.73993554698643
1894,129,54.18871280465733,255.282540283734
1895,129,46.76516526626978,252.34475197504875
1896,129,40.05928125771129,249.6932130263463
1897,129,33.58669231898957,247.13391405557093
1898,129,29.52886149783193,245.52938411523766
1899,129,26.775397589684964,244.443057993151
1900,129,26.5949014922929,244.37135285792294
1901,129,27.315484350318286,244.65195717102714
1902,129,30.214439667709666,245.84940232775773
1903,129,21.636749659777603,244.5526841433373
1904,129,0.0,243.4318598755518
1905,129,0.0,242.2805464738189
1906,129,0.0,240.93034188064573
1907,129,0.0,114.03676387845248
1908,129,17.374150037912,214.8096963724132
1909,129,17.279121001273726,214.77213935386115
1910,129,15.493672996606865,214.0664636497942
1911,129,17.70791946500959,240.84258706180339
1912,129,0.0,243.54320002940412
1913,129,20.223208539924855,252.1088182169316
1914,129,60.76929764621362,0.0
1915,129,66.77202995894834,16.5431666980269
1916,129,60.52025972542528,257.7904934790015
1917,129,55.92968416777492,255.97541641674627
1918,129,50.67330799356061,253.89563822678357
1919,129,43.66153270685478,251.12357917807142
1920,129,36.82657653956439,248.41912201223627
1921,129,31.81726009004917,246.43699915169887
1922,129,29.3943155642672,245.47938029142892
1923,129,28.29194383437447,245.04331017929044
1924,129,27.271986304362887,244.63791020090326
1925,129,28.290211689375226,245.0380251556952
1926,129,30.804100370128925,246.07834419781238
1927,129,23.616820408346285,245.67237704681824
1928,129,3.280004423987567,246.06876279479846
1929,129,9.320522579555291,246.26965159557486
1930,129,29.389647696636985,245.4595330555359
1931,129,28.8091525726543,219.32908599803747
1932,129,26.868344253502396,218.56202377933565
1933,129,23.915045383933816,217.39481678440694
1934,129,20.882629663025526,216.19633129196947
1935,129,23.482234305853513,243.12475343887206
1936,129,0.0,247.6818903964829
1937,129,33.55981392894177,257.3689685481158
1938,129,68.5814035491518,32.75062740232829
1939,129,74.99242089635122,0.0
1940,129,68.98936099897831,0.0
1941,129,59.78882688538616,257.4982170377106
1942,129,51.320496780900584,254.14712755390156
1943,129,42.455533322735455,250.6422892617962
1944,129,34.66542113974733,247.56154214014796
1945,129,30.445736561003194,245.89304281289358
1946,129,28.516636702354077,245.12907044782474
1947,129,27.451966140810246,244.70867295050297
1948,129,27.424954508656207,244.70029355216093
1949,129,31.240260157508096,246.20821086523367
1950,129,36.11352548303435,248.19937173771982
1951,129,44.38690623041695,252.48606000895768
1952,129,21.938403243162245,247.32911783397543
1953,129,0.0,243.54931194562144
1954,129,0.0,241.74038147231553
1955,129,0.0,239.88284027196337
1956,129,0.0,239.5611958934978
1957,129,0.0,239.4863994313688
1958,129,0.0,240.54515186720883
1959,129,0.0,242.91837638620586
1960,129,21.026426092888443,252.35424581507954
1961,129,71.09486693026156,0.0
1962,129,109.26378540351857,0.0
1963,129,114.38449996309264,255.6493034489007
1964,129,108.03068639441898,259.02969809275794
1965,129,63.79766878112705,258.08204640637433
1966,129,54.69250718806948,255.48097052690395
1967,129,41.88332105326,250.4158188977112
1968,129,35.26570524182176,247.7987935981275
1969,129,30.648440226653015,245.975440505329
1970,129,28.9320606289696,245.29859622487098
1971,129,28.134015786657677,244.98355634806651
1972,129,27.10893140414256,244.57765451080033
1973,129,30.38020900974073,245.86823085799895
1974,129,37.42715585589165,248.75063240731134
1975,129,47.88902275548278,254.0397713128188
1976,129,25.566415514596077,249.17002539740386
1977,129,1.6512071595591848,245.62601168928956
1978,129,0.0,242.92494911808055
1979,129,0.0,241.06018622917625
1980,129,0.0,240.0723294980607
1981,129,0.0,239.62160757921876
1982,129,0.0,239.9798444992415
1983,129,0.0,242.7006963987968
1984,129,21.166192493350103,252.71723031449406
1985,129,74.82161593572738,260.7318506370805
1986,129,107.73892151594275,91.40472856520555
1987,129,112.48837528608857,0.0
1988,129,102.83453945791668,0.0
1989,129,57.621347001356376,256.6362181317865
1990,129,49.08570880621745,253.2630456836598
1991,129,39.21358641593672,249.3582035791634
1992,129,32.190525093545936,246.57635667399308
1993,129,27.713695654078084,244.80738547376842
1994,129,24.756371912494497,243.6393499240286
1995,129,24.5166327509656,243.5457527681305
1996,129,26.240854239910465,244.22684090697177
1997,129,29.3800370297155,245.466760697927
1998,129,35.1415152438883,247.89205153577348
1999,129,47.170316636151966,253.8046445310504
2000,129,24.230938055067945,248.49397702481147
2001,129,0.0,244.5747023275663
2002,129,0.0,242.70751923305062
2003,129,0.0,241.89631233339506
2004,129,0.0,241.35403085294212
2005,129,0.0,241.18588033122106
2006,129,0.0,242.21025831370758
2007,129,0.0,245.02463758776548
2008,129,22.55561357827204,253.27255150153277
2009,129,67.0990929224556,260.07742986802015
2010,129,100.00291052210919,0.0
2011,129,105.72251346661373,263.1772829239961
2012,129,100.60217834656987,0.0
2013,129,59.14014074411499,257.2342091816768
2014,129,51.23082439287745,254.10744838898907
2015,129,43.97839479272689,251.23880559773949
2016,129,36.046684077050955,248.10432784825133
2017,129,30.514635587883593,245.91601543114723
2018,129,28.15788413455856,244.98418956964105
2019,129,26.966721003842643,244.51227215677505
2020,129,26.36422325561302,244.27494060468848
2021,129,28.18530842937446,244.9928012281757
2022,129,33.93521589802587,247.4599173327528
2023,129,47.37950699379494,253.97002177926248
2024,129,29.94718305831806,251.03683413617128
2025,129,7.1672221313720765,248.1402192980019
2026,129,0.0,244.9598813990299
2027,129,0.0,243.04759702583667
2028,129,0.0,242.59547419892735
2029,129,0.0,242.17001667750543
2030,129,0.0,242.81122781486008
2031,129,0.0,244.8874713277923
2032,129,21.557887069114162,253.01345046354612
2033,129,63.879955295200226,259.9316961325406
2034,129,93.98924867854012,261.903704709651
2035,129,104.13929029312362,262.5609779359392
2036,129,96.74938285147714,261.75606797413917
2037,129,58.22294265914587,256.8756001322964
2038,129,50.67838645039302,253.89029882710727
2039,129,41.83036166089435,250.39097721595948
2040,129,34.492971264531604,247.48913234326295
2041,129,30.689486662808964,245.98393590548034
2042,129,28.60528861582526,245.15947346629088
2043,129,28.102451563074904,244.9618956046195
2044,129,28.69939010860364,245.19742934698414
2045,129,31.797776624381004,246.42007478125188
2046,129,37.538603587758146,248.84989138407516
2047,129,52.52465573252081,256.00261423735054
2048,129,34.57451166231693,252.79856287149948
2049,129,11.60797372704986,249.46822051749476
2050,129,0.0,247.37423275698603
2051,129,0.0,246.6502325083929
2052,129,0.0,246.7141570324214
2053,129,0.0,246.48002290394717
2054,129,0.0,247.17622965596604
2055,129,0.0,247.98657849446755
2056,129,25.148023609540207,254.78834486615125
2057,129,64.36154245783082,0.0
2058,129,88.89645488082762,0.0
2059,129,91.0875406376021,0.0
2060,129,87.65689178843303,261.50134360412113
2061,129,52.695219885766484,254.68940853110405
2062,129,47.99699889446906,252.83450573530553
2063,129,42.06613671255039,250.4888922666433
2064,129,37.541083628429696,248.6981505102815
2065,129,33.317579289636626,247.02697354059453
2066,129,29.989920023238632,245.71061375736923
2067,129,29.108863988939405,245.36239453269852
2068,129,27.52633282929772,244.73540250916363
2069,129,28.875250997158517,245.26701660770647
2070,129,31.29506179493395,246.47464328233002
2071,129,20.88425833624171,246.0454754801137
2072,129,0.0,244.8200509876061
2073,129,0.0,243.68767869484412
2074,129,0.0,113.36939380944453
2075,129,22.56814333900778,216.86252480556917
2076,129,20.821391377350633,216.17218849726726
2077,129,21.854579946793823,216.58048604997362
2078,129,0.0,107.87842911979035
2079,129,0.0,113.24596627160405
2080,129,0.0,248.4265583796355
2081,129,22.909597123411796,254.61977026594883
2082,129,60.1709516330029,258.48283298928527
2083,129,70.75961547201467,0.0
2084,129,65.43024071134008,0.0
2085,129,56.766034954562286,256.3074998990735
2086,129,49.979715805719316,253.62227948246775
2087,129,42.196951731627784,250.54549137483772
2088,129,37.18756794253787,248.56331570978475
2089,129,32.84236220602091,246.8448396972293
2090,129,0.0,233.8438924069166
2091,129,31.106974493848078,246.1578343045224
2092,129,29.83793880265833,245.65703226510544
2093,129,30.929404546393883,246.08684549503323
2094,129,32.460926091900966,246.6944654552667
2095,129,34.429005285817055,247.73465300574134
2096,129,22.693108207876094,247.40947736790633
2097,129,0.0,246.8409795428766
2098,129,0.0,245.33600681127731
2099,129,0.0,113.74555622416823
2100,129,0.0,108.4504826630448
2101,129,0.0,101.57772536823902
2102,129,0.0,101.04939814621835
2103,129,0.0,107.30159187230433
2104,129,0.0,113.68013232090786
2105,129,0.0,248.98304055683198
2106,129,20.09016845951238,253.47058642650933
2107,129,53.66828591879436,257.7100429163738
2108,129,64.65964559410001,258.921622900423
2109,129,60.840554172135256,257.9132599942831
2110,129,52.57826345511313,254.64811037029222
2111,129,43.573865127652084,251.08425168793792
2112,129,36.86651904938628,248.43103245209295
2113,129,32.869412331822,246.85012442028295
2114,129,29.430037046519814,245.49155179048446
2115,129,30.445289688471192,245.89127436781658
2116,129,30.757313012152338,246.0149662529344
2117,129,32.03829716468502,246.510136351325
2118,129,36.48605513193917,248.264186269231
2119,129,65.64102802682376,0.0
2120,129,49.27516343425883,253.31882098405518
2121,129,33.04646350615715,246.90479949486243
2122,129,23.194675304370985,243.0110874208233
2123,129,20.149090129185623,241.80737548727285
2124,129,20.028196276336075,241.7596072332517
2125,129,19.306032980968496,241.47418638281098
2126,129,19.524989834844096,241.56071916984067
2127,129,21.047651906693346,242.1625119094338
2128,129,0.0,245.429416837911
2129,129,31.90092660319927,256.9729274644196
2130,129,71.15418561201561,0.0
2131,129,102.98207681428032,54.37460614481393
2132,129,112.10148634525166,258.12910823715345
2133,129,68.06751521729657,258.6641061920279
2134,129,58.9724871686936,257.17364374139015
2135,129,50.35366237227077,253.764574769189
2136,129,38.735623621398105,249.16707691509492
2137,129,33.52594765104264,247.10691301502646
2138,129,29.55185193615989,245.5381727466191
2139,129,29.45736394317324,245.5027374968613
2140,129,28.471047404836938,245.11330802552473
2141,129,29.559387650766606,245.54271394536497
2142,129,33.94499241517704,247.27756136743017
2143,129,62.18393310635551,28.477798001198607
2144,129,46.689550424150006,254.52624890071058
2145,129,20.2924703846446,249.03543299984443
2146,129,0.0,245.9461797630657
2147,129,0.0,243.8749700764659
2148,129,22.661208822656246,242.8002298008914
2149,129,18.937456251366655,241.32851645219688
2150,129,0.0,240.87315935471773
2151,129,0.0,242.0517855496072
2152,129,0.0,246.2403930167996
2153,129,36.095421888369124,0.0
2154,129,75.0134891280267,260.48882253055064
2155,129,102.40926420980227,31.785201573470584
2156,129,111.37011906020834,258.78621099453613
2157,129,66.06628300289974,0.0
2158,129,56.08629388775453,256.03036032574136
2159,129,48.24616376905955,252.93093643727644
2160,129,39.56650886257303,249.49855926091809
2161,129,33.531531265533616,247.11067340661268
2162,129,31.255524821439465,246.2115304832592
2163,129,29.42099566664725,245.48954396130304
2164,129,29.562970526000612,245.5445003623319
2165,129,29.96745782770758,245.7047818659085
2166,129,35.41103544297468,247.863530803501
2167,129,64.22129263856262,259.0631320349862
2168,129,48.82759004798041,255.39289057455417
2169,129,24.717753023200803,250.59193597241597
2170,129,0.0,246.44883083767434
2171,129,0.0,244.74177584213254
2172,129,27.321798690779094,244.64232797209522
2173,129,24.142554620814522,243.38580027596353
2174,129,21.37058136721115,242.2902348124164
2175,129,0.0,242.48795442245148
2176,129,0.0,247.93437350908414
2177,129,38.30881435855519,0.0
2178,129,67.04286798647297,22.54222924719031
2179,129,93.21944582497323,0.0
2180,129,103.32948323725073,263.22712257122066
2181,129,64.63690212953378,258.62564328550707
2182,129,58.769943328591594,257.0960023749066
2183,129,47.420244945499086,252.61296518428705
2184,129,38.41555032542648,249.05058851071726
2185,129,31.98824455630097,246.5076410591764
2186,129,29.62244628521862,245.56916269570698
2187,129,28.567258942572547,245.1521185374018
2188,129,27.434025381231127,244.7038412795164
2189,129,28.29383546491925,245.0429107852371
2190,129,32.96934862347237,246.89232256336933
2191,129,61.77474409151462,258.0260375191123
2192,129,56.14161161615235,28.264613650464742
2193,129,35.106756357036566,255.07352557850405
2194,129,40.94130477454865,250.0250011578835
2195,129,31.900100788277292,246.45164678880494
2196,129,26.69304751543733,244.39371453436857
2197,129,26.330987575578284,244.25060007545144
2198,129,28.130302848408554,244.96174922584376
2199,129,31.927417996065188,246.46248519183897
2200,129,46.46727628372811,252.2089962830457
2201,129,50.27915044990314,258.6653193131665
2202,129,79.49786731259559,0.0
2203,129,102.9882162768266,0.0
2204,129,110.1782828247241,257.2624134054707
2205,129,70.4931657576421,0.0
2206,129,65.17492375804581,0.0
2207,129,54.69269257533472,255.47765497470215
2208,129,44.36236939619827,251.38983494975014
2209,129,37.83440808351289,248.8066985521307
2210,129,33.780112172652856,247.20398099882252
2211,129,31.075872185877657,246.13516852516486
2212,129,30.683569747724533,245.98089459767633
2213,129,31.354319284090217,246.24599694464712
2214,129,37.43501868886421,248.65086098281077
2215,129,65.92522394574122,258.307774630272
2216,129,58.37629222095927,257.93810146496344
2217,129,38.947419574546096,256.38320766560514
2218,129,47.33858213264507,252.5535007872288
2219,129,38.44273825331875,249.03758400912835
2220,129,37.681298118871275,248.73665822120384
2221,129,36.46896291449631,248.25749447764474
2222,129,32.51951936023726,246.69659808519464
2223,129,0.0,246.64087727024648
2224,129,0.0,248.9516209434616
2225,129,35.74957741101457,0.0
2226,129,70.01801558961135,260.88278625715265
2227,129,96.28664520771015,262.8506849389114
2228,129,102.38362872680625,0.0
2229,129,63.361099138519535,0.0
2230,129,56.57996210424842,256.23009742201066
2231,129,49.79838569059674,253.5471356982984
2232,129,41.02620049393869,250.07662607554832
2233,129,35.708075129164406,247.97402163964856
2234,129,30.951636300512426,246.09490610319412
2235,129,29.299910417117133,245.44172115120784
2236,129,29.816352013941724,245.6473622115003
2237,129,28.94559669237192,245.3005453501341
2238,129,31.75935042968877,246.41641862885655
2239,129,32.17507423175708,247.32871053336112
2240,129,16.90729383078769,246.98521101112607
2241,129,0.0,245.94907062956418
2242,129,0.0,243.80143849099878
2243,129,23.680322801192123,147.44038066652058
2244,129,21.767074639855284,216.54591375863066
2245,129,19.537019365340797,215.66452546160323
2246,129,18.112464331781894,215.10151755318614
2247,129,0.0,102.66708181356485
2248,129,0.0,113.87178819671765
2249,129,0.0,247.80730325618276
2250,129,15.836263753444106,252.49478723241737
2251,129,46.54087011979431,255.64724589591648
2252,129,61.137911578002466,258.25107023717203
2253,129,57.392895672948015,256.5545386602825
2254,129,50.71046857555162,253.91419710380742
2255,129,42.52016697420542,250.67100988629508
2256,129,35.7596205747763,247.9952088617699
2257,129,30.78865090844573,246.02746038943963
2258,129,28.549149394774673,245.14233573597897
2259,129,27.03968951414107,244.54649277178046
2260,129,26.625900192959538,244.38257966281046
2261,129,27.806684884603143,244.84887010629194
2262,129,30.299261621162287,245.84011458911763
2263,129,29.815516843762687,246.4539735644674
2264,129,12.3021856815936,245.66762924758936
2265,129,0.0,244.45604584780006
2266,129,21.784719475932786,242.4538752785565
2267,129,17.898751560089238,215.01703981838338
2268,129,16.49274185953112,214.46135068144443
2269,129,15.18031172799423,213.9426361150019
2270,129,14.113566752455673,213.52102009540477
2271,129,14.031200043675119,213.48846908099057
2272,129,0.0,113.802920340939
2273,129,0.0,247.36876624445907
2274,129,10.662340285137647,251.56402339811717
2275,129,46.252983790960386,255.7670988097699
2276,129,63.13218907730854,0.0
2277,129,59.41051194908612,257.3453424380184
2278,129,52.012331549668644,254.42287633876026
2279,129,42.66651464893041,250.72603784178844
2280,129,36.99983067086935,248.48142280854978
2281,129,31.43080357318395,246.2792462607203
2282,129,28.150787946290016,244.98212018956744
2283,129,26.502805394853585,244.33271895320334
2284,129,25.934168186054247,244.1060716483201
2285,129,25.692474651845842,244.01092262490494
2286,129,27.766691974375785,244.83798941179373
2287,129,25.717949647837127,245.30323228305923
2288,129,5.712533477623463,244.52733042903063
2289,129,25.48180255808132,243.91502621615592
2290,129,21.937193037481062,242.51409280870436
2291,129,17.812092690381366,214.982742200347
2292,129,16.49206134023446,214.4610381122347
2293,129,15.176133801124566,213.94096125658646
2294,129,13.31672361535886,213.2060641264623
2295,129,13.459904015269242,213.26265842197012
2296,129,0.0,113.93067427559431
2297,129,0.0,247.47306175442992
2298,129,8.572045003074996,252.0541210753255
2299,129,44.07227546158583,255.55579971728054
2300,129,62.42606749372536,0.0
2301,129,58.93663161384449,257.1588143012905
2302,129,51.82278037220187,254.3445420153919
2303,129,44.28565470281551,251.36490605241474
2304,129,38.44241001955968,249.0508494463655
2305,129,32.92938975198449,246.87384899847478
2306,129,29.543039640328402,245.5354735325446
2307,129,29.430755821271305,245.49186867510159
2308,129,29.298203370277218,245.43682340089057
2309,129,30.769137028074564,246.0158896804436
2310,129,38.31506512875101,249.0025092873946
2311,129,62.8158533718271,0.0
2312,129,39.45411271695838,252.76818920949938
2313,129,12.272977828737178,247.70390371643603
2314,129,0.0,244.36026352318868
2315,129,0.0,242.1664786915518
2316,129,0.0,241.653786791917
2317,129,0.0,240.7954388865814
2318,129,0.0,240.56927807048308
2319,129,0.0,241.532516258969
2320,129,0.0,245.72340878407607
2321,129,28.762001497747292,256.8427822883623
2322,129,58.92428253510126,41.409111455188075
2323,129,89.37133395657928,261.6481926260418
2324,129,103.2110773330197,262.641397580581
2325,129,63.215596990720655,0.0
2326,129,56.47404231465131,256.18698395067986
2327,129,46.90946371284373,252.4037311982411
2328,129,38.14729983349019,248.93876109579566
2329,129,33.22334065052796,246.98962423696818
2330,129,29.244647575712506,245.41599595709593
2331,129,28.087072843747524,244.96119073296364
2332,129,28.37638781889059,245.07552134351093
2333,129,28.515357518438986,245.13084914489224
2334,129,34.14045429515055,247.36090686760696
2335,129,58.45930187480149,257.4637970411594
2336,129,39.448303461651975,252.72986230921808
2337,129,14.103615034781273,248.21792389101196
2338,129,0.0,244.58002868197386
2339,129,0.0,242.83837234315033
2340,129,0.0,243.7445975656558
2341,129,0.0,243.70049525073875
2342,129,0.0,242.6329551726294
2343,129,0.0,242.87433512821357
2344,129,0.0,247.26998003159855
2345,129,31.478021633388206,0.0
2346,129,52.035055733442455,0.0
2347,129,77.15100356004776,0.0
2348,129,92.44721968074377,262.31854956230245
2349,129,59.814152546703525,257.50980728508785
2350,129,54.65161709119486,255.46985723813614
2351,129,45.55639720402378,251.87634551391236
2352,129,36.39146205257668,248.25139609773865
2353,129,29.395414084042734,245.48294968029015
2354,129,26.388493133963426,244.29336901672855
2355,129,25.263246217655375,243.8490142863262
2356,129,25.201470897474582,243.8261543953961
2357,129,26.392537143949582,244.29230117219907
2358,129,32.32273662015744,246.64454581959933
2359,129,58.49517031304885,257.524127700018
2360,129,41.68109435417177,253.8173147273438
2361,129,16.975213557241084,249.92936157182038
2362,129,0.0,245.36646888386056
2363,129,0.0,243.0891793317797
2364,129,22.305780675715738,242.6597753340661
2365,129,20.47176726299668,241.934926200904
2366,129,0.0,242.1327532132324
2367,129,0.0,243.12736316692656
2368,129,0.0,247.92398370954618
2369,129,32.21618226987244,258.44153394091643
2370,129,60.035769697486344,0.0
2371,129,82.7824940857436,82.5279148412732
2372,129,95.91476057673172,262.0202753815847
2373,129,59.757204194194564,257.4827821936862
2374,129,55.59191490446374,255.83265631365194
2375,129,46.05192252118664,252.05987245355098
2376,129,36.842803983947746,248.41632289744388
2377,129,30.92619981020549,246.0744620897173
2378,129,28.879275138527273,245.2661939856276
2379,129,28.321719694035906,245.0458441741876
2380,129,28.126327378439534,244.96903257998378
2381,129,30.01227132121495,245.71594757040256
2382,129,35.4210914598837,247.8586481890691
2383,129,57.7837715857119,257.23508843669555
2384,129,39.95494286278472,253.15483605122475
2385,129,18.219203831393322,250.18687568583275
2386,129,0.0,247.34164666902967
2387,129,0.0,245.2108820089025
2388,129,0.0,244.49563201371967
2389,129,0.0,243.75382940492352
2390,129,0.0,242.57313293570155
2391,129,0.0,242.32579126992152
2392,129,0.0,245.45392168608194
2393,129,25.217969091466284,256.37420499867494
2394,129,54.189847163199396,258.93913739098724
2395,129,84.33972599227737,26.09091234677968
2396,129,98.14850992127279,261.8428434687092
2397,129,62.351184123188865,258.045262276895
2398,129,57.02688939610154,256.40172965207336
2399,129,50.35327535954778,253.76105676280793
2400,129,43.19017185907306,250.9268918208988
2401,129,35.71275389425565,247.96970442290257
2402,129,31.89092614032858,246.46183734724147
2403,129,28.833407576575016,245.25379528678033
2404,129,27.578511262497813,244.76088063977357
2405,129,27.81433491541049,244.85177833391865
2406,129,30.185610917089342,245.80084054140954
2407,129,24.801138930999997,245.29739564380463
2408,129,2.562131436940735,244.30435440917114
2409,129,0.0,242.847863194931
2410,129,17.161912036520892,214.7257612575097
2411,129,14.36954045910261,213.62215799614017
2412,129,12.1855067831874,212.75896433311132
2413,129,9.721766080329711,211.78522453939524
2414,129,9.544198975040088,211.71504727188304
2415,129,10.491836453684199,212.08957846886756
2416,129,0.0,112.59129033304072
2417,129,0.0,244.71568735048606
2418,129,0.3243765926390523,248.3202775207461
2419,129,37.97608916853865,253.43705978220132
2420,129,58.70315827317999,257.50424669713186
2421,129,55.01488411416247,255.61299792503854
2422,129,50.729379577647585,253.91233081656034
2423,129,44.00591491009255,251.2496533890224
2424,129,36.09323929533393,248.11927205681957
2425,129,31.371763477429877,246.25435715855
2426,129,28.382351724136093,245.0705487999473
2427,129,25.99019138402086,244.12740451870263
2428,129,25.247186928157603,243.83183904401338
2429,129,24.942898246278176,243.71236969722673
2430,129,26.98013584737127,244.52632362037303
2431,129,21.88792394687135,244.25863477327604
2432,129,0.0,243.70378456283814
2433,129,0.0,243.60478125417362
2434,129,21.400665723488355,146.5393642689878
2435,129,18.110214215592244,215.10057566231833
2436,129,16.1206028513507,214.31421399064092
2437,129,13.284828191625849,213.19344803211555
2438,129,12.074396441460715,212.71506341007446
2439,129,12.809168345385489,213.005454204484
2440,129,0.0,110.32078397916266
2441,129,0.0,247.0090578260371
2442,129,3.3884863683720123,251.32146632427853
2443,129,40.482713629842635,254.78751802710485
2444,129,62.236348372841505,258.13578888094315
2445,129,58.0443059695375,256.80700639786704
2446,129,50.73186159558475,253.91155517426978
2447,129,40.97383756280872,250.05450216346193
2448,129,33.4575133959522,247.0776954816048
2449,129,29.451114050687973,245.49651783969918
2450,129,27.31397497007602,244.65068903575778
2451,129,26.189146253600338,244.204969861002
2452,129,25.258166911301995,243.83932178127753
2453,129,26.594401067589942,244.3643703073407
2454,129,31.876477516015903,246.48379844766984
2455,129,50.47881651937543,254.57516436505185
2456,129,29.00125632086883,249.51543390199916
2457,129,23.472725762166895,245.30844733133566
2458,129,21.258161247987367,242.24575256629336
2459,129,16.753969851349584,240.4655614049792
2460,129,16.01665695203868,240.1741376535964
2461,129,14.395101936343048,239.53326687721176
2462,129,14.680154819032284,239.64593452047288
2463,129,16.06470252088872,240.19314102997635
2464,129,0.0,242.06442649979974
2465,129,8.754034375001181,250.26244534272334
2466,129,38.2133474476705,255.7483588874773
2467,129,69.08278013587052,259.6442049827934
2468,129,94.4254369391333,0.0
2469,129,62.053843210429015,0.0
2470,129,57.727110829009426,256.66970077984865
2471,129,46.46266392119236,252.2157443009432
2472,129,36.36624534111954,248.22914761124443
2473,129,30.716921775549817,245.99716832151313
2474,129,28.292713323250645,245.0382710105756
2475,129,26.729157714631103,244.42107589587917
2476,129,27.276616014450937,244.63705359606897
2477,129,28.70320317004396,245.19820143401532
2478,129,35.56978295802526,247.94732819191242
2479,129,52.07922866856138,255.31991311160363
2480,129,26.91459735260346,249.14959108291362
2481,129,0.0,244.48714569273162
2482,129,0.0,241.10686831030026
2483,129,0.0,239.94500570117253
2484,129,0.0,239.9809071016858
2485,129,0.0,240.0899329032844
2486,129,0.0,239.6894412758882
2487,129,0.0,240.39676193639846
2488,129,0.0,244.38243274526403
2489,129,18.361304972897983,254.34908961753266
2490,129,45.178152285789864,0.0
2491,129,71.12618774272077,0.0
2492,129,92.42135864125285,0.0
2493,129,58.65828266834869,257.0576240543473
2494,129,52.04973148628218,254.44269094067147
2495,129,45.01998758554424,251.65974983484213
2496,129,35.89429106221515,248.0487430060943
2497,129,30.036255805868276,245.72965079650658
2498,129,26.3904914101921,244.2883584402864
2499,129,24.912415935853762,243.70608832351226
2500,129,25.13214177534211,243.79139342832076
2501,129,26.354052462257897,244.2750787978561
2502,129,31.09950676508433,246.19236314661606
2503,129,47.20796048522708,253.43129649681566
2504,129,24.031106608218504,247.84212573815475
2505,129,0.0,244.04720879422266
2506,129,0.0,241.4217749369859
2507,129,0.0,239.89535620259565
2508,129,15.503824055741338,239.9714581847856
2509,129,0.0,239.99855445112848
2510,129,0.0,239.85604140032464
2511,129,0.0,240.55040363444814
2512,129,0.0,244.3209037888303
2513,129,13.410848013470885,252.65446946375823
2514,129,36.62957346526409,255.52150186662942
2515,129,64.92026037287887,0.0
2516,129,86.3618000240838,261.8381130858168
2517,129,54.79692427368843,255.53040047800974
2518,129,50.066554788436655,253.65699105058604
2519,129,42.32657623913573,250.59450994698545
2520,129,34.33579157076094,247.43360616306708
2521,129,29.69010347671737,245.59899902795664
2522,129,26.76434936335548,244.44073684003033
2523,129,25.508574477627278,243.94403366960805
2524,129,25.019262589469985,243.7529255264743
2525,129,26.31881176947962,244.26156092065392
2526,129,32.43952887271069,246.74689069007485
2527,129,48.844110042141494,254.13814220533425
2528,129,27.203286020829996,249.32872648326037
2529,129,0.0,244.67535419904985
2530,129,0.0,242.64157107371997
2531,129,0.0,241.25862258282422
2532,129,0.0,241.29303953095345
2533,129,0.0,239.88122134722605
2534,129,0.0,239.87151200959113
2535,129,0.0,240.58646348342688
2536,129,0.0,243.9474696790104
2537,129,12.618360784010026,252.16628453268837
2538,129,39.670869734478124,256.51870271638455
2539,129,66.63304710444773,18.77163753040265
2540,129,89.20836021446463,0.0
2541,129,58.95066149151189,257.1705139773801
2542,129,53.43863394285301,254.98246852944678
2543,129,45.60060815829343,251.88384364056054
2544,129,37.17167481057458,248.54674392325026
2545,129,31.027145674834156,246.11555470988708
2546,129,29.178803539253025,245.38347056688133
2547,129,27.879536382712054,244.87073343138547
2548,129,25.796336029512258,244.04739062555322
2549,129,25.678389429454388,244.0042190855049
2550,129,30.7644343278748,246.06376162081898
2551,129,48.073906059345234,253.8267993572575
2552,129,28.77707651207906,249.9335077069076
2553,129,3.9677524241166418,246.51560262234125
2554,129,0.0,243.14844197587726
2555,129,0.0,240.76485725144033
2556,129,0.0,240.5756996236465
2557,129,0.0,239.64105034312948
2558,129,0.0,239.22133805879432
2559,129,0.0,239.34388212793633
2560,129,0.0,242.61693288515602
2561,129,7.139745398891576,250.6900471616092
2562,129,35.68631370757301,255.48738636682404
2563,129,59.04504705337637,259.35428624135693
2564,129,76.08920610880806,261.1294599747044
2565,129,52.25586612568411,254.5238623918382
2566,129,48.92227006158098,253.19403272378992
2567,129,42.40026501611289,250.6140472172171
2568,129,36.71805528340502,248.37208122511908
2569,129,32.81612519677645,246.8272237522154
2570,129,28.852288506716626,245.26211281180738
2571,129,26.782695213439936,244.44532057696495
2572,129,26.208542303264434,244.22107849737895
2573,129,25.563212334217308,243.9625699451825
2574,129,26.500523922942715,244.4122877257197
2575,129,15.59339803608717,242.75863223066392
2576,129,0.0,241.50610538618764
2577,129,0.0,240.5068521457687
2578,129,0.0,114.15028700925365
2579,129,0.0,211.91107621294694
2580,129,0.0,212.24200280293476
2581,129,0.0,212.4542590743952
2582,129,0.0,212.3390585107305
2583,129,0.0,157.10394866742635
2584,129,0.0,106.89641934886231
2585,129,0.0,244.69155123439018
2586,129,0.0,247.68149827215146
2587,129,28.65190826528305,250.8691137866974
2588,129,51.34224709333022,254.8562602901473
2589,129,51.56220394229068,254.25729675675822
2590,129,46.520445861921,252.25236742224476
2591,129,41.32430018994275,250.1941407058319
2592,129,34.56687584573453,247.5222404143067
2593,129,29.43209367577445,245.49473866502268
2594,129,27.05311653509159,244.5533189755988
2595,129,24.490245856979584,243.53962237444523
2596,129,24.04923985416026,243.3618712472325
2597,129,24.449826717840157,243.51750152598
2598,129,25.550113537590367,244.02284681531222
2599,129,15.176831126792795,242.74986328776652
2600,129,0.0,242.6411814924819
2601,129,0.0,242.42575253434978
2602,129,0.0,114.02998072275086
2603,129,16.020319386295757,144.412916222184
2604,129,15.545977996527197,214.08714234881901
2605,129,13.993591695073606,213.4735853371724
2606,129,13.746356959205649,213.37588921036834
2607,129,0.0,95.66867058129222
2608,129,0.0,106.00568282375488
2609,129,0.0,248.3935127888414
2610,129,0.0,250.41001762502714
2611,129,32.486063743428154,252.72574245495278
2612,129,54.6573240984625,256.14776699224046
2613,129,56.43489081032897,256.1800613384727
2614,129,49.076800995568604,253.25809822028145
2615,129,39.54419980697015,249.48937940320266
2616,129,32.13020901176463,246.5583694614611
2617,129,27.829875520519415,244.8587870217137
2618,129,25.894970352760673,244.09329399876145
2619,129,24.8180110439689,243.66766025300817
2620,129,25.956424518259148,244.1183641712421
2621,129,28.03449466102174,244.93703189429115
2622,129,31.163624387938217,246.2821498349451
2623,129,44.45506098387693,252.62912393851227
2624,129,28.654059348671005,250.48130842748327
2625,129,36.273389404888526,248.18024558306496
2626,129,31.051690538910727,246.11647839196198
2627,129,29.054736962582094,245.32719402565428
2628,129,28.8444998056403,245.24409951807718
2629,129,26.625791899135276,244.3672027309801
2630,129,23.580182550481776,243.1635031733973
2631,129,24.391180104796536,243.4840407351149
2632,129,0.0,245.77115603299782
2633,129,18.54122469153034,255.28582632216285
2634,129,45.54479496114073,258.127384074678
2635,129,72.04604690694794,0.0
2636,129,94.91207138842891,50.34561304346907
2637,129,61.29011523728648,0.0
2638,129,52.46774866141555,254.59875274282973
2639,129,41.04689624217005,250.0829506841733
2640,129,33.133866957601455,246.9505065650357
2641,129,29.17529249574608,245.38824367593588
2642,129,27.279683588287384,244.63714108313445
2643,129,27.663964654183207,244.78783639813355
2644,129,27.440752913455775,244.69886025775637
2645,129,28.882735822926342,245.2672021299889
2646,129,34.20133144094326,247.5033064731369
2647,129,46.305152416435895,253.51227485555415
2648,129,23.597372260508184,248.95637126613363
2649,129,0.0,245.2882547878243
2650,129,0.0,241.72454049736572
2651,129,0.0,241.18905636551085
2652,129,0.0,240.74829068426433
2653,129,0.0,240.41548411171576
2654,129,0.0,239.6439149110895
2655,129,0.0,240.45759006931783
2656,129,0.0,244.12056791848738
2657,129,12.579554392823987,253.1159543760725
2658,129,40.61045631017481,257.3204514106705
2659,129,66.57883103642833,0.0
2660,129,91.27337039901961,260.9139521625881
2661,129,61.11196407315444,0.0
2662,129,56.86512201598854,256.3500344744155
2663,129,47.093100738856975,252.4816873093878
2664,129,38.28217881157677,248.99557892517794
2665,129,32.99384903113025,246.90239734199147
2666,129,30.206043990165536,245.8005893467021
2667,129,29.077489597740634,245.3553471011487
2668,129,28.001159879732306,244.92766235194503
2669,129,30.306133611057678,245.83634558153307
2670,129,32.864923204352465,246.9939637107777
2671,129,44.28305659635963,252.68860484278966
2672,129,19.584831023428332,247.00788350902317
2673,129,0.0,243.02492763902836
2674,129,0.0,240.9631731080624
2675,129,0.0,239.70150181345937
2676,129,0.0,239.1141907664187
2677,129,0.0,238.43551920276897
2678,129,0.0,238.96138127943505
2679,129,0.0,239.8007898498531
2680,129,0.0,243.50510398303325
2681,129,8.062578828755347,251.45791456980837
2682,129,37.764624511496415,256.63539124446555
2683,129,67.83546566005774,0.0
2684,129,93.5077133471386,261.86698017823574
2685,129,61.597578474651804,258.22617235983915
2686,129,56.52474998641207,256.2093964922055
2687,129,46.53614738724874,252.2578099127727
2688,129,37.936888611528346,248.85874086701617
2689,129,32.965675145334856,246.89893501089455
2690,129,29.816132281854955,245.653723706134
2691,129,28.84185198922199,245.26406368993818
2692,129,27.811513411808292,244.85913976733005
2693,129,29.674985052506347,245.59064533814322
2694,129,32.283279821607785,246.81034421823304
2695,129,44.94124714223178,252.99579496245346
2696,129,20.956861763185863,247.72128043049528
2697,129,0.0,243.5995825196259
2698,129,0.0,241.22183165468664
2699,129,0.0,240.37317172211075
2700,129,0.0,240.5503795727276
2701,129,0.0,239.79085539150307
2702,129,0.0,239.37352543359023
2703,129,0.0,240.21481470258337
2704,129,0.0,243.13215570095156
2705,129,11.601175143494501,252.47343281864693
2706,129,37.85913464126744,256.3619791640868
2707,129,63.783809434991056,0.0
2708,129,90.19430639276541,261.1994904166627
2709,129,59.6952983705109,257.4758387847099
2710,129,56.31081461844326,256.12096177561585
2711,129,48.77337484417847,253.1400683857572
2712,129,40.11358506338929,249.71322902408417
2713,129,34.312613795819935,247.41937372202344
2714,129,30.31958219639634,245.83891291314478
2715,129,28.808191325059738,245.2427359550204
2716,129,27.077257646884227,244.5570865229574
2717,129,28.03729777753765,244.9357468313013
2718,129,32.088766907668706,246.70167473856498
2719,129,46.91862937763609,253.76470334808056
2720,129,26.814708530277787,249.92505419677025
2721,129,2.458472273554299,246.84938557729777
2722,129,0.0,243.9841202726356
2723,129,0.0,242.81985540041887
2724,129,0.0,242.94292839301582
2725,129,0.0,241.61613929625597
2726,129,0.0,240.72191552812149
2727,129,0.0,240.8844029487311
2728,129,0.0,243.98151037319823
2729,129,11.749813693972282,253.0974889686508
2730,129,36.746842500606256,256.4168445101974
2731,129,60.520509537924625,0.0
2732,129,80.94819760718799,260.7939162157958
2733,129,52.027380003419076,254.44491873634513
2734,129,47.885397648405636,252.7890807544161
2735,129,43.1376324699927,250.90649387240416
2736,129,37.01559547572229,248.4911585964695
2737,129,31.569787815853157,246.33766163753103
2738,129,28.206713844423813,245.008095590416
2739,129,27.226739334752388,244.62269674872488
2740,129,28.129450757578986,244.98214355167616
2741,129,26.63890881389663,244.38769179898682
2742,129,26.997907164319948,244.7501880492664
2743,129,14.663620975242427,243.3294707253632
2744,129,0.0,242.47741186625268
2745,129,0.0,241.7214521579397
2746,129,0.0,114.10315301296471
2747,129,0.0,102.42245159708263
2748,129,0.0,95.52272412419653
2749,129,0.0,95.54548163128226
2750,129,0.0,95.65533077123884
2751,129,0.0,96.25301319971838
2752,129,0.0,107.76730027494449
2753,129,0.0,247.0223534794468
2754,129,0.0,248.75215707618486
2755,129,28.11925012108443,251.38355318370603
2756,129,51.094041068699305,255.00742420228022
2757,129,55.855751274255134,255.96907317331224
2758,129,51.81083086057379,254.35283353089122
2759,129,45.67038082678613,251.92177996014587
2760,129,37.457999041221264,248.6668041830685
2761,129,33.152417487362946,246.96551068120817
2762,129,28.944867834893547,245.30180382508775
2763,129,27.394912120923298,244.686899026339
2764,129,26.314595845493226,244.25799238296108
2765,129,27.276953423016547,244.63645026220973
2766,129,25.516248577905568,244.15463204813017
2767,129,10.843375843675169,241.98198201837155
2768,129,0.0,241.36112661332103
2769,129,0.0,240.48756496950674
2770,129,13.542723632590464,213.29538055346777
2771,129,13.530225547332709,213.29043562777127
2772,129,13.21174505701713,213.16455442502874
2773,129,11.042907194441987,212.3073649951422
2774,129,11.647248834968964,212.54623287386426
2775,129,12.6886013324699,212.9577932497725
2776,129,0.0,104.81848210046363
2777,129,0.0,245.77483448656787
2778,129,0.0,248.05077494962603
2779,129,26.09155490289983,250.91842248035158
2780,129,54.94909614368103,256.51849429540675
2781,129,60.619106625947595,257.8455901871242
2782,129,52.47497250294743,254.6053307194327
2783,129,42.03630760235141,250.47736152213807
2784,129,36.98947853816851,248.47657436071268
2785,129,32.93061291888357,246.87394189977906
2786,129,29.201552472761705,245.39897241307585
2787,129,26.907772569766756,244.48973642652612
2788,129,26.222549996615268,244.21890108244958
2789,129,25.233430928160704,243.82759392110904
2790,129,23.666700807334536,243.52664369177145
2791,129,7.435162506523915,241.13130272240608
2792,129,0.0,240.82902788877036
2793,129,16.743915861228935,240.4615713671452
2794,129,13.430638762663385,213.25108463713147
2795,129,13.315939002892296,213.20574342074255
2796,129,12.667896157349398,212.9495975394387
2797,129,10.669323482935766,212.15970743606573
2798,129,11.658178624413083,212.55054352557312
2799,129,12.23690696130543,212.7792810774873
2800,129,0.0,104.5176119676107
2801,129,0.0,244.328872920509
2802,129,0.0,246.81024290821634
2803,129,21.360753566280668,249.56029358157693
2804,129,50.30164867913049,254.85857199604445
2805,129,59.61885457342684,257.4559762576474
2806,129,53.08114217451935,254.8433911317482
2807,129,43.495294432060135,251.0517220754135
2808,129,35.71279434551121,247.9724284897409
2809,129,30.983393027082716,246.10706964190803
2810,129,27.59176132187925,244.76580911250574
2811,129,26.605981088034877,244.3735105850841
2812,129,25.968185336808023,244.1195340333665
2813,129,27.589598797457395,244.759967966335
2814,129,30.10966030114215,246.0463007255726
2815,129,35.56576593653318,249.62781202312092
2816,129,12.456705042773415,245.1147652618887
2817,129,0.0,242.17218805766996
2818,129,15.7262628418429,240.05937364127374
2819,129,13.897583594387033,239.33662302708936
2820,129,12.751308117794528,238.88357584902482
2821,129,12.748226087327335,238.88233960415775
2822,129,11.469432640767863,238.3769346703283
2823,129,0.0,238.85954404090057
2824,129,0.0,241.85829372818063
2825,129,6.394694531161973,250.8618247898513
2826,129,33.34273393058078,254.78337535656115
2827,129,59.68226580483691,257.8500102083664
2828,129,87.23936778066408,259.9037830114
2829,129,62.923493181523845,72.92254033473658
2830,129,56.151157326048,256.0658660976204
2831,129,45.99118793242147,252.04349674831457
2832,129,35.685204581378635,247.96799815159557
2833,129,30.104379613124923,245.75924600427214
2834,129,27.626738978405676,244.7796195657817
2835,129,26.22095994683659,244.2259312172862
2836,129,25.261162598196787,243.8470218302336
2837,129,27.051356250131942,244.54921051974245
2838,129,27.837525559208526,245.14717284063352
2839,129,27.653033181861012,246.43271909355775
2840,129,10.691519512963866,243.9786397182762
2841,129,0.0,241.20079308559127
2842,129,13.491769941755884,239.17624350469643
2843,129,10.724837846669535,238.0826771893692
2844,129,10.655309946289382,238.05519957897334
2845,129,8.829841839306361,237.3337230339139
2846,129,10.075575172894418,237.8260774949269
2847,129,0.0,238.25695826307395
2848,129,0.0,241.0293830942661
2849,129,1.095936885733906,248.9275085500446
2850,129,29.02705523167567,253.55203603214943
2851,129,55.28007326519307,0.0
2852,129,79.95629870569442,0.0
2853,129,56.03376933126024,256.037633359524
2854,129,51.487836601858234,254.2118237861804
2855,129,43.96328404846147,251.23712817910737
2856,129,35.31856673735344,247.8220141696057
2857,129,30.36644121829374,245.8575121143787
2858,129,26.939684690431562,244.50202847345838
2859,129,24.947122881751884,243.71527003939437
2860,129,24.428346259918797,243.51906367955021
2861,129,26.27038165163845,244.24324035230936
2862,129,26.173639854943033,244.54966979038562
2863,129,27.817836875463733,246.54838283732974
2864,129,9.79358945521361,243.8029683934822
2865,129,0.0,241.06886295829503
2866,129,13.362281025256367,239.12507906669083
2867,129,11.267915401836179,238.29731653445324
2868,129,11.596797887835818,238.42728600438656
2869,129,10.16716927833593,237.8622606215904
2870,129,9.11742215778341,237.44737093065316
2871,129,0.0,238.21714763048385
2872,129,0.0,242.2836258523725
2873,129,8.791946991878826,251.6194227871401
2874,129,36.08479219087091,256.054178202531
2875,129,60.41926998377868,259.03358082399114
2876,129,79.99898888916567,260.12534645651004
2877,129,54.730442295351445,255.51868321182997
2878,129,49.35482086182331,253.36198640955791
2879,129,43.4398508017938,251.0192008272173
2880,129,37.17543270498226,248.54709151639153
2881,129,31.82944160685897,246.4326517969146
2882,129,28.41085661456089,245.08191837968988
2883,129,26.16521776978863,244.19399421232407
2884,129,24.568333901617738,243.56133383267243
2885,129,25.177850571818052,243.80263252707073
2886,129,26.948249744931974,244.82483880036955
2887,129,36.47580678824619,249.97992748934314
2888,129,32.55882735222844,247.94246981977977
2889,129,30.097445393961085,245.73939887252143
2890,129,25.10585020894237,243.76651800069163
2891,129,23.941820866243724,243.3064494161739
2892,129,25.388711646745378,243.87829281080778
2893,129,23.06236002587559,242.9588426165596
2894,129,20.11932297477492,241.7956625263005
2895,129,19.415007045423536,241.51728621236444
2896,129,0.0,243.19179406224566
2897,129,7.658820207149352,251.8825262759523
2898,129,32.52730824174169,255.24300429124952
2899,129,54.5597281625987,0.0
2900,129,81.36971599554987,260.1808268291352
2901,129,56.419740056698664,256.1912810727882
2902,129,50.44914036024701,253.79704619415304
2903,129,43.38150570775927,250.99800851976522
2904,129,37.30568281531933,248.59973252832023
2905,129,31.733266216059334,246.3961955491243
2906,129,28.114803243443838,244.96568812757423
2907,129,26.86669035677688,244.47311211839633
2908,129,27.30011819306129,244.64400948636685
2909,129,26.264832560298693,244.23520242114557
2910,129,23.413819460465575,243.51476029656126
2911,129,7.466527220543954,241.38264371155594
2912,129,0.0,241.37475091967158
2913,129,0.0,240.69733494972272
2914,129,14.98401532259479,213.86499419793984
2915,129,12.914834138543823,213.04719883281192
2916,129,12.50428303919458,212.88494028770594
2917,129,12.079306976549777,212.71699041767607
2918,129,12.767540366846088,212.98900037018157
2919,129,0.0,96.29028752604613
2920,129,0.0,108.1788285481911
2921,129,0.0,249.2247640815125
2922,129,0.0,250.85028991063302
2923,129,28.436659807274594,252.43587300550345
2924,129,51.242374009889765,255.3962692377542
2925,129,52.77181927910391,254.7564146020176
2926,129,46.941425967460425,252.41417819431962
2927,129,41.078529970353976,250.09429391726417
2928,129,33.41094900463103,247.05812219931843
2929,129,29.913139726134645,245.67718993025713
2930,129,28.051572573565483,244.9398956830454
2931,129,26.473229548000653,244.31341253403295
2932,129,25.086134746471096,243.76672776605417
2933,129,24.847151604785882,243.67342129168762
2934,129,22.942723172340525,243.34314082751436
2935,129,5.378019493237532,240.81535875904297
2936,129,0.0,240.43272414417922
2937,129,0.0,240.40816191303452
2938,129,14.270842906545361,213.58315783642797
2939,129,13.602667167048914,213.3190676304191
2940,129,12.62562941744163,212.93291081280367
2941,129,11.411834036257329,212.4531861240646
2942,129,11.853984711755398,212.62793755544584
2943,129,11.393691713020175,212.44601038260828
2944,129,0.0,106.63468351245106
2945,129,0.0,242.83639122384415
2946,129,0.0,245.50177197294448
2947,129,15.97106859605404,247.94177272121303
2948,129,44.019566679157215,252.55297654478582
2949,129,51.87395210453051,254.40064675598128
2950,129,47.112029859570804,252.48226744410556
2951,129,39.468343214610705,249.45782937242163
2952,129,33.36520447062144,247.04495450245818
2953,129,28.54224306589131,245.13801905073706
2954,129,25.349314895452157,243.87646395151245
2955,129,24.063614100038635,243.36678891833262
2956,129,23.563169406016293,243.16669028719545
2957,129,24.942282396287286,243.7125048441444
2958,129,24.82293462865957,244.0785634090246
2959,129,27.16224489281477,246.5132439734599
2960,129,22.15183319192771,243.9406479290079
2961,129,20.227539376782165,241.838375454478
2962,129,14.568558674910161,239.60178299217156
2963,129,12.318177460035471,238.71236885737463
2964,129,12.375861561149522,238.73517707351078
2965,129,11.58828719361921,238.42391765651698
2966,129,10.996443139887228,238.18999905596834
2967,129,12.171448820111625,238.65439878506515
2968,129,0.0,242.18207168945386
2969,129,6.1464390831418845,251.23911605962218
2970,129,28.266447385518706,253.5769155288472
2971,129,50.08322995697383,256.91398683350405
2972,129,72.35525273653025,259.88262845193066
2973,129,52.723620499379216,254.73774004812583
2974,129,47.49586926783697,252.63212415169772
2975,129,38.780985153162526,249.18507297590148
2976,129,29.33992555968829,245.4498768488344
2977,129,23.578428062440487,243.17391909945712
2978,129,22.206307877085294,242.63123233951762
2979,129,21.100540652164707,242.19343222533965
2980,129,20.921107166972206,242.12250036805062
2981,129,21.77764752838181,242.46218181817335
2982,129,23.01138193925988,243.46145572081386
2983,129,24.756771907083973,245.79238386580414
2984,129,5.035686259417434,242.97306584106667
2985,129,0.0,241.19923048518115
2986,129,0.0,239.53042109612525
2987,129,0.0,238.52751952090796
2988,129,12.345001861051422,238.72301227191542
2989,129,12.270190172058427,238.69346016642567
2990,129,11.61151563918444,238.433134371047
2991,129,0.0,238.93541110481755
2992,129,0.0,242.1287249107308
2993,129,4.230143380353036,250.71887060600034
2994,129,28.295017847199745,253.4312271957506
2995,129,47.10870755255259,255.74681492366992
2996,129,69.34415062395082,18.13041769698257
2997,129,49.18910372143034,253.34775224835658
2998,129,46.27378688371492,252.14917800471437
2999,129,38.979998831539305,249.26302782962608
3000,129,31.231891678235783,246.1988277819668
3001,129,25.93603954554297,244.10266808283114
3002,129,23.209665263408386,243.02590133000598
3003,129,22.353609356334516,242.68945157223047
3004,129,22.987368687664414,242.94070475800063
3005,129,24.275944425047122,243.45038575422024
3006,129,23.109815754168096,243.4724633447342
3007,129,24.45245489560738,245.5599954602055
3008,129,7.739664662845194,243.53166947979483
3009,129,0.0,241.23202928048147
3010,129,0.0,240.00391956644447
3011,129,0.0,238.91079327641003
3012,129,0.0,238.68874128987449
3013,129,0.0,237.99186325069098
3014,129,0.0,238.02123767580724
3015,129,0.0,238.3343239190445
3016,129,0.0,241.2986910256308
3017,129,0.0,248.77873391868545
3018,129,23.9019845516154,252.21738086030177
3019,129,48.54844888993801,256.4763117242676
3020,129,73.43612352971034,77.6345226377722
3021,129,54.51237596752786,255.45394680695466
3022,129,50.75318468749911,253.91572294977178
3023,129,42.17262467180752,250.52556165263306
3024,129,33.784727998959134,247.20850678681958
3025,129,28.981841260602227,245.3068289449999
3026,129,27.65325906780961,244.77979290534205
3027,129,25.496209691018453,243.92763265204226
3028,129,23.61778044905479,243.18980201401092
3029,129,24.038825557466517,243.3569682009877
3030,129,21.719608814967316,242.99875214747158
3031,129,22.189798905767805,244.71883504260734
3032,129,6.707628993043782,243.32931850592598
3033,129,0.0,241.55963171912475
3034,129,0.0,239.63929509420794
3035,129,0.0,238.41353729034807
3036,129,0.0,238.10291675467934
3037,129,0.0,237.51265972052104
3038,129,0.0,237.40660395180475
3039,129,0.0,238.55705038553384
3040,129,0.0,242.3588807441562
3041,129,8.026583273479151,252.11154538965204
3042,129,34.26203221461388,256.02992062924307
3043,129,55.9102523393226,0.0
3044,129,74.6355998210588,42.626250028286464
3045,129,52.43720265988359,254.6282354902406
3046,129,49.15436484808519,253.28066565960495
3047,129,42.42761528256048,250.61940937009646
3048,129,34.658246841215984,247.5471908969718
3049,129,28.672938653091947,245.18354398135338
3050,129,25.138814413977936,243.78750529187417
3051,129,23.79302954409021,243.2525705276067
3052,129,23.025527954363103,242.94999015577497
3053,129,23.47903625759202,243.13266686756955
3054,129,21.07888349527117,242.71065965551375
3055,129,25.8941277165695,246.20737821765294
3056,129,11.36583696281579,245.0926311697962
3057,129,0.0,242.75434655220067
3058,129,0.0,241.21580150431777
3059,129,0.0,240.6556488746197
3060,129,0.0,241.30398698738875
3061,129,0.0,240.51914265754982
3062,129,0.0,239.96727375626776
3063,129,0.0,240.04240992194352
3064,129,0.0,241.71612091963306
3065,129,0.0,248.40022749925035
3066,129,20.852426761614687,251.3869257348758
3067,129,43.10531728407976,254.62935567012923
3068,129,64.81395043599403,258.8260045381045
3069,129,48.78622543975896,253.19072664938653
3070,129,46.72333966131996,252.31986570991737
3071,129,42.33478574347885,250.5838503088007
3072,129,35.638416862199996,247.93916738104318
3073,129,31.170521273820754,246.17103989146221
3074,129,27.551447426835864,244.74068945003285
3075,129,25.86743840402986,244.07588956936647
3076,129,23.7161390269231,243.22449604073938
3077,129,24.16306669882765,243.40571416992506
3078,129,17.88530766055245,241.55917864306704
3079,129,0.0,239.11632425394387
3080,129,0.0,239.08436529054876
3081,129,0.0,238.43977483129652
3082,129,0.0,211.94741780378897
3083,129,8.675208482934469,211.3716179484242
3084,129,9.053705971140479,211.52120406113457
3085,129,8.555759847284877,211.32440219554277
3086,129,8.862853248679304,211.44577078347322
3087,129,0.0,211.9417526860602
3088,129,0.0,102.79505335515671
3089,129,0.0,245.16820721526148
3090,129,0.0,247.21852671133556
3091,129,16.49584869645902,248.8704462662596
3092,129,41.76531778697844,252.04317717077518
3093,129,49.058386759744614,253.30253640991162
3094,129,43.9364590740403,251.2165696498282
3095,129,38.744844883983085,249.1635472160717
3096,129,32.63838697668875,246.7493479359422
3097,129,27.79877992264594,244.83886968777776
3098,129,24.49574539409237,243.53223380020523
3099,129,22.527174867451546,242.7526686019223
3100,129,21.702200672382006,242.425472589452
3101,129,20.84411984373168,242.0905403613011
3102,129,15.760287603914039,240.76449373630086
3103,129,0.0,238.95515753854062
3104,129,0.0,239.32657921905977
3105,129,13.747771298102965,239.27741620472875
3106,129,10.822226343190891,212.22016766850808
3107,129,8.652294890734053,211.36254814538782
3108,129,8.099839546704274,211.14420787241454
3109,129,8.324356477215959,211.2329436887907
3110,129,9.020059327723935,211.50790397617303
3111,129,10.00784398181835,211.8983030528795
3112,129,0.0,117.49971076666246
3113,129,0.0,241.96728688968037
3114,129,0.0,244.49853821391315
3115,129,10.489203526913347,246.9368707852357
3116,129,41.486603200716665,251.9464558894947
3117,129,49.2162721008559,253.3634049357157
3118,129,43.39875030723862,251.008980404477
3119,129,37.4012127622694,248.63584083459804
3120,129,30.086171015142995,245.74433958142941
3121,129,24.730748486271057,243.62393004423527
3122,129,22.442099638242727,242.7205473976484
3123,129,22.01439409826607,242.55149302773725
3124,129,21.854474335074148,242.48715649238736
3125,129,21.797437571471345,242.46768423115552
3126,129,18.634110086772974,241.84135050258715
3127,129,21.559903116505783,244.70163056567716
3128,129,24.562062644318914,243.55155122025897
3129,129,19.532574666475867,241.56373335820817
3130,129,14.295229168435307,239.49377201584065
3131,129,13.255975848192866,239.08303656186985
3132,129,14.64111161226899,239.63047260449963
3133,129,14.29015497958326,239.49176461762326
3134,129,14.128885598610697,239.4280335571676
3135,129,15.57343457848345,239.99895894653218
3136,129,26.32626693955805,244.24876593736022
3137,129,9.545440218830063,253.44149515527937
3138,129,28.252591719994854,254.24854917904744
3139,129,48.6402595917503,256.8055452730898
3140,129,68.6417565458041,75.88283231985902
3141,129,52.67677100023553,254.73870600062443
3142,129,49.504353202003244,253.42321352473303
3143,129,41.467793188580345,250.24423333318424
3144,129,33.9500863990499,247.2734317491046
3145,129,28.024760466097863,244.93043814156005
3146,129,25.470994214662195,243.91996703262353
3147,129,24.147064702296582,243.3978605248273
3148,129,23.8624144323551,243.28420980587902
3149,129,24.76364791471703,243.6434617695659
3150,129,20.50298418353808,242.7224495724465
3151,129,21.7274959044534,245.02864195851595
3152,129,3.127897572345639,243.0179152053101
3153,129,19.890740976767184,241.70528202478147
3154,129,14.684020090581587,239.64744103491986
3155,129,12.400988350650493,238.74513241793807
3156,129,12.278318045938315,238.6966482335475
3157,129,11.784223190946985,238.50137099417324
3158,129,12.404499983136912,238.7465227343022
3159,129,14.434671747337571,239.54892218834567
3160,129,0.0,243.4038166805303
3161,129,7.053869186148903,252.63262070904153
3162,129,32.26055111605815,255.61317972241466
3163,129,55.514811260729815,38.17116968391733
3164,129,69.74355625290681,0.0
3165,129,47.22576710969827,252.5951125697188
3166,129,43.94457988239085,251.22511804308195
3167,129,37.68234049826195,248.74930855273908
3168,129,30.21101260812263,245.791875187087
3169,129,25.330856065408216,243.86269504347712
3170,129,23.005651336261913,242.9452547656269
3171,129,23.149714057034053,243.0017935509072
3172,129,22.4460899750997,242.7244662510532
3173,129,23.56781407842476,243.17162456059262
3174,129,19.272310214674537,242.1762979795461
3175,129,23.02014527331188,245.379466888168
3176,129,6.34684878177586,243.68388832239006
3177,129,0.0,241.81055481378678
3178,129,16.37179315939475,240.31452198384213
3179,129,14.222552070492505,239.46507228507622
3180,129,14.103754149140942,239.41811643056477
3181,129,13.059574434836083,239.00543139533477
3182,129,13.454806523169054,239.16165676604584
3183,129,0.0,239.6564587152555
3184,129,0.0,243.46268892302328
3185,129,2.4086780279761117,251.0192292442276
3186,129,24.294602205612595,252.9665684143862
3187,129,43.101956428291096,254.75649102969655
3188,129,65.51018898087347,258.7314502839971
3189,129,50.80411113817771,254.01283742286878
3190,129,50.8212165177762,253.94603473865683
3191,129,43.342456728815804,250.98639158531554
3192,129,33.600436423271226,247.13070987617613
3193,129,29.514344452243396,245.51650487702398
3194,129,26.055712340086224,244.14915780167294
3195,129,24.217072117102795,243.42170084115392
3196,129,22.996081212257533,242.93798713291216
3197,129,23.13435573223183,242.99878578554896
3198,129,16.149222789608682,241.05573629466522
3199,129,0.0,238.93001646665678
3200,129,0.0,239.18598412889753
3201,129,0.0,239.24790401982227
3202,129,11.35595929546051,212.43111795175318
3203,129,8.988795775102554,211.4955455539449
3204,129,8.598240142695355,211.34118928722222
3205,129,8.540113907241526,211.31821933830122
3206,129,8.932301565299372,211.47322371882316
3207,129,9.833731143956676,211.82950619788966
3208,129,0.0,105.238330897979
3209,129,0.0,113.31494660724539
3210,129,0.0,245.64515710329067
3211,129,12.090092210708734,247.9580390231191
3212,129,42.14457154581488,252.36097126801022
3213,129,53.97360231070662,255.25485715382834
3214,129,47.71137254030053,252.71401116019604
3215,129,39.698727108786514,249.54369666983493
3216,129,34.29758841512916,247.40707233359925
3217,129,28.760829667576118,245.22028766009407
3218,129,26.413560232183528,244.29253377717887
3219,129,23.726296585649806,243.22854477829853
3220,129,21.662845051587674,242.41300481975114
3221,129,21.304930861290156,242.2768970520687
3222,129,15.144180602969636,240.63550565200387
3223,129,13.684829899484372,241.91122120860797
3224,129,0.3971649702329812,241.71918822170477
3225,129,0.0,241.4248766966849
3226,129,15.051697242564273,239.79276458323764
3227,129,11.456858849048011,238.37199083152376
3228,129,11.554467589737623,238.4105762555287
3229,129,12.525655373760346,238.79440912851476
3230,129,14.481666516868447,239.56748414430825
3231,129,15.556507352142921,239.99229534012684
3232,129,22.43359292572143,242.71030907382487
3233,129,0.0,248.82776108347184
3234,129,22.2243101783938,252.3401369445325
3235,129,47.1552108856956,256.5299327098518
3236,129,70.85473007528081,259.4771126973111
3237,129,51.33115793682683,254.2122663263392
3238,129,48.96864412291126,253.21038482332818
3239,129,41.62235562075578,250.30459850249974
3240,129,35.66652081182076,247.94993170800487
3241,129,31.080132347479786,246.13569835607134
3242,129,27.206391489464924,244.60356032569837
3243,129,25.088358127425984,243.7672099467287
3244,129,23.522489685619426,243.14831720874312
3245,129,22.33181470028369,242.68615184398263
3246,129,15.057374938403719,240.68277087418375
3247,129,0.0,239.0675874814731
3248,129,0.0,239.17881625976824
3249,129,0.0,238.98836343077943
3250,129,10.842379457796994,212.22815747161084
3251,129,8.712430011060256,211.38633758466824
3252,129,8.241584834670883,211.20024557244886
3253,129,7.480484245393132,210.89943144680777
3254,129,7.330248120830753,210.8400519656928
3255,129,8.441351579489442,211.27917963393415
3256,129,0.0,117.54365397524147
3257,129,0.0,242.52049335297568
3258,129,0.0,244.59441282135492
3259,129,9.109436149427214,246.74811319749773
3260,129,36.08462452826123,250.1136196981271
3261,129,48.74685422986272,253.21086823063692
3262,129,47.11215006415529,252.48355926388976
3263,129,42.65142798761914,250.711388814423
3264,129,36.37497776925882,248.22841923635704
3265,129,30.926206279836382,246.0745051874006
3266,129,28.760574386244777,245.21931513436502
3267,129,26.55220111095285,244.34574428417312
3268,129,25.6394115159208,243.98384854522368
3269,129,25.322121323374148,243.86610326598472
3270,129,16.431203420249794,241.30386793980975
3271,129,0.0,239.22844432571557
3272,129,0.0,239.55344275331598
3273,129,14.139016932074899,239.43204802285095
3274,129,11.286702017146487,212.4037518152026
3275,129,8.48617990514077,211.2968949380548
3276,129,7.334449712147507,210.84169213668116
3277,129,7.161893895824393,210.77349322748992
3278,129,7.387664457947409,210.86271981084568
3279,129,8.295014058413688,211.22132766122786
3280,129,0.0,106.38656617987061
3281,129,0.0,113.87930587081021
3282,129,0.0,244.71945352196627
3283,129,9.282843265726394,247.23752611436885
3284,129,38.8592944484988,251.21710832503558
3285,129,50.81463087826941,254.01693543480764
3286,129,49.21810019056221,253.30937911345464
3287,129,41.07546432849987,250.08776010307264
3288,129,34.178677645750305,247.36229063870135
3289,129,28.56287637445889,245.13929936999844
3290,129,25.136967445830557,243.78642354697095
3291,129,23.850529737680226,243.27801305677687
3292,129,23.44941741649598,243.11909218703232
3293,129,24.195802497494867,243.42097389325946
3294,129,17.66684820795901,241.66471856796414
3295,129,20.39740764894581,244.54855591665648
3296,129,3.829714326271687,243.14173055884882
3297,129,0.0,241.51728545757294
3298,129,14.272423431146386,239.48476847642414
3299,129,12.452995716517004,238.7656925784734
3300,129,13.00348210704984,238.98327206394936
3301,129,13.510021416058152,239.18347648857653
3302,129,16.41905716439568,240.33321983535942
3303,129,16.84568678143359,240.50184574937748
3304,129,0.0,244.0151889691018
3305,129,6.196003326158137,252.38360620018753
3306,129,28.56956587653777,254.67342277738524
3307,129,47.126598189175375,256.5076391398878
3308,129,67.17124577537425,259.43215222992006
3309,129,50.919002860101756,254.0629016991115
3310,129,49.01607604381896,253.2353378261688
3311,129,42.5251290893792,250.66682155318242
3312,129,35.15835696818699,247.7551941597585
3313,129,29.927529069170372,245.6874175650122
3314,129,26.7487364948099,244.42839730443725
3315,129,24.847723094005296,243.67823565129032
3316,129,25.28783879822012,243.85256264017215
3317,129,26.012434039132437,244.14353061303532
3318,129,20.1819350766211,242.83874688370082
3319,129,24.08418000409444,246.28142564411175
3320,129,4.083434899866999,243.8620718857447
3321,129,0.0,241.67198628247226
3322,129,0.0,239.63159463777095
3323,129,0.0,238.57108380406657
3324,129,0.0,237.85932212393064
3325,129,0.0,237.47366845294255
3326,129,0.0,237.8722719120693
3327,129,0.0,239.29426706792057
3328,129,0.0,243.40658365591315
3329,129,5.679724888029457,252.3024154710639
3330,129,29.204398463941253,254.67719739306995
3331,129,52.14813463764221,258.1082740059374
3332,129,69.43444683196849,0.0
3333,129,53.786386943046956,255.21024744473985
3334,129,52.23126557980778,254.5071374365344
3335,129,44.498929938110344,251.4480480340347
3336,129,35.95600293907842,248.06861326941706
3337,129,29.323328137771234,245.44565105971097
3338,129,27.399723074255597,244.68613867210354
3339,129,25.720895676750043,244.0218396532579
3340,129,24.243956243773518,243.43772584070354
3341,129,24.219387146677704,243.4356831403839
3342,129,17.970863633106106,241.86914636966634
3343,129,20.586172693934394,244.70816227100318
3344,129,1.8388009462521837,242.34219606020477
3345,129,0.0,241.3129222333438
3346,129,0.0,239.69382958560485
3347,129,13.57502297058675,239.20915319785473
3348,129,14.493374764729746,239.5721016358147
3349,129,13.956813804933285,239.3600459425085
3350,129,0.0,239.812279299877
3351,129,0.0,239.62760764809045
3352,129,0.0,243.79594171677292
3353,129,8.828331674600443,253.7908055529241
3354,129,30.058327445276134,255.542851775916
3355,129,47.757287543131206,256.8927860279828
3356,129,70.59813978909939,0.0
3357,129,54.4984434259574,255.48357834672535
3358,129,52.957526978318214,254.7933734834782
3359,129,45.576824539341835,251.86978350205808
3360,129,37.72695289814184,248.764255676257
3361,129,30.655923829276226,245.96920234346945
3362,129,27.424055287786455,244.6945735667446
3363,129,25.269260638111685,243.8394650486684
3364,129,24.56606944508954,243.56268252813462
3365,129,24.300407600212203,243.4691870566788
3366,129,19.974302024716234,242.77008833046173
3367,129,23.257443952764728,245.8190830826587
3368,129,4.001001703680035,243.42273462195817
3369,129,0.0,240.98477086763083
3370,129,0.0,238.99643326285732
3371,129,11.62087322023109,238.43680686267453
3372,129,13.727393936284495,239.26936975925742
3373,129,20.610481538074396,241.9897699618473
3374,129,21.202502944582367,242.2237565996986
3375,129,15.598705460445403,240.00895127788485
3376,129,0.0,242.04962331739145
3377,129,0.0,247.6697298426619
3378,129,15.391832479418063,249.40340190686265
3379,129,33.2962609175943,251.15474706699732
3380,129,57.297870917337356,257.3456752885548
3381,129,47.22269548843145,252.59232619369797
3382,129,49.112984685840615,253.27541015227072
3383,129,43.31702429116577,250.97744415259103
3384,129,33.78048298861178,247.20683527427974
3385,129,29.444569992472044,245.49431887207263
3386,129,25.473145597253087,243.9227738273815
3387,129,24.330779981530995,243.4731839212
3388,129,22.857270819877083,242.8892739694885
3389,129,22.303112720090514,242.6763861107513
3390,129,15.631249475637068,240.9942187189899
3391,129,17.573613267870137,243.604423917912
3392,129,3.2530153508330373,243.00222704918582
3393,129,19.924657633450664,241.71867727983332
3394,129,16.774404866630405,240.47361224720947
3395,129,14.84977144449204,239.71294521077616
3396,129,15.39680468579169,239.92914864884844
3397,129,17.825597395534793,240.88908947825198
3398,129,21.500104196831106,242.34138574405844
3399,129,20.541394792800833,241.9624750068762
3400,129,29.3403932613744,245.44011453246242
3401,129,6.566318216583095,253.21360959684714
3402,129,27.725260413502262,254.94519759709829
3403,129,46.88005083810391,256.8406608345484
3404,129,59.98761374032185,258.52875952058247
3405,129,46.9666402169572,252.5100275902265
3406,129,46.31165787029897,252.16037639547022
3407,129,40.43340515934296,249.83593598173312
3408,129,34.03848723709616,247.30768718836234
3409,129,29.35810664301509,245.4571087193655
3410,129,26.130033800380254,244.17820086793455
3411,129,24.706886255824504,243.61646637269536
3412,129,24.13121427093804,243.39047891609232
3413,129,22.614706964655756,242.80296459197535
3414,129,14.90637224902191,240.8570894280885
3415,129,0.0,239.57145831081104
3416,129,0.0,239.5804606836183
3417,129,0.0,239.5751077193136
3418,129,0.0,117.72257604092982
3419,129,0.0,212.05421801018653
3420,129,9.76638718580528,211.80287966242523
3421,129,8.897700987254751,211.45955115278284
3422,129,8.359512935494982,211.24683590392817
3423,129,0.0,211.52657756691352
3424,129,0.0,157.01620707125718
3425,129,0.0,241.6797212742897
3426,129,0.0,243.2832136260538
3427,129,2.895963664373116,245.03571119023493
3428,129,31.185785845047427,248.46080614206502
3429,129,44.265800520979624,251.4561828930874
3430,129,43.97590778336687,251.25276109504534
3431,129,40.938938798560585,250.04059037300297
3432,129,35.28791147864853,247.8029369247489
3433,129,30.49376796742648,245.90586927500718
3434,129,26.512301543227466,244.33229804202495
3435,129,23.433864816351015,243.11601926123578
3436,129,22.5099119685186,242.75047274908076
3437,129,22.57711289424616,242.79006727967854
3438,129,14.107917335996227,240.66947887841567
3439,129,0.0,238.71039364356795
3440,129,0.0,238.83436403805908
3441,129,13.9929592734707,239.37436781506196
3442,129,12.315072364950586,212.81021874786276
3443,129,11.18348862766387,212.36298212460093
3444,129,10.921803284291784,212.25955820571164
3445,129,0.0,211.89896028990583
3446,129,0.0,211.66763902910856
3447,129,0.0,211.9244951795245
3448,129,0.0,102.99449491628083
3449,129,0.0,113.47296470243137
3450,129,0.0,245.10291609240315
3451,129,4.7255640622150485,246.2222740051875
3452,129,34.73668934482547,249.87696915166944
3453,129,49.000905125324,253.31624528033836
3454,129,48.16515648152083,252.89634346208683
3455,129,41.31522038726726,250.1871410515708
3456,129,36.05710590721811,248.10782432309006
3457,129,31.096324386086906,246.14482672161208
3458,129,27.26985777422781,244.63136273296595
3459,129,24.73874789966624,243.63137069886653
3460,129,23.426274343269494,243.11263514923652
3461,129,23.21517320553191,243.04603977920675
3462,129,13.938644276100632,240.70977917000278
3463,129,0.0,238.9832834067515
3464,129,13.926689598331416,239.34813833432833
3465,129,15.244653313782417,239.8690255488955
3466,129,13.352404074435425,213.22015688202376
3467,129,12.777019546986596,212.99275882437013
3468,129,13.040026055749491,213.0966935609737
3469,129,12.12684890963917,212.73578118292906
3470,129,11.70057075987216,212.56730269507665
3471,129,12.10865553276986,212.7285848317759
3472,129,15.108256790314961,213.9141287473192
3473,129,0.0,113.2807506063282
3474,129,0.0,246.57905992019397
3475,129,7.3387855331652725,247.70467976780904
3476,129,35.849545138031516,250.47334530582043
3477,129,48.85484677092055,253.26419319704414
3478,129,48.81357001779787,253.15371200143755
3479,129,41.858880825635474,250.40308923003286
3480,129,36.700544135870956,248.3640002933287
3481,129,30.29066861303522,245.828322236244
3482,129,27.198333715459647,244.60498443186964
3483,129,25.70554935546658,244.01498679187998
3484,129,24.502490421212695,243.54296376806835
3485,129,24.313365657307013,243.47740528786744
3486,129,17.96066827370139,242.21324576159824
3487,129,21.63709817766571,245.64822852383853
3488,129,0.0,242.79105935761297
3489,129,0.0,240.48133580527465
3490,129,12.513049844512684,238.7894210846409
3491,129,9.94241717217171,237.7734303319065
3492,129,10.980948412574968,238.18388379730223
3493,129,10.73679925844668,238.08738321365877
3494,129,11.268514154426,238.29752712617721
3495,129,15.19418082925049,239.84905701078287
3496,129,0.0,244.55853022088905
3497,129,7.153526132593308,253.3601662583942
3498,129,30.51348500321837,255.66222337423056
3499,129,49.78028209597913,257.82369442314103
3500,129,66.1958791329665,0.0
3501,129,49.078857022600936,253.3607748673169
3502,129,49.140699382419186,253.28410696541977
3503,129,41.27724851381812,250.17359284281588
3504,129,32.676969835973836,246.77262827537072
3505,129,27.88260564929801,244.8762321256282
3506,129,24.679057170642206,243.6101194680384
3507,129,22.76259356434972,242.85343048965447
3508,129,22.19455754150052,242.6270057979991
3509,129,22.343323863564105,242.70073372077746
3510,129,16.217243424369343,241.3790752052404
3511,129,17.281943652302246,243.68110463852545
3512,129,0.0,241.72373997990303
3513,129,0.0,240.149405353138
3514,129,0.0,238.8893072472574
3515,129,0.0,238.45180948594108
3516,129,13.584576379304739,239.2129629879984
3517,129,13.71472101583643,239.2644012863902
3518,129,0.0,238.74929190909776
3519,129,0.0,238.5823292153117
3520,129,0.0,241.39120493339982
3521,129,0.0,249.36491390063426
3522,129,14.856219186597643,250.044344475703
3523,129,33.43407547957557,251.56283621698705
3524,129,54.450798000218334,256.3618481263932
3525,129,45.853583979376616,252.08152135771522
3526,129,47.83483754497012,252.7684068158575
3527,129,39.96456678468776,249.65253527253788
3528,129,34.67573323722867,247.55876192203925
3529,129,29.863018150786964,245.655862515066
3530,129,26.92862929089639,244.4968734492869
3531,129,24.199138202879016,243.41618710342053
3532,129,24.431297958597312,243.50793849415868
3533,129,23.63439815808285,243.21058068458115
3534,129,16.14905046102678,241.46545879741498
3535,129,17.384428314129053,243.7671456741048
3536,129,0.0,241.5398184822813
3537,129,0.0,239.93301969403097
3538,129,0.0,238.37549089126267
3539,129,0.0,238.12365318330833
3540,129,0.0,238.33120377266755
3541,129,0.0,237.98311816455274
3542,129,0.0,238.0149087520004
3543,129,0.0,237.9192015553272
3544,129,0.0,239.83706384530547
3545,129,0.0,245.52957776459775
3546,129,13.313633571518247,249.10484672903476
3547,129,33.64869003456186,251.61996269329595
3548,129,55.430062509631995,256.71549803821796
3549,129,46.770190385339376,252.41388955860938
3550,129,45.99481442219245,252.04116674317268
3551,129,40.49444747590145,249.86456751218515
3552,129,32.985528883088506,246.89529307708256
3553,129,27.78524400360091,244.83921462687772
3554,129,24.980220646017337,243.72983178382944
3555,129,23.980409002485867,243.33429892844262
3556,129,22.51923652025172,242.75604244741248
3557,129,22.01379648453956,242.56509119444829
3558,129,15.545134877103878,241.14328223722023
3559,129,17.435704544730843,243.81117592335633
3560,129,1.864308356370707,242.90074320848052
3561,129,0.0,242.2830726626749
3562,129,0.0,241.31168389419136
3563,129,16.387883709181867,240.32087051939016
3564,129,14.98063780697735,239.76469627166975
3565,129,12.495076890907479,238.78231938055666
3566,129,11.979572881829634,238.57857832030282
3567,129,13.68552184183507,239.25282040229558
3568,129,0.0,241.67980646848105
3569,129,0.0,248.78822800686132
3570,129,17.048390510921408,251.33776897153766
3571,129,38.12646695157211,253.7523565036326
3572,129,58.80713995166082,258.1903094880214
3573,129,47.281564255065355,252.6599895883035
3574,129,46.934635784153684,252.40685883547005
3575,129,40.990409033943735,250.05637463036868
3576,129,33.56845608086148,247.1230297207748
3577,129,29.583221744803552,245.54522735076156
3578,129,26.96168349908107,244.5075792861577
3579,129,24.012275136346577,243.34155326042122
3580,129,23.195438082908353,243.0213837787462
3581,129,22.637959535997833,242.81830085705352
3582,129,14.92299476730512,241.051744400312
3583,129,0.0,240.2185238325877
3584,129,0.0,240.76121580846643
3585,129,0.0,240.99921337697873
3586,129,15.858123195494342,214.21054078004695
3587,129,14.03519453378223,213.4900521357928
3588,129,13.283833671075495,213.1930942664831
3589,129,13.147060148319126,213.13902283562615
3590,129,11.233316433806687,212.38265153470422
3591,129,10.729282209335567,212.18343612931753
3592,129,0.0,104.71692657558782
3593,129,0.0,113.39486480898222
3594,129,0.0,244.18086198568162
3595,129,3.508195627974238,246.14671246944394
3596,129,31.077988706477147,248.72693266697047
3597,129,47.28771277918809,252.6616696300301
3598,129,48.55192336069239,253.06405079331856
3599,129,43.788581039897224,251.16728069593097
3600,129,37.600901778109254,248.71790196668607
3601,129,31.395353393570794,246.2634004442149
3602,129,27.94288674840467,244.89619934883575
3603,129,24.97433907462594,243.72446677532096
3604,129,23.042454633153355,242.96054463622733
3605,129,22.372004590181163,242.71622804787236
3606,129,13.236547805291046,240.539536338409
3607,129,0.0,239.10979757444383
3608,129,0.0,239.48960965434694
3609,129,15.413735261206828,239.93584060062406
3610,129,13.720392870649098,213.3656035468736
3611,129,14.275288568197295,213.58491116729851
3612,129,15.5059279127543,214.07129148048512
3613,129,14.110634219244647,213.51982400186017
3614,129,13.877465737847126,213.42768541137443
3615,129,14.556079649708858,213.69589216719226
3616,129,0.0,96.37962647863357
3617,129,0.0,113.37503648126143
3618,129,0.0,246.87001645624147
3619,129,6.048919754442177,247.64494061183953
3620,129,36.30221957566553,250.80931623605957
3621,129,52.30623307337446,254.6340003690421
3622,129,50.107927680930295,253.6663314310489
3623,129,40.929845512481464,250.03699705405867
3624,129,33.802237833406565,247.21497853801947
3625,129,28.597151669213396,245.15779816193896
3626,129,25.586015984755115,243.96654926905407
3627,129,23.583881050999103,243.17985172481906
3628,129,23.46419501993458,243.13065275438217
3629,129,22.989907801274843,242.95315522580978
3630,129,14.924174369947425,240.95374337910692
3631,129,16.706737639051543,243.63487867017912
3632,129,19.80253978189081,241.67046887334791
3633,129,16.186452320328705,240.24128097992843
3634,129,13.558302945905163,239.20256468949236
3635,129,11.520747955776379,238.39725130382476
3636,129,11.469539488626262,238.37700273482514
3637,129,10.90366405182456,238.1533509017639
3638,129,10.028186908560844,237.80732122805532
3639,129,11.089145684522101,238.22664331830853
3640,129,20.02817099564899,241.75960489409582
3641,129,0.0,250.75059996603787
3642,129,20.42497382478032,252.5473537466393
3643,129,40.113025048317425,254.42986923464943
3644,129,64.23697337295395,74.5256173327054
3645,129,49.23859277900341,253.43428753960583
3646,129,48.52707075067789,253.0408493304433
3647,129,43.095359784483534,250.8902212513467
3648,129,32.985202313969076,246.8925166044072
3649,129,28.504436237715957,245.1173794396818
3650,129,25.23111999776154,243.8244576439792
3651,129,23.467178691324175,243.12882159804238
3652,129,24.09296068641812,243.37650841824197
3653,129,24.104941292775433,243.39885075136175
3654,129,16.48199703373779,241.80575815305093
3655,129,18.416656425175795,244.59524535990042
3656,129,0.0,241.96014179866305
3657,129,0.0,239.91399432072538
3658,129,0.0,237.86780364274853
3659,129,0.0,236.8493894550111
3660,129,0.0,237.4463403137177
3661,129,0.0,237.58159024101874
3662,129,0.0,237.86914589648293
3663,129,0.0,238.85369755987813
3664,129,0.0,241.97290080136835
3665,129,0.0,249.71162869072427
3666,129,23.104286168939012,253.35171234795857
3667,129,44.85747915766883,256.2304281411014
3668,129,65.34379219294253,0.0
3669,129,48.05683980220548,252.97068000131907
3670,129,49.016884420553446,253.2328952291914
3671,129,40.92688469875612,250.03585058316136
3672,129,33.764983268639924,247.19953709075222
3673,129,28.390966813437053,245.07556558723442
3674,129,25.479760141761908,243.9253451340769
3675,129,23.024041910374407,242.95669299597293
3676,129,23.35551667174679,243.0846451456707
3677,129,22.81540542875502,242.89225671890907
3678,129,15.438188682214234,241.20979131844206
3679,129,16.648503161858716,243.60348389031887
3680,129,0.0,242.08557440200877
3681,129,0.7167908054624471,240.11179234733004
3682,129,13.40633861521698,239.14249532658891
3683,129,12.955420025493533,238.9642752009058
3684,129,16.17255007663829,240.23578552123644
3685,129,15.102798304831355,239.8129749720472
3686,129,13.884142983057679,239.33131099319561
3687,129,13.403574648787387,239.14137579247924
3688,129,0.0,241.7895521619402
3689,129,0.0,248.32727094935035
3690,129,12.719345064583981,249.79679582181197
3691,129,33.4242686294968,251.90469550559368
3692,129,55.45049995790016,256.8786642135146
3693,129,50.91453858723318,254.10846332114124
3694,129,52.417224866764585,254.58902082742452
3695,129,43.72597789948282,251.14063448224488
3696,129,35.909183179806305,248.04772749104697
3697,129,31.054945779738077,246.1288049729437
3698,129,28.11363459243524,244.96744613323793
3699,129,26.926892294692212,244.49648596008063
3700,129,26.321986171448323,244.2566261484238
3701,129,24.375495983562995,243.50800496221626
3702,129,15.482337221219725,241.33057625748435
3703,129,16.45697229207006,243.54336893220795
3704,129,0.0,242.0130697683463
3705,129,0.0,240.33593281792508
3706,129,0.0,238.7062175851392
3707,129,0.0,238.05030833445255
3708,129,0.0,238.34606876996332
3709,129,0.0,238.33349326356966
3710,129,0.0,237.79700525239093
3711,129,0.0,237.77774493630184
3712,129,0.0,239.99510231593766
3713,129,0.0,245.8110019485663
3714,129,13.460190317308662,249.69233295528548
3715,129,34.31451286484777,252.19864317933866
3716,129,57.26988713711066,257.54940014893
3717,129,50.740208699894474,253.99020306358167
3718,129,52.32874167217704,254.5448693875318
3719,129,45.866173295534274,251.9888282994893
3720,129,37.29085016819976,248.59654680253956
3721,129,31.79570223794463,246.4250877382364
3722,129,27.304558341263895,244.6485279293638
3723,129,25.120978937236018,243.78324051442678
3724,129,23.558393193393172,243.1656739472079
3725,129,23.73022984056077,243.24544879186618
3726,129,16.48652214667489,241.61762801811756
3727,129,20.780363840599485,245.2475911890766
3728,129,3.2114573978937493,243.58331312413748
3729,129,0.0,241.43205368410221
3730,129,0.0,239.52549935486064
3731,129,0.0,237.9433833865014
3732,129,0.0,237.9283338885328
3733,129,0.0,237.5439041267296
3734,129,0.0,237.80358924946069
3735,129,0.0,238.2131152993891
3736,129,0.0,240.49009166955815
3737,129,0.0,246.6562071211534
3738,129,8.928094459650984,248.6588191364485
3739,129,32.02330572390511,251.6688797066652
3740,129,53.888631720107824,256.3678034373466
3741,129,47.707752940087396,252.8491758449799
3742,129,47.78137893116356,252.74458151553824
3743,129,43.38339731276909,251.0048683572984
3744,129,37.22772248773226,248.56735895007947
3745,129,32.223074552017096,246.5882433811683
3746,129,28.402204141568937,245.07850610285766
3747,129,26.64472357446466,244.38235069590255
3748,129,25.826490515681478,244.06126758959846
3749,129,24.248504286891663,243.45711613747127
3750,129,14.819490803388947,241.10694008691874
3751,129,0.0,240.04431865294657
3752,129,0.0,240.3559536673676
3753,129,16.97325828740884,240.5522214907703
3754,129,13.679499036601836,213.34944939329426
3755,129,11.579898090486964,212.51962318788776
3756,129,11.832849589850008,212.61959533038925
3757,129,10.638850326036591,212.14769743051733
3758,129,9.614529820720373,211.74285468896173
3759,129,9.698065883436808,211.77586381171625
3760,129,0.0,104.73226657367904
3761,129,0.0,113.61632574302185
3762,129,0.0,243.95759322971227
3763,129,0.7855410807793768,245.77033858242658
3764,129,30.681764984405483,248.84912923265114
3765,129,45.346959721687334,251.9076509487823
3766,129,45.88182405001756,252.0068416678154
3767,129,41.59756658027389,250.30053723011542
3768,129,36.577401195463445,248.3140979380421
3769,129,32.135169603573914,246.55801562228595
3770,129,28.629931175552027,245.1688492243236
3771,129,25.778795930663744,244.04163660827157
3772,129,24.43888439108161,243.51169251613234
3773,129,23.102154240852716,243.00863859753096
3774,129,13.335737369995782,240.66988014503653
3775,129,0.0,239.17712024305163
3776,129,0.0,239.13932962825862
3777,129,0.0,238.91569899269672
3778,129,0.0,212.42112954801098
3779,129,0.0,212.25424594662226
3780,129,11.057688276971401,212.31324647300607
3781,129,10.191792066297939,211.97101131120442
3782,129,11.146225774146737,212.3482390357785
3783,129,11.932363086465537,212.65894679642523
3784,129,0.0,101.06986937557657
3785,129,0.0,113.9620654415627
3786,129,0.0,244.36234074626057
3787,129,1.260292496032323,246.44514345211851
3788,129,31.961777737414224,249.3703774367125
3789,129,47.01464128795362,252.55881560522653
3790,129,46.65424031730765,252.30301301630593
3791,129,37.45851710746263,248.66515330828483
3792,129,31.348981149650243,246.2458982108457
3793,129,26.890442793833138,244.4837344350945
3794,129,25.040372458162583,243.75212232681466
3795,129,23.16196670395358,243.00968523087758
3796,129,22.600418288478583,242.7873508059941
3797,129,22.57338416512801,242.78927765133687
3798,129,15.291542713039545,241.156004838104
3799,129,23.12280733752182,243.6458728167329
3800,129,22.6110042181501,242.78037878212322
3801,129,17.94859551628246,240.93767675002087
3802,129,15.492619601571244,239.96700969161137
3803,129,14.051726508088056,239.39751379631994
3804,129,11.942887214261486,238.56406453054893
3805,129,10.18206581392532,237.86814221497846
3806,129,10.196975863386179,237.8740349515131
3807,129,11.147498407342086,238.24970329948758
3808,129,18.92028373531392,241.32172675611764
3809,129,0.0,249.20422455587243
3810,129,17.002248161150895,251.59596122057988
3811,129,39.27030686630862,254.3752011244829
3812,129,64.1880415140181,0.0
3813,129,49.523329317731594,253.56937603599593
3814,129,49.67741644947712,253.49585026555675
3815,129,40.5408172789204,249.88175335951576
3816,129,35.17850217594462,247.75780610220457
3817,129,31.27687971475452,246.21382766768332
3818,129,29.143325928844114,245.37173617225133
3819,129,27.452720357042175,244.7058478841898
3820,129,25.898556467407353,244.0877839962429
3821,129,25.40680163720178,243.91641013782967
3822,129,16.64381239718553,241.9348041025946
3823,129,16.79868691666771,244.01355704297245
3824,129,11.598457787860303,241.96894968050688
3825,129,14.722161962220255,239.66251784416673
3826,129,10.613941450233902,238.03882922879532
3827,129,8.337455135298455,237.13909788500726
3828,129,7.861033766152409,236.95081075812004
3829,129,7.669565738354034,236.87513791636152
3830,129,8.12404781861909,237.0547634059164
3831,129,8.864332385024143,237.3473610470454
3832,129,0.0,239.87436581760795
3833,129,0.0,246.79506971861633
3834,129,13.171932641090795,249.79307831204937
3835,129,34.21651118765543,252.28335267939377
3836,129,55.50279969818169,256.9829530580823
3837,129,46.722209003343224,252.46280903899356
3838,129,46.21600715139642,252.12409565802474
3839,129,41.20330605871972,250.14408272042454
3840,129,32.47289155606502,246.68666915031105
3841,129,28.299545049099915,245.0368559451027
3842,129,26.138492348078533,244.1869113558874
3843,129,25.161754285606317,243.79819808171294
3844,129,24.6900234596063,243.60945540746317
3845,129,24.335972092851527,243.49285601649908
3846,129,14.94137946945578,241.0590096272834
3847,129,15.887147995259802,243.3450663045433
3848,129,0.0,242.03442008815276
3849,129,0.0,240.40025493866517
3850,129,0.0,238.90670171696422
3851,129,0.0,238.24015243853242
3852,129,0.0,239.262692878624
3853,129,0.0,238.84732933566175
3854,129,0.0,238.57959886813472
3855,129,0.0,238.8740337255158
3856,129,0.0,241.6902671684294
3857,129,0.0,248.52042586786615
3858,129,12.468188428533256,249.98286886041777
3859,129,36.75072223909404,253.44958931292965
3860,129,58.35567641961256,258.1223215885675
3861,129,50.916048649306894,254.1164524981354
3862,129,52.73283248785905,254.7096351209211
3863,129,45.377979367076,251.79316757006399
3864,129,37.36780274541914,248.6238514279153
3865,129,31.93052294864296,246.4737317993594
3866,129,27.778776609300802,244.83589382427104
3867,129,26.67556491344057,244.39603396199396
3868,129,26.000986136934873,244.13055532239625
3869,129,24.48249979636055,243.5518644363679
3870,129,13.98128141581214,240.78253558921207
3871,129,14.70795356557432,242.8938893447505
3872,129,0.0,240.94697412896602
3873,129,0.0,239.31638664189364
3874,129,0.0,237.81456376826853
3875,129,9.646773291206866,237.6565918968709
3876,129,10.566387155559736,238.02004950221286
3877,129,9.835326918894669,237.73111058941382
3878,129,8.68979951670259,237.2783603318966
3879,129,0.0,237.6186368862928
3880,129,0.0,239.85421205302677
3881,129,0.0,245.95124530695102
3882,129,11.874571004892957,249.27791523094487
3883,129,33.3276549098262,252.00734228760226
3884,129,59.161301841296165,0.0
3885,129,52.751975133944065,254.79717524926372
3886,129,52.60808726701893,254.65492023290238
3887,129,44.6526729231176,251.50802880625827
3888,129,36.29915725918219,248.20494679443615
3889,129,30.245011043017374,245.81178882298968
3890,129,27.979638726569313,244.91297409906812
3891,129,26.074752534249015,244.1593381359652
3892,129,24.156322332722482,243.40113408248024
3893,129,23.484066882258723,243.1503709832957
3894,129,15.411429880433303,241.2332491792897
3895,129,17.490616141042516,243.99214896031086
3896,129,2.2679110560892353,243.2413433617575
3897,129,3.9442349705365554,241.23100693341033
3898,129,14.604621162020266,239.6160538153489
3899,129,12.020338611335124,238.5946683264563
3900,129,11.458965868984942,238.3728095819609
3901,129,10.175523198201313,237.86554854156898
3902,129,11.180695439914308,238.26280660016135
3903,129,12.478838348402778,238.7758686155997
3904,129,0.0,241.2087822726066
3905,129,0.0,247.97009457121206
3906,129,11.337607763487982,249.73507963917214
3907,129,35.20412212573764,253.08751601662783
3908,129,59.05243868853052,0.0
3909,129,50.97912219304683,254.1577460141999
3910,129,53.29206569748326,254.9274911554388
3911,129,48.0926532619613,252.8652306694657
3912,129,39.811144259911785,249.58909076182823
3913,129,33.03631938282329,246.9103467521983
3914,129,30.457870146280662,245.89087933122346
3915,129,27.711192733082896,244.80572380594876
3916,129,26.678728228090073,244.3976586845589
3917,129,23.99438446713683,243.35779884390973
3918,129,11.992221896549232,240.0274224431363
3919,129,0.0,238.72532074461066
3920,129,0.0,238.6176868241265
3921,129,0.0,238.36045625078597
3922,129,0.0,211.47129587355457
3923,129,7.8565056776276885,211.04802074843346
3924,129,7.499427290886243,210.90690347393004
3925,129,7.481993510796802,210.90001260286732
3926,129,8.456306493209786,211.28508152409057
3927,129,0.0,211.46662546713353
3928,129,0.0,212.34129946190745
3929,129,0.0,113.94302173111781
3930,129,0.0,244.02152952914852
3931,129,1.2139356294041983,246.25102730726437
3932,129,33.10306108689637,249.9662111381073
3933,129,46.93745177490451,252.54319894963973
3934,129,47.60883499917506,252.67989238571903
3935,129,41.39349574719654,250.22107858870962
3936,129,34.26890708860731,247.4048010208168
3937,129,29.194955701740234,245.39828611327923
3938,129,25.631215532125317,243.98599018750437
3939,129,23.324107043239966,243.07223021774433
3940,129,23.392481542772675,243.09848598331646
3941,129,22.719905688348504,242.85872344533766
3942,129,10.262380025732844,239.49350214777587
3943,129,0.0,238.25939367527354
3944,129,13.809828410064188,239.30195860837708
3945,129,14.727758933869788,239.66475738524446
3946,129,13.971912048152841,213.46504243369495
3947,129,11.943774237026851,212.66345511980228
3948,129,11.578050422713588,212.51890895490268
3949,129,11.265263676039455,212.39527384581478
3950,129,10.42872856507715,212.06465977499136
3951,129,11.93491614103998,212.65994928190656
3952,129,0.0,99.78259830749907
3953,129,0.0,113.37821242618968
3954,129,0.0,244.62485479333287
3955,129,1.0782887738120044,246.6378716370713
3956,129,34.21690698490867,250.41066516699684
3957,129,50.814559778183515,254.075951980464
3958,129,51.7856683185065,254.32916152630764
3959,129,43.06294883559316,250.87749168156282
3960,129,33.414558367397426,247.05993408709386
3961,129,29.116316264854373,245.35882732290398
3962,129,27.23494773461074,244.6171730350493
3963,129,24.952267194538347,243.713093230548
3964,129,25.22598013934386,243.82012988747425
3965,129,24.4452703197885,243.52767063733614
3966,129,17.88610068934892,242.20411228961765
3967,129,20.64359569082371,245.26937474978118
3968,129,2.3185444312119663,243.57164314960465
3969,129,3.365135959085223,241.32543075967706
3970,129,15.118786983041336,239.8192888347157
3971,129,13.295389512785858,239.09862679324524
3972,129,12.154207490820845,238.6475931570917
3973,129,10.687074934758332,238.06774650796564
3974,129,10.318411321700868,237.9220424290328
3975,129,11.234933388161641,238.2842728600094
3976,129,0.0,240.68991487223178
3977,129,0.0,248.09296440503775
3978,129,14.33113070303545,250.55944680529623
3979,129,35.674136960015844,253.04629727072236
3980,129,58.63269962954529,258.32547386272705
3981,129,51.70057039111576,254.44406657656538
3982,129,52.13604671801579,254.4698509986345
3983,129,44.42567387746644,251.41865952916277
3984,129,36.25701374900857,248.18365515697366
3985,129,31.818665999142105,246.42986262519443
3986,129,27.973537019163448,244.91093942839933
3987,129,25.125475131103848,243.78647479223338
3988,129,24.686946398437378,243.6108715398235
3989,129,24.17623690939721,243.43161934929108
3990,129,15.54892964793763,241.51779774798476
3991,129,16.286746203477932,243.82965811096088
3992,129,0.0,241.98768652300797
3993,129,0.0,240.0010489602695
3994,129,0.0,238.60856250960222
3995,129,0.0,238.35047557405335
3996,129,0.0,238.49869141888857
3997,129,0.0,237.70630008014192
3998,129,0.0,237.98931363982373
3999,129,0.0,238.72099480101704
4000,129,0.0,243.6941859551807
4001,129,2.5659192073481663,252.71522722217722
4002,129,26.065424076426456,254.91654228539156
4003,129,44.60354021056705,256.4809751635187
4004,129,65.28751679213566,0.0
4005,129,52.89385168278641,254.91158666759546
4006,129,51.73700871179393,254.30460266163263
4007,129,45.178774978718835,251.71949433550384
4008,129,37.40470647536211,248.64159901510507
4009,129,32.00192374754554,246.49896527235086
4010,129,29.02560435669637,245.32529488809192
4011,129,27.944005352679547,244.895875837755
4012,129,27.15636817063289,244.58225754548687
4013,129,25.66189455408844,244.01612214391054
4014,129,16.089089498898904,241.52140022645568
4015,129,17.63794565354458,244.05040286473505
4016,129,0.0,242.2511939527637
4017,129,0.0,240.49341610615602
4018,129,11.74702758547457,238.48666739313052
4019,129,9.30107675859094,237.51995425484685
4020,129,9.204171662753861,237.48165331382265
4021,129,8.380541484706445,237.1561344615759
4022,129,8.097385998941894,237.04421188707036
4023,129,0.0,237.52974970194376
4024,129,0.0,239.63387748551727
4025,129,0.0,245.68278326895089
4026,129,9.473764204997725,248.82839300383148
4027,129,35.68492865908185,253.12240406412374
4028,129,58.689587252642134,258.3046032262848
4029,129,51.364540474901375,254.29387705125916
4030,129,52.31211830265545,254.53243956470246
4031,129,45.71063349728126,251.9210265177158
4032,129,37.488004425665714,248.6689236216438
4033,129,32.35558060770396,246.63933020213636
4034,129,28.79903859984265,245.23599681622082
4035,129,26.781892427087907,244.43646992683415
4036,129,25.159050205019692,243.79665193369152
4037,129,24.20917002138941,243.4434394079966
4038,129,14.086602139285084,240.83065619087446
4039,129,14.668167036088915,242.89463183033126
4040,129,0.0,241.4592812116433
4041,129,0.0,239.34692800168784
4042,129,0.0,237.79779190979878
4043,129,10.341763309191695,237.93123734935173
4044,129,13.585743964032106,239.21335493156363
4045,129,13.677968386462618,239.24981615349162
4046,129,12.797154613477911,238.90169524158577
4047,129,0.0,239.60329657514282
4048,129,0.0,243.9131304545617
4049,129,2.24372316299753,252.11325579019095
4050,129,25.604443623532156,254.73418617080844
4051,129,43.16069072018871,255.97485716302444
4052,129,61.054768246937634,258.3031151572865
4053,129,48.5018618047031,253.12805948389084
4054,129,48.04796540935528,252.8537309628626
4055,129,42.83128081339159,250.78736800809125
4056,129,36.83541737309441,248.414928423409
4057,129,30.0479942402122,245.7304404920504
4058,129,27.534675897285766,244.73518046859323
4059,129,24.09780925580764,243.3776220916301
4060,129,23.00144757706647,242.9443248155867
4061,129,22.625274729126964,242.81057545703933
4062,129,14.96365664390346,241.05323213868138
4063,129,17.65668518078911,244.0585940647932
4064,129,2.8826113897389565,243.46903444918289
4065,129,19.686387356645245,241.6245464890428
4066,129,15.779290240113093,240.0803545147817
4067,129,13.71245053524519,239.26348611471997
4068,129,15.272854336823155,239.88019417174482
4069,129,13.474871024040239,239.16956076346446
4070,129,13.685324022304323,239.25274279572042
4071,129,14.817725313917034,239.7003133382539
4072,129,0.0,241.76234209167822
4073,129,0.0,246.03024869623948
4074,129,8.01365189710468,248.4008146456107
4075,129,26.972396790761632,249.88554711113733
4076,129,49.67236868567667,254.81019942725152
4077,129,41.80393736040646,250.54294330816057
4078,129,45.368162726382124,251.79610707160165
4079,129,43.24889565322406,250.9509024507316
4080,129,37.0517577156208,248.50084202143285
4081,129,31.81822685284602,246.42972332851477
4082,129,27.86693095443329,244.86459684104685
4083,129,24.712911137171513,243.6199683451877
4084,129,23.226629111455843,243.03409288095008
4085,129,21.748433891532237,242.47245297412758
4086,129,10.083834781154895,239.26359568362915
4087,129,0.0,238.36903068401747
4088,129,0.0,238.412221119669
4089,129,0.0,238.4309616303373
4090,129,0.0,211.85177336902507
4091,129,0.0,211.3270032823695
4092,129,8.191233131721232,211.18034554219895
4093,129,7.633170996450511,210.95978904928435
4094,129,0.0,211.10321254380582
4095,129,0.0,211.5561659971701
4096,129,0.0,104.90252799790247
4097,129,0.0,113.60248709437045
4098,129,0.0,245.04149306091728
4099,129,2.3227769348049345,246.7624582069617
4100,129,30.001963949257913,248.79841741048213
4101,129,46.77444747632988,252.48489755669019
4102,129,49.10115377411453,253.26773349221116
4103,129,42.688420497943106,250.73134022758313
4104,129,38.479420309178636,249.06593713081105
4105,129,34.251734042518585,247.39234110328937
4106,129,30.953722312012413,246.08733305614106
4107,129,28.74956736421031,245.21617156920104
4108,129,27.406853912223642,244.6843481752866
4109,129,24.611848947402464,243.6057410100192
4110,129,11.294521399836098,239.88537456960856
4111,129,0.0,238.45814366922548
4112,129,0.0,239.32397722557377
4113,129,0.0,240.0566202858311
4114,129,14.570997986026775,213.70178545295204
4115,129,13.578683769723431,213.3095957349335
4116,129,13.370672259224953,213.22738044013335
4117,129,12.314740646478365,212.81005057818751
4118,129,11.98524508521391,212.67982237472907
4119,129,0.0,95.6076444727373
4120,129,0.0,99.61842418960222
4121,129,0.0,113.57042080616165
4122,129,0.0,243.98806512268527
4123,129,0.38764124902087616,246.41007064171006
4124,129,34.051611447047556,250.39087949626986
4125,129,52.90452435740983,254.91301766868983
4126,129,50.401925188682235,253.78956386597272
4127,129,39.95235391192611,249.64578457889243
4128,129,33.35598407880602,247.03641507362195
4129,129,29.24087546700965,245.4076927065952
4130,129,27.305102704762053,244.6425898744526
4131,129,25.6831640107075,244.00154637753542
4132,129,24.333471107378053,243.46813826320636
4133,129,23.63615359581363,243.2074654782561
4134,129,16.47359201120683,241.6262902735482
4135,129,25.72574371916373,244.67380533077477
4136,129,24.39339247967056,243.48486046848444
4137,129,18.30510522449649,241.07861031040025
4138,129,15.18243797449066,239.8444301445396
4139,129,13.291523221846687,239.0970826414903
4140,129,12.86038035154133,238.92666901222094
4141,129,12.469775897080467,238.77229018534683
4142,129,12.460310887327218,238.76854517979157
4143,129,14.468096902368465,239.56207361241846
4144,129,18.113484705631283,241.00283854722244
4145,129,0.0,247.92251598389274
4146,129,12.10676949257724,249.5886673219099
4147,129,36.55749889571858,253.3772698787501
4148,129,59.343151414553844,258.61462810551103
4149,129,51.344237132556025,254.31194716152118
4150,129,53.54649940142468,255.03262808590054
4151,129,47.256169637587334,252.5353883101345
4152,129,38.7279092528669,249.16096254278455
4153,129,31.856297064625707,246.44517032633084
4154,129,28.436530134080844,245.09047787863926
4155,129,26.234326442488943,244.22049065999053
4156,129,24.58287357413277,243.5693053046985
4157,129,24.63620928136462,243.61224874704533
4158,129,16.274662830218453,241.77474917206789
4159,129,16.51304902120912,243.8738878833927
4160,129,0.0,241.53566720632017
4161,129,0.0,239.32498270818948
4162,129,10.541600418705215,238.0102321761264
4163,129,9.785592885699694,237.71142983702043
4164,129,10.451541178572896,237.9746300181631
4165,129,9.180448699469657,237.47226427971782
4166,129,10.545680726823031,238.01184498779736
4167,129,12.743310361670042,238.8804061890128
4168,129,23.275309949243102,243.04291409905505
4169,129,0.0,251.21053567504288
4170,129,19.30359330365926,252.1898732417868
4171,129,37.92995929520065,253.8309030326863
4172,129,59.953571618416284,258.8004121475149
4173,129,49.069225010902,253.40365352746852
4174,129,50.84993796176532,253.96000062710579
4175,129,42.093982625210835,250.5021643637018
4176,129,34.79743313676286,247.61339257676636
4177,129,29.79305088377518,245.6282176798847
4178,129,27.084577990288675,244.55619689912132
4179,129,25.93966089492083,244.10214642264302
4180,129,25.22921364308695,243.8210232614941
4181,129,23.80346733709202,243.27975058030302
4182,129,15.61198305038605,241.30300682264115
4183,129,18.542395255014654,244.3558411511185
4184,129,1.694586372819577,242.9677434063568
4185,129,2.9214049381084384,240.88481468556827
4186,129,12.875044496696976,238.932520372503
4187,129,10.127388747289801,237.84656383375017
4188,129,9.394258148646843,237.55680637048232
4189,129,8.16964456076147,237.0727919010571
4190,129,7.940443034030491,236.98220098747552
4191,129,9.011360036598822,237.40545182694797
4192,129,0.0,240.09590649122595
4193,129,0.0,246.9708809700834
4194,129,12.191453325411283,249.88650683907565
4195,129,34.424578251917474,252.61602906764324
4196,129,57.228759243178686,257.73360490896124
4197,129,49.3802762553064,253.51711522490612
4198,129,51.364521470046434,254.16039265574025
4199,129,44.77713470430765,251.5545491122159
4200,129,35.855819297676824,248.0262878965989
4201,129,31.255713709414927,246.2078035034103
4202,129,28.19667701698246,244.9961107888185
4203,129,27.1272898122131,244.57309583351045
4204,129,25.781346019131746,244.04192734178397
4205,129,24.19350681730777,243.43695426577742
4206,129,15.501760079022857,241.34596883440744
4207,129,17.447990766469825,243.91906646580944
4208,129,0.0,242.2711237718626
4209,129,0.0,240.0974081554567
4210,129,0.0,238.29835636498143
4211,129,0.0,238.26867246891618
4212,129,0.0,239.6799489028853
4213,129,0.0,240.135095069399
4214,129,0.0,239.86146124216512
4215,129,0.0,240.82871908408023
4216,129,0.0,245.76175657830933
4217,129,14.590476777059454,256.99569885697866
4218,129,39.660594501040514,0.0
4219,129,58.45859708370494,0.0
4220,129,74.53890544579427,259.976195712125
4221,129,56.63582916652246,256.34167868244134
4222,129,53.53851354836276,255.02376376674096
4223,129,46.22449986908572,252.13266327007682
4224,129,38.765253970249226,249.17610479562447
4225,129,32.833489641485826,246.832081554141
4226,129,29.283566324603992,245.426014608393
4227,129,27.71594170643453,244.8064532896006
4228,129,25.444878243869173,243.90926155719885
4229,129,25.036041218847107,243.76146351373913
4230,129,17.53613582447695,242.021673309716
4231,129,21.677463293199704,245.56150112141347
4232,129,4.30727604005208,243.86164335265542
4233,129,0.0,242.06552455746433
4234,129,0.0,240.3783147426915
4235,129,0.0,239.23961154006736
4236,129,0.0,240.0385620033051
4237,129,0.0,239.80910045465876
4238,129,0.0,239.6817758190736
4239,129,0.0,240.31394989751627
4240,129,0.0,243.17684084934928
4241,129,0.0,249.25953406110622
4242,129,16.064046376493994,251.60390292618922
4243,129,32.52265981654471,252.07336441769408
4244,129,54.65072704874002,256.78003410740774
4245,129,45.44663489555719,251.98147737664712
4246,129,47.87306171911455,252.7899460925655
4247,129,45.36237037004101,251.79040673565706
4248,129,38.04052801436675,248.89431013017395
4249,129,33.58442143120567,247.13309584741037
4250,129,30.503563072611456,245.9104658509395
4251,129,28.08375153246589,244.95256613650005
4252,129,26.294007561767927,244.2463765578791
4253,129,23.82681202332649,243.2919584283372
4254,129,13.047700850463166,240.37372858596865
4255,129,0.0,239.2426866968321
4256,129,0.0,239.56762622350385
4257,129,0.0,240.08246642703995
4258,129,0.0,109.4397474818283
4259,129,0.0,117.51192515589875
4260,129,0.0,156.98004516830068
4261,129,0.0,212.02412313842163
4262,129,0.0,211.51738420381872
4263,129,0.0,212.15697469812835
4264,129,0.0,103.07826646721318
4265,129,0.0,113.7635478232866
4266,129,0.0,246.3294714686919
4267,129,5.026548048601967,247.77972749622566
4268,129,32.421693435287025,249.74053736135426
4269,129,46.43145759957624,252.3478260917394
4270,129,48.33642457436772,252.97661484197255
4271,129,44.22841259825851,251.3392384514973
4272,129,37.871621542580904,248.82300273064575
4273,129,32.59274910896613,246.73660879133323
4274,129,29.461283647650088,245.4959029512307
4275,129,27.83690852950436,244.85465481233376
4276,129,25.086883283340324,243.7681468241767
4277,129,23.066497498877393,242.9907144612937
4278,129,11.500049575287075,239.87887343521703
4279,129,0.0,238.0475895730334
4280,129,0.0,238.3559084559421
4281,129,0.0,238.5723806714689
4282,129,11.313053669167367,212.41414917847635
4283,129,9.951037938947685,211.87584888661053
4284,129,10.468388886855328,212.08031879336937
4285,129,10.234843353779082,211.98801020882823
4286,129,9.625038687610429,211.74698341938145
4287,129,8.942170029481696,211.47710749053763
4288,129,0.0,212.38121023118447
4289,129,0.0,113.91054422975422
4290,129,0.0,243.83685255940827
4291,129,0.3404347488771479,246.25430687856147
4292,129,33.66234906672578,250.1937182200103
4293,129,49.34909983085501,253.4982147719671
4294,129,48.296722912964256,252.95894907582866
4295,129,40.62341730643744,249.91285000048103
4296,129,33.322898260427586,247.0248322415266
4297,129,27.595433797057154,244.75925685805333
4298,129,25.524589944316425,243.93812560294924
4299,129,24.320870764253307,243.46275123353948
4300,129,23.635401507506817,243.19221562106142
4301,129,22.94613027582288,242.9332069919952
4302,129,14.547151864524016,240.7902074982172
4303,129,14.585037611807106,242.7124652111902
4304,129,0.0,241.21246931683856
4305,129,0.5344049228631544,240.00286976805597
4306,129,13.665199907504773,239.24483017653037
4307,129,12.21689779688125,238.67240268177076
4308,129,12.043036738124663,238.60367896680393
4309,129,11.978126212726703,238.57802153905882
4310,129,13.559549297647163,239.20304560826534
4311,129,15.349739193270576,239.9105721885934
4312,129,0.0,241.15870098843075
4313,129,0.0,247.64349765995274
4314,129,10.810734437421736,248.91764041487778
4315,129,31.72935844909734,251.3600652922028
4316,129,56.43603796425243,257.430167577131
4317,129,48.78014195059452,253.29670839233725
4318,129,50.875426169566374,253.97890496101516
4319,129,42.37615366249993,250.60483899764014
4320,129,33.2937639183597,247.01594648640278
4321,129,29.235364203456378,245.4077450794504
4322,129,26.979771558508734,244.51357983622495
4323,129,24.349996996459467,243.47385554738165
4324,129,24.09737554646686,243.37514147247475
4325,129,23.723629216926014,243.24924289072746
4326,129,15.660945436902985,241.43371513102989
4327,129,15.354524245927703,243.26088597850094
4328,129,0.0,240.97290507812343
4329,129,0.0,239.61997345152025
4330,129,0.0,238.61977673281785
4331,129,0.0,237.97592831978983
4332,129,11.308087950120646,238.31317999182804
4333,129,0.0,237.8620017467948
4334,129,0.0,237.8443075184893
4335,129,0.0,238.59258635535775
4336,129,0.0,240.69067651842204
4337,129,0.0,247.89005968533945
4338,129,14.533957526911257,250.10801004864186
4339,129,35.96223821590823,252.91921087004087
4340,129,57.90998472481201,257.95106769434165
4341,129,50.11392927447062,253.82199865863493
4342,129,50.95302013934054,254.01158607472186
4343,129,43.502971894042865,251.05217527770057
4344,129,35.99252548016886,248.08263091409304
4345,129,31.447882822058382,246.28413901816515
4346,129,28.6124971726716,245.16005193277627
4347,129,26.12288985129732,244.1760693244587
4348,129,25.149685161344326,243.7899068196278
4349,129,23.484505064742436,243.1517140484613
4350,129,15.582148132750405,241.19466451245174
4351,129,20.70992596073714,245.05080725718722
4352,129,5.319724616448142,244.071082208542
4353,129,0.0,242.53588242652293
4354,129,0.0,241.0041905527319
4355,129,0.0,240.30460770715533
4356,129,0.0,239.59478327144106
4357,129,0.0,238.65416539738914
4358,129,0.0,237.83213156315085
4359,129,0.0,238.31908864207918
4360,129,0.0,241.39982783706986
4361,129,0.0,250.35830632350996
4362,129,20.711896456714943,252.97674431914263
4363,129,43.314102367092,255.95322446559277
4364,129,66.78047287780909,0.0
4365,129,51.03377852219259,254.168693271263
4366,129,49.66308154062583,253.4937738357978
4367,129,43.20894682669203,250.93524217697134
4368,129,34.91541629433033,247.657705157858
4369,129,30.22147500835899,245.80287006135572
4370,129,26.952402275111098,244.50434269181977
4371,129,25.73363947269365,244.0226678076699
4372,129,25.59925973506568,243.96913546690507
4373,129,25.481365193981592,243.94243083436794
4374,129,18.77740995673808,242.52721875131573
4375,129,19.856582364487767,244.69058263911035
4376,129,0.5134225077429639,242.2526803945665
4377,129,0.0,240.14336431123783
4378,129,0.0,238.58320422589824
4379,129,0.0,238.02332028069154
4380,129,0.0,238.61253512866185
4381,129,0.0,238.8214585310632
4382,129,0.0,238.56809526019535
4383,129,0.0,238.51341524369298
4384,129,0.0,241.10742419732196
4385,129,0.0,249.67205626137888
4386,129,21.6124869634359,252.87744879082769
4387,129,38.2382219465691,253.84956571945943
4388,129,58.78817698022102,258.2221013135551
4389,129,49.592282260316956,253.55619606617674
4390,129,47.748027459771905,252.74380324573042
4391,129,40.24597835132719,249.771887681265
4392,129,35.035707419732006,247.70532410760157
4393,129,30.12578780413126,245.76320301331427
4394,129,26.454025148399644,244.31201752284076
4395,129,23.35065575767832,243.08508975540877
4396,129,22.177309065341166,242.61944125489265
4397,129,22.164259965635846,242.62654890918023
4398,129,14.690609771296222,240.7848928826218
4399,129,16.30241234473123,243.24493492630862
4400,129,0.7907135519606113,242.1011280540777
4401,129,0.0,240.36586936915026
4402,129,0.0,238.57809543892526
4403,129,0.0,237.9454859539844
4404,129,0.0,237.93351700748374
4405,129,0.0,237.6966944687221
4406,129,0.0,237.70934433281238
4407,129,0.0,238.3540180816961
4408,129,0.0,240.53105313931476
4409,129,0.0,246.43425700969348
4410,129,9.190515218032054,248.59286012889444
4411,129,28.049564812483066,250.1243801095731
4412,129,48.58137844237739,254.32541200953406
4413,129,41.87440927741472,250.5586039015094
4414,129,45.221809746214596,251.74413991081767
4415,129,42.75746587790703,250.75673569402744
4416,129,37.15335016384884,248.54104484134433
4417,129,32.15206884190258,246.56784730110599
4418,129,28.2130886863301,245.00874393454393
4419,129,25.591999627959936,243.96974648222943
4420,129,24.38529169059101,243.49284345322772
4421,129,21.715747615007388,242.4549931340752
4422,129,12.92205503051552,240.19235781457044
4423,129,0.0,238.93800824918367
4424,129,0.0,239.26621087891357
4425,129,0.0,239.4000596543572
4426,129,0.0,117.45813811202457
4427,129,12.181567716865922,212.75741303560912
4428,129,12.369982483946144,212.83187695674715
4429,129,10.072467608363059,211.9238344381799
4430,129,8.569748832237014,211.32991628273098
4431,129,0.0,211.5097190970748
4432,129,0.0,106.5206037451153
4433,129,0.0,113.62773957218826
4434,129,0.0,244.99927745862706
4435,129,2.100928675975237,246.17725221878823
4436,129,30.929750459413444,249.0038325702712
4437,129,45.69490440722049,252.05595620108394
4438,129,46.77565400462984,252.37427390135875
4439,129,43.453228406688325,251.0308779166211
4440,129,37.7368356057941,248.7761669336358
4441,129,31.15597900870812,246.17180162543448
4442,129,28.32569838066651,245.0504835584109
4443,129,26.351021645387185,244.2684876705866
4444,129,25.447742391982597,243.91457600171643
4445,129,23.937985281846462,243.33244285037313
4446,129,13.926415908432233,240.66929481421994
4447,129,0.0,238.40596015340037
4448,129,0.0,238.64191663460707
4449,129,12.120822083991108,238.6343850698553
4450,129,11.345595676460725,212.42701431589109
4451,129,11.508311197949903,212.49133381445378
4452,129,11.781270823547226,212.59921630083045
4453,129,11.776342781342844,212.59726615393666
4454,129,11.918830356230476,212.65358512472622
4455,129,14.893610322888131,213.82930660261366
4456,129,15.85227249095024,144.34650768278235
4457,129,0.0,113.75090716420165
4458,129,0.0,244.623748267564
4459,129,3.3391076042839134,247.00214595477684
4460,129,35.78583426785689,250.8875087690715
4461,129,50.42823779032971,253.91755696404562
4462,129,48.402142367376,252.99033335079918
4463,129,39.99177003319456,249.66132747049673
4464,129,33.593697610203485,247.13032522862164
4465,129,29.983090662727943,245.70255286291092
4466,129,27.06003963059153,244.54570696159035
4467,129,25.480644203051792,243.92108643490872
4468,129,24.124263247259346,243.3846252336143
4469,129,23.357142187778795,243.0929238746555
4470,129,16.86719433007304,241.5738410644644
4471,129,16.77510586301182,243.35358500283675
4472,129,0.0,241.60268161188074
4473,129,0.0,240.59069768015564
4474,129,0.0,239.6922473094789
4475,129,0.0,239.07252541590816
4476,129,0.0,238.72002764560597
4477,129,0.0,238.28394804476684
4478,129,0.0,238.73742254656102
4479,129,0.0,238.782523744257
4480,129,0.0,241.22266140889033
4481,129,0.0,248.09530406928707
4482,129,14.233737338981992,249.97332063659695
4483,129,32.817067778805196,251.61723825448058
4484,129,52.43420263066521,255.78505493597459
4485,129,42.84251168267081,250.93094843865842
4486,129,45.15043406272386,251.70831777315468
4487,129,37.76777639605195,248.78127343253942
4488,129,31.13229904918813,246.1590687430413
4489,129,27.861016004230123,244.8630504585352
4490,129,26.04577298283292,244.14524781280033
4491,129,23.7571083773113,243.24032492146813
4492,129,23.745063999753473,243.2348030867364
4493,129,23.07805428378917,242.9887784474722
4494,129,15.059534954472554,241.02759125413365
4495,129,14.42401182984618,242.64234513243014
4496,129,0.0,240.5597898666568
4497,129,0.0,239.2784543753337
4498,129,0.0,238.40360982584943
4499,129,0.0,237.8556615351325
4500,129,0.0,238.15981572542833
4501,129,0.0,237.75842868005952
4502,129,0.0,237.65532525230586
4503,129,0.0,238.69102954576783
4504,129,0.0,241.79697637700616
4505,129,0.9944664936694276,251.26832965180645
4506,129,28.14014265281227,255.1826624172578
4507,129,50.604731394979524,0.0
4508,129,70.08674267052957,258.7089438838211
4509,129,50.76401447266519,254.07012616699487
4510,129,52.42687034857906,254.59711992870476
4511,129,46.21674934738731,252.1223731635367
4512,129,36.694430846413525,248.3584492787941
4513,129,31.403753442820722,246.26551368453997
4514,129,28.707759589952044,245.1961653799924
4515,129,26.442600048924994,244.30245429011717
4516,129,26.217129611972233,244.21183231627066
4517,129,25.936761831203608,244.11746325404786
4518,129,19.560733759750423,242.6242653074206
4519,129,20.530113787380767,244.76533089900167
4520,129,5.2799930288617105,243.66708343552864
4521,129,0.0,242.41853621174653
4522,129,0.0,241.25838991207354
4523,129,0.0,240.62727801277785
4524,129,0.0,240.1769877007227
4525,129,0.0,238.71593836686708
4526,129,0.0,238.40699468319747
4527,129,0.0,239.19458828423276
4528,129,0.0,241.24424781278583
4529,129,0.0,248.54775869292925
4530,129,15.582407771466583,250.6710057992344
4531,129,35.45488345851626,252.6796453028909
4532,129,56.29994936157364,257.2458248238921
4533,129,45.41384294008831,251.9306759723105
4534,129,47.64797975934725,252.696104380371
4535,129,43.23816612134021,250.94290453559015
4536,129,35.976547000734634,248.0744459980143
4537,129,31.225449741747312,246.1993207817943
4538,129,28.405027784042353,245.07923201665207
4539,129,25.985653546519423,244.12263611216292
4540,129,25.350670956270726,243.87166853804464
4541,129,24.107019535649776,243.39468359597782
4542,129,18.196285619649025,242.14322768041362
4543,129,18.719533521212732,244.02789008349774
4544,129,0.0,241.5904169272201
4545,129,0.0,240.1518878097164
4546,129,0.0,238.63988665597552
4547,129,0.0,238.03682715997448
4548,129,0.0,238.2183994864724
4549,129,0.0,238.0477108512834
4550,129,0.0,237.85517467295114
4551,129,0.0,238.0420298658812
4552,129,0.0,239.97576888047948
4553,129,0.0,246.16229214887917
4554,129,11.402976310988196,248.61551753574156
4555,129,32.06999263706939,251.26219553648056
4556,129,54.3742224691526,256.4196016658009
4557,129,49.75768340932893,253.61532332288544
4558,129,50.567620020357374,253.8580662612568
4559,129,42.99383317073742,250.84973970322187
4560,129,36.92760901280444,248.4518453301667
4561,129,30.287938233394083,245.82570999217617
4562,129,27.40289148209528,244.68700365888122
4563,129,25.73530939278863,244.02752675560515
4564,129,24.12679442219308,243.39026717814534
4565,129,24.136455021172388,243.40289475054198
4566,129,17.163306997825583,241.61433385973643
4567,129,19.57826579637216,244.3152447247982
4568,129,6.924745877013645,244.15284986462564
4569,129,0.0,243.32636844443724
4570,129,0.0,241.9948754523696
4571,129,0.0,241.19486589140098
4572,129,0.0,241.0900694612318
4573,129,0.0,239.72650399288165
4574,129,0.0,239.37886141200212
4575,129,0.0,239.6604943882667
4576,129,0.0,242.31337376500548
4577,129,0.0,249.872491924371
4578,129,19.198242088774133,252.33673776551657
4579,129,37.90013402559732,253.86778699599205
4580,129,59.819799087062925,257.92197311839953
4581,129,48.59081376868914,253.19399171899192
4582,129,48.576707868859984,253.0628250365673
4583,129,42.56732025844752,250.67778934607276
4584,129,36.72833857516015,248.36813480340692
4585,129,30.378472762971537,245.8611224929265
4586,129,28.11723204486134,244.96777156448292
4587,129,26.09896765912203,244.1685447161459
4588,129,25.070624568610928,243.76247649825703
4589,129,24.64495886917977,243.60764816917063
4590,129,15.563080357900361,241.0771842950785
4591,129,0.0,239.03853094705073
4592,129,0.0,239.57394941323722
4593,129,0.0,239.4781842484742
4594,129,0.0,110.67193762986912
4595,129,0.0,100.75241790040218
4596,129,0.0,117.56387948462476
4597,129,0.0,212.20842435292494
4598,129,0.0,211.88903996711008
4599,129,0.0,211.82055238223464
4600,129,0.0,106.18611195366687
4601,129,0.0,113.50420540272096
4602,129,0.0,244.6283784071029
4603,129,2.896803620905754,246.24088152208304
4604,129,34.18648092943328,250.163007104033
4605,129,50.41022409211753,253.9076647616112
4606,129,50.711056879273436,253.9163115778278
4607,129,46.43665593199429,252.2074305353539
4608,129,39.35896080991138,249.4154866635011
4609,129,35.22447808967425,247.77487274412408
4610,129,30.997073895891724,246.10597879278313
4611,129,28.821952954935508,245.24476694789365
4612,129,27.021463084224234,244.53468503375026
4613,129,26.057476489183216,244.16443615271618
4614,129,14.91765457374567,240.86998201972906
4615,129,0.0,238.64706524235964
4616,129,0.0,238.7627140823152
4617,129,0.0,238.78816771115297
4618,129,0.0,156.97537020742175
4619,129,0.0,212.4205293149544
4620,129,11.359420349271852,212.43249100027933
4621,129,11.762016614988028,157.0792903400842
4622,129,0.0,157.11415729608314
4623,129,0.0,95.38429982138297
4624,129,0.0,99.53486055873198
4625,129,0.0,113.63726652314952
4626,129,0.0,243.68371181642297
4627,129,0.23496901906526224,245.63282963278954
4628,129,33.61551938699642,249.9255841033282
4629,129,50.88547854839224,254.09248318908794
4630,129,50.53510572565144,253.83183403278292
4631,129,42.63539869498553,250.70466198683644
4632,129,35.52548821714094,247.89304474199614
4633,129,29.875622562250282,245.6592929427483
4634,129,27.015999242556415,244.5298499922931
4635,129,26.048701037636988,244.14715803517663
4636,129,24.699818215383697,243.61250994028418
4637,129,25.00439269418525,243.7420782588784
4638,129,17.175205688211577,241.54738742478264
4639,129,16.55272597326123,243.05046936221115
4640,129,0.0,241.10270200304748
4641,129,0.0,239.86013915440387
4642,129,0.0,238.8517047918335
4643,129,11.22257568010786,238.27938512349974
4644,129,10.713552054242527,238.0781994959761
4645,129,1.7890337823584144,237.7406186859847
4646,129,2.117660114142084,237.8098804505728
4647,129,0.0,238.1705009085935
4648,129,0.0,240.7048902756687
4649,129,0.0,247.56526786735827
4650,129,17.104645462485482,251.15118174778306
4651,129,39.84055645331313,254.36436236725928
4652,129,62.793203886927174,258.7125108506674
4653,129,50.10909921377371,253.7916925455253
4654,129,50.97863234341859,254.0124341704097
4655,129,43.42586576458793,251.02350666464696
4656,129,34.43765569648429,247.46305075799026
4657,129,29.029318909796245,245.32593052436067
4658,129,25.53652665835399,243.94435295782156
4659,129,24.87416465923435,243.68257183940753
4660,129,25.389898302212625,243.8875676066333
4661,129,24.83880773252522,243.67897843011127
4662,129,16.299710096429116,241.34001905842442
4663,129,14.216254753557802,242.3346225897087
4664,129,0.0,240.4346046635394
4665,129,0.0,239.25905280633174
4666,129,0.0,237.9132156207875
4667,129,0.0,237.28635118461008
4668,129,0.0,237.1926819991311
4669,129,0.0,236.8992593692484
4670,129,0.0,237.173869852435
4671,129,0.0,237.2760249767878
4672,129,0.0,239.90437713304792
4673,129,0.0,248.06856831997348
4674,129,21.357872584995366,252.573704333175
4675,129,46.11537683510483,256.74060787513355
4676,129,70.43490465051687,0.0
4677,129,55.89080417902338,256.08145241867965
4678,129,54.16851669498646,255.27703716558457
4679,129,44.25117765938113,251.34899287164546
4680,129,36.13030482287015,248.13671698539846
4681,129,30.188896796528034,245.78809391157142
4682,129,28.751588983947507,245.21657478258481
4683,129,26.49895333896421,244.32739372473202
4684,129,25.28784836927192,243.8479432621709
4685,129,25.608094068160966,243.98409465088912
4686,129,19.894493087029442,242.61174993570702
4687,129,18.30917083535449,243.70287297709515
4688,129,1.997101366113403,242.1336038785762
4689,129,0.0,240.42960425342807
4690,129,0.0,238.98974125697083
4691,129,0.0,238.29055876570976
4692,129,0.0,238.02282313376477
4693,129,0.0,237.68265186907394
4694,129,0.0,238.42274523139733
4695,129,0.0,238.56495455391845
4696,129,0.0,240.81016567266354
4697,129,0.0,247.1533726027735
4698,129,13.915540100520646,250.12743060413123
4699,129,36.101389597245436,252.92211713615404
4700,129,59.50330639188819,257.857254392637
4701,129,49.691369086558474,253.6100743320332
4702,129,48.93440639885853,253.20014427882853
4703,129,41.276212532764546,250.1681344075176
4704,129,34.693853675647986,247.56772358201042
4705,129,30.009433932503793,245.7167127351246
4706,129,26.265857542992887,244.23483222422556
4707,129,25.93950787105648,244.10509212855555
4708,129,24.776435270925322,243.645401568973
4709,129,24.42024470080502,243.5146131350606
4710,129,17.94683740559357,241.894449620224
4711,129,16.91982728350289,243.1376820473677
4712,129,0.9382513377984869,241.8227074470281
4713,129,0.0,241.11530585589398
4714,129,0.0,240.16398814329798
4715,129,0.0,239.9043681629087
4716,129,0.0,240.33907557934828
4717,129,0.0,239.72044291675917
4718,129,0.0,239.29226691398964
4719,129,0.0,239.77733018655965
4720,129,0.0,242.4365219164467
4721,129,0.0,250.20386296178975
4722,129,22.21130723818851,252.9717851179219
4723,129,42.69298421795582,255.4268386957006
4724,129,61.44977446493344,0.0
4725,129,48.917919191480514,253.27253308882618
4726,129,48.27779689473472,252.94483867006429
4727,129,42.74732310942035,250.7498944172118
4728,129,36.546586656838485,248.29804024563194
4729,129,31.103311472165814,246.1474994345001
4730,129,27.82554211413125,244.85161921605163
4731,129,26.099396577045923,244.16901943250377
4732,129,24.723750940310552,243.626503745142
4733,129,24.140474279736708,243.40248214493394
4734,129,18.082447657418854,241.83734076463145
4735,129,18.49236121973433,243.7067005195944
4736,129,6.1273898750734395,243.62770185857593
4737,129,0.0,243.5451866124567
4738,129,0.0,241.86449030230835
4739,129,0.0,240.91838513038007
4740,129,0.0,240.7080287586868
4741,129,0.0,239.61716814675344
4742,129,0.0,239.28745350479198
4743,129,0.0,239.56416067334894
4744,129,0.0,240.98324823282562
4745,129,0.0,246.64764308564136
4746,129,10.353313167306117,248.91794559663123
4747,129,32.57749217510541,251.7105331300621
4748,129,57.71150748166796,257.81781671437494
4749,129,47.33833382975837,252.68434945960107
4750,129,48.07710064444085,252.86414069800773
4751,129,42.345578997370446,250.59233671012365
4752,129,36.17207042085368,248.14896863309298
4753,129,32.16789225085019,246.5667715817869
4754,129,28.222247304511956,245.00776911157445
4755,129,26.00082717254068,244.12827848137795
4756,129,24.696801383283525,243.6128897736589
4757,129,23.39620599910093,243.1088348245779
4758,129,15.198649511070043,240.77696000054812
4759,129,0.0,238.96139180565902
4760,129,0.0,238.9806591547152
4761,129,0.0,238.82866279840854
4762,129,0.0,212.39467395254184
4763,129,0.0,212.1211022103526
4764,129,0.0,211.89544255886855
4765,129,0.0,211.90647637287876
4766,129,0.0,211.71856151181566
4767,129,0.0,211.64313836281616
4768,129,0.0,105.67712466172473
4769,129,0.0,113.75911198075359
4770,129,0.0,244.74765966348716
4771,129,2.083595680497476,245.79658374191047
4772,129,30.21543660938837,248.47064803923013
4773,129,43.658473747794915,251.22655120778288
4774,129,44.04720619277257,251.2656424286695
4775,129,42.277705774496155,250.56361203675132
4776,129,36.2206192377464,248.16852403661292
4777,129,30.641564324705488,245.96199628714578
4778,129,28.2718176992547,245.0261543348475
4779,129,27.56970256785559,244.74826147938586
4780,129,25.942549893435814,244.1040088329063
4781,129,24.403945124317694,243.50433584602004
4782,129,16.06218540655842,241.133118842194
4783,129,0.0,238.87448214334412
4784,129,0.0,239.17532543409368
4785,129,0.0,239.451945015488
4786,129,0.0,111.02155159434525
4787,129,12.92347049200053,143.18894718830268
4788,129,13.448822971944745,213.25827277138418
4789,129,12.008348683403458,157.17665293173576
4790,129,0.0,211.85249951390378
4791,129,0.0,211.67323727562803
4792,129,0.0,104.14529607644694
4793,129,0.0,113.83917846588119
4794,129,0.0,244.1811681422092
4795,129,0.770888878354018,245.6599999194525
4796,129,35.23256208089455,250.42328642084544
4797,129,49.94228839500751,253.7001134489546
4798,129,49.21670339767861,253.31033544417565
4799,129,42.61710678669776,250.69966409060913
4800,129,35.76507297960471,247.9885243527982
4801,129,30.69728094464123,245.98290892974947
4802,129,28.425558988008472,245.08619402682095
4803,129,26.38759364260906,244.2818927549206
4804,129,24.356308687592687,243.47714501598816
4805,129,24.216005168658693,243.4281987177011
4806,129,17.502275558163,241.525762998269
4807,129,17.062692473378355,243.05516483695274
4808,129,1.1222151871716444,241.73154898486627
4809,129,0.0,240.65329939367055
4810,129,0.0,239.1620572557639
4811,129,11.499081739817138,238.38866510029467
4812,129,12.584147627296916,238.817519641819
4813,129,11.028106793526865,238.20252751678038
4814,129,0.0,238.000911108255
4815,129,0.0,238.3273213536179
4816,129,0.0,240.8422356223546
4817,129,0.0,248.74203551909812
4818,129,20.055113440370008,252.35246591064936
4819,129,43.53642687464428,255.7403265725246
4820,129,62.76899991080999,0.0
4821,129,51.17017854724133,254.19911757464425
4822,129,51.16528041108867,254.08657367707204
4823,129,44.37050777587677,251.39991429822706
4824,129,36.01752993311978,248.0882239417456
4825,129,30.35345402787504,245.84925377200227
4826,129,28.00031135771193,244.9192246587642
4827,129,26.103969277152824,244.17051443728897
4828,129,26.006403857644873,244.13425267332653
4829,129,25.47627775356045,243.92779704059922
4830,129,19.70897714489875,242.49211991230797
4831,129,19.232755828966354,244.07637753320432
4832,129,0.9586764662416092,242.10430088704845
4833,129,0.0,240.22224459619247
4834,129,0.0,239.21674793771237
4835,129,0.0,238.89682406594406
4836,129,0.0,238.6585619526798
4837,129,0.0,237.99006459544654
4838,129,0.0,238.50446616435173
4839,129,0.0,238.8442503812391
4840,129,0.0,240.8842746831964
4841,129,0.0,246.8362917145512
4842,129,13.262639849894107,249.35160883292272
4843,129,35.3505958028621,252.38024300657614
4844,129,56.43189937963171,257.20824391864744
4845,129,47.38082080858405,252.70647208613155
4846,129,46.96365785946177,252.4316557278308
4847,129,39.046076086677246,249.29210147573454
4848,129,32.72916475094421,246.79281901976157
4849,129,28.101276504098838,244.96372393894822
4850,129,25.98583732847963,244.12459748852967
4851,129,24.881156463031193,243.68916798341468
4852,129,23.408527098724303,243.1067668259546
4853,129,24.59495380941505,243.5787220422914
4854,129,19.50159006902185,242.2826264529673
4855,129,17.591746928030698,243.18573561027003
4856,129,2.978511392705248,242.18063346634275
4857,129,0.0,240.94349414966655
4858,129,0.0,239.4547984333062
4859,129,0.0,238.62511353875914
4860,129,0.0,238.16553093784867
4861,129,0.0,237.77244853909966
4862,129,0.0,237.87043330922475
4863,129,0.0,237.70275986698485
4864,129,0.0,239.5754954019521
4865,129,0.0,245.19380888516693
4866,129,9.240667152703809,248.17529998067712
4867,129,33.33046077531227,251.68414919057113
4868,129,59.01777118054534,258.2126863383813
4869,129,48.98723508335101,253.32839516478245
4870,129,50.49954494750667,253.82039544326142
4871,129,44.29716331304969,251.3640136750354
4872,129,37.65851124284476,248.74021947635904
4873,129,31.966914796649245,246.4888741201482
4874,129,29.069919529507107,245.3419782316253
4875,129,27.197842556793407,244.60246903192524
4876,129,26.944886859346212,244.5032851049888
4877,129,26.535936213564995,244.34548464539725
4878,129,20.20212052970536,242.59512222048946
4879,129,21.192011996915816,244.57802983276926
4880,129,4.6951701765963065,242.92993917163497
4881,129,0.0,242.1669535488272
4882,129,0.0,241.06572653015053
4883,129,0.0,240.51251039247484
4884,129,0.0,240.75472294082644
4885,129,0.0,240.360480778389
4886,129,0.0,240.16680693780467
4887,129,0.0,240.22713837999055
4888,129,0.0,242.93039842019266
4889,129,2.621882660047727,251.6912525837673
4890,129,26.124846458101363,254.35274301523296
4891,129,42.825082520320706,255.3094588456043
4892,129,61.25856543228459,0.0
4893,129,47.43059364834611,252.6748545469938
4894,129,46.78439185148052,252.3558681600477
4895,129,40.9058089173749,250.02331898292408
4896,129,35.58815112413808,247.91856664147022
4897,129,32.08257951179616,246.53496806046772
4898,129,28.969958952921182,245.30359138301733
4899,129,27.858830983434935,244.86483646200315
4900,129,27.109754051541167,244.56954903115547
4901,129,27.564328824310632,244.75259906411105
4902,129,22.96812198466387,243.5836940527286
4903,129,22.130618581339405,244.87425648928902
4904,129,6.765368230247527,243.46356533105117
4905,129,0.0,242.31885055597397
4906,129,0.0,240.0631226692163
4907,129,0.0,238.98534355376864
4908,129,0.0,238.74063521744378
4909,129,0.0,238.69248161947309
4910,129,0.0,238.73181271378206
4911,129,0.0,239.5593771555203
4912,129,0.0,240.98898841051425
4913,129,0.0,246.5128422123837
4914,129,11.747978617571965,249.23700966450153
4915,129,34.88004045917655,252.40759694318078
4916,129,57.52899209656599,257.62470911630766
4917,129,48.852056920948954,253.27264386351857
4918,129,49.06764326601428,253.264782337508
4919,129,43.341823991921494,250.98993088693217
4920,129,37.64203559174093,248.7310604511354
4921,129,32.77100511826241,246.80475397061406
4922,129,29.962896226707223,245.69644423688385
4923,129,27.328637345281653,244.65416920775453
4924,129,26.939126903223418,244.49867999550628
4925,129,25.80766969289858,244.05686002044044
4926,129,19.257354819736314,242.1753508059483
4927,129,0.19437113490427144,239.6911533462873
4928,129,0.0,239.19927785970546
4929,129,0.0,238.86167012200394
4930,129,0.0,212.26081292937832
4931,129,0.0,211.563832161733
4932,129,0.0,211.83853952716422
4933,129,0.0,211.96021347935925
4934,129,0.0,212.2876647378612
4935,129,0.0,212.0172664162645
4936,129,0.0,106.06388951915504
4937,129,0.0,113.98177463748188
4938,129,0.0,245.5887059153993
4939,129,5.863328956794328,246.74044824534332
4940,129,34.055307457240055,249.74620558134018
4941,129,47.02564546934026,252.54199306092633
4942,129,49.052809948908084,253.24549654491818
4943,129,45.18843329487925,251.71584651328322
4944,129,38.43804865512365,249.04561702639137
4945,129,33.65355410836091,247.15543610568554
4946,129,30.15994791716728,245.77351999328724
4947,129,28.042789398418165,244.93637978224004
4948,129,26.71705841714096,244.41662533458458
4949,129,26.30098883579428,244.2521845276585
4950,129,20.442519623713146,242.62765947635611
4951,129,0.3269351712443257,239.81326232591934
4952,129,0.0,239.69898716669698
4953,129,0.0,240.17311545099398
4954,129,0.0,109.01059819141089
4955,129,0.0,97.95910750856252
4956,129,0.0,95.47499918653776
4957,129,0.0,95.58653354987511
4958,129,0.0,212.32572835411176
4959,129,0.0,212.02287885215102
4960,129,0.0,104.11659379603583
4961,129,0.0,113.89896270809874
4962,129,0.0,245.10740006419405
4963,129,5.545208834829044,246.8978711372638
4964,129,37.659532816739855,251.1072556138551
4965,129,48.61464649785799,253.15639816496454
4966,129,47.24124262311946,252.52774000596452
4967,129,40.164189299672884,249.7318024222972
4968,129,34.056406943221845,247.31358391460344
4969,129,28.94290832020351,245.29142526623764
4970,129,26.255893287224485,244.22983084773173
4971,129,23.41305172103883,243.10663977315386
4972,129,23.91201940743059,243.30381343401237
4973,129,24.03139193343923,243.35212569809482
4974,129,19.975766504757384,242.31834698988692
4975,129,19.2588127164515,243.64508008552244
4976,129,5.817658194703831,243.13539795758473
4977,129,0.0,242.18089730170377
4978,129,0.0,240.85468441051606
4979,129,0.0,239.71496796278902
4980,129,0.0,240.1855861527644
4981,129,0.0,239.6097402376831
4982,129,0.0,239.41194584022816
4983,129,0.0,239.80208689336192
4984,129,0.0,242.4891944777041
4985,129,1.589400826402759,251.3751954666958
4986,129,24.636291008307857,253.80587893973578
4987,129,46.529739310509825,256.6443058737701
4988,129,65.30860083441416,258.85647060702
4989,129,49.37157734639937,253.46228993333386
4990,129,47.84961593601497,252.76732585797978
4991,129,39.78709656936405,249.58002789903347
4992,129,32.32051460220786,246.62634341581224
4993,129,28.460484275711206,245.10115394565568
4994,129,25.5030138016684,243.93151956154173
4995,129,23.54075701198512,243.15596255125777
4996,129,23.725597525373825,243.2305538469251
4997,129,23.907663835724733,243.303663227603
4998,129,20.317606213740216,242.50864569437894
4999,129,18.66605416567002,243.53298224088954
5000,129,0.5007800338337431,241.40475005371525
5001,129,0.0,240.16051747301967
5002,129,0.0,239.12683337972177
5003,129,0.0,238.3922948052486
5004,129,0.0,238.33604329182336
5005,129,0.0,237.99481789209136
5006,129,0.0,238.1436824399053
5007,129,0.0,238.5217819623893
5008,129,0.0,240.41428726579758
5009,129,0.0,245.68095443128257
5010,129,15.190152382618667,249.743894048753
5011,129,37.33331079550955,252.8862580579676
5012,129,58.962256346836526,258.09272122630125
5013,129,46.2652129223653,252.24145164296087
5014,129,43.608671968769414,251.10189816471484
5015,129,36.162070550975464,248.14843979279703
5016,129,30.631998283078293,245.96089542215103
5017,129,26.261584531800562,244.2312874226057
5018,129,23.825458131522133,243.2680552951477
5019,129,22.804419968324716,242.86452284048227
5020,129,21.98394173734249,242.5421904497737
5021,129,21.45292184431487,242.3323412033175
5022,129,17.97667746208701,241.48771609098065
5023,129,17.960122788265725,243.03837598005506
5024,129,4.827916707384633,242.4294093902316
5025,129,0.0,241.40203104245086
5026,129,0.0,239.93945964895966
5027,129,0.0,238.56737533781344
5028,129,0.0,238.6717194438087
5029,129,0.0,238.70625507884418
5030,129,0.0,237.9825063673236
5031,129,0.0,237.67576960902235
5032,129,0.0,239.47869565445365
5033,129,0.0,245.57244593632308
5034,129,12.153823877320214,248.9598122493781
5035,129,36.88521578724471,252.81224704057757
5036,129,62.05804412324171,0.0
5037,129,50.35353538497526,253.84732590202336
5038,129,47.801316888581106,252.75015047349103
5039,129,41.90801469669004,250.41828178495047
5040,129,36.37404276236861,248.2295782448611
5041,129,29.406533810219774,245.47621935796195
5042,129,27.865125892086315,244.866235332324
5043,129,26.312991127096613,244.251610052254
5044,129,25.55446591649632,243.95335781661024
5045,129,26.44197005013742,244.30446893945614
5046,129,21.97735472425778,243.09141332694122
5047,129,25.407848621549835,245.94281420973996
5048,129,9.947858036849528,244.50235468489058
5049,129,0.0,243.50289062455005
5050,129,0.0,241.4000083827981
5051,129,0.0,240.76370443007926
5052,129,0.0,240.9742773549138
5053,129,0.0,240.08580026589712
5054,129,0.0,239.80512718911876
5055,129,0.0,240.05193815399213
5056,129,0.0,242.40532000792325
5057,129,0.0,249.4978541660042
5058,129,21.631225585608032,252.2247378024618
5059,129,42.491633173509975,254.91265447179595
5060,129,66.7861529394681,0.0
5061,129,50.49390139332543,253.87553759471666
5062,129,48.14106900562446,252.8874197424017
5063,129,41.59314101482699,250.29266944921662
5064,129,37.47563163164935,248.66568713595223
5065,129,32.6870393329995,246.77271516066972
5066,129,28.24656975064045,245.01543212230132
5067,129,26.998252977474824,244.52361871262514
5068,129,26.108794607179007,244.1724333864459
5069,129,25.136023705544694,243.78759331232524
5070,129,23.623873146309663,243.65259756789067
5071,129,25.533838345770555,245.90763328610745
5072,129,10.50730663186943,244.4457778827855
5073,129,0.0,243.00232866058545
5074,129,0.0,240.48214676092084
5075,129,0.0,239.5453384365277
5076,129,0.0,238.92541471604406
5077,129,0.0,238.44768472816952
5078,129,0.0,238.30480879906227
5079,129,0.0,238.85033479718308
5080,129,0.0,240.81338105166506
5081,129,0.0,246.69681955426216
5082,129,13.612324115837321,249.58059024280655
5083,129,34.86053095958365,252.1076848808395
5084,129,56.006965925300186,256.92583351821577
5085,129,45.671831577199775,251.99546520525845
5086,129,46.128074777221734,252.09645987698747
5087,129,40.799700466909606,249.98406083238166
5088,129,35.00068910420774,247.6875407846996
5089,129,29.84873208830343,245.64940790146034
5090,129,25.938877133824352,244.10412114076078
5091,129,24.856927642937627,243.6776382880559
5092,129,23.47556284822524,243.13054190474207
5093,129,22.95335091910638,242.92531921676115
5094,129,19.405052487156354,242.0307718576828
5095,129,1.577224744513158,239.45872582011313
5096,129,0.0,238.71187327068782
5097,129,0.0,238.4547968697392
5098,129,0.0,211.97539973385855
5099,129,0.0,211.67724047053935
5100,129,0.0,212.1827574338878
5101,129,0.0,157.1173599158585
5102,129,0.0,95.65403317810295
5103,129,0.0,117.61890160470071
5104,129,0.0,104.92721058063168
5105,129,0.0,113.78424781671464
5106,129,0.0,244.19781659078546
5107,129,5.7007503220156135,246.00222878551648
5108,129,34.752280916369756,249.7226206325273
5109,129,45.81182901929237,252.03975927843726
5110,129,45.01309864894063,251.646376493436
5111,129,39.640032802915,249.52239268924586
5112,129,34.99404916000191,247.6838380222638
5113,129,29.723987086180465,245.60132633406315
5114,129,26.55232946292508,244.34739402766826
5115,129,24.98760166975587,243.7293471417135
5116,129,25.41009008989242,243.90167128101112
5117,129,24.446481147441794,243.51775020529942
5118,129,19.149442679241318,241.8995092474917
5119,129,1.4233609550644801,239.42704028483
5120,129,0.0,239.12606829214727
5121,129,0.0,239.28859268850195
5122,129,0.0,117.4426268384657
5123,129,0.0,157.00773050675596
5124,129,11.898537304152063,157.13327685437682
5125,129,10.794495468583447,212.2092388097362
5126,129,9.616268620517756,211.74355526464734
5127,129,0.0,211.75456159851706
5128,129,0.0,117.4759841408841
5129,129,0.0,113.75357303127474
5130,129,0.0,244.66022295130847
5131,129,6.093882589179144,246.35360937114936
5132,129,36.014957436336175,250.1327252892631
5133,129,47.07963274458983,252.53737212988204
5134,129,43.596142700960186,251.08704875430237
5135,129,35.91930512921951,248.05145099005236
5136,129,32.74409787416643,246.79567736935334
5137,129,28.228492208544456,245.0094198849706
5138,129,25.036868310591718,243.74992788260786
5139,129,23.831455608309778,243.2738840744551
5140,129,23.845963186812106,243.27886451574997
5141,129,24.614124238628754,243.58093017198783
5142,129,21.74140880300105,242.84999827435126
5143,129,22.950071796388883,244.81293159988053
5144,129,19.539355264647448,242.89691813124273
5145,129,17.898520162518704,240.91794082634758
5146,129,14.190718703564821,239.45249786958118
5147,129,11.652454034109697,238.44929071123263
5148,129,12.123984153648783,238.63565956894917
5149,129,11.286510598380838,238.30466109479315
5150,129,10.374381356380562,237.94416838267585
5151,129,11.314401183715722,238.31568714029945
5152,129,0.0,240.63673697918807
5153,129,0.0,247.40754593476134
5154,129,17.645759220209822,250.58682586151372
5155,129,42.269308312437744,254.62604383646809
5156,129,62.197905225682305,0.0
5157,129,47.680137893246645,252.77884991604932
5158,129,46.36627471926881,252.1894931921162
5159,129,42.02944847218533,250.46850792921072
5160,129,36.23737150779546,248.17552769769716
5161,129,31.35407237359937,246.2493329229492
5162,129,28.425343900691484,245.08798467595534
5163,129,26.585524477233275,244.36199143430665
5164,129,26.165735981774006,244.19569691335562
5165,129,25.575906811785774,243.96183176241317
5166,129,22.215049722984315,243.07089310523014
5167,129,20.827913407039343,244.06838086523683
5168,129,1.9583474829676326,241.4427186152914
5169,129,0.0,240.27356490650345
5170,129,0.0,238.62717358046967
5171,129,0.0,237.76301955293508
5172,129,0.0,237.6138283446667
5173,129,0.0,237.2779436126242
5174,129,0.0,236.9699775840039
5175,129,0.0,236.9624696248567
5176,129,0.0,239.24651053495577
5177,129,0.0,246.02929380617002
5178,129,18.570637305182466,250.58707786286928
5179,129,43.54564764988695,254.98621451878822
5180,129,66.25779134079212,0.0
5181,129,51.680709468564885,254.35319607390937
5182,129,50.1316276252933,253.6758242717308
5183,129,42.135428524326876,250.50742099744866
5184,129,33.513743909311735,247.10181422156825
5185,129,27.824119897342793,244.84772125332904
5186,129,25.700039194866097,244.00858134513436
5187,129,24.732896460498253,243.62595542801725
5188,129,23.899242169321774,243.29722662535718
5189,129,24.06987466456237,243.3658284196308
5190,129,22.210741031445362,243.00367786113316
5191,129,22.903821623889918,244.70807494107729
5192,129,8.973086620460348,243.58438812305775
5193,129,21.040442067773952,242.15967638290715
5194,129,17.268656076895038,240.66897003868348
5195,129,14.890749884061554,239.7291515958851
5196,129,12.897430538272378,238.9413347451712
5197,129,12.259723201729633,238.6893015429939
5198,129,9.812228455808514,237.72197744758623
5199,129,10.12521329303601,237.8456783029977
5200,129,14.9972065316602,239.7712349977633
5201,129,0.0,246.14622369981385
5202,129,14.990361525443106,249.5641620033139
5203,129,40.60384609389043,253.8927458464097
5204,129,69.60805610033502,0.0
5205,129,54.03784198299012,255.27937423391106
5206,129,49.38085923799563,253.37942400369056
5207,129,41.87781033628168,250.40976864290442
5208,129,34.012772524140225,247.29821240820343
5209,129,29.31918416818971,245.44242804832925
5210,129,26.761535487586606,244.4319385261613
5211,129,26.791626875938267,244.44190596427612
5212,129,25.24849433291632,243.83433817174827
5213,129,23.859843548529007,243.28473779536031
5214,129,22.2678752690235,243.04120904961118
5215,129,23.9653676861191,245.08163566203842
5216,129,7.693040975840018,243.09373259915247
5217,129,20.456090715212,241.92870468659777
5218,129,16.478855140665686,240.35679364887955
5219,129,15.011798242791972,239.77698047231314
5220,129,15.786681442040793,240.08324574687316
5221,129,12.676485899763128,238.85401709638535
5222,129,12.103504541105721,238.62754277560128
5223,129,0.0,238.55086719740984
5224,129,0.0,240.3598486194174
5225,129,0.0,246.52860104132492
5226,129,17.72744350203136,250.12506398938743
5227,129,39.087724168094155,253.15909055327802
5228,129,66.04623366882215,0.0
5229,129,49.83251087277615,253.60033673476002
5230,129,48.854522565004395,253.16673745382622
5231,129,44.29117767563116,251.35970237700795
5232,129,38.4285694408488,249.04264136496604
5233,129,33.13388086697779,246.94774486848917
5234,129,29.275688898561057,245.42249784376506
5235,129,26.91731003426213,244.4919506324428
5236,129,25.37215500719724,243.88009566768127
5237,129,26.098266589021115,244.16709252095714
5238,129,24.612814677876,243.88677676695377
5239,129,26.94651932374402,246.15644973438677
5240,129,10.694500454432093,243.97593371063468
5241,129,0.0,242.35240176547765
5242,129,16.89994576849263,240.52323504717614
5243,129,14.817807601175504,239.70031773233737
5244,129,13.999848715259857,239.37704538195763
5245,129,12.10135113567687,238.62671299454743
5246,129,10.82317294093993,238.1215366381289
5247,129,0.0,238.50818977410566
5248,129,0.0,240.1919927619666
5249,129,0.0,245.81441640335962
5250,129,17.33777236632811,250.38619399135376
5251,129,42.02710862363833,254.4664308427702
5252,129,65.72353662225211,258.89186158846667
5253,129,49.408999735488806,253.44796135354818
5254,129,47.975198819331325,252.82003981929608
5255,129,43.690370174068256,251.1234358350854
5256,129,37.23475286798318,248.56897553000636
5257,129,33.03949978686178,246.91161380580945
5258,129,28.880685545301333,245.26874196592618
5259,129,26.779153372452328,244.44007894217185
5260,129,26.266639597744366,244.2352410041899
5261,129,25.962809733457462,244.1139911255173
5262,129,23.919966741711956,243.64323445852588
5263,129,7.282654765216589,240.89141329503724
5264,129,0.0,240.22743031948102
5265,129,0.0,239.50240050571009
5266,129,0.0,212.4421819344906
5267,129,9.871733400356975,211.8444993250728
5268,129,9.898931386363891,211.85525219338106
5269,129,9.935358760242984,211.86965171228638
5270,129,9.863845222481316,211.84138837213146
5271,129,0.0,211.96971299340296
5272,129,0.0,108.01803196774327
5273,129,0.0,242.27420965080003
5274,129,0.0,244.51135262719689
5275,129,10.663832579259957,246.83160708693842
5276,129,38.408201757819384,250.7523826551266
5277,129,46.14040174767245,252.15461793058876
5278,129,45.42734378040967,251.81528901612594
5279,129,41.50026717381251,250.25706994561776
5280,129,36.14052868985405,248.13644996165374
5281,129,32.137976606356695,246.55453556927552
5282,129,28.67633583180337,245.18600140752088
5283,129,27.169966677069006,244.5925553336564
5284,129,25.853636505097832,244.0722994945519
5285,129,25.77886221980375,244.0415945780957
5286,129,22.9502185112423,243.21049758199212
5287,129,5.762835409028259,240.22444474693
5288,129,0.0,239.6084470985226
5289,129,14.217399690338192,239.46300762272043
5290,129,12.179623010791028,212.75663755406467
5291,129,10.137264480551336,211.9494418058267
5292,129,10.184632645424754,211.96816027828137
5293,129,9.773996908359711,211.80587517113827
5294,129,8.929773307530416,211.47221472270664
5295,129,9.193940096094874,211.57661650431453
5296,129,0.0,157.03344986267174
5297,129,0.0,242.20042357435221
5298,129,0.0,245.05643587978355
5299,129,13.890778012118242,248.20040285492072
5300,129,44.468793248794874,253.03810578704582
5301,129,52.2061891000343,254.55274007013722
5302,129,48.324478636251406,252.96187511263562
5303,129,42.58842556026827,250.68948842470556
5304,129,35.48894828806544,247.87977176656088
5305,129,31.40191479002963,246.26442172344392
5306,129,28.516409163903923,245.12667168111187
5307,129,26.74442379090657,244.42442050860035
5308,129,26.966544760454497,244.5129835428329
5309,129,26.28393295331919,244.24241602860238
5310,129,24.806408944772603,243.91045304027054
5311,129,26.07080324357726,245.69736453042276
5312,129,24.260573956494714,243.43235678419853
5313,129,18.597596108038474,241.19420548271864
5314,129,14.24448040704515,239.47372126308113
5315,129,11.64814687617428,238.44757565326978
5316,129,11.578767455156191,238.42014066283272
5317,129,10.23992690543859,237.8909934481828
5318,129,9.930658613239082,237.76876155969168
5319,129,10.561657858588271,238.01814725181254
5320,129,0.0,240.65653635605733
5321,129,0.0,248.3454248986124
5322,129,27.10300381911717,253.53029734317872
5323,129,51.21625058282131,257.63475789236594
5324,129,77.87703862782017,260.03674777067795
5325,129,55.850505702694356,255.98612899210977
5326,129,52.87180487597673,254.76171180110995
5327,129,43.64737120462487,251.10835035765572
5328,129,37.15821068190733,248.54020405624942
5329,129,32.89896469821339,246.859879465056
5330,129,30.380048146036945,245.8616317820893
5331,129,28.63720896257054,245.1735798495883
5332,129,27.41197371679013,244.68972886091825
5333,129,28.4085803510495,245.08283978596262
5334,129,26.479661212436962,244.58014338259835
5335,129,26.543335847793124,245.94348129809575
5336,129,6.884646083827162,242.60573732368135
5337,129,0.0,240.32179377909193
5338,129,0.0,238.7529735996744
5339,129,10.469826084392148,237.9818990133093
5340,129,10.249702491530265,237.89489354537685
5341,129,10.859324419830159,238.13583491353924
5342,129,0.0,237.90463296513394
5343,129,0.0,237.97429838208797
5344,129,0.0,240.6242585692303
5345,129,0.0,248.60433351560738
5346,129,29.830644847671998,254.1841383041471
5347,129,55.603790254538985,16.13929253274604
5348,129,75.50349508947725,0.0
5349,129,52.88873194574618,254.81187663860365
5350,129,51.28636578109906,254.13562657798155
5351,129,43.270336656195305,250.9582279455268
5352,129,35.838924784200465,248.02073085086255
5353,129,29.417299947786667,245.47929615628345
5354,129,26.28792955080302,244.24245018448337
5355,129,25.55709204257443,243.95323115795907
5356,129,24.729224359524125,243.62644081875848
5357,129,24.945649159311333,243.712350599066
5358,129,22.844249594691313,243.10471411249983
5359,129,24.12120749525466,244.84070408694203
5360,129,10.085253587692582,243.29625712620484
5361,129,0.0,242.2014518949315
5362,129,0.0,241.26799582968812
5363,129,0.0,241.3841258701409
5364,129,0.0,241.44260341975755
5365,129,0.0,240.40879128215124
5366,129,0.0,240.31685273356823
5367,129,0.0,239.78358266620177
5368,129,0.0,241.66661075699946
5369,129,0.0,247.80934994446403
5370,129,19.148382498655614,250.29109704522435
5371,129,44.73839554693505,254.93287020637078
5372,129,71.04927687772121,0.0
5373,129,51.213406374968415,254.14303940282406
5374,129,46.776281869288894,252.35219893499533
5375,129,39.316594022476,249.39858816677938
5376,129,32.50925153457211,246.70279215243386
5377,129,27.630196510156726,244.77329221993975
5378,129,26.1115665072379,244.1730981009627
5379,129,25.120493649266432,243.78141679579232
5380,129,23.558224956726406,243.16549819642455
5381,129,22.847431838485203,242.88342291288924
5382,129,21.95380318655208,242.76077375206677
5383,129,22.067355889582785,243.98028425399414
5384,129,6.761055140038069,241.9659664798233
5385,129,0.0,240.435772354506
5386,129,0.0,238.98548498549087
5387,129,0.0,238.1344902828017
5388,129,0.0,237.98889653308254
5389,129,0.0,238.02704409748196
5390,129,0.0,237.84877015704637
5391,129,0.0,237.8227095873444
5392,129,0.0,239.81165293007288
5393,129,0.0,246.039667566139
5394,129,18.908696271998338,249.66625380889656
5395,129,42.6580141694092,253.971218177668
5396,129,68.52260267584339,18.40397235126453
5397,129,51.81793613990498,254.36822306568192
5398,129,50.737897252049585,253.9115003677095
5399,129,43.67227801089821,251.11669935222042
5400,129,38.50328438596746,249.07181644957657
5401,129,32.329995317282524,246.6300549754627
5402,129,29.181406050978808,245.3860298539649
5403,129,27.747111304127415,244.81954087245686
5404,129,26.58881431714228,244.36174628029985
5405,129,26.8761654295192,244.47570050877027
5406,129,26.480737720413423,244.47987545938537
5407,129,29.95558006661884,246.97844723504528
5408,129,15.014494539139584,244.91083120157631
5409,129,0.0,243.157029691069
5410,129,0.0,241.77738455976234
5411,129,0.0,240.67501636011283
5412,129,0.0,240.45883007351293
5413,129,0.0,239.52078879396797
5414,129,0.0,238.49588680147423
5415,129,0.0,238.75975754060468
5416,129,0.0,241.26625078488922
5417,129,0.0,248.1407014077999
5418,129,23.777071654124356,251.91319593025045
5419,129,49.92828910046997,256.925727279378
5420,129,71.43017597391604,0.0
5421,129,49.21222921846576,253.348693073014
5422,129,48.68864102243067,253.11037971477452
5423,129,43.50410682123565,251.05482352065474
5424,129,36.84997610715626,248.41996188824209
5425,129,31.643073575474578,246.36201034458108
5426,129,28.247925157279546,245.02092436977622
5427,129,27.066142242646734,244.5542386458235
5428,129,26.07810148669774,244.16300745502633
5429,129,24.601580286290208,243.5767378181654
5430,129,24.457031221552114,243.6980834811132
5431,129,12.952000395123527,242.2002982568963
5432,129,0.0,240.986939296288
5433,129,0.0,240.40515093770028
5434,129,0.0,114.20534085067247
5435,129,0.0,212.25810114527894
5436,129,9.988537066706392,211.89067146275636
5437,129,10.63630833504393,212.14668616714
5438,129,0.0,212.1370367339736
5439,129,0.0,211.99827033578077
5440,129,0.0,212.254980060499
5441,129,0.0,240.94153674769038
5442,129,0.0,244.00190248056822
5443,129,14.606587760679574,246.87556893324992
5444,129,43.40058052885912,252.24217563365886
5445,129,49.89456646802556,253.6215365654287
5446,129,46.69933599061987,252.3207499348238
5447,129,44.10227559896552,251.28891960385198
5448,129,38.501078667203714,249.07860699050684
5449,129,33.813842648050645,247.21684621495356
5450,129,29.762406482456715,245.61559427175737
5451,129,27.66848288361365,244.7910965068704
5452,129,25.990572353532404,244.12716852350775
5453,129,25.6915673684704,244.0143584354633
5454,129,24.30991847961366,243.58739288468843
5455,129,8.959186635978934,240.47933073120902
5456,129,0.0,239.64555902906238
5457,129,0.0,238.9493823949153
5458,129,0.0,212.20182847877334
5459,129,0.0,211.31901906879347
5460,129,7.840236662878565,211.04158790764046
5461,129,7.296468016146849,210.82667548502786
5462,129,7.360320465511162,210.8519064747109
5463,129,0.0,211.10630719835808
5464,129,0.0,212.00312658370007
5465,129,0.0,241.24898752796238
5466,129,0.0,244.48046656969944
5467,129,17.641752971336484,248.09732890209858
5468,129,45.52249625098007,252.96433575049588
5469,129,52.466423762589045,254.63064143941384
5470,129,49.072449387418416,253.2582578830618
5471,129,41.71793446074392,250.34616577517272
5472,129,35.19465991103608,247.76332079837894
5473,129,30.256275832082842,245.81193411944807
5474,129,27.2526586477731,244.62788706489752
5475,129,25.27811942985651,243.84443539637147
5476,129,24.253824970210918,243.44153255174587
5477,129,24.630772544214427,243.58936542370895
5478,129,25.2535928279391,243.95425429456938
5479,129,28.72315732153506,246.36764030600838
5480,129,12.680885646449338,243.79052117306412
5481,129,0.0,241.86658008878766
5482,129,0.0,240.2886220735289
5483,129,0.0,238.92087192123591
5484,129,0.0,238.3928291468189
5485,129,0.0,237.7689104956922
5486,129,0.0,237.61640778121205
5487,129,0.0,237.87921023515804
5488,129,0.0,240.62829029965573
5489,129,1.643979690468245,248.62964380468802
5490,129,28.67336477684983,253.10573229991678
5491,129,56.275965146547904,0.0
5492,129,82.48684703215004,0.0
5493,129,56.742785163109026,256.31159088958367
5494,129,52.83625820344697,254.7401060777404
5495,129,45.890942456380785,251.99472844385033
5496,129,38.11145115800412,248.91775009725652
5497,129,33.164052784278105,246.96202882065108
5498,129,31.60145353194419,246.3429206060571
5499,129,29.566453888231607,245.5401799767146
5500,129,27.186714245341573,244.6007939815256
5501,129,26.832062416189135,244.45983321100795
5502,129,27.184971594966196,244.70962790806925
5503,129,27.867082368846326,246.06342557717568
5504,129,8.743335972610641,242.44033908168385
5505,129,0.0,240.22599900291647
5506,129,0.0,238.6441879717004
5507,129,0.0,237.67828602227095
5508,129,0.0,237.52258168325807
5509,129,0.0,237.73282909663774
5510,129,0.0,238.12990041354246
5511,129,0.0,238.58856157758757
5512,129,0.0,241.80094371451986
5513,129,3.953362841181703,249.4397794440913
5514,129,33.85061723669111,254.73682037590396
5515,129,57.15747255904886,15.474129337240745
5516,129,80.02229720305098,0.0
5517,129,55.610379298107354,255.86745425264846
5518,129,50.856345559458916,253.9605419161834
5519,129,42.85402096695618,250.8004990034915
5520,129,34.9253586860908,247.6588687870518
5521,129,30.646725365090123,245.96935971660443
5522,129,28.183631947215847,244.9924372967198
5523,129,25.63682050186715,243.9854910579552
5524,129,25.425398591054048,243.90270804827145
5525,129,25.35150757432825,243.87273796693648
5526,129,25.95985358918831,244.21008583543397
5527,129,27.804938952885788,245.93969941659856
5528,129,11.567831823553925,243.08180724405204
5529,129,0.0,241.28857806614838
5530,129,0.0,240.0853241716699
5531,129,0.0,240.2557761073763
5532,129,0.0,241.07198237383975
5533,129,0.0,240.781825253798
5534,129,0.0,240.51820516670435
5535,129,0.0,239.7108208660781
5536,129,0.0,242.45200582585483
5537,129,4.17083293895033,249.47048841489527
5538,129,29.13987155613678,253.16256547359157
5539,129,54.941216016290056,0.0
5540,129,78.29721796367608,259.8450650945736
5541,129,55.38639566421522,255.772065123
5542,129,49.83801849958568,253.5558382835426
5543,129,41.17756247000239,250.1314797023378
5544,129,35.20304567453913,247.76555278940975
5545,129,30.07216464928806,245.7365784810284
5546,129,26.749948492878364,244.42468293939177
5547,129,25.848996941322905,244.06784143441158
5548,129,25.641938580114825,243.98677675043152
5549,129,26.0691060795887,244.15445027901276
5550,129,26.62320441051876,244.47912286988227
5551,129,30.62585232579303,247.0177848392542
5552,129,13.270929913614856,243.75216520392615
5553,129,0.0,241.39945253773487
5554,129,0.0,239.53224698076107
5555,129,0.0,239.055998330242
5556,129,0.0,239.96355489485987
5557,129,0.0,239.55040620608477
5558,129,0.0,238.68983922833655
5559,129,0.0,239.32142382824608
5560,129,0.0,242.08867415951113
5561,129,5.112386316876709,249.31424052955987
5562,129,29.650760206532777,252.8946951966171
5563,129,54.740096604490844,258.1332642642886
5564,129,78.10303630995269,0.0
5565,129,53.80917662754616,255.1437247820498
5566,129,50.66065931246531,253.88211973559683
5567,129,43.31825036567581,250.97483725905622
5568,129,39.80170342138068,249.58498242207926
5569,129,34.92931641856171,247.65695896218654
5570,129,30.631819933363083,245.95924630400668
5571,129,27.970666311549607,244.90788054167078
5572,129,26.94499698297473,244.50173133755715
5573,129,26.679898590546927,244.39772501327124
5574,129,27.77019576397046,244.8887947765901
5575,129,35.284525576556476,248.74602954827753
5576,129,23.58754286476546,247.56570483453956
5577,129,6.990027550949235,246.84489734891918
5578,129,0.0,244.55144338391798
5579,129,0.0,244.448880838342
5580,129,0.0,244.1209661519405
5581,129,0.0,242.44290379251404
5582,129,0.0,241.7188394457321
5583,129,0.0,242.01938287125262
5584,129,0.0,244.0706304107706
5585,129,11.75683958874347,252.2577018661329
5586,129,35.7453067100911,255.58821007406425
5587,129,58.404228841245825,0.0
5588,129,76.69156267787744,260.22719015985604
5589,129,51.34609793074457,254.17208943891308
5590,129,49.424024910333394,253.3990401570405
5591,129,44.82278202390008,251.57630817807524
5592,129,39.147769081316035,249.32879284760983
5593,129,34.02097498239952,247.30099568156012
5594,129,31.51905129202249,246.31138810266344
5595,129,28.80181098982179,245.2390212357861
5596,129,28.46794731141765,245.10552569666623
5597,129,27.279812540538668,244.63441769566205
5598,129,26.657248585777616,244.45961620651346
5599,129,15.579328525363882,242.4309452877527
5600,129,0.0,240.6620464385591
5601,129,0.0,240.25980708843292
5602,129,0.0,114.30852246763477
5603,129,0.0,107.35818434097952
5604,129,0.0,101.65874033976236
5605,129,0.0,97.12836931645245
5606,129,0.0,98.99972302954066
5607,129,0.0,117.72261140415453
5608,129,0.0,111.79723248576647
5609,129,0.0,243.14355240669556
5610,129,0.0,245.998038408099
5611,129,21.612012225277315,248.23719717854215
5612,129,43.421038699512444,251.8212145881473
5613,129,46.90338378484082,252.42313195785965
5614,129,43.954629745836215,251.2290047779586
5615,129,39.74174468242688,249.56320200070638
5616,129,34.482065650275686,247.48900844632317
5617,129,30.818265689409973,246.03138921211556
5618,129,28.104331065025537,244.9633625207119
5619,129,26.081609949091078,244.16123996396868
5620,129,24.978937522726575,243.7246642049882
5621,129,24.29438158898296,243.4602386791161
5622,129,23.036750409064208,242.9984312028316
5623,129,10.8425626655349,240.41481336181198
5624,129,0.0,239.03754383290124
5625,129,0.0,238.92652077172036
5626,129,0.0,212.30361158495737
5627,129,0.0,211.9679830233565
5628,129,0.0,212.06727204534496
5629,129,0.0,211.9511356571737
5630,129,0.0,211.99161690526918
5631,129,0.0,211.95007285042604
5632,129,0.0,112.32623103852379
5633,129,0.0,242.89742498934214
5634,129,0.0,246.04852830865502
5635,129,25.395300361736915,249.71597510502588
5636,129,52.4221402156977,255.2638084255258
5637,129,54.47204408241614,255.39961058930555
5638,129,50.019631762270045,253.6276149118048
5639,129,42.04248253309927,250.47215675395807
5640,129,34.71255253357277,247.57134598253663
5641,129,30.1639346793393,245.7739986462438
5642,129,28.205694539411436,245.00120626519066
5643,129,26.40200805338464,244.28871426445272
5644,129,25.953959925603723,244.1116251460625
5645,129,26.599280097569547,244.3654991566321
5646,129,29.569437877656647,245.58724982073346
5647,129,34.459585526950626,248.34034832024903
5648,129,13.4153611047429,243.42399907149084
5649,129,18.353392674415975,241.09771555998424
5650,129,13.494051629594239,239.17716367318494
5651,129,11.134991825591761,238.2447740123897
5652,129,10.022904206443805,237.8052401125082
5653,129,9.217632108483896,237.48697587833234
5654,129,9.528775086052935,237.60995328196753
5655,129,10.494089830052765,237.99146605207235
5656,129,0.0,240.75137302009065
5657,129,5.304009742799327,248.8096899233382
5658,129,30.20879786177925,252.7394796863091
5659,129,56.31796450847834,258.4233445280416
5660,129,80.26250395675252,0.0
5661,129,53.749538252487206,255.11262480820034
5662,129,48.47293166775185,253.02067203358763
5663,129,40.595379359069284,249.9037570214962
5664,129,33.35862027981927,247.03935431398614
5665,129,29.48660540486266,245.50906197154458
5666,129,27.670705074042807,244.78980322220158
5667,129,26.148150522377346,244.19070473415212
5668,129,25.098962084272017,243.7748754625031
5669,129,25.764835001413093,244.03765617855643
5670,129,28.325525421586757,245.08531614416543
5671,129,34.773614157076956,248.4832422284094
5672,129,12.65835636845751,243.31247675633918
5673,129,0.0,240.7402571260688
5674,129,0.0,238.96261675761866
5675,129,0.0,237.72226794761883
5676,129,0.0,237.4306794880087
5677,129,0.0,237.43217629534547
5678,129,0.0,238.16448569064437
5679,129,0.0,238.86796584041383
5680,129,0.0,242.36210895096468
5681,129,10.957350722284644,250.95301783104085
5682,129,37.832042781390314,255.35995382443454
5683,129,61.319007454602314,259.14584756731085
5684,129,83.2794129218746,0.0
5685,129,55.84657913765076,255.94956825523175
5686,129,50.80347326561515,253.93875963798624
5687,129,43.206585913634825,250.94005539396892
5688,129,36.93507887156623,248.45520665563546
5689,129,31.167952032493805,246.17775411173605
5690,129,28.965446482290773,245.3034243814165
5691,129,26.532274490205403,244.342904819181
5692,129,25.877698021890705,244.082285239002
5693,129,26.74118910198965,244.4223898421929
5694,129,28.45069168466665,245.13440353942124
5695,129,37.660794020343204,249.5623101139045
5696,129,19.289427189164496,245.53263961517064
5697,129,0.0,242.5123713050739
5698,129,0.0,240.40569856769045
5699,129,0.0,239.10724252940304
5700,129,0.0,238.88984062950897
5701,129,0.0,238.49886347634916
5702,129,0.0,237.97885872197415
5703,129,0.0,238.12933626259348
5704,129,0.0,241.07805144222002
5705,129,4.102210451003025,248.11457194683763
5706,129,30.95455251823547,252.8719706630185
5707,129,58.43528699630298,259.107497427824
5708,129,81.99057581975845,0.0
5709,129,53.09964037112714,254.85506180838723
5710,129,47.86009644798201,252.7799720215524
5711,129,40.73230731641474,249.95824595149642
5712,129,32.52700098313202,246.71143689819485
5713,129,26.42998425784702,244.29981057260102
5714,129,25.01769335080338,243.74314046188832
5715,129,23.72426571802063,243.23193422237992
5716,129,23.39442698034058,243.101198301765
5717,129,23.111827060526615,242.98874850131995
5718,129,25.502306136466114,243.97106445017363
5719,129,33.17336640256213,247.75127428627877
5720,129,14.014997301660571,243.423559568404
5721,129,0.0,240.2420783580304
5722,129,0.0,238.15383898163637
5723,129,0.0,237.54495861107347
5724,129,0.0,238.36860704824508
5725,129,0.0,237.99127816878223
5726,129,0.0,237.39641181662142
5727,129,0.0,238.4736283016237
5728,129,0.0,241.30411817823088
5729,129,8.929955888679526,249.55924176292893
5730,129,34.82089910793099,253.95807583026536
5731,129,62.23082879640144,259.0191899280987
5732,129,85.72534962615987,260.6295435242526
5733,129,56.490982040020974,256.2000053607178
5734,129,50.8905299729022,253.98114635097258
5735,129,42.24220243476088,250.55349390392712
5736,129,36.41616656493059,248.24972155332148
5737,129,30.357931497617713,245.85529278080347
5738,129,27.440923880179994,244.70009128126506
5739,129,26.14550002834543,244.1904149537226
5740,129,25.031505156660444,243.7497830380871
5741,129,25.598332282555535,243.97224859986713
5742,129,27.970586309125213,244.92512967531263
5743,129,40.87137116803416,250.68758272679148
5744,129,28.46991673039848,248.89103377951065
5745,129,10.957591147520448,247.5344679145481
5746,129,0.0,246.38378929278502
5747,129,0.0,245.70469682265875
5748,129,0.0,245.12421999802407
5749,129,0.0,243.5701212315573
5750,129,0.0,241.91956877481
5751,129,0.0,241.80642684352136
5752,129,0.0,244.1573553668147
5753,129,15.221523839536177,252.3256737933268
5754,129,41.35430784519168,256.78559249404134
5755,129,67.97418558414998,76.96549158089775
5756,129,88.0729207131814,260.3935057425934
5757,129,57.04091661361492,256.4083900521948
5758,129,50.89928463936081,253.97613479685816
5759,129,44.92124216344881,251.61187187394256
5760,129,38.75608821334917,249.172166562622
5761,129,33.334987482330476,247.02918510580466
5762,129,29.647723988041626,245.57000075813932
5763,129,27.471410295582753,244.7133011575614
5764,129,25.673215399923734,243.99991164560961
5765,129,26.060683769871613,244.15110656188088
5766,129,26.885377390693396,244.49772285668323
5767,129,18.8164087511159,243.04394901119758
5768,129,0.0,241.544999046131
5769,129,0.0,240.41623423803296
5770,129,0.0,239.2335738025929
5771,129,0.0,117.37829299059003
5772,129,0.0,212.25807631248608
5773,129,0.0,211.91731616310597
5774,129,0.0,211.73177015531115
5775,129,0.0,212.01916887567967
5776,129,0.0,114.16370186566411
5777,129,0.0,244.41273390478545
5778,129,1.9210405114071163,248.48643316847864
5779,129,33.0426079074127,251.40651818820635
5780,129,50.97972092739842,254.44344058986707
5781,129,50.10370927774847,253.68051946832958
5782,129,46.20782638421761,252.1273609169955
5783,129,39.85941860630821,249.6232477304229
5784,129,35.31176914244961,247.82048869805197
5785,129,30.628651345561302,245.9623176286213
5786,129,27.31409317926307,244.6542244870671
5787,129,24.11493704896878,243.3867609588654
5788,129,23.26846306545665,243.04991616592503
5789,129,23.09624643772797,242.98029374589893
5790,129,23.19730481194183,243.03093126769
5791,129,14.221029821931731,241.10287555105498
5792,129,0.0,239.6270833672466
5793,129,0.0,239.2851760279208
5794,129,0.0,238.39437290268924
5795,129,9.812641488924475,211.82114612404786
5796,129,10.319805250545063,212.02159366385231
5797,129,10.657183832440529,212.1549333688646
5798,129,9.983408628462898,211.88863761106137
5799,129,0.0,211.7048490168935
5800,129,0.0,117.7409413236553
5801,129,0.0,243.06020532984053
5802,129,0.0,246.90463625754185
5803,129,33.300887040049815,251.48357235009266
5804,129,57.372357036839766,256.8891052143105
5805,129,55.28003283535636,255.71097435819368
5806,129,50.04217010704556,253.6377476863172
5807,129,40.85971656571427,250.00783447695073
5808,129,33.98701462373815,247.28809438331996
5809,129,28.072010119864256,244.9495454458318
5810,129,25.866081290674288,244.07732635007366
5811,129,24.649721562506677,243.59813789910166
5812,129,24.181038520938746,243.41209885368525
5813,129,24.419939674005242,243.50496304754788
5814,129,26.146263215047913,244.20182601072145
5815,129,33.912994574514435,247.87776839298746
5816,129,15.147847800975761,243.49863574332048
5817,129,0.0,240.72734319712328
5818,129,0.0,238.87179305450647
5819,129,0.0,237.9054497307995
5820,129,9.219759212180438,237.48782730808207
5821,129,8.18069399091508,237.07715552482372
5822,129,8.929572911663566,237.37313686053872
5823,129,0.0,238.4699285892061
5824,129,0.0,242.6657905716492
5825,129,19.52708625883449,253.23159586660904
5826,129,42.820591351529565,256.7796593989239
5827,129,65.17097354350315,0.0
5828,129,82.07694835548017,0.0
5829,129,53.083363822143404,254.84201117165907
5830,129,47.53035822817576,252.64614500367642
5831,129,41.17975586235572,250.13392317012057
5832,129,32.98119336637822,246.8897706015698
5833,129,28.363098074991726,245.06529572471734
5834,129,26.859019549947735,244.47044976926037
5835,129,25.129142547377516,243.78712816853755
5836,129,24.942513949995096,243.7125781792088
5837,129,26.07019066476699,244.1559662581885
5838,129,28.44251800262433,245.10428631874083
5839,129,39.63206598788179,250.16166398684308
5840,129,17.90009170163824,244.742204509171
5841,129,0.0,241.0770329187492
5842,129,0.0,238.81122939974637
5843,129,0.0,237.84433037330794
5844,129,0.0,237.5572122784602
5845,129,0.0,237.36312352038536
5846,129,0.0,237.55012882180475
5847,129,0.0,238.50094143111392
5848,129,0.0,242.3187163938137
5849,129,19.04613244376348,252.97298692165683
5850,129,49.75464443638677,0.0
5851,129,73.40203205512132,0.0
5852,129,90.30764018210006,39.54277804160339
5853,129,57.59841634268262,256.6296889949448
5854,129,52.77072898999894,254.715414189439
5855,129,44.084435468492124,251.28042141945102
5856,129,35.94809914901649,248.06663226316618
5857,129,30.404249046747758,245.87360228332298
5858,129,28.127028649384293,244.9750967701245
5859,129,25.907562188561112,244.09793368941365
5860,129,25.068455385831957,243.76552339093425
5861,129,25.03039791076741,243.7470275224743
5862,129,28.26097532096829,245.03837256542167
5863,129,41.22408911262395,250.73475285404078
5864,129,25.504391977487163,247.40381331851466
5865,129,3.3683416517365945,244.14513444904654
5866,129,0.0,241.2452955429925
5867,129,0.0,239.16176005902432
5868,129,0.0,238.3397342248471
5869,129,0.0,237.89260890711512
5870,129,0.0,237.62142123172188
5871,129,0.0,238.34627984514051
5872,129,0.0,241.9711873767297
5873,129,13.999763609569325,250.8092695893666
5874,129,40.459953285091515,255.66628026181104
5875,129,68.61416257534509,32.43677236958449
5876,129,86.20917741962077,24.948964426792696
5877,129,56.536572723131194,256.2053000130614
5878,129,51.912908352625244,254.379801222958
5879,129,43.38003392635768,251.00315005534074
5880,129,35.12974664856147,247.74011038488558
5881,129,28.564119695973908,245.14598164634077
5882,129,25.80992989385451,244.05820011973162
5883,129,24.104663232523876,243.38422047272343
5884,129,23.647837660817167,243.20366395863456
5885,129,24.121070784150223,243.38842015788026
5886,129,27.212825292839558,244.62262684051737
5887,129,40.49140669495594,250.4141840044326
5888,129,22.682685434016935,246.22887287493884
5889,129,0.2959768385344123,243.0453454804804
5890,129,0.0,240.43450857171757
5891,129,12.78642491725434,238.89748687273323
5892,129,11.511646680817728,238.39364694005153
5893,129,9.701605321711753,237.67826459928295
5894,129,8.980789518428347,237.39337237472517
5895,129,0.0,238.4429470026966
5896,129,0.0,241.63690657663378
5897,129,16.59603274196158,251.4007084794912
5898,129,44.349309227382655,256.76579979558966
5899,129,74.77571383023961,0.0
5900,129,95.28459055430051,0.0
5901,129,62.074393360835465,0.0
5902,129,55.12207957176474,255.6496872473935
5903,129,47.77352661564245,252.74151272951178
5904,129,40.36784857558437,249.81150726906276
5905,129,33.675183375955434,247.16987357845767
5906,129,30.54349557568715,245.9283274872133
5907,129,27.824142378375413,244.8554739466665
5908,129,26.65216268459217,244.39185656644855
5909,129,25.645814660233416,243.99258169295305
5910,129,28.340076931713142,245.0631411440663
5911,129,46.60329677265389,252.73667435812564
5912,129,28.591861585472824,248.31535602105404
5913,129,9.088741910158591,245.85478102778563
5914,129,0.0,244.42091017738724
5915,129,0.0,242.91994236238844
5916,129,0.0,242.4231837345836
5917,129,0.0,241.4251524866407
5918,129,0.0,240.1665294343601
5919,129,0.0,240.6188448868093
5920,129,0.0,243.92781565722757
5921,129,17.262558519274016,251.87961849975383
5922,129,47.05984857287185,14.292104315924037
5923,129,71.34442118278103,259.50535586159754
5924,129,78.86622809422414,260.2901338956543
5925,129,48.39200885254272,252.98169819692424
5926,129,45.91084329138703,252.00108485852653
5927,129,39.889416474755016,249.62165281492508
5928,129,34.11703286767057,247.33830476385515
5929,129,29.925156344016617,245.680801870972
5930,129,27.10636352360174,244.56632894269586
5931,129,25.90533393579739,244.0931869697983
5932,129,24.283922356707933,243.45122781375454
5933,129,24.157217107649487,243.40075819487876
5934,129,24.97343978118512,243.72488449517047
5935,129,21.217263298438183,243.428342865235
5936,129,0.7118036411958092,242.08063621298484
5937,129,0.0,241.32772817839708
5938,129,0.0,239.9426568475061
5939,129,0.0,117.5477355388356
5940,129,0.0,157.0561741669804
5941,129,0.0,212.03757240916252
5942,129,0.0,211.73322526893335
5943,129,0.0,212.1870462080208
5944,129,0.0,114.41950294821349
5945,129,0.0,244.0419177157703
5946,129,7.179087120035641,248.3132825736297
5947,129,38.29749185346674,252.15736001344203
5948,129,52.57205130139989,254.82750480365956
5949,129,49.56898848994551,253.46410587095565
5950,129,47.635897871286105,252.69164101491904
5951,129,41.42164819305663,250.24211481701136
5952,129,37.50203082396603,248.68718248103542
5953,129,33.02102778796615,246.91002819383104
5954,129,30.441050059242524,245.8884681812341
5955,129,28.774075851848966,245.22773902768552
5956,129,27.52574682909016,244.733627471902
5957,129,27.087954001751005,244.56021312656318
5958,129,25.67421176047572,244.00337077926304
5959,129,20.71659007704494,243.10026329467283
5960,129,0.0,240.87053170640564
5961,129,0.0,240.18992240882264
5962,129,11.838897534205698,238.52299188746582
5963,129,9.588242432645913,211.73246333303166
5964,129,9.786545516456256,211.81083497189297
5965,129,9.273919288735026,211.60822332194826
5966,129,8.980152329847858,211.49211432350742
5967,129,0.0,211.48667117144498
5968,129,0.0,114.42682493910132
5969,129,0.0,244.52135653645084
5970,129,4.184505533163537,247.9948890810674
5971,129,42.87395415219678,253.9040316519402
5972,129,58.74337487924041,257.2071431662031
5973,129,56.591856872845334,256.225078764519
5974,129,49.89442889929753,253.58147946335845
5975,129,43.89877067886133,251.20688955382485
5976,129,36.37245289998485,248.23348287196126
5977,129,31.662104762987372,246.36912015549424
5978,129,29.358113674467024,245.4585141070148
5979,129,27.080382484301023,244.5590592265009
5980,129,26.729785292303244,244.41975086373748
5981,129,26.7892488217425,244.44212086376078
5982,129,29.363819439765187,245.4608125345143
5983,129,45.938298073193444,252.08433900278632
5984,129,32.783409947442514,246.8008372307051
5985,129,22.577684027028525,242.76724501701585
5986,129,14.576123681597553,239.60478581973544
5987,129,10.509029790635301,237.99736167842818
5988,129,9.949220124375573,237.77611568039634
5989,129,8.906851302131427,237.3641313975345
5990,129,9.897673700626381,237.75574126159003
5991,129,12.89773074286832,238.9414534055129
5992,129,0.0,243.99424647917652
5993,129,25.69984445788543,254.35947959609268
5994,129,54.0775465201584,0.0
5995,129,78.73155304414294,0.0
5996,129,88.12627310107844,261.3263957043054
5997,129,56.58983719052665,256.2312928014136
5998,129,49.53142702639257,253.43242486135426
5999,129,41.78545942992148,250.37138792285697
6000,129,34.012502644524375,247.29814368189255
6001,129,29.57515767818217,245.54478669813264
6002,129,27.849885451763647,244.86210513628913
6003,129,26.09687434373763,244.16847777453444
6004,129,24.883172349699954,243.69031142363153
6005,129,24.73218103494329,243.62565223444102
6006,129,28.35871205617664,245.06814308611092
6007,129,46.324465394879134,252.57622639232991
6008,129,24.79301457298384,246.724707481696
6009,129,0.0,241.49787341169156
6010,129,0.0,238.77960870770363
6011,129,0.0,237.89534240450047
6012,129,0.0,238.05729961658702
6013,129,0.0,238.3292885439058
6014,129,0.0,238.60068970024608
6015,129,0.0,239.74540896145595
6016,129,0.0,244.27461918143996
6017,129,30.415646438513225,256.15831244972725
6018,129,58.482700347275255,0.0
6019,129,80.91894340123568,36.83311524111125
6020,129,92.69209725068725,0.0
6021,129,57.15372601152899,256.45189508986846
6022,129,50.86900328589524,253.9618444442286
6023,129,43.56682142991557,251.07429447993852
6024,129,35.92537506934775,248.05491201873562
6025,129,30.557711904956907,245.93118364431308
6026,129,26.79748582465558,244.44813712970537
6027,129,25.06733253931243,243.76276591233042
6028,129,24.17393904115955,243.40965092921684
6029,129,24.357267725349615,243.4805543233263
6030,129,28.609016354843074,245.1659411914666
6031,129,47.66875809188848,253.0715385836954
6032,129,33.807617126419444,250.02169612049346
6033,129,12.905986117253317,246.85374465667905
6034,129,0.0,243.2284087327337
6035,129,0.0,241.36485757512605
6036,129,0.0,240.7199215369229
6037,129,0.0,240.05012212670547
6038,129,0.0,239.85031834058654
6039,129,0.0,240.82411632390787
6040,129,0.0,244.9009253005989
6041,129,28.231867467696336,255.1051211222799
6042,129,50.66202980033785,0.0
6043,129,77.67783222001012,260.4262758258299
6044,129,89.31357315961027,83.33550694907342
6045,129,55.62663352094488,255.84324131979164
6046,129,49.43609560286755,253.39582056306153
6047,129,41.81585133912908,250.3821994373072
6048,129,34.062597360967814,247.31599650343622
6049,129,29.38353867659962,245.46785503017082
6050,129,27.214958308076707,244.61267795893497
6051,129,26.067609862796623,244.15613218135988
6052,129,24.02566971967042,243.35105170109864
6053,129,23.49582365211103,243.1393493952852
6054,129,26.222332014381827,244.2230945238553
6055,129,44.63486929002743,251.849632951257
6056,129,26.987527947503832,247.2531527462292
6057,129,4.63501171374591,243.65840825020408
6058,129,0.0,241.01530414987724
6059,129,0.0,239.96186371159928
6060,129,0.0,239.59047356962424
6061,129,0.0,238.5512005802304
6062,129,0.0,238.10956762506027
6063,129,0.0,239.3248171831222
6064,129,0.0,242.8320732251459
6065,129,24.252480617704258,253.15783350722137
6066,129,53.46717592649609,0.0
6067,129,78.65181845544139,0.0
6068,129,86.4102083958891,261.13244129722887
6069,129,53.09075254446192,254.84458803641024
6070,129,50.08275231141699,253.6553197494768
6071,129,41.53822052785812,250.27521748704328
6072,129,35.15242069733418,247.74825990182464
6073,129,30.88756841401728,246.06193198612362
6074,129,28.21548650935255,245.0073850280667
6075,129,25.98800925563789,244.12473453158754
6076,129,24.81812084258293,243.66545455614607
6077,129,24.813373316670464,243.66431949033515
6078,129,27.109848315181765,244.57845588864998
6079,129,44.09320648123217,251.55619703771004
6080,129,24.943033516311225,246.2129937018253
6081,129,3.9975157629379914,242.8124114644805
6082,129,0.0,240.9242460220319
6083,129,17.846738478064115,240.89744566954627
6084,129,18.819260419908336,241.28180394899402
6085,129,17.873237707313,240.90791605368457
6086,129,17.212396563934,240.64674091134296
6087,129,0.0,241.19255416525667
6088,129,0.0,244.51490004047935
6089,129,24.10220752913939,253.27650763256153
6090,129,52.369315918670914,258.9026460285706
6091,129,76.90300631038791,35.06085493610499
6092,129,85.03763734392696,261.4266229850943
6093,129,52.63990565966279,254.66172622025235
6094,129,49.36054064538433,253.36444851190848
6095,129,43.22507049376116,250.9395165260759
6096,129,36.66479440453037,248.34786673977555
6097,129,31.028911897562672,246.11620307707685
6098,129,28.777190629550187,245.22741995995645
6099,129,26.172435894849144,244.1967934345611
6100,129,27.047560175423296,244.5426491301264
6101,129,26.828769537647872,244.4569259440741
6102,129,27.85433748429783,244.85994918800793
6103,129,25.62062147253262,244.70326686797196
6104,129,7.1395726983708405,243.04961303279677
6105,129,19.649525147806482,241.60993367256577
6106,129,14.874742595530343,239.72281712084097
6107,129,12.741070400260812,212.97854202994182
6108,129,13.1381686844417,213.13548374731167
6109,129,11.048584000524814,212.30961966673263
6110,129,10.507927680435333,212.09593807496427
6111,129,10.904830302525559,212.25280831225808
6112,129,0.0,114.13670378744867
6113,129,0.0,245.14773479473467
6114,129,15.655260181143694,249.35279708776443
6115,129,45.21878388473998,253.66618972416921
6116,129,53.63718648286832,255.1160222524851
6117,129,52.13268926232399,254.4761986075436
6118,129,46.679958686013016,252.3111393284519
6119,129,41.71168191419666,250.34638336818583
6120,129,36.69054612825059,248.35767083191695
6121,129,31.985321241013402,246.4980270462925
6122,129,28.054690166441368,244.94297450368154
6123,129,25.740711479156186,244.02808127629604
6124,129,25.31813645866524,243.86183983495326
6125,129,25.842755629263127,244.06954822222022
6126,129,26.373688144487,244.27861801573204
6127,129,26.34128163911785,244.8467783445872
6128,129,7.787843073798103,242.98911864198658
6129,129,0.0,242.37577600936595
6130,129,0.0,241.21926802221606
6131,129,16.785413788468023,144.7152676956966
6132,129,15.802728857805027,214.1885769609539
6133,129,15.179260932952415,213.94217629762213
6134,129,14.140307890885522,213.53155409208088
6135,129,0.0,108.74809327064521
6136,129,0.0,113.85292579504465
6137,129,0.0,248.3600779833408
6138,129,22.88126428731353,252.90693786324437
6139,129,53.72987736761076,256.9622736399866
6140,129,63.59285559093443,257.9240865084084
6141,129,60.18898554397996,0.0
6142,129,52.8791892355489,254.76673753576412
6143,129,43.433997605627404,251.03021995732428
6144,129,37.20474169014282,248.56399101860805
6145,129,31.536754761971014,246.31927066501203
6146,129,27.685511759625374,244.79713706771437
6147,129,26.818191066558857,244.45280437723036
6148,129,26.61355505648462,244.37345362333878
6149,129,26.59630586277924,244.36547044418725
6150,129,30.470124517961242,245.89995329863555
6151,129,50.85479900600465,254.18064419161107
6152,129,30.41204468344466,248.23199576796335
6153,129,5.908518822393727,243.73157560123647
6154,129,0.0,240.98508608542917
6155,129,0.0,239.1359450041356
6156,129,13.748682301514544,239.27776095204368
6157,129,12.137557500241966,238.64098892547855
6158,129,11.532118410248978,238.40170318687373
6159,129,0.0,239.14239713268287
6160,129,0.0,244.43354813347827
6161,129,30.274010058245594,254.87883271732287
6162,129,56.59409726937986,259.03969740207066
6163,129,79.97222629948031,260.87475557354105
6164,129,83.64630025775766,0.0
6165,129,51.120753712080656,254.07197414692783
6166,129,47.70323118570901,252.71554435187892
6167,129,39.71169943466076,249.55285588796463
6168,129,31.986578708069757,246.49815799226195
6169,129,28.286651015144592,245.02358047481826
6170,129,26.43845671926135,244.2931434731059
6171,129,23.625392204131902,243.181353131163
6172,129,22.50846773109464,242.73992679912436
6173,129,22.317253186018668,242.67277012792755
6174,129,25.679065657657702,244.0114213102446
6175,129,46.28904358195217,252.37271237658342
6176,129,27.1214821993769,246.99086672418562
6177,129,20.968882265115067,242.13142842971524
6178,129,14.496632624160178,239.57341667949356
6179,129,12.44601688718952,238.76294760557286
6180,129,13.676618308255309,239.24932668476754
6181,129,14.5151953440921,239.58075806829677
6182,129,15.246406026841125,239.86973889921612
6183,129,17.021616981109673,240.5713569039028
6184,129,0.0,245.3621655451186
6185,129,38.87240256490892,257.6226252059341
6186,129,70.36388139149203,0.0
6187,129,89.17541919318894,26.029448133837477
6188,129,88.58817452968275,0.0
6189,129,53.45719537472209,255.0001567325799
6190,129,48.90493848349651,253.19297049012857
6191,129,40.555521744909896,249.87271380056052
6192,129,33.97383964615216,247.27138667175254
6193,129,29.068641824021366,245.33266692265818
6194,129,24.56870893965154,243.5541450388031
6195,129,23.579263678442356,243.1631212916706
6196,129,23.14787392734668,242.99260503908783
6197,129,22.99101680919035,242.9447895435326
6198,129,26.56870349853353,244.36150363720037
6199,129,48.78265210542042,253.35715511194852
6200,129,32.38435722160177,248.87907076650427
6201,129,30.02992111280061,245.71262898054118
6202,129,23.295806659663306,243.05109034721136
6203,129,18.02681310757081,240.96864701565082
6204,129,17.581285990526496,240.7925608823793
6205,129,16.10941151723577,240.21082467270188
6206,129,15.514600394448378,239.97573925157124
6207,129,16.918945407301997,240.53077760755104
6208,129,0.0,244.32713597667183
6209,129,31.082008309784676,254.8877737922743
6210,129,56.5752895427023,0.0
6211,129,81.4013408573658,0.0
6212,129,84.43764200486328,261.0683101864721
6213,129,51.49852143976819,254.21261714400706
6214,129,47.127536611503054,252.48615438154155
6215,129,40.812064621444186,249.9870356555688
6216,129,33.275001878540834,247.00586474692696
6217,129,29.296793064835125,245.43282489693746
6218,129,25.575987457225335,243.96341792584508
6219,129,23.728253225541675,243.2300829496517
6220,129,23.067853655928655,242.9713705308936
6221,129,24.772192327842156,243.6437994808286
6222,129,27.745835337600656,244.8267538516462
6223,129,47.84324035219703,252.96326451102092
6224,129,26.752105924717213,246.57148169690944
6225,129,7.556322236940302,243.80537467058127
6226,129,0.0,241.13179150616955
6227,129,0.0,240.06882245608364
6228,129,0.0,240.40021691074506
6229,129,0.0,239.53190800540426
6230,129,0.0,239.58971036576676
6231,129,0.0,240.772632670782
6232,129,0.0,244.76152671739624
6233,129,35.351153193491584,256.2750407105692
6234,129,61.58859413148248,0.0
6235,129,85.5565440439617,82.38635466528878
6236,129,87.99540356929985,0.0
6237,129,54.1675991487571,255.27463411421914
6238,129,47.66315294629334,252.70544221875656
6239,129,41.51652376709115,250.26998608648248
6240,129,35.004922817379295,247.68914321577472
6241,129,30.473863494071388,245.89642274105125
6242,129,26.703889838881405,244.40795983782084
6243,129,25.646383058453385,243.98886604608384
6244,129,24.207575165259975,243.42440564469237
6245,129,24.102601592178207,243.38253873089286
6246,129,28.20236900880263,245.0090214038238
6247,129,48.886569880161716,253.3115632486571
6248,129,30.19909169019394,247.7031998716123
6249,129,9.579386325436937,244.02047747348783
6250,129,0.0,240.79716652952783
6251,129,0.0,239.71537217846395
6252,129,15.419351651347473,239.93809791306427
6253,129,14.688893955256484,239.64939807572708
6254,129,0.0,240.4376882540482
6255,129,0.0,241.3801871327782
6256,129,0.0,245.51515152025263
6257,129,33.93450269773735,255.81221754461558
6258,129,60.60710402908319,75.44116439230633
6259,129,82.42950650090822,0.0
6260,129,85.31409658634509,0.0
6261,129,51.842543018587676,254.35279655971982
6262,129,45.69869436251128,251.92497656388292
6263,129,38.7910911411117,249.19446935252958
6264,129,33.85002965847831,247.23739423408807
6265,129,29.96696023917971,245.70075686297315
6266,129,27.129581640912527,244.5778224734359
6267,129,25.476050315933183,243.92507680934298
6268,129,24.35139992403658,243.48060873001745
6269,129,23.631974353651188,243.194740534193
6270,129,24.709945060691815,243.6269332197533
6271,129,26.48391343915464,244.70951006981596
6272,129,11.22610377049946,243.2282646274799
6273,129,0.0,241.65016602531526
6274,129,0.0,240.0583125165401
6275,129,0.0,114.16561424735924
6276,129,14.185509450596115,143.6877626368355
6277,129,13.096152290353102,143.25720747314944
6278,129,0.0,109.01274849822117
6279,129,0.0,112.42709973175046
6280,129,0.0,241.67044135510815
6281,129,0.0,248.35364821787402
6282,129,30.051176513663318,252.80969177174407
6283,129,54.98738404848289,256.6013520023879
6284,129,56.22245165921513,256.0868092858397
6285,129,51.3264477034941,254.15292573578836
6286,129,46.94747203130637,252.42027499361853
6287,129,39.75509688899495,249.57309838548255
6288,129,34.602106681218146,247.53077011636393
6289,129,30.59485670249274,245.94965153902103
6290,129,27.799284466739273,244.84092400664528
6291,129,25.894229645066034,244.09065501626677
6292,129,24.408523172755874,243.50234091409587
6293,129,23.334049841712424,243.0815024442365
6294,129,23.813508355472027,243.27061719547936
6295,129,23.37905687759432,243.35245924505722
6296,129,9.412395028235785,242.16132176109733
6297,129,0.0,241.24507677103495
6298,129,0.0,240.0949356841
6299,129,13.522348287359215,213.287332441819
6300,129,13.812840335522855,213.40213893783923
6301,129,13.437296391182812,213.25370404991853
6302,129,0.0,108.50955597860579
6303,129,0.0,113.84824500301542
6304,129,0.0,242.31541664805295
6305,129,0.0,248.6948419405804
6306,129,29.81132099527507,253.2403830409069
6307,129,54.614343830481666,256.42337636250977
6308,129,54.862390305121046,255.55514851907586
6309,129,49.94267689038,253.60269792272382
6310,129,46.031735350304906,252.06724781891555
6311,129,36.98844518493528,248.48386750211148
6312,129,29.92644903691137,245.68739078054705
6313,129,25.120317719747685,243.78403667548142
6314,129,23.93981841967645,243.31863328643718
6315,129,23.43812790700408,243.11803586851178
6316,129,22.606008745524058,242.78994169274225
6317,129,23.426334174356604,243.11378288329573
6318,129,27.797268399674408,244.85162351493273
6319,129,52.27853995131968,254.61808342283126
6320,129,37.75968782891551,250.54232801616394
6321,129,24.99921103594657,245.04822781840593
6322,129,21.121963210725017,242.1918998923206
6323,129,17.466230009247656,240.747049486077
6324,129,0.0,241.1461867119083
6325,129,0.0,240.91321299383821
6326,129,0.0,240.26113790303927
6327,129,0.0,240.90717689284892
6328,129,0.0,246.58232612564314
6329,129,45.33788740999145,0.0
6330,129,73.76878679938588,0.0
6331,129,91.91602844362221,261.6352621274558
6332,129,92.09235601530169,0.0
6333,129,52.885924778254,254.76432048381497
6334,129,49.84466554174709,253.56388133690345
6335,129,41.8000410967278,250.3775013103766
6336,129,33.221415854739135,246.98508930704327
6337,129,27.700669604933324,244.8023375329462
6338,129,25.65264252789429,243.99254307213792
6339,129,24.001741049007133,243.3381739533675
6340,129,23.101636882317443,242.9835722491196
6341,129,23.428912518271787,243.1132886383907
6342,129,27.69286643940651,244.80273987149653
6343,129,53.288117734923716,255.01606065803762
6344,129,35.45463696337272,249.6635667519545
6345,129,11.304960257980557,244.6875635673921
6346,129,0.0,242.2119736954888
6347,129,0.0,241.55820512470953
6348,129,0.0,241.0888896858396
6349,129,0.0,240.83441331745053
6350,129,0.0,240.2708792508479
6351,129,0.0,241.62295392715956
6352,129,0.0,246.91827226948394
6353,129,48.33138609881216,258.6998365701096
6354,129,75.58046502356906,0.0
6355,129,90.96102581296785,27.043764063791315
6356,129,93.91027269589335,27.243198408766794
6357,129,56.20752088256622,256.08103018821936
6358,129,51.75130973390234,254.31827198630236
6359,129,42.50234150938732,250.65700408284343
6360,129,33.814539047475996,247.22144437012048
6361,129,29.448973890402318,245.4941058748654
6362,129,26.951658656714564,244.50863498227406
6363,129,24.63781224039674,243.59260759882247
6364,129,23.89346904611976,243.29878306867755
6365,129,24.188396194598226,243.4180232156316
6366,129,29.357501177581877,245.46255313545026
6367,129,53.2082144977973,254.99168084581842
6368,129,37.59269525318143,250.3817906737541
6369,129,16.178238470741267,246.11760242045125
6370,129,0.0,242.65430106367398
6371,129,0.0,240.581755974656
6372,129,0.0,240.3125079495127
6373,129,0.0,239.70316480378892
6374,129,0.0,239.0032617809035
6375,129,0.0,240.0513541577011
6376,129,0.0,244.90217049200848
6377,129,39.56130721122654,256.6756679911478
6378,129,63.90382526446504,259.9196863738563
6379,129,79.65585189473117,0.0
6380,129,83.29756176729916,0.0
6381,129,50.36936089220831,253.77399169250305
6382,129,45.01298801927122,251.65196994849742
6383,129,38.74777579792243,249.17309269838063
6384,129,32.54125923679041,246.71665193407492
6385,129,28.54372306338541,245.1362983687726
6386,129,25.32085353789289,243.8610135588489
6387,129,23.843399510711404,243.2755075463418
6388,129,24.136889999911148,243.39339870379928
6389,129,24.944717339625228,243.71228669467695
6390,129,29.065138997417524,245.34655593490123
6391,129,52.49157577476871,254.69231331335973
6392,129,35.90312371489246,249.6040765832615
6393,129,13.994545140687903,245.1664352948175
6394,129,0.0,242.1573024685053
6395,129,0.0,240.51453689179135
6396,129,15.881697307154962,240.12078336374276
6397,129,14.754929733493691,239.67544648461265
6398,129,0.0,239.68828323818465
6399,129,0.0,241.0367528687248
6400,129,0.0,246.41389172246653
6401,129,48.59392266691486,0.0
6402,129,73.34814168817115,0.0
6403,129,93.20837833635545,0.0
6404,129,91.6681812860002,261.6933774052387
6405,129,55.38608046264209,255.75419992074504
6406,129,49.36223306240032,253.3745649780724
6407,129,41.70638800799882,250.34489585468384
6408,129,34.589240452748776,247.52589385476435
6409,129,31.222755861735852,246.19350484123223
6410,129,27.001383655229684,244.52436227314618
6411,129,25.759572741665515,244.0343490435322
6412,129,24.0000118039732,243.3393128480989
6413,129,23.827925487146814,243.27050958691564
6414,129,26.871253799179076,244.4794567440743
6415,129,51.49546440189828,254.2576027477162
6416,129,35.334098076330754,249.14244754193214
6417,129,14.76252469355905,244.8889702886629
6418,129,0.0,241.0862061961251
6419,129,15.272846222307974,239.88016732638204
6420,129,0.0,240.21446261750702
6421,129,0.0,240.66664614076467
6422,129,0.0,241.93359461219083
6423,129,0.0,244.2570736475337
6424,129,6.614895620090044,249.3733784088427
6425,129,53.9043842971301,18.951888087828017
6426,129,80.9448702005442,261.0993961920393
6427,129,96.59363457651335,0.0
6428,129,92.192388840571,0.0
6429,129,55.51919039836356,255.8119671084511
6430,129,47.95494358572007,252.81856839479977
6431,129,41.824962553262246,250.3954482016718
6432,129,34.74237732928606,247.58814978471287
6433,129,30.56662480242282,245.9389127915596
6434,129,27.976756522580345,244.91376725109453
6435,129,25.608311001534336,243.97810623498535
6436,129,25.362493200812736,243.88131201276894
6437,129,26.2580931104546,244.23373315489417
6438,129,27.59932532859995,244.77187090119344
6439,129,32.936350473753734,247.03020498514837
6440,129,22.512873149465765,246.20154551053344
6441,129,0.0,244.10904338309794
6442,129,0.0,242.3147624062343
6443,129,0.0,240.97778312034953
6444,129,0.0,114.24714591365856
6445,129,0.0,109.46412359925903
6446,129,0.0,111.82180211420571
6447,129,0.0,114.09163724336113
6448,129,0.0,242.5760047513181
6449,129,0.0,248.93198307853913
6450,129,37.80371072185384,253.51640977862837
6451,129,56.46342721314963,256.5768922817828
6452,129,53.93538572132679,255.19019690361233
6453,129,48.15623940083745,252.89422544926066
6454,129,44.22045234789959,251.3371740423343
6455,129,38.69849864529607,249.15203064501
6456,129,33.81121218698475,247.2181156202711
6457,129,29.190873110202062,245.3924279982692
6458,129,26.479590242598537,244.32045245575537
6459,129,25.368625290976784,243.88216175136787
6460,129,25.53665227503154,243.94740245043704
6461,129,24.885909730551138,243.69250000181032
6462,129,26.73749828092608,244.42736143214137
6463,129,29.407120062440576,245.56481158158394
6464,129,18.814130396889546,244.30421208193107
6465,129,0.0,243.04678413723875
6466,129,0.0,240.45908086526
6467,129,0.0,239.24807063629981
6468,129,0.0,114.2453455845886
6469,129,0.0,113.30582806812097
6470,129,0.0,114.1911572653448
6471,129,0.0,113.99209162286105
6472,129,0.0,241.86447237527335
6473,129,0.0,248.7680176903518
6474,129,41.300150423787144,255.26324231548276
6475,129,65.60669067865852,258.34576998215016
6476,129,64.92146777244608,0.0
6477,129,56.74644745557241,256.2907140517129
6478,129,49.285749887711766,253.3528055897177
6479,129,40.10182723558246,249.7066253190561
6480,129,32.7269778786767,246.79343498441366
6481,129,29.92341206265586,245.68036206084847
6482,129,27.560267319690304,244.74948283797403
6483,129,25.68298957813394,244.00603010108182
6484,129,26.539032566086835,244.34435981298242
6485,129,27.087817918636883,244.56088882660399
6486,129,31.71104936054061,246.39730415292195
6487,129,60.78057242256314,36.57453799481561
6488,129,46.98616135936151,253.54976263140034
6489,129,22.145687953641918,247.68334797371588
6490,129,0.0,244.27675959573008
6491,129,0.0,242.79081685387567
6492,129,0.0,242.81446960134795
6493,129,0.0,242.47673571050788
6494,129,0.0,242.57269949146857
6495,129,0.0,243.14447294120427
6496,129,7.805818148940474,248.91725085533835
6497,129,56.44642762928978,260.07863856258206
6498,129,85.56929570215782,83.75026648548028
6499,129,97.77753899944284,86.78674884896904
6500,129,91.13281381612362,262.31823939776973
6501,129,54.905929740985925,255.56301278342335
6502,129,48.30745879196088,252.9528041041989
6503,129,40.52027069328017,249.87049769473123
6504,129,33.17213495366199,246.96552762423417
6505,129,29.548664770448617,245.53382880761686
6506,129,26.97076625667128,244.51382283746938
6507,129,25.802469191914415,244.0540098659794
6508,129,24.69622739867027,243.61566351474897
6509,129,24.926251597630586,243.7057916596674
6510,129,30.656607074379476,245.9748076153835
6511,129,59.38203817873639,257.3501159090819
6512,129,48.649626988182966,254.1914203141326
6513,129,25.79671074044624,248.98610258225244
6514,129,1.7166053527303775,245.1923318865116
6515,129,0.0,243.90638616411113
6516,129,0.0,243.6662307402649
6517,129,0.0,242.16650907449616
6518,129,0.0,241.26372650685965
6519,129,0.0,242.9708433572311
6520,129,10.707552499711605,249.89056352603535
6521,129,61.253799305839074,78.0270745096558
6522,129,95.0448887458091,0.0
6523,129,107.0373191109046,0.0
6524,129,100.34547370818463,0.0
6525,129,58.318085570151695,256.908666701211
6526,129,52.93461073151881,254.7828612137198
6527,129,42.74134958486948,250.7556968794573
6528,129,36.446531074055386,248.26124980514493
6529,129,31.039919094758027,246.12400991161022
6530,129,27.672384233355004,244.78924256389905
6531,129,26.106835000819032,244.17088849669636
6532,129,24.857039026623234,243.67767788052495
6533,129,24.541810381162872,243.55309502024275
6534,129,29.616059200977066,245.5593732131776
6535,129,61.01705456947363,0.0
6536,129,49.53244704178893,254.4936741151873
6537,129,26.112483977875115,248.73141553704292
6538,129,2.796784654335539,245.10527252411154
6539,129,0.0,243.39150688058024
6540,129,0.0,243.44611323160277
6541,129,0.0,242.3747590647868
6542,129,0.0,242.415695510646
6543,129,0.0,243.5943287693589
6544,129,11.864940381511397,249.6907865976523
6545,129,60.721084035760754,20.258079959849724
6546,129,85.88776792742047,0.0
6547,129,96.31798694050772,262.51109645446076
6548,129,93.0416030271245,0.0
6549,129,57.54925485899335,256.6111975297864
6550,129,50.646442723626315,253.87998360610175
6551,129,43.619374689604925,251.09960180259594
6552,129,35.83110312027482,248.0160904096185
6553,129,29.476821027078973,245.50510212762757
6554,129,25.657135116553075,243.99544509480612
6555,129,24.798895732383773,243.65587060229848
6556,129,24.213283819967724,243.42481741892763
6557,129,25.467380346940885,243.91933237786708
6558,129,29.553801392467996,245.53977596525291
6559,129,55.91286961820563,255.97834698536244
6560,129,40.54167794867332,250.82696129774118
6561,129,16.074131616258075,244.63798393455002
6562,129,0.0,240.81245262944918
6563,129,0.0,239.97814962892588
6564,129,0.0,239.6350393930451
6565,129,0.0,238.78070884599455
6566,129,0.0,238.6107736750958
6567,129,0.0,239.46509672148002
6568,129,0.0,244.38601635097814
6569,129,45.795969922985904,257.2326221673941
6570,129,77.95499425009515,261.0465083874099
6571,129,96.67191135828628,0.0
6572,129,88.73275164952632,0.0
6573,129,51.798864196106365,254.3371142783844
6574,129,45.81665761346001,251.9704689075967
6575,129,38.659454310016535,249.13901703970959
6576,129,33.02053549389143,246.90651418672843
6577,129,28.305730247140108,245.0430849957899
6578,129,24.562874120096748,243.56226138954102
6579,129,24.06663316375752,243.36880880806982
6580,129,22.56100489241149,242.77104262392203
6581,129,23.950032143237795,243.32081506706132
6582,129,28.66488247173997,245.19115538800264
6583,129,57.16383614826483,256.46013382676955
6584,129,48.233743649633645,253.71925517776455
6585,129,24.93939249091514,247.68564106230411
6586,129,0.09797513176216728,242.91457907884867
6587,129,0.0,241.06711289181
6588,129,0.0,241.5439949615571
6589,129,0.0,241.5940004466197
6590,129,0.0,242.03976408492397
6591,129,0.0,243.59484197307216
6592,129,7.996849555022538,247.65035115421517
6593,129,50.59622990931295,258.1716125079192
6594,129,82.41407232059493,260.41240647377026
6595,129,94.85256316606426,0.0
6596,129,92.45004881485437,261.45234228777406
6597,129,53.65164228411813,255.07081688782563
6598,129,48.81060096543635,253.1644274471308
6599,129,42.44824986809388,250.63489722906579
6600,129,35.799328387205456,248.00510309950957
6601,129,30.53000266605775,245.92325709999275
6602,129,26.995206199694373,244.5243064867306
6603,129,25.582960412084798,243.9680571877222
6604,129,25.517313336371416,243.94020133295538
6605,129,25.053613369662667,243.75691648853123
6606,129,26.26328273558604,244.23733116735679
6607,129,31.988509512504685,246.54565568851493
6608,129,27.12016643886052,246.64525146824408
6609,129,0.839080455187069,243.63031366664495
6610,129,0.0,241.35787098716793
6611,129,0.0,239.6401380071165
6612,129,0.0,114.23552226929542
6613,129,0.0,114.2658903657762
6614,129,0.0,114.26527829701266
6615,129,0.0,239.70520832304402
6616,129,0.0,241.9203245732129
6617,129,9.130264015800048,249.15876693101268
6618,129,47.63497695084269,255.40778511233643
6619,129,60.87494503152544,257.9517367279694
6620,129,53.48620029692957,255.02148401146334
6621,129,47.70368190830452,252.71577625747017
6622,129,44.62320236464159,251.50096595906112
6623,129,38.345057982438554,248.9989966926912
6624,129,34.985866449546,247.67132346144498
6625,129,29.45905351362301,245.4869699118452
6626,129,26.741214110508075,244.41280760937113
6627,129,25.171885522286832,243.7925536766395
6628,129,24.70219679515375,243.606938788505
6629,129,25.178274290989684,243.79508623347184
6630,129,26.572919057423945,244.34630342440053
6631,129,31.807849696358566,246.41530338907424
6632,129,27.180261073876334,246.3293427458363
6633,129,3.471710466819,244.2610453929668
6634,129,19.072952060608046,241.38211287536393
6635,129,15.060656684781431,239.79633593790018
6636,129,14.338552509306359,239.5109356355644
6637,129,13.316523789802073,213.20601541023584
6638,129,12.408266401235627,212.84704394836547
6639,129,13.479218787239285,239.17129458494932
6640,129,18.392411664308717,241.11312767210924
6641,129,8.059870867809972,248.64887077057705
6642,129,50.26384378765552,256.7808783282882
6643,129,66.64664095674077,38.955391553625084
6644,129,61.198489729646575,258.03124855986937
6645,129,55.7335567588829,255.87136501865726
6646,129,47.57710153074587,252.64769549193232
6647,129,37.1632575356494,248.53184616909584
6648,129,29.99410038266961,245.69840415321394
6649,129,25.798166037806986,244.04005600366287
6650,129,23.18466778029538,243.00711986830632
6651,129,22.77593350688234,242.8455688002735
6652,129,23.12961890811907,242.98535585594658
6653,129,24.90738727579872,243.68797230171563
6654,129,30.068634312418,245.72784275168019
6655,129,60.27599562925642,257.66665314538557
6656,129,52.72527291443566,254.68242844024408
6657,129,36.51823983792887,248.2769491450213
6658,129,23.789001978510615,243.24602358733986
6659,129,19.54947809665382,241.57044984636786
6660,129,20.72850043347129,242.03642363945391
6661,129,17.58546014999476,240.79420642602156
6662,129,19.27034785439599,241.460126178333
6663,129,23.222362662924603,243.0220644637751
6664,129,14.62389925520896,249.67748935363088
6665,129,63.134539207506144,0.0
6666,129,86.65553634218487,261.7925073537668
6667,129,94.26824859100381,0.0
6668,129,91.0550230701738,261.78653420541957
6669,129,51.78481277837372,254.3308091916035
6670,129,44.90900782520052,251.60903975402073
6671,129,36.23864763336138,248.1784221794342
6672,129,31.211079528937695,246.1917110159224
6673,129,27.277424651175245,244.6358670766925
6674,129,25.39635069008539,243.89317383490888
6675,129,23.922980983805793,243.31273775978522
6676,129,22.839994164657494,242.88202216219935
6677,129,22.81132490971763,242.86877059668984
6678,129,27.720339846933257,244.81736083429482
6679,129,56.98965270144888,256.3770375336635
6680,129,51.77536122453987,254.90489845520915
6681,129,26.846355712284367,248.19918603149
6682,129,3.619789779111015,244.26052843710804
6683,129,0.0,242.12100128240087
6684,129,0.0,241.40914162924642
6685,129,0.0,240.42773134835852
6686,129,0.0,240.35544545689984
6687,129,0.0,241.23821735358584
6688,129,6.988482198473059,246.57625987612826
6689,129,54.28469545695507,0.0
6690,129,87.77228684225516,0.0
6691,129,100.68441285593153,0.0
6692,129,97.78730321216588,29.44048817304189
6693,129,55.37939006558599,255.7513257342166
6694,129,49.27923083213492,253.33925738122264
6695,129,39.927751275162834,249.64253566503584
6696,129,33.14705489557236,246.95761469194738
6697,129,28.332257746254733,245.05349612151693
6698,129,26.64452453242605,244.38266617979556
6699,129,26.001006588961726,244.13025249520555
6700,129,25.05890261241677,243.75790169324677
6701,129,26.56182196506111,244.35074298604331
6702,129,31.684446574521402,246.38341424593565
6703,129,62.612539732646255,258.3252006551305
6704,129,55.73836901967522,256.48893901135887
6705,129,32.30821901685269,250.120195654303
6706,129,8.631359085879728,245.86759079963417
6707,129,0.0,244.03727635599688
6708,129,0.0,244.12834161709202
6709,129,0.0,243.23773835159133
6710,129,0.0,243.94788650139304
6711,129,0.0,245.34274893948253
6712,129,22.015945519682923,252.00855896992985
6713,129,70.00818770449806,44.40937395031802
6714,129,95.78496281668598,0.0
6715,129,100.58119770422611,263.6826097636003
6716,129,93.10536446594128,262.4794475042339
6717,129,54.602416212203394,255.44130115528384
6718,129,47.1112239054137,252.4832055445596
6719,129,38.32267496706677,249.00662056288058
6720,129,32.10266882593442,246.5440754731895
6721,129,27.809923448404916,244.8489923862769
6722,129,25.093093462881175,243.7740704203953
6723,129,24.755028537805483,243.64045553079194
6724,129,23.932960262822732,243.31477035355675
6725,129,23.304889278082445,243.06465341405436
6726,129,29.99686622257861,245.71870597587167
6727,129,58.64070549624173,257.0372945400311
6728,129,51.51046366603234,254.72437992785697
6729,129,31.280584960389415,249.62849310855717
6730,129,5.183560611822048,244.35467991675017
6731,129,0.0,243.1064706490662
6732,129,0.0,243.39184640795625
6733,129,0.0,241.8250710693331
6734,129,0.0,242.41124624642637
6735,129,0.0,243.7884102480278
6736,129,20.147892221108123,251.17392157733326
6737,129,67.84790236766517,260.2653925585401
6738,129,97.86687266578359,51.978256828324575
6739,129,107.66984958500495,262.7697430597911
6740,129,97.70380361031282,28.751918105850958
6741,129,57.16198677353601,256.4592497780234
6742,129,52.12385766186115,254.46537681464903
6743,129,43.331358591717276,250.98306889565592
6744,129,35.505108138201926,247.89068415734005
6745,129,29.978700034673736,245.7084028968819
6746,129,26.754782022188603,244.43308358701356
6747,129,23.971216882850406,243.33444256078835
6748,129,22.982779999945706,242.94457449460302
6749,129,24.64498041962651,243.59730377630103
6750,129,31.028451839975638,246.12942279503068
6751,129,61.21775540934804,258.05425375068313
6752,129,55.47419330072773,256.21388312220597
6753,129,33.52242941927842,250.16830973384307
6754,129,10.045773734470755,245.5479188069744
6755,129,0.0,243.081551891522
6756,129,0.0,243.28919028035196
6757,129,0.0,243.27031423988203
6758,129,0.0,242.53322205757266
6759,129,0.0,243.88056147917604
6760,129,13.2967137971683,248.27937621544538
6761,129,59.85838173010209,259.52385799559096
6762,129,90.13152692449584,261.676995070114
6763,129,97.70617521544351,0.0
6764,129,93.42770222236857,0.0
6765,129,55.17804354154011,255.66944503781357
6766,129,49.46421352783883,253.4249650095044
6767,129,42.93320704244958,250.82917859037957
6768,129,36.76427824462779,248.38839168995668
6769,129,32.33154501702217,246.6375991996076
6770,129,29.198753960920666,245.39561643783392
6771,129,26.773240819782608,244.43774342230648
6772,129,26.605106186249415,244.37166388303783
6773,129,26.42418918975755,244.29824838013246
6774,129,29.57995621739545,245.54930542744975
6775,129,36.22587556995556,248.19321438861687
6776,129,36.56464529840954,249.4852196263435
6777,129,10.575166261870036,245.40977742076961
6778,129,0.0,242.78895526069198
6779,129,0.0,241.73121113306692
6780,129,0.0,241.55082628124333
6781,129,0.0,113.91031228182605
6782,129,0.0,240.92395761967876
6783,129,0.0,240.84357587876386
6784,129,0.0,243.3397367085949
6785,129,19.78323089130458,250.90383932715477
6786,129,55.85710668406477,257.3867080185575
6787,129,63.03603518251813,258.5940451924728
6788,129,55.1837597436709,255.6810158769986
6789,129,50.7893786302011,253.93808211600265
6790,129,44.806807809634776,251.580092731837
6791,129,39.28350717435241,249.3898344507924
6792,129,33.75648323749953,247.19694783213293
6793,129,28.834809828341704,245.2525384093409
6794,129,26.019391636458913,244.1378972687651
6795,129,24.944242773062097,243.7121961222874
6796,129,23.56119852745959,243.16785982560668
6797,129,24.444957844167362,243.5148515896507
6798,129,25.918255989278816,244.10058044001866
6799,129,30.987031549712515,246.11730726659255
6800,129,32.41791806124191,247.6291822820366
6801,129,11.639145912195197,245.53616427150303
6802,129,0.0,243.07198977789938
6803,129,0.0,241.6592652627794
6804,129,0.0,241.0697886737621
6805,129,0.0,240.33676279510092
6806,129,0.0,240.3883132171443
6807,129,0.0,240.94794661097785
6808,129,0.0,244.11824350122285
6809,129,26.69527770708029,253.51973498661806
6810,129,66.23826534158782,0.0
6811,129,72.57245843862738,0.0
6812,129,67.66300457173459,16.900218649474528
6813,129,62.439959979051906,0.0
6814,129,54.950570391419554,255.58608842696128
6815,129,43.23688071109028,250.9518894867919
6816,129,34.46718956341044,247.48165512886055
6817,129,29.687329717627893,245.5905806304919
6818,129,28.257174102038213,245.02725745495823
6819,129,26.615480179428804,244.37914742810605
6820,129,26.85302230552738,244.46996055069977
6821,129,28.63260702302991,245.17293337008135
6822,129,34.770744172114235,247.6072976767789
6823,129,67.18157566380022,257.9666337108735
6824,129,62.07953586127904,0.0
6825,129,38.11923397475309,251.99724383271626
6826,129,16.777596507138483,248.3194775037425
6827,129,0.0,246.20232899532718
6828,129,-0.0007778681275958046,246.42493788998902
6829,129,0.0,245.78196656546515
6830,129,0.0,245.6615253233153
6831,129,0.0,246.4824106438989
6832,129,25.749781604274844,252.76938648458375
6833,129,80.42984620836603,0.0
6834,129,105.8058474857711,0.0
6835,129,104.19881207901174,262.92312182384774
6836,129,98.06513245183787,0.0
6837,129,58.817070584385164,257.110658415851
6838,129,51.90368236993105,254.37562962997885
6839,129,42.29686379094594,250.57572632994052
6840,129,34.66514389503804,247.55641128511834
6841,129,29.202479595140137,245.39665599125578
6842,129,26.46761160681113,244.31690958638973
6843,129,23.925791753803185,243.3130891010312
6844,129,23.65584317313012,243.20448988027917
6845,129,25.490167279387347,243.92790130314447
6846,129,30.65510910146519,245.97996812290918
6847,129,61.11909311402223,258.0083190625345
6848,129,55.21546733429992,255.96610678803233
6849,129,30.12063160241997,248.6162278619791
6850,129,4.304304268016418,243.26645626359883
6851,129,0.0,239.96186007580962
6852,129,0.0,239.48795864765356
6853,129,0.0,238.81554159104263
6854,129,0.0,239.07297133844887
6855,129,0.0,240.8473939168761
6856,129,10.971940466740003,246.79593819047068
6857,129,65.87046199159839,0.0
6858,129,102.03490976512043,0.0
6859,129,107.84354413294209,46.343289153296894
6860,129,93.84759926843911,262.8464700273443
6861,129,56.94949398208767,256.379532596832
6862,129,49.79953808917852,253.5467801357903
6863,129,41.21144621322969,250.14717507519507
6864,129,32.75255346293673,246.80129936036883
6865,129,27.181537411039667,244.59757030278223
6866,129,24.491330952429994,243.5324111778342
6867,129,22.792519830968498,242.86331578949108
6868,129,22.20629742322152,242.63087049391905
6869,129,23.36576465844529,243.0883669161022
6870,129,28.208872920792828,245.01325644154886
6871,129,56.934461713421776,256.3546594347163
6872,129,52.980116920419654,255.1372259090154
6873,129,31.343937678655426,248.92517281771168
6874,129,6.237026211777882,243.66003345278264
6875,129,0.0,241.3980288204628
6876,129,0.0,241.61598907735433
6877,129,0.0,242.1076874234794
6878,129,0.0,242.27609115005424
6879,129,0.0,244.12237892632896
6880,129,23.39068943375463,251.18342217802464
6881,129,79.28625284039279,0.0
6882,129,104.11190190905074,262.5723058481514
6883,129,104.69540228778686,0.0
6884,129,99.89281511710826,0.0
6885,129,55.476508091166835,255.7866521346295
6886,129,48.151237244790714,252.8926700249553
6887,129,40.653159268954155,249.92762723999633
6888,129,33.03506695988291,246.91292541704348
6889,129,28.391895169810347,245.07973816383065
6890,129,25.45071925635304,243.9146488655501
6891,129,23.064118816213323,242.9691060099877
6892,129,22.494801753262788,242.7437184874053
6893,129,22.73067629672519,242.8361606861891
6894,129,26.839500036731476,244.46734531759708
6895,129,52.760460331600974,254.70718930684887
6896,129,55.68138539241584,256.1029268707187
6897,129,39.263994482584096,251.90792138772727
6898,129,15.325851871142614,246.96724068499515
6899,129,0.0,245.10431033305835
6900,129,0.0,246.05098575361401
6901,129,0.0,245.66738241625436
6902,129,0.0,245.10524062688367
6903,129,0.0,245.505098959595
6904,129,23.433054584337118,251.0982894125141
6905,129,73.00623109389976,22.195803699943323
6906,129,98.61647682296626,51.873464246231954
6907,129,96.66692356509945,262.5336827352564
6908,129,87.68011991745831,261.83394110201664
6909,129,54.17755793117536,255.27910890183415
6910,129,50.713119144315876,253.91598581108343
6911,129,45.55516504188336,251.8609142706732
6912,129,38.024058516570555,248.89246452461376
6913,129,33.09956459550238,246.9392799658191
6914,129,28.541223239838672,245.13920853725324
6915,129,26.543648704957373,244.34892231249
6916,129,26.05272911738504,244.1583194226128
6917,129,27.43067516135804,244.697926978601
6918,129,32.87135080737215,246.85743196858294
6919,129,66.4324135182066,0.0
6920,129,69.23583600931077,259.0678421249763
6921,129,52.17943838353467,256.7171413278574
6922,129,32.92586835953901,253.2568328158692
6923,129,13.939436773934203,250.09900430504422
6924,129,4.324393150205292,249.341683773406
6925,129,0.0,248.6035831813277
6926,129,1.6261808521593122,249.11625219380505
6927,129,12.293188125716469,250.64055120430157
6928,129,37.01082608398103,256.23239899284545
6929,129,91.81590196484115,0.0
6930,129,114.60797419564393,256.17494888322346
6931,129,107.81103889398709,32.748582518388204
6932,129,94.15609607427541,85.22906603944541
6933,129,56.99655965366431,256.39310693541336
6934,129,49.4604002178403,253.41731064196233
6935,129,44.171781034138924,251.32248597868988
6936,129,36.98853029452616,248.47847840175442
6937,129,31.74978275869801,246.4083710994903
6938,129,30.48262126595217,245.9059919811022
6939,129,29.366464601196334,245.46219875123995
6940,129,27.426360114461406,244.70002154417872
6941,129,27.324299305662535,244.6547026853871
6942,129,30.58283563725487,245.94905522641847
6943,129,36.58172716754914,248.31996339205372
6944,129,42.20124664074639,251.1200176632708
6945,129,23.158237913708486,248.41282095296762
6946,129,0.0,245.1353369537032
6947,129,0.0,244.01805546470786
6948,129,0.0,244.65536245647675
6949,129,0.0,243.5701938486214
6950,129,0.0,243.13231743780713
6951,129,0.0,243.99807210874687
6952,129,0.0,247.1857612901837
6953,129,39.83530850740402,256.56791156721846
6954,129,70.38141368310048,0.0
6955,129,69.27708425519786,0.0
6956,129,60.676436571558334,257.8502619068238
6957,129,54.208442486315526,255.29236870365935
6958,129,48.272264989510276,252.94845502927365
6959,129,41.932850604573936,250.43872135123695
6960,129,36.063433412873366,248.11133635749482
6961,129,30.429278226635684,245.88418484224542
6962,129,28.249880935828966,245.02280891136056
6963,129,26.62258123263595,244.37814096814745
6964,129,25.383793518407963,243.8908441392732
6965,129,24.057330999920154,243.36584517485267
6966,129,26.10911915117114,244.177913007873
6967,129,30.76866051279601,246.02257463118295
6968,129,36.21628115665181,248.59456540233114
6969,129,20.19184527221339,246.91681130976548
6970,129,0.0,244.42609642530456
6971,129,0.0,243.06360084998198
6972,129,0.0,242.75165628116528
6973,129,0.0,241.0385307472535
6974,129,0.0,241.05000881982826
6975,129,0.0,241.29039059918517
6976,129,0.0,245.01416240480123
6977,129,34.774618763350176,254.29897021504578
6978,129,58.20494855514016,257.65871247650676
6979,129,60.6568261362787,257.85372390144084
6980,129,55.7846725760376,255.93155472717976
6981,129,51.08649454684144,254.070048724996
6982,129,43.85388571102649,251.2046174799863
6983,129,36.00468781462817,248.09781348922002
6984,129,31.15353207047463,246.1755043586153
6985,129,27.096301816551296,244.56967301270922
6986,129,25.43407921526216,243.91499130530858
6987,129,24.13695313515467,243.40155270156873
6988,129,23.35225716985342,243.0875749426647
6989,129,24.662517921154247,243.60733742043627
6990,129,29.040683087239348,245.34384429062882
6991,129,57.655975349501865,256.6449487588405
6992,129,61.190672954888356,258.203584429418
6993,129,44.6232383075271,253.70853830344277
6994,129,24.649907537071815,249.97643964602446
6995,129,8.37034875787826,247.8872456117341
6996,129,0.0,247.04031461213046
6997,129,0.0,246.26281686251662
6998,129,0.0,246.11204309156722
6999,129,5.456555574405415,247.36493113010536
7000,129,35.966888254900816,255.27890204694992
7001,129,94.59419120805542,262.5726719384069
7002,129,113.19953369619412,0.0
7003,129,111.30591621800252,0.0
7004,129,104.73617056892394,261.57512941152135
7005,129,61.12860526491142,257.8331137959396
7006,129,52.30811838164669,254.53912156695512
7007,129,43.117715621069834,250.9052503004532
7008,129,35.60815151963339,247.93377757036978
7009,129,30.247316194580666,245.81420713608023
7010,129,28.318609350289414,245.05193355650667
7011,129,26.316170320973985,244.26205680805788
7012,129,25.19254447601427,243.8168267045165
7013,129,27.179328072686136,244.60012703648056
7014,129,32.258079489310965,246.6184838482588
7015,129,63.3410631873474,258.1358265852887
7016,129,63.81610802780092,258.2077632776229
7017,129,40.390128265322474,251.76044971129807
7018,129,13.268081540956242,245.32203853110553
7019,129,0.0,242.29971652407662
7020,129,0.0,242.91766399021424
7021,129,0.0,242.3770839625839
7022,129,0.0,240.96736130075433
7023,129,0.0,241.2477125612876
7024,129,17.556446000087394,247.78142158031656
7025,129,73.79254108404264,0.0
7026,129,107.41645597138469,0.0
7027,129,105.98692858602335,0.0
7028,129,99.4689657746371,0.0
7029,129,62.74019633148666,0.0
7030,129,54.330335789484074,255.34440171966978
7031,129,46.789178323050045,252.36235107208532
7032,129,37.80339454746701,248.80134969177485
7033,129,32.1676222012265,246.57392281041473
7034,129,29.78803371947713,245.63190743034326
7035,129,28.299248989308385,245.04120233699118
7036,129,27.474996611371694,244.71578158423895
7037,129,28.434144214809514,245.09639965440877
7038,129,33.824311073229225,247.23443339662114
7039,129,66.04679780431222,0.0
7040,129,68.19334606627923,258.78843935444496
7041,129,47.09642403661774,254.26551434743382
7042,129,19.498447709712636,247.3682192883881
7043,129,2.976912669131364,244.85632339621046
7044,129,0.0,245.123351957171
7045,129,0.0,244.87165121495218
7046,129,0.0,244.60429070741685
7047,129,4.191672369264258,245.9661055285111
7048,129,34.83671213467215,254.02745965845992
7049,129,88.91176003279537,0.0
7050,129,110.08360182241951,91.70690317169245
7051,129,111.45135974874978,263.16830668210696
7052,129,99.62121408611452,51.89636111948151
7053,129,59.01381653304947,257.1916101511785
7054,129,52.17130094649803,254.48953103859716
7055,129,43.322705779339294,250.9896419752205
7056,129,35.171139196152374,247.75642426888615
7057,129,29.56151758882619,245.54049343362226
7058,129,27.328450712001192,244.65829020251607
7059,129,25.30343787460041,243.85566503474445
7060,129,24.198402546385744,243.41968914559985
7061,129,25.289781140077295,243.8517733092747
7062,129,29.77917099944047,245.63492993160003
7063,129,59.29865244795839,257.29151214176835
7064,129,63.221220902529716,0.0
7065,129,43.58604516724717,252.7053245482269
7066,129,20.682349241490588,247.3872207594808
7067,129,2.827204853139314,244.68987793344442
7068,129,0.0,245.65631695741408
7069,129,0.0,245.63447755987247
7070,129,0.0,245.20153363721963
7071,129,4.84655353766965,246.1053570533323
7072,129,29.67168408578462,251.86844714303896
7073,129,86.79039368733265,0.0
7074,129,112.74079386522409,259.96663862253064
7075,129,107.28633501929681,0.0
7076,129,95.85505126143102,0.0
7077,129,57.518343203932645,256.60589750847845
7078,129,52.57486392968027,254.6639137789396
7079,129,44.045816697812796,251.27460358982216
7080,129,34.65308053985447,247.56505934767384
7081,129,29.417608042886734,245.487842368252
7082,129,25.952280694543674,244.12052799595165
7083,129,23.57224197473086,243.17986753927187
7084,129,23.28719744737926,243.06838008342018
7085,129,24.497862540070876,243.54342199445568
7086,129,28.564201100205924,245.16511268194498
7087,129,57.274602942492194,256.49471184241924
7088,129,63.060139717321704,258.83192883435555
7089,129,57.015973097448665,257.7406504254573
7090,129,39.161639498812335,254.11905340704817
7091,129,20.241458077989208,250.5109528758237
7092,129,10.101516547831807,249.31755729610137
7093,129,2.4701498126516235,247.6977697383881
7094,129,6.419946171786005,248.68358237512314
7095,129,14.494548032634173,249.31732427915526
7096,129,37.30476981492148,254.6456078178283
7097,129,85.86777466107776,261.43935148080857
7098,129,108.74123128657615,0.0
7099,129,100.31111061743076,262.5591279962358
7100,129,90.99085589062096,0.0
7101,129,53.227336975180286,254.92120086322478
7102,129,49.52925885041424,253.4485430759822
7103,129,44.304559667790286,251.37976354706865
7104,129,36.57267602247643,248.31662450977484
7105,129,31.343359587073397,246.25058696911094
7106,129,28.630230631923894,245.1786048002184
7107,129,26.811514024840687,244.45826061235576
7108,129,27.25790318166125,244.63542844285084
7109,129,27.03276472870223,244.54759749231138
7110,129,27.698694517960107,244.81272378105
7111,129,34.91772162420196,247.6689785659738
7112,129,40.07744695752413,249.9511361521271
7113,129,27.225637254219297,247.93103030765687
7114,129,0.0,244.6106132119171
7115,129,0.0,243.03970213599263
7116,129,0.0,242.2943803668051
7117,129,0.0,240.99913276156232
7118,129,0.0,240.9799431266054
7119,129,0.0,242.1477965846343
7120,129,0.0,245.56288121340106
7121,129,43.57848998315567,255.70459887411178
7122,129,68.34131649604366,258.932552219469
7123,129,68.01191607406946,0.0
7124,129,62.78109871213676,0.0
7125,129,56.10842046475736,256.0452365030693
7126,129,50.025638880832005,253.64001467675212
7127,129,45.3897723831538,251.81999219358852
7128,129,39.24725590521794,249.35556475738164
7129,129,34.465538729856924,247.4656578619049
7130,129,57.57524376035209,256.59926062716573
7131,129,25.11256379333858,243.76907357253387
7132,129,25.513399295648984,243.9275054124314
7133,129,27.14983048487232,244.57428556580345
7134,129,30.247228910673336,245.83295264432678
7135,129,37.366875700348245,248.77208180539515
7136,129,25.8875469397258,247.24039962199208
7137,129,4.03010856204331,245.83745853450378
7138,129,0.0,244.6111829746802
7139,129,0.0,244.22565851273643
7140,129,0.0,243.98465496062843
7141,129,0.0,243.78860110401712
7142,129,0.0,244.65799157485932
7143,129,3.2414371037407017,247.82784958844005
7144,129,50.859539064891216,0.0
7145,129,80.7660501215758,259.9326512374346
7146,129,76.54911253947539,0.0
7147,129,68.39455951869856,75.06965419259006
7148,129,60.017507362293074,257.59748933508274
7149,129,55.03130958484894,255.62373739677957
7150,129,47.148844104003985,252.50644285874918
7151,129,36.71632315678428,248.37288423419264
7152,129,29.620456364513334,245.56722028940908
7153,129,25.529444524554307,243.94999546264506
7154,129,23.501786432354695,243.1482023364806
7155,129,23.35515927770114,243.08795028401232
7156,129,23.170786787884687,243.01741870925494
7157,129,27.025879102674036,244.5433655109905
7158,129,33.712660430205425,247.1953957937199
7159,129,58.37194957176595,256.99016829757454
7160,129,43.305221974605566,252.27691049641166
7161,129,24.077714166131706,248.0697396732578
7162,129,10.874719321446657,246.77401871986459
7163,129,1.2594790892448255,245.779169955754
7164,129,0.0,246.0444586935633
7165,129,0.44854873274938145,245.77077785773585
7166,129,34.50001499961279,247.47926282569952
7167,129,39.66770644435046,255.1052527024692
7168,129,88.7291546249844,261.9537639810284
7169,129,121.25718144747435,0.0
7170,129,118.04818340003729,36.790461462084146
7171,129,105.56427444590513,262.86225266553384
7172,129,93.94143341065332,0.0
7173,129,54.57805729191416,255.43343190526934
7174,129,46.15940141631567,252.10503408835328
7175,129,39.2491371526004,249.37236130999582
7176,129,32.658963579225826,246.76581111031254
7177,129,29.23902357697499,245.41414622075567
7178,129,27.141007813702316,244.57079092102947
7179,129,26.615228526940413,244.36299023689884
7180,129,25.930784307121453,244.0924993766625
7181,129,29.80960741476497,245.64657780588857
7182,129,36.41347134307128,248.26009609354028
7183,129,68.29544384694707,0.0
7184,129,49.63293454150683,254.62415594870407
7185,129,22.899574617924184,247.44970701884213
7186,129,7.286601067482606,245.36971508734283
7187,129,0.24557231051266284,245.6898724537167
7188,129,0.0,246.06908927199098
7189,129,0.0,244.9527989603187
7190,129,5.7866944734851415,245.43523555794346
7191,129,31.832291393163363,251.88093190482564
7192,129,81.64817419565117,0.0
7193,129,128.51492327688084,243.49213744081166
7194,129,121.52794757754023,0.0
7195,129,108.072689071921,0.0
7196,129,96.99341847824164,261.2537838127482
7197,129,56.59176123440083,256.2370385705681
7198,129,48.42011374115143,253.0054829767241
7199,129,41.29571207888794,250.18123147501925
7200,129,34.41180019104613,247.46016116121558
7201,129,30.564614312984833,245.93883613969157
7202,129,27.4113812842384,244.69072493205695
7203,129,25.37581048024751,243.88661758673848
7204,129,24.645256675540004,243.60054795195487
7205,129,28.488145353965105,245.12470799440842
7206,129,35.476982481365226,247.89226816839948
7207,129,64.25284621502934,16.224364997104782
7208,129,49.567471590513236,254.54238814083973
7209,129,27.846053050392978,249.08147916123497
7210,129,12.549513087262005,246.77764286730812
7211,129,5.6551779118082095,246.69117299695307
7212,129,1.398135221759527,246.01671614974853
7213,129,4.658388895075655,246.4577121045231
7214,129,16.07602647173178,248.51878909684584
7215,129,42.980550320065994,255.6613031440555
7216,129,92.58672731606437,0.0
7217,129,126.35948002111022,247.9244667186372
7218,129,118.7178465570843,0.0
7219,129,112.08053715289722,258.50433349028793
7220,129,103.58394722437733,262.3530527416537
7221,129,60.14352550541768,257.6496387787627
7222,129,50.40164786595295,253.79672355366372
7223,129,42.10658635787495,250.50178187802962
7224,129,34.84476720645593,247.63705784843975
7225,129,30.125270566294372,245.76714013263745
7226,129,29.274941951883278,245.4272124437169
7227,129,28.25687076181132,245.0290354590535
7228,129,27.5658086579312,244.75401640323875
7229,129,29.054768290593174,245.35017670585157
7230,129,34.78823573824134,247.62424978981417
7231,129,61.88524799770471,258.38323925269094
7232,129,49.821159424758406,254.5258767751176
7233,129,27.44490222282944,248.62538226555972
7234,129,9.816373926489822,245.50977284290153
7235,129,0.9413429978191322,244.76760853134948
7236,129,0.0,244.5976201955965
7237,129,0.8721351204018524,245.0891313827525
7238,129,15.660314682286344,248.4145588718171
7239,129,43.74225943427682,256.01745080789885
7240,129,90.9089710188409,49.864277124056684
7241,129,123.3242804706809,32.133515018682004
7242,129,117.55005588517484,0.0
7243,129,109.17727482116184,259.86330199376715
7244,129,100.2840833279478,52.163672250400076
7245,129,59.90595344783571,257.5629971156489
7246,129,52.1761151496068,254.49262362540816
7247,129,44.166307100322214,251.32460704563243
7248,129,37.12330694093404,248.5367963230045
7249,129,31.730258071701954,246.40722646829676
7250,129,28.832023507504488,245.2587010313379
7251,129,26.7724324029311,244.4462207096615
7252,129,26.159152223855806,244.20114059090972
7253,129,29.6242360420408,245.58060394787867
7254,129,38.52364101679354,249.1028345632361
7255,129,71.97582160546817,258.8582520910778
7256,129,64.29044373005254,0.0
7257,129,42.18845040777825,254.01839245089792
7258,129,22.079238179817217,249.506088755373
7259,129,12.250551987865483,248.19207870491383
7260,129,10.426156677680973,248.59165183925217
7261,129,11.358999146399977,248.3433662578963
7262,129,19.708573305667187,249.29183595989298
7263,129,41.64961230825391,254.71393128315933
7264,129,84.61409634345064,261.06316665250637
7265,129,113.82163819603184,35.78996452181818
7266,129,109.69262459641044,261.75027682913094
7267,129,104.89990653146462,262.5109918196422
7268,129,94.78103706529069,0.0
7269,129,55.75720064479625,255.91368424772642
7270,129,50.80240145721638,253.9527076594269
7271,129,43.666126476292696,251.1238032569235
7272,129,37.32589590858006,248.61527943628082
7273,129,33.17661939494686,246.97344115587094
7274,129,29.92904314640056,245.68912590654253
7275,129,28.464386600891217,245.1083541332401
7276,129,28.187520807502633,245.0039250534959
7277,129,29.723565947576777,245.60912970691047
7278,129,34.71964833788531,247.58790868284163
7279,129,40.67983375325833,250.05424698530243
7280,129,32.14595193098314,248.60972897175992
7281,129,10.632207254324005,246.26568922566904
7282,129,0.0,244.94768390231638
7283,129,0.0,244.80274851455482
7284,129,0.0,244.87463392413042
7285,129,0.0,245.1666497702153
7286,129,0.0,246.0281762714857
7287,129,11.227259308266126,248.90687263659837
7288,129,52.46644868852445,257.7390412193953
7289,129,79.4414749936703,0.0
7290,129,76.49191892549035,33.98952527453299
7291,129,67.43608937054749,0.0
7292,129,62.98421922532919,0.0
7293,129,55.347813462926894,255.7476445611014
7294,129,50.61209655410766,253.8943439120808
7295,129,42.069550889922944,250.4931908409012
7296,129,35.031339730285374,247.70541249010057
7297,129,30.895007459177457,246.0671234833708
7298,129,28.968528031522414,245.30531054529754
7299,129,26.62848726963299,244.381631243489
7300,129,27.00228241436055,244.52976920214192
7301,129,28.01852916145686,244.93487064003952
7302,129,31.43848437625567,246.30227251989524
7303,129,36.97410419025117,248.54485491553598
7304,129,31.577864146929397,248.25657545887498
7305,129,13.247258830275703,246.91859771230128
7306,129,0.0,245.5938465332171
7307,129,0.0,245.1470297472999
7308,129,0.0,246.05790914439157
7309,129,0.0,246.7774775084961
7310,129,0.0,248.45988892001785
7311,129,19.062533140311192,250.24381698848447
7312,129,52.22842936663888,256.65619972143224
7313,129,82.10622275464594,0.0
7314,129,77.65660044387846,78.7216235565902
7315,129,72.65772442777046,0.0
7316,129,65.40287260551348,0.0
7317,129,60.02407973739702,257.59714352079425
7318,129,51.6842247974378,254.29904084000998
7319,129,41.91522599550004,250.42995172749337
7320,129,34.83621027808617,247.63020581560144
7321,129,30.680104561021473,245.98644631617
7322,129,28.643908344493347,245.18089800401248
7323,129,26.831619952650733,244.46503201292964
7324,129,27.273114696754426,244.64028829779065
7325,129,28.344758101840675,245.06229215249735
7326,129,35.861949888869084,248.0432328074217
7327,129,68.4350217255356,258.6494526619503
7328,129,51.01844313462935,254.72906412626688
7329,129,30.266308834834362,249.21271992604844
7330,129,15.554406753985337,246.91245708226657
7331,129,4.876274843806504,245.33055844428
7332,129,4.6302550823144815,246.0479272058244
7333,129,8.38231511325819,246.6618457423504
7334,129,19.400097139572818,248.92604253551315
7335,129,39.214822190936204,253.47908046836594
7336,129,84.0664688382516,261.1177647411781
7337,129,134.1097228472098,247.4754654234741
7338,129,130.6151258178023,0.0
7339,129,117.89872585318388,50.31853532166183
7340,129,105.99957325178191,263.1906389614811
7341,129,61.762053075595375,258.27517726402294
7342,129,54.0564209426373,255.2292963397762
7343,129,44.152583572969,251.3100315784937
7344,129,36.89489693884069,248.43807661593044
7345,129,32.499778012995144,246.70170950385628
7346,129,30.144833030362648,245.7709869518967
7347,129,28.721114285966202,245.20674324428717
7348,129,27.910596382590512,244.88870716576142
7349,129,30.037947247374497,245.7329183335233
7350,129,35.777442907635866,248.004398895098
7351,129,71.20426635181342,0.0
7352,129,55.116582320585586,256.30645100360664
7353,129,31.924783888092,249.6535974045134
7354,129,12.529135210064394,245.6040912921252
7355,129,2.3446650050776836,244.51907369271152
7356,129,2.361834001302368,245.6690698574597
7357,129,4.52654805497783,245.76977583310187
7358,129,15.26589683918762,247.48924452008907
7359,129,37.47572640240489,252.77471539756075
7360,129,80.86863936531576,0.0
7361,129,134.84056691844663,245.17665059707178
7362,129,130.95390296619476,248.44500283995148
7363,129,117.75151977910178,257.40112289748595
7364,129,100.47325695622739,0.0
7365,129,59.35622711586138,257.3318142754577
7366,129,52.81545414876006,254.747517970838
7367,129,43.94253131318224,251.23226257896275
7368,129,37.31462644317437,248.60776593580215
7369,129,31.291884368921338,246.22741690025234
7370,129,28.100028576313782,244.966667354256
7371,129,26.69448067938668,244.4104149770214
7372,129,26.15112970084003,244.19565590261536
7373,129,28.72984755233452,245.21636900646112
7374,129,33.85192325262502,247.24805948414794
7375,129,69.87199915563139,0.0
7376,129,60.13996202506422,258.28054350869303
7377,129,41.664383246146656,253.29015560370104
7378,129,22.616543079905608,249.2405612839799
7379,129,10.469287952364636,246.878873750455
7380,129,10.510707398703863,247.72134068212364
7381,129,14.883438592468057,248.5859505466307
7382,129,26.78599662252277,250.9693004116727
7383,129,48.347786759782075,256.4433738549586
7384,129,87.6115557433,0.0
7385,129,129.32760440215395,0.0
7386,129,121.60089020993745,254.26745520310735
7387,129,111.62769916889826,260.3046898310565
7388,129,98.85809245149076,0.0
7389,129,59.93434477836187,257.5650745799816
7390,129,50.4210441093107,253.8044040623843
7391,129,40.79132180626754,249.9873162106335
7392,129,34.51762139280743,247.5096328093695
7393,129,30.219679700263722,245.8044184935741
7394,129,29.798666751444067,245.63493737999562
7395,129,28.360452846967988,245.06803836480634
7396,129,27.97732015635804,244.91661120256106
7397,129,29.554001361633844,245.54090984921723
7398,129,34.63825565979371,247.56069699464405
7399,129,69.19986051484315,259.1634850673791
7400,129,63.000374205503626,258.8110033989561
7401,129,40.28356368190332,252.57583587643634
7402,129,21.369198305952132,248.37757796958405
7403,129,9.554295312638914,246.48540127016673
7404,129,7.564201576154145,246.50580316158573
7405,129,9.872825495006568,246.73385696663985
7406,129,23.859413950226266,249.98837640089448
7407,129,46.387724839913865,255.8939158265416
7408,129,85.065200654019,38.17249398416957
7409,129,128.0238121268523,0.0
7410,129,121.29194334350605,0.0
7411,129,109.97457157082658,264.6717296650605
7412,129,96.48938504609998,0.0
7413,129,57.93249978583613,256.77702381359853
7414,129,53.85117008038167,255.15546851010006
7415,129,47.23174608845363,252.5361284124188
7416,129,37.77034206519842,248.79483543330582
7417,129,32.86826355201147,246.85621465764905
7418,129,29.026089781337042,245.33464509476204
7419,129,26.923711058063805,244.50259481402801
7420,129,26.77454278264757,244.4451778993907
7421,129,27.161478080055534,244.59616886153046
7422,129,34.848318017745,247.6461299366056
7423,129,68.31076215573654,17.135982288259466
7424,129,67.2310268486882,0.0
7425,129,54.57549821456122,257.89290589126256
7426,129,38.419912288410224,254.4720349735846
7427,129,27.750216544147197,252.57714690445815
7428,129,27.037169385016682,253.1412821480437
7429,129,28.065856401028597,252.94996411381948
7430,129,36.504366509412044,254.180607200437
7431,129,56.17090775735944,259.0556792037947
7432,129,92.03014798157461,0.0
7433,129,128.3710585770442,0.0
7434,129,124.04805584660583,0.0
7435,129,116.47733527187484,49.75280634340503
7436,129,105.89171458962421,0.0
7437,129,61.78574348340139,258.2999098421781
7438,129,56.055830749182526,256.026469179385
7439,129,49.68030868082572,253.50170544414706
7440,129,42.747843570973814,250.7579764393214
7441,129,38.580436912272475,249.1093594596745
7442,129,34.82775506296216,247.62352960188116
7443,129,31.93864588952947,246.48356640525716
7444,129,30.90630767763257,246.07477048140655
7445,129,32.70999343555817,246.78722886169368
7446,129,34.028381323031496,247.3101996872269
7447,129,40.82455447213883,250.00585244363316
7448,129,41.819821867790345,251.6660948188597
7449,129,23.033381201363834,248.86030419365594
7450,129,0.9072568520336401,246.74566291775986
7451,129,0.0,247.06587926920142
7452,129,0.0,248.45522036325303
7453,129,0.0,248.0255250890938
7454,129,4.091631149318932,249.7134795780557
7455,129,28.175897561646778,252.68022378260636
7456,129,57.67392175704288,258.82067875668616
7457,129,84.81947182933713,261.651744519405
7458,129,81.08615921434291,0.0
7459,129,76.98766089386436,20.58318160072063
7460,129,70.15143718931,0.0
7461,129,62.05911387057634,258.40662755202146
7462,129,55.593818764970855,255.85407989591636
7463,129,47.99347869318246,252.8391161930995
7464,129,42.21339302865185,250.54505102328184
7465,129,37.73804542624326,248.77626337290383
7466,129,33.39352298700695,247.05806656140481
7467,129,31.401779738111994,246.26972373712852
7468,129,30.368121890183925,245.86234212614178
7469,129,31.008328682190257,246.11652325378782
7470,129,32.53737739651354,246.72121328002976
7471,129,38.750902865438114,249.202264778941
7472,129,39.88399516912553,250.83850717396345
7473,129,26.326370004523437,249.79030287293995
7474,129,9.008362375193286,248.98580871271136
7475,129,0.0,248.29690554612955
7476,129,0.0,248.52003349087485
7477,129,0.0,248.25431534563708
7478,129,12.601628490193987,250.70008015069234
7479,129,35.41909365301178,253.8596550625641
7480,129,64.69100730225153,17.177657171766008
7481,129,89.41716560879233,0.0
7482,129,85.68121988437804,261.12950168375977
7483,129,73.75267798582198,0.0
7484,129,67.0883042613235,16.670080417135182
7485,129,61.54821518508724,258.1983746116697
7486,129,51.79789413332872,254.3397798524598
7487,129,42.45573020618099,250.64594675893304
7488,129,34.88320019553598,247.64998459384435
7489,129,30.3223399460222,245.84588317368284
7490,129,29.346462712045593,245.4597540880208
7491,129,28.59187761051037,245.16114983281352
7492,129,28.190939202401385,245.00308419121475
7493,129,30.152387547903892,245.77636296738518
7494,129,38.72159976230399,249.1719889535871
7495,129,74.42698449100538,259.5385257977045
7496,129,70.57942588507602,19.075365118253615
7497,129,48.175280934459025,255.30515746432852
7498,129,29.891278906232206,251.08021664992364
7499,129,17.144614216541996,248.4038437265915
7500,129,18.095620593233143,249.48245825056503
7501,129,20.076821418980288,249.49297148427087
7502,129,28.286519240827552,250.92003659234868
7503,129,47.27281326076577,255.48724396815803
7504,129,92.91634749751195,261.8080652346537
7505,129,140.927844064243,0.0
7506,129,134.471403196062,0.0
7507,129,124.06256292525913,253.36884077676592
7508,129,114.14555022497244,259.22081116747455
7509,129,67.23410804473914,0.0
7510,129,57.34804476163646,256.5301057644826
7511,129,47.4135575447436,252.59832064685494
7512,129,37.32723642014012,248.6100473856584
7513,129,31.664837066518707,246.36905629764573
7514,129,29.18495804755386,245.3904363294584
7515,129,27.307135354928857,244.64790357381767
7516,129,26.398535534958356,244.29035627399784
7517,129,28.54441148436219,245.13959966900714
7518,129,35.07461654606913,247.72438035366253
7519,129,68.29612920467461,259.56704511613634
7520,129,59.69403739485081,257.7379648052377
7521,129,38.87944386792665,251.3885336618864
7522,129,20.873895708451293,247.44567750804305
7523,129,10.51166485300447,246.00815203375214
7524,129,10.494793205477611,247.0466942959533
7525,129,14.69762356208021,248.06360298092758
7526,129,29.293860582514444,251.55067009494041
7527,129,51.40885819474415,257.1277320667251
7528,129,98.23724065712734,262.3268856669729
7529,129,141.82970766086387,10.940239814584213
7530,129,135.68416325640138,244.73647614332864
7531,129,121.51608816155654,0.0
7532,129,108.04247768520756,263.2236623776527
7533,129,63.77249150991059,258.6741564284505
7534,129,56.98777756184881,256.40037391345595
7535,129,45.937563743615975,252.02461253727654
7536,129,39.389902448943836,249.43218711957596
7537,129,33.41380629079255,247.06952299130396
7538,129,30.51321137983984,245.92161309737233
7539,129,29.566501139552454,245.54858627652246
7540,129,28.525789390395577,245.13725683071527
7541,129,30.649000320171027,245.97449214040958
7542,129,37.53601682309171,248.70445389321395
7543,129,75.95424731408559,0.0
7544,129,72.05954188120302,0.0
7545,129,49.78041733801117,255.55754481455494
7546,129,30.150940880313463,250.80658144575213
7547,129,19.72148502630199,248.88560126571122
7548,129,25.850151457092608,252.0642216704533
7549,129,30.07055580185872,252.9636108720016
7550,129,40.9157862807449,255.15005991045564
7551,129,64.78989520669687,18.10998594618951
7552,129,113.89895726590669,256.88792341807624
7553,129,156.01339530912537,0.0
7554,129,147.24482281481238,237.21480647019305
7555,129,134.56762601907988,0.0
7556,129,125.72743837142694,0.0
7557,129,75.58492445103721,0.0
7558,129,66.13727160069101,0.0
7559,129,54.57931111867072,255.4420687558001
7560,129,44.956474108529825,251.63691778766346
7561,129,37.46792250719777,248.66952479256935
7562,129,34.277240862933496,247.40847192597616
7563,129,30.960372667116008,246.0956256327521
7564,129,28.768841501418372,245.22986166380642
7565,129,30.500487890156364,245.91694176403854
7566,129,36.41558406156603,248.26169653597262
7567,129,68.91558669982068,259.5543753989394
7568,129,65.45118603176577,259.40792400868804
7569,129,51.958769157274766,256.22172651552495
7570,129,34.26383134287683,252.0193693042792
7571,129,24.695885616206624,250.85278879237467
7572,129,26.27656931892887,252.2656727675578
7573,129,26.210642631942243,251.64066338039598
7574,129,35.67778960534375,253.31191692639433
7575,129,58.428803164373804,0.0
7576,129,92.93299666871356,40.815299588397494
7577,129,124.94189765795575,53.10789375325852
7578,129,115.66617247860573,265.88189072108787
7579,129,109.3431745722307,265.4077182273718
7580,129,106.4510178967915,54.60329451427796
7581,129,61.941434441599284,258.36132233283956
7582,129,55.20961400712791,255.69529104659537
7583,129,46.14037587831766,252.1078102827577
7584,129,38.84406200032838,249.22140693680555
7585,129,34.806242000686495,247.62207888109063
7586,129,31.296608882241348,246.23498384049836
7587,129,30.237133931355334,245.8150814732446
7588,129,29.171865265383992,245.3925383618843
7589,129,29.782318864020503,245.63342526753408
7590,129,35.11771197722935,247.75400473949136
7591,129,69.60776339246208,0.0
7592,129,71.40465740179286,40.972113095909535
7593,129,57.25304326936511,258.05434270634584
7594,129,42.78604589440247,254.86735228286705
7595,129,34.26081629831829,253.6155130097848
7596,129,34.180933620684044,254.39014289764665
7597,129,36.765242202143156,254.9281826574463
7598,129,48.32784354600899,257.5762170661635
7599,129,68.63827568156431,0.0
7600,129,104.15397911984226,263.486694729162
7601,129,142.53770201491332,241.8338259211293
7602,129,139.20229475149154,0.0
7603,129,124.59975852857109,0.0
7604,129,112.0679388827588,0.0
7605,129,68.72808746895194,258.9558941874692
7606,129,58.32789949220461,256.92571734925815
7607,129,49.21486060115703,253.31325743910398
7608,129,41.54806227560576,250.284668867204
7609,129,37.53968962590633,248.69933988891185
7610,129,33.83673929305825,247.23546738125395
7611,129,32.03699809029728,246.52375715676945
7612,129,30.46196049961486,245.9001435951307
7613,129,31.72277390496124,246.39995863031754
7614,129,35.56655993730466,247.91912482191984
7615,129,43.57644944740528,251.08599920918246
7616,129,49.61392129621854,253.98229978674752
7617,129,39.73785233030708,253.37838004567254
7618,129,22.971976771350988,252.49187808937435
7619,129,7.881137380071386,251.20807376555416
7620,129,2.890489628893831,251.3137135464325
7621,129,4.736618886248772,251.18738019083335
7622,129,17.68668732967885,252.35591165467252
7623,129,40.48259447597839,255.44117517785054
7624,129,61.96488006972218,38.150590912213744
7625,129,81.82199265263972,80.38495534164443
7626,129,79.50555718385462,261.0271502660631
7627,129,73.22875409162538,0.0
7628,129,67.25801189686601,259.4141903640981
7629,129,62.18057842089558,258.45621428813877
7630,129,56.15220031188073,256.07282237486527
7631,129,48.46168713156332,253.02607057296117
7632,129,41.8841533164784,250.41762686131298
7633,129,37.63735489285335,248.73878453207345
7634,129,32.01931121961181,246.51686169728535
7635,129,31.46149744362297,246.29522371679013
7636,129,30.680109925301128,245.98714841627105
7637,129,33.12397562265295,246.9511210705029
7638,129,35.05514820221946,247.71670837436014
7639,129,40.9224655793339,250.03569738100052
7640,129,43.07389131748143,251.5439869226597
7641,129,33.313909316690534,250.51912629227152
7642,129,16.033630488651593,248.7873473796041
7643,129,5.65016088838254,248.35825327864939
7644,129,0.3553633763390587,248.63324114910168
7645,129,2.346712230476409,248.13615358353093
7646,129,16.25614887794541,249.49650303069484
7647,129,36.922231333211876,252.41171191966205
7648,129,65.82986654830036,259.61352884263863
7649,129,85.69823102388082,0.0
7650,129,82.36761525377028,22.710340466561586
7651,129,77.54129664502531,0.0
7652,129,71.30365935844742,18.999140876628942
7653,129,63.38507728695138,258.93255195990383
7654,129,56.67951002133838,256.2773604644886
7655,129,43.038598883914176,250.87882535704958
7656,129,37.04296788210896,248.50342290665355
7657,129,32.72340079009198,246.7942751162072
7658,129,29.928998581889566,245.69061383371627
7659,129,29.328557459190414,245.45140464762042
7660,129,28.467137276780154,245.11212289336416
7661,129,32.61189263765108,246.74832391182517
7662,129,39.631789309957675,249.53655170909224
7663,129,79.52946061132212,21.56626645749842
7664,129,81.55342869103089,0.0
7665,129,59.95994361490274,73.28551777880354
7666,129,38.452629788303526,253.2113772046533
7667,129,25.86768735123605,250.43581868426546
7668,129,28.731934199483852,252.2426885295303
7669,129,32.297445219774666,253.0126981328831
7670,129,43.50444991578574,255.83735339630604
7671,129,67.03473387874365,259.49044004920296
7672,129,117.34960412157429,255.55751076570505
7673,129,161.09885051923382,0.0
7674,129,151.84165715481186,0.0
7675,129,138.30700720385084,9.543227461940786
7676,129,130.46636153669166,247.6649163763384
7677,129,74.28591989405217,20.165631390944544
7678,129,62.20612842169108,258.4663992613791
7679,129,49.85484207523643,253.57634341735525
7680,129,40.215513344011654,249.75703228250032
7681,129,34.441786937135056,247.4693160444439
7682,129,31.835328428881176,246.4406923045937
7683,129,29.242236962913644,245.4162177153799
7684,129,28.60515818071868,245.16480217885191
7685,129,30.471301508340506,245.90193987723356
7686,129,38.776708022193695,249.18941010614583
7687,129,79.4644390623098,0.0
7688,129,82.78624685515601,36.51768123589621
7689,129,66.01785993763893,258.61282056069547
7690,129,47.861935624129096,256.9106339389462
7691,129,35.943240255693034,254.68256968909625
7692,129,37.7783933422819,256.424324607059
7693,129,41.96256087858807,257.57169716945003
7694,129,55.33848900919505,17.707407972669767
7695,129,79.55167002691896,0.0
7696,129,112.28592781681098,261.3110267128397
7697,129,146.93144201179416,240.35782140550924
7698,129,142.86985988954333,46.83894539953305
7699,129,132.14709416799892,0.0
7700,129,123.46732969756144,0.0
7701,129,73.71347314256927,0.0
7702,129,60.23027067210678,257.6863831579842
7703,129,51.06108196608913,254.05295383398098
7704,129,42.48359415976037,250.65830966425767
7705,129,38.00952747474122,248.8884949616299
7706,129,35.01743805285437,247.70556763260976
7707,129,31.574132018245813,246.34621519285295
7708,129,31.46265795935614,246.29984465922885
7709,129,33.25665602262645,247.0104063003477
7710,129,38.764544286929066,249.1930318344783
7711,129,77.50116663939447,0.0
7712,129,79.97724072467973,0.0
7713,129,62.69475357339714,0.0
7714,129,43.672420591375825,255.01134237022217
7715,129,30.995163606919363,252.0441314409223
7716,129,33.61492788464687,253.82219030900578
7717,129,37.488785568212066,254.69490970585878
7718,129,49.14767465377793,257.3798490096941
7719,129,75.16253710943663,43.82858446077285
7720,129,116.62975601577072,0.0
7721,129,154.7650083464204,236.9775799430708
7722,129,148.64231779492573,0.0
7723,129,136.33760880825383,0.0
7724,129,129.94813979151968,0.0
7725,129,75.73599861379049,260.28357894334664
7726,129,66.55915807326981,259.42094170502804
7727,129,54.87745265913042,255.5642332537159
7728,129,43.96829697741038,251.24761555143854
7729,129,37.35225128246577,248.62622187841822
7730,129,34.91805353656021,247.66296904772906
7731,129,33.57397633169709,247.13212229067773
7732,129,32.256556063334024,246.60987845599746
7733,129,34.56377928340869,247.5267063563973
7734,129,42.251065245474216,250.5676519932422
7735,129,85.53273304679746,0.0
7736,129,88.29936187312302,260.49148667856343
7737,129,72.1658650338423,42.15553020801081
7738,129,52.82559050123404,0.0
7739,129,39.8521994900858,255.60150682137882
7740,129,40.94930755898386,256.8501330166162
7741,129,41.74189702806379,256.64709594171563
7742,129,51.03796958710718,257.6562484426647
7743,129,73.80091103477001,0.0
7744,129,114.2038575250853,35.406072886582734
7745,129,147.2194459842755,0.0
7746,129,140.12077792940966,0.0
7747,129,128.24357978499745,249.18384549872619
7748,129,120.07145722288999,0.0
7749,129,74.67023133364309,259.269780485529
7750,129,62.13794671447307,0.0
7751,129,52.11043095272311,254.47355923776033
7752,129,43.90384552853114,251.22472717229894
7753,129,39.227977907195765,249.37210746095883
7754,129,36.463851402189526,248.28000107950433
7755,129,34.40188886587199,247.4677233010144
7756,129,33.70335864074883,247.1874389810281
7757,129,34.31596352597975,247.43068354469298
7758,129,40.79351383800219,249.99963948155263
7759,129,82.14685658338317,259.71676643378714
7760,129,85.49267021708305,259.82294413606724
7761,129,67.09380259278313,258.5460181298659
7762,129,50.05948184709816,256.7173142521054
7763,129,42.967351786912936,255.88779264616252
7764,129,41.18287040649028,255.98373573606543
7765,129,42.21907855365181,255.99952429519047
7766,129,57.2318701755711,258.12654663299503
7767,129,77.58102213524947,22.094625147390563
7768,129,110.83119215538105,0.0
7769,129,139.90514029966843,241.9348383132696
7770,129,132.27431001968313,247.53254973905192
7771,129,125.2741225603054,0.0
7772,129,114.14267529976456,257.5271037728409
7773,129,68.84066770326953,0.0
7774,129,62.75204383772704,28.54488747229976
7775,129,53.64973316668429,255.07651868221225
7776,129,45.28053117462711,251.76609718268554
7777,129,39.538309320677165,249.4939346823736
7778,129,34.78248303575112,247.61696204149402
7779,129,32.72573831071187,246.80064011253347
7780,129,32.765115996068324,246.81849456193663
7781,129,33.8878571653312,247.2630007397693
7782,129,36.070673477781156,248.12497899980062
7783,129,45.38406694649097,251.81087201865355
7784,129,56.12515278093396,256.16755885832674
7785,129,49.92607878420265,255.93310505514023
7786,129,32.53134769357266,254.01367360331335
7787,129,19.312426857194072,253.20040346333184
7788,129,17.18399175270533,254.38322963937165
7789,129,19.941235236060752,254.80080036639367
7790,129,31.079970925937673,255.58931601024176
7791,129,51.13810513481811,258.12704156757906
7792,129,78.54448609997092,259.90793934757687
7793,129,94.81344799711965,0.0
7794,129,92.4422479043397,0.0
7795,129,86.2865622344657,0.0
7796,129,79.80876857202198,0.0
7797,129,70.651195557445,0.0
7798,129,63.852522610399284,258.2619861438715
7799,129,53.0551397050915,254.84145601467685
7800,129,46.61757822311493,252.28871252381913
7801,129,39.39725797976449,249.43507434364997
7802,129,35.21381761492011,247.77899827085048
7803,129,33.39973333529485,247.06166920245187
7804,129,33.03984953509211,246.9179108971772
7805,129,33.724125910773,247.18799798498023
7806,129,36.25452387460584,248.1896413387765
7807,129,42.79688103673972,250.77539048995567
7808,129,49.498873427257614,253.60155805984473
7809,129,47.89080545429512,254.76034651865535
7810,129,32.598937465026694,253.1055478744254
7811,129,22.593406460448794,252.53857390843314
7812,129,18.353804105282972,253.22445645012982
7813,129,19.398692654507933,252.58041550299853
7814,129,33.617095326444385,254.35937426634624
7815,129,53.49725112832621,257.52389400515386
7816,129,78.93507030233921,0.0
7817,129,101.1662523831003,0.0
7818,129,101.89412378973505,262.3568858580983
7819,129,94.764432798792,0.0
7820,129,86.44225216558343,0.0
7821,129,76.7790249446402,0.0
7822,129,63.90992176647675,73.2999475063202
7823,129,52.669783768395,254.68468170815962
7824,129,42.38134526850981,250.61191183480736
7825,129,36.42944000655672,248.25721771286806
7826,129,32.898587893032214,246.863240926597
7827,129,32.13990699290799,246.56146736021
7828,129,31.119823330814775,246.16096837660635
7829,129,33.401603109761204,247.06123693230478
7830,129,40.68265091225893,249.95380674370705
7831,129,80.65490539333565,0.0
7832,129,89.20020415219662,39.022484151850655
7833,129,76.53510648285723,79.20005618907325
7834,129,56.33141419194867,0.0
7835,129,42.868565555408324,256.0792466217065
7836,129,42.1630970408535,256.4687662416648
7837,129,49.00141343344371,72.77735689891905
7838,129,62.308846497493796,259.0108870955703
7839,129,84.70520067407841,0.0
7840,129,123.06464443217367,250.63779404538587
7841,129,161.9530386181584,0.0
7842,129,153.71917908703503,230.29819618888223
7843,129,137.6889218597402,0.0
7844,129,126.05079402985957,0.0
7845,129,70.92642494015232,76.065050043849
7846,129,62.03897396887,258.4060651591168
7847,129,49.87734180744113,253.59140959683373
7848,129,40.5830515548113,249.9046406305712
7849,129,35.67204189283976,247.96059854268097
7850,129,32.885548904298574,246.85965738809554
7851,129,31.59810359910998,246.3507884402791
7852,129,30.243893905757766,245.81673377946342
7853,129,32.35490349065845,246.65184590206795
7854,129,40.60547333717904,249.9184902530485
7855,129,80.24609384854429,260.697723419432
7856,129,81.17355681382566,0.0
7857,129,68.81351726940466,259.72807503323793
7858,129,50.36173962174718,256.9574039939401
7859,129,39.3038879988502,254.91439496500334
7860,129,39.75452684679451,256.0817900674161
7861,129,43.00827006766909,256.9503453976012
7862,129,55.2888899759911,259.26579822598023
7863,129,77.46894104939595,261.3684902197254
7864,129,111.36582128488618,0.0
7865,129,146.03651415909783,242.46528046455407
7866,129,143.6379556268679,242.1614560058997
7867,129,134.45823454731556,0.0
7868,129,125.03035081506964,0.0
7869,129,79.02501008297122,259.9818743234375
7870,129,69.58748758990863,258.9133727503185
7871,129,57.123623855424654,256.44958607665075
7872,129,45.915827976373954,252.0153654007457
7873,129,38.56980740412404,249.11161316699872
7874,129,35.21340514990755,247.78351368317996
7875,129,34.65437195788919,247.5625505408381
7876,129,33.43010918548537,247.07599164741043
7877,129,34.59088625956782,247.53663662982473
7878,129,40.98124496586323,250.06994564142232
7879,129,82.84359442322693,0.0
7880,129,94.68355944372666,0.0
7881,129,84.28483821552115,260.9682876579068
7882,129,63.135152887000984,0.0
7883,129,48.25929947618348,257.7912147876319
7884,129,47.986754566126365,258.3488300557904
7885,129,52.737107882876934,0.0
7886,129,69.34033211693885,259.7406389614703
7887,129,91.31032098779524,0.0
7888,129,122.83556941666805,38.918421523922774
7889,129,156.39332439219757,0.0
7890,129,149.3373843011707,239.03592013169805
7891,129,138.412124777371,0.0
7892,129,123.435255505943,0.0
7893,129,73.16001785535752,0.0
7894,129,64.9952686366574,258.9489728340737
7895,129,52.5367934501537,254.6299244209987
7896,129,44.30962101168616,251.3724547707391
7897,129,38.37787907570794,249.0269397359997
7898,129,35.062908926861624,247.71639002476448
7899,129,33.26920836928291,247.010935604473
7900,129,31.936725345922845,246.4823873411228
7901,129,34.32570169798454,247.4315505822293
7902,129,42.224901759766816,250.55775161410716
7903,129,80.90835844374372,0.0
7904,129,83.58197344804088,0.0
7905,129,67.98198239025325,0.0
7906,129,45.78702016731425,254.4587773686444
7907,129,30.703477521577792,250.87187658330302
7908,129,29.780061163936267,251.31270566296826
7909,129,34.30659281409132,252.63868013642983
7910,129,46.452592019524765,255.70800731626753
7911,129,72.97083437256698,0.0
7912,129,111.71189679003474,47.90594437044758
7913,129,145.90290122823086,0.0
7914,129,141.6615165270601,0.0
7915,129,133.67249535814938,0.0
7916,129,127.59346751084847,0.0
7917,129,77.39684498594693,0.0
7918,129,68.69363054931033,258.7346240730829
7919,129,57.607796798761534,256.64625679918504
7920,129,46.7819889575574,252.36112639667286
7921,129,41.989465475096736,250.46543302178114
7922,129,38.04765693310496,248.90520404943948
7923,129,35.07640032783552,247.7324009183175
7924,129,33.85682520422749,247.24925595881314
7925,129,34.51510702807299,247.5101996838499
7926,129,40.717796565867175,249.97087127218268
7927,129,80.40723169077951,0.0
7928,129,88.03853089873708,0.0
7929,129,74.42991300958629,20.347669894158003
7930,129,58.24970630195313,259.04444938393846
7931,129,47.62203057421956,256.61996705751204
7932,129,45.0784606647134,256.36838550125157
7933,129,45.284629905032844,256.1242354323128
7934,129,58.35485887598854,259.0128188192836
7935,129,82.59696225659114,0.0
7936,129,114.2940811081888,259.9265989100947
7937,129,145.13050938890123,40.73472632661601
7938,129,138.76565352527956,0.0
7939,129,127.16926613353135,253.27090092577592
7940,129,115.97813290618141,0.0
7941,129,70.678474013328,0.0
7942,129,65.50006864113871,0.0
7943,129,57.03690272291487,256.4199193947654
7944,129,48.20947368235664,252.9256689609634
7945,129,42.705615650165306,250.7488524308622
7946,129,38.84636216889642,249.22397517103735
7947,129,38.40470380447011,249.04942258679174
7948,129,37.447238164913145,248.67022634221738
7949,129,37.879291809739414,248.84209986959772
7950,129,42.44122483930154,250.64437108832544
7951,129,52.46416162471727,254.60844069965304
7952,129,62.0218629868713,258.26030153062084
7953,129,55.487468329713316,257.3950668079118
7954,129,37.69750285092004,254.01225189954724
7955,129,20.15239467951333,251.07709001154117
7956,129,16.936357435044656,251.69990193496295
7957,129,17.37781731215771,251.3488242607411
7958,129,28.416896258406638,252.58927936709557
7959,129,48.77824396077744,255.97880388125262
7960,129,72.120549542901,260.3427264147313
7961,129,82.82193324745116,80.77117204212963
7962,129,77.80631996587589,261.8156831478413
7963,129,73.8149701165838,261.0307924421329
7964,129,71.12873236924916,260.31120456772743
7965,129,61.37692508715242,258.1366581064975
7966,129,56.10879013754333,256.064457803787
7967,129,48.07232344941142,252.8736921925373
7968,129,42.50300827054894,250.66715627335162
7969,129,37.794359611276725,248.8042764331389
7970,129,34.54133356837161,247.51747112329352
7971,129,31.791627098713658,246.42955599988585
7972,129,31.164403793047295,246.18053982717868
7973,129,31.440408469859467,246.2885074743778
7974,129,33.24844795448594,247.0034903490228
7975,129,40.09762796164554,249.71237324351048
7976,129,53.63004696617599,255.36377011763062
7977,129,53.67715254970693,256.6952557519625
7978,129,42.66070390147295,255.08913963787165
7979,129,30.786249620519076,253.39135926695715
7980,129,25.46953660575617,253.56960951198127
7981,129,31.5314726011748,255.08153471952926
7982,129,47.03244304883206,257.8035647723639
7983,129,64.10730172701983,0.0
7984,129,81.46339187405987,22.344300936939486
7985,129,99.05042689974913,262.59160329239285
7986,129,97.71139256213715,262.0765741507663
7987,129,88.45083524786313,261.42369926408236
7988,129,82.9578481027938,260.9093827434433
7989,129,76.81883789148502,259.99553411877747
7990,129,65.77528826672199,0.0
7991,129,51.1914411427141,254.09659208335333
7992,129,42.218522386561176,250.54603832262052
7993,129,36.46596646854456,248.2701026447966
7994,129,32.9689490402913,246.8883550143851
7995,129,32.32058890824123,246.63133327146798
7996,129,31.255272956090312,246.21144915821694
7997,129,33.60115455526553,247.13901266128823
7998,129,41.2392278052462,250.1777070006508
7999,129,81.33160560998878,261.11672535466073
8000,129,91.2169103142259,262.0267552022335
8001,129,96.37031433967147,51.097222811374905
8002,129,86.48082745700344,0.0
8003,129,76.10936822502379,260.52396507789837
8004,129,75.47911591202822,0.0
8005,129,77.08916177226085,0.0
8006,129,85.20622518164461,0.0
8007,129,103.85143596378016,0.0
8008,129,130.67294790518284,0.0
8009,129,169.80228158883438,221.28594484124235
8010,129,161.92264817450922,227.481853267035
8011,129,152.56101146925494,231.43772282190275
8012,129,134.78300939102397,8.15259146599685
8013,129,75.92206165328207,0.0
8014,129,64.859784914331,258.8778269540627
8015,129,52.943480750652164,254.79439485715704
8016,129,43.09422439174247,250.89437728331322
8017,129,37.91373951125696,248.84843777948916
8018,129,35.35611910039116,247.83642141724766
8019,129,33.38171342689458,247.05532445940042
8020,129,32.76899313679516,246.81624333242235
8021,129,33.47390303938013,247.09523409891216
8022,129,41.73773453448324,250.36630852693247
8023,129,81.70663092183331,0.0
8024,129,86.71965776966675,0.0
8025,129,71.4005725263048,0.0
8026,129,51.940474215745134,256.8042566901315
8027,129,36.98872027173846,253.05805460210047
8028,129,36.09743278391786,253.65449530425548
8029,129,39.04263968637774,254.44974880359788
8030,129,53.28940896601862,72.50802475156013
8031,129,79.16206901286742,0.0
8032,129,117.24011210151123,0.0
8033,129,151.84365248783175,0.0
8034,129,148.48177197675682,13.566206763578018
8035,129,134.37827889765117,247.07797451163472
8036,129,123.002521901528,32.65156220789654
8037,129,77.24610510915338,0.0
8038,129,67.64299444878364,259.162357875669
8039,129,55.31912745674721,255.7372071734645
8040,129,45.918596930102396,252.0188238971301
8041,129,39.56487779924227,249.50567537619133
8042,129,36.68763200124762,248.36503139484185
8043,129,35.398065105914995,247.85459652566715
8044,129,32.468505916981414,246.6944628533518
8045,129,35.18249074020269,247.7686755190754
8046,129,42.78075132948493,250.78323637099103
8047,129,84.1117530007235,0.0
8048,129,96.58210815601872,0.0
8049,129,85.01023898225776,0.0
8050,129,69.4848470487788,0.0
8051,129,53.265902701050436,0.0
8052,129,54.942414068435426,0.0
8053,129,59.02967265552864,0.0
8054,129,73.24003117106031,259.8815445294157
8055,129,95.42400494355375,261.7946472778311
8056,129,132.9698286734632,246.46864762061767
8057,129,168.97273508712928,222.65581339347676
8058,129,154.82264054707827,0.0
8059,129,144.89812495720108,236.3464727999796
8060,129,134.5592281287259,0.0
8061,129,80.03063574537627,259.73484177349474
8062,129,69.51664279936321,0.0
8063,129,58.90557447331157,257.14259408116976
8064,129,48.73106963773698,253.1183170217472
8065,129,42.39616828459978,250.61266730689968
8066,129,40.619896464810495,249.9095139291515
8067,129,38.364681271628186,249.01974461014268
8068,129,36.77177465429166,248.38906403331418
8069,129,39.319487160199905,249.39674447966152
8070,129,47.182419144169614,252.51053199571112
8071,129,94.23531658706305,0.0
8072,129,100.8659691736526,0.0
8073,129,88.53194263179233,0.0
8074,129,66.21697919693389,31.642103992929993
8075,129,50.04926137862458,257.63474965218074
8076,129,49.386405509544204,258.17361824277276
8077,129,52.94904121764482,0.0
8078,129,65.71827067911178,0.0
8079,129,89.55406291495471,0.0
8080,129,129.02965407149173,250.06773155342287
8081,129,162.20450473983252,230.77515514003784
8082,129,161.63086926664502,230.9197039760099
8083,129,151.75089515285077,0.0
8084,129,145.7343041261855,0.0
8085,129,87.1624713211539,260.54999784914725
8086,129,78.31210553012575,259.5753076309238
8087,129,63.42746315753072,258.15218365719454
8088,129,53.9060768094403,255.1662751762762
8089,129,46.47481908605266,252.2281112310899
8090,129,42.5639116698752,250.679714288872
8091,129,39.53671226100147,249.48294730107747
8092,129,38.982385240198866,249.26310845166714
8093,129,40.765573415277,249.9693929269926
8094,129,48.87771869541325,253.1816850404413
8095,129,94.89486617656185,0.0
8096,129,100.9987200728206,262.0664195146149
8097,129,96.26320595457292,261.3197588119399
8098,129,81.43643330668871,0.0
8099,129,68.22000408352892,259.1832406576392
8100,129,67.40383247895393,259.28745525064085
8101,129,65.93709159330211,0.0
8102,129,74.51761859230551,0.0
8103,129,100.28730057624998,0.0
8104,129,131.46199326160433,0.0
8105,129,159.3249081454694,0.0
8106,129,150.00701154804975,234.96817589468262
8107,129,138.69764200736623,7.64983084869806
8108,129,132.1421869836206,0.0
8109,129,81.2708475154923,259.9499918731864
8110,129,70.10939761399881,0.0
8111,129,61.425814647925804,0.0
8112,129,53.14968467925429,254.86966818321244
8113,129,45.717545318500896,251.9326499407439
8114,129,41.134160272841505,250.12113238831878
8115,129,39.070751924655184,249.3064099165955
8116,129,40.218509907998246,249.75927856636375
8117,129,40.988501520692445,250.06362752855142
8118,129,42.029201175730705,250.47491929215775
8119,129,52.4257940461414,254.5843572782834
8120,129,62.90275750673613,0.0
8121,129,64.51885322192464,30.095790528313724
8122,129,50.38290707579403,257.48281835025193
8123,129,36.41510643043582,255.65734838582787
8124,129,32.14688106594812,255.83523465982876
8125,129,36.890795007453036,257.3118098864455
8126,129,48.44589239858603,258.1068574532791
8127,129,68.63999399882657,258.93766524455924
8128,129,87.28469971131891,47.1191213749875
8129,129,107.1648926540553,258.97843306941735
8130,129,101.36924835178087,261.658836188083
8131,129,89.65233077903244,0.0
8132,129,80.9401087680106,22.13593103239504
8133,129,76.93466732258702,34.14459636226382
8134,129,67.6385512536705,258.5551588368881
8135,129,58.82732673209597,257.1229014789521
8136,129,51.519981407984986,254.2306045870865
8137,129,45.728709732398244,251.93861467915895
8138,129,41.12655490875618,250.11780780329224
8139,129,38.91957694870622,249.24595742661552
8140,129,38.48236487644818,249.0719948607749
8141,129,38.933681170786535,249.2511633257138
8142,129,41.29980637275771,250.1874510641623
8143,129,47.98147311021764,252.8320529857132
8144,129,59.4836334879133,0.0
8145,129,61.191643208402255,0.0
8146,129,51.69929061947456,257.1700661702895
8147,129,40.15654587528837,255.34559551053266
8148,129,34.93528721693329,255.61129725058996
8149,129,40.35387486045608,257.03786179361066
8150,129,53.270211152344025,0.0
8151,129,68.8205707429424,259.48412166983337
8152,129,80.33260128324842,0.0
8153,129,94.84517526837982,0.0
8154,129,91.55727887616834,84.22163794480895
8155,129,83.5391364324036,261.67583150473024
8156,129,80.35784121881217,261.02681751114665
8157,129,77.37433929915576,43.12125142977524
8158,129,64.94908316135343,259.01107873918664
8159,129,52.396128899746664,254.5767499085752
8160,129,43.24783568059845,250.95228581456507
8161,129,37.130328156407835,248.5332937320835
8162,129,33.94065516838293,247.2707698002292
8163,129,32.63360623837654,246.7572663181543
8164,129,33.2066292208279,246.98186567472658
8165,129,35.634978579053254,247.94238802538894
8166,129,45.37834947195009,251.8089186219336
8167,129,91.26351131513576,261.51822092755276
8168,129,101.08134251115874,262.4832865671667
8169,129,93.66012300184005,85.40565076243189
8170,129,78.96562141984954,0.0
8171,129,67.11369921082344,260.17837896905985
8172,129,64.49568788551169,0.0
8173,129,65.19812951104213,33.317263895103146
8174,129,70.92685999495332,0.0
8175,129,91.66119523070354,0.0
8176,129,121.17689858838074,0.0
8177,129,161.82280471483367,230.094737926989
8178,129,159.96426037008843,230.07436508993757
8179,129,146.5027135278965,0.0
8180,129,134.1040483441579,5.833184824399304
8181,129,82.27361149588576,260.0836716465211
8182,129,71.14395664119797,0.0
8183,129,58.288737698942576,256.9067256800636
8184,129,48.12137921063091,252.88108875745286
8185,129,40.26598327129655,249.77763243583027
8186,129,37.38857140822067,248.63923694034304
8187,129,34.966398301009775,247.68461560206651
8188,129,34.991138045646245,247.69594226172825
8189,129,36.50713900643624,248.29243718722515
8190,129,45.6592046846922,251.91418428423123
8191,129,89.70984247132007,261.27200401302053
8192,129,96.3828400696051,86.12723063730257
8193,129,82.55336605732741,260.8963505445665
8194,129,61.51728823465693,0.0
8195,129,45.18254022600927,255.7127201593411
8196,129,42.39396961058843,255.59411546560563
8197,129,46.75574454389221,257.0108805781644
8198,129,62.17401328103093,0.0
8199,129,86.35352648321748,262.0999345304214
8200,129,114.06483055885872,264.3982087095189
8201,129,145.4686369695249,247.10300839190182
8202,129,141.878430057931,0.0
8203,129,130.32230253063574,253.35115367191614
8204,129,120.28256248396018,259.8296101539525
8205,129,71.43585898476313,260.2592582734016
8206,129,65.01306469244459,29.43239217787115
8207,129,54.161814328656355,255.2766419130491
8208,129,47.4469110892536,252.62118929569567
8209,129,42.213701157324195,250.5482403981902
8210,129,38.80131884852422,249.19801694823778
8211,129,37.04616934854644,248.50358790527267
8212,129,35.07135973043108,247.72114888720048
8213,129,38.284056229896,248.99203475750448
8214,129,47.38299566703767,252.60041174442415
8215,129,93.41691924247371,0.0
8216,129,106.0210733025519,262.8906696032855
8217,129,94.58561081673682,262.0261357183186
8218,129,74.37978692862447,0.0
8219,129,56.05573953274923,258.7456478429881
8220,129,55.951558259779084,258.784097966454
8221,129,57.84763243013644,30.277821538716573
8222,129,69.71058768268217,259.3413354463123
8223,129,90.94145319098065,261.4900684313915
8224,129,125.1550079345887,0.0
8225,129,160.59640544023796,233.17396090450424
8226,129,152.53994085134315,0.0
8227,129,140.1944263535517,244.96176270800274
8228,129,130.65763762234502,0.0
8229,129,78.20952837783952,260.5008076971349
8230,129,70.8501072011038,0.0
8231,129,54.310544335025135,255.33047508565087
8232,129,45.29202195425477,251.75997910301456
8233,129,39.04110674427852,249.28676265890516
8234,129,36.487451265790966,248.27705525877292
8235,129,36.58726681385496,248.31573768510637
8236,129,36.34442117980405,248.21825716343218
8237,129,38.03411274990287,248.88418564143677
8238,129,44.480462549424146,251.4396913957885
8239,129,87.68132403104171,38.36654761578816
8240,129,95.64614320602159,0.0
8241,129,91.39148720803134,0.0
8242,129,71.29416700340919,19.642285991677713
8243,129,55.805107262166175,38.134737149277385
8244,129,53.10430049467608,73.41865873875241
8245,129,53.787669105459905,37.821408209467094
8246,129,64.9024503366877,0.0
8247,129,86.08232866559018,262.0674924600805
8248,129,113.55653609861267,265.8338549078251
8249,129,143.7650564892227,0.0
8250,129,145.15887227976907,246.19611943857745
8251,129,138.3657541059755,0.0
8252,129,127.49125652504937,255.78656835430513
8253,129,80.08336984913238,261.10123351340457
8254,129,68.06167329204544,0.0
8255,129,56.07116912478258,256.02887639346795
8256,129,45.99441062363698,252.03669603422068
8257,129,39.14289696306507,249.32722231159715
8258,129,34.33514847899429,247.42669951096843
8259,129,33.78686374213592,247.21076603882767
8260,129,34.570824439125566,247.5171784513624
8261,129,34.74874035921449,247.58865135733467
8262,129,42.348268863273944,250.59527504677115
8263,129,86.08352805081365,0.0
8264,129,97.11374309468665,0.0
8265,129,97.59220663711726,0.0
8266,129,82.98312720944577,0.0
8267,129,72.9235558625888,0.0
8268,129,72.02684844442832,260.43338570053794
8269,129,69.10734900538344,0.0
8270,129,76.62370919964883,0.0
8271,129,100.34040303924245,263.00750503290936
8272,129,124.26826379917516,0.0
8273,129,153.59430722273777,0.0
8274,129,148.73677127682245,0.0
8275,129,131.91165638091263,93.38896381685969
8276,129,123.79774716865536,0.0
8277,129,75.50923789635696,0.0
8278,129,68.83674983465433,0.0
8279,129,59.15895145569941,257.2554571353671
8280,129,51.291062496685136,254.13279586539872
8281,129,45.145262045944165,251.70455807631336
8282,129,40.881155008516416,250.02082018016503
8283,129,37.64184499242866,248.73827452324213
8284,129,35.667712888756554,247.95915827648113
8285,129,36.12849920656058,248.14053170584776
8286,129,39.52205296375285,249.4818171372084
8287,129,49.256716313549006,253.3307708811725
8288,129,61.47889619463295,258.1694012060926
8289,129,64.1341137302749,259.309910686288
8290,129,51.220194655329756,256.9416338708547
8291,129,41.72734711747921,256.7914462061758
8292,129,37.01787309157421,256.91931961620674
8293,129,40.70355720124756,258.1420124217764
8294,129,52.59328369321241,38.95180145554075
8295,129,73.49524241544299,0.0
8296,129,88.69234132256221,260.92926066853084
8297,129,103.05629500187679,0.0
8298,129,101.3937415888608,0.0
8299,129,93.11671882834591,261.4683053905494
8300,129,83.6619137325682,23.20444312537903
8301,129,77.84434436964942,0.0
8302,129,70.98824656517931,0.0
8303,129,62.29948225359166,0.0
8304,129,51.27113469938283,254.12730555850789
8305,129,44.90092401096463,251.60537892675862
8306,129,38.69718882742952,249.1503993984696
8307,129,38.392839909485005,249.0301237766997
8308,129,34.58651731819585,247.52616075419297
8309,129,36.34796664817851,248.22349920812312
8310,129,39.68761624937618,249.54343469046228
8311,129,45.10739043174628,251.68893087711396
8312,129,57.357486786273306,256.5370469156105
8313,129,58.56693993000267,257.56395799964884
8314,129,51.35631823153777,256.0989992335486
8315,129,42.13175708850671,255.07274961158544
8316,129,37.170492938789785,255.60326244615374
8317,129,39.545738568349584,256.02993494176195
8318,129,50.71477635885314,257.55884511950916
8319,129,62.10414210984372,259.05459739970433
8320,129,77.11383551825945,260.30868628849083
8321,129,97.12285438050179,262.28008451199173
8322,129,96.42936484146165,262.09380646873126
8323,129,90.92063007867382,26.084552275002615
8324,129,84.77234051049535,0.0
8325,129,76.33180045941124,0.0
8326,129,66.91788715583014,0.0
8327,129,52.21263571926408,254.50707724665082
8328,129,43.61064253588602,251.09546136704324
8329,129,38.831516972090434,249.20658006287235
8330,129,36.243667252798424,248.1841474315173
8331,129,35.01924253597493,247.7017618770494
8332,129,34.852766591355355,247.63293369800925
8333,129,34.906714718839,247.65692479955752
8334,129,42.480006257084014,250.6551028246487
8335,129,83.89074447588017,260.6856305614505
8336,129,95.00321089072575,0.0
8337,129,89.97489607108898,261.5420345282456
8338,129,75.44312987209007,21.987245456737284
8339,129,63.49580878030814,0.0
8340,129,59.872637962906104,259.3690646409769
8341,129,58.44380643275187,259.14217886689903
8342,129,67.89136855339788,0.0
8343,129,90.32516605089957,0.0
8344,129,129.10516026669168,246.74168925838785
8345,129,166.27504638353972,224.1698045261337
8346,129,161.3473569845989,226.28817698194834
8347,129,157.58176088520824,0.0
8348,129,143.1984613107009,236.4941877639445
8349,129,83.98791490838234,260.1821863117383
8350,129,72.72542506813998,0.0
8351,129,58.5204876856552,257.0020008075974
8352,129,48.62425698256087,253.07922473453044
8353,129,41.71364235596581,250.34912291994826
8354,129,38.97454276879458,249.264251320525
8355,129,36.19531236493292,248.16809618985786
8356,129,35.325062871754895,247.82527280885427
8357,129,38.21966019990378,248.9677765659836
8358,129,47.38209476023477,252.59515547429496
8359,129,94.10536294487167,27.322567614839887
8360,129,104.23498526533587,261.66920406797675
8361,129,93.4219963772978,261.11810119833325
8362,129,72.86747501293557,259.4290848040491
8363,129,59.952966702777765,258.4661115957556
8364,129,60.01530717849098,258.76072143792516
8365,129,63.65990662518839,259.2227684985775
8366,129,76.25741438441017,260.02311995863175
8367,129,100.30674776620673,0.0
8368,129,126.24878796687067,20.344206818883272
8369,129,153.02748211500818,233.65704403620953
8370,129,145.08911815284424,0.0
8371,129,143.00328836511898,0.0
8372,129,138.1066447694387,241.36499300405941
8373,129,80.33661075864651,0.0
8374,129,70.00423941462593,0.0
8375,129,59.72931316837131,257.4762982415463
8376,129,47.4177029459066,252.60503762883923
8377,129,41.34082525295567,250.19869946981754
8378,129,38.90245644322861,249.23460722236257
8379,129,37.777972730606386,248.78710002218574
8380,129,36.170204650498775,248.15243953641422
8381,129,38.073666181210896,248.9055033496451
8382,129,46.55247798172217,252.26344233913224
8383,129,93.11448584211502,49.32236266351679
8384,129,102.93447129419967,0.0
8385,129,97.31410512368404,42.30060874516373
8386,129,77.22550048907593,260.49059824404816
8387,129,62.94918151518582,0.0
8388,129,62.17319268588231,0.0
8389,129,62.320700576472625,76.15207215690434
8390,129,70.14139269996372,0.0
8391,129,90.23666731164676,0.0
8392,129,117.01897623154711,0.0
8393,129,152.5675069891715,240.19301974843503
8394,129,140.45994547257692,0.0
8395,129,128.13854458391089,40.7806775865945
8396,129,118.50095828828562,0.0
8397,129,75.03232496893719,0.0
8398,129,63.253414308958995,258.8753503758577
8399,129,55.62245101966845,255.8562984948997
8400,129,45.84950559474707,251.97997458622635
8401,129,39.77239506743,249.5757752305224
8402,129,35.52106201017589,247.89667054727838
8403,129,32.72586888378906,246.79189022315848
8404,129,31.804046571357638,246.4267766731287
8405,129,34.926643954895184,247.66053637965805
8406,129,42.77472558881339,250.7710941563795
8407,129,85.88642734074679,0.0
8408,129,89.72897474811312,83.47521495854407
8409,129,89.47495262802637,0.0
8410,129,72.99209578116854,0.0
8411,129,58.37932368434469,259.00426074528843
8412,129,54.09937302833031,0.0
8413,129,53.471058485066735,0.0
8414,129,63.014005161095966,0.0
8415,129,85.68856680249957,0.0
8416,129,121.0043243115177,2.7044488272671106
8417,129,148.5922527769437,0.0
8418,129,141.84331258383804,245.22906264403156
8419,129,130.74773751773165,0.0
8420,129,119.8875952952739,258.1287247782744
8421,129,75.28623998981338,77.78158264710761
8422,129,66.2052674395534,259.0932273077137
8423,129,55.42033522664792,255.76492670424366
8424,129,48.36010560716809,252.97335751223483
8425,129,42.10240768242268,250.4997165610352
8426,129,38.17510320721705,248.94637526156538
8427,129,37.02973698492931,248.49641453094017
8428,129,36.426677129642755,248.2546044292786
8429,129,36.86261514562229,248.42879012256583
8430,129,44.66593330258401,251.51406164092393
8431,129,84.88402499372721,0.0
8432,129,97.91408284187202,0.0
8433,129,94.06679276098718,0.0
8434,129,83.24362178579912,0.0
8435,129,74.21580618880911,35.43350495599511
8436,129,74.45739830179566,36.410675463597315
8437,129,76.96425309070369,0.0
8438,129,85.77970694585731,0.0
8439,129,102.96302385809327,53.570026337793465
8440,129,123.52074679853712,39.18896296247047
8441,129,151.37519908447527,12.661342648453546
8442,129,146.67251536203102,239.9167074320504
8443,129,134.3786577334772,0.0
8444,129,123.87752933856265,0.0
8445,129,74.06000908832439,0.0
8446,129,67.52412267905808,259.2420130054017
8447,129,58.2523784386364,256.90794119208806
8448,129,47.51359868534187,252.64488883566833
8449,129,40.75108878700449,249.970633492967
8450,129,37.4295563650821,248.65786327511702
8451,129,34.414648194257325,247.4655097743132
8452,129,33.629218918311864,247.15545871813578
8453,129,32.52933566584453,246.72037545601086
8454,129,36.74141545323852,248.38476516551117
8455,129,43.863234201207895,251.19952675938973
8456,129,58.218140250262465,256.87987663097414
8457,129,62.82319762146765,258.6863203362647
8458,129,55.25190143873269,257.92963497311587
8459,129,41.95182998291931,256.25132349572317
8460,129,36.277293422877506,256.15213153361555
8461,129,38.09568655566043,256.8849627945716
8462,129,48.30908905773322,258.6236456262398
8463,129,62.6024751528715,0.0
8464,129,78.5700649850873,0.0
8465,129,99.85008593469054,263.63123334844755
8466,129,93.7815814532341,27.870949313407976
8467,129,86.20434946928094,37.80407976298009
8468,129,82.3921491945141,260.7180196041043
8469,129,77.46847186402559,0.0
8470,129,67.05919703304063,0.0
8471,129,58.93963393634399,257.16158072459444
8472,129,53.93756757341793,255.181925525087
8473,129,46.5319038635855,252.24613931738966
8474,129,42.092338680068984,250.4907801019539
8475,129,38.38141622438626,249.02410889409398
8476,129,38.305182947397505,248.993222179924
8477,129,39.72560469225435,249.55309013795517
8478,129,43.73478634988809,251.140359445012
8479,129,49.6669134430142,253.4871963968821
8480,129,62.831653805789564,14.972716942990731
8481,129,67.42755579931023,31.087980819031884
8482,129,63.76996925576292,0.0
8483,129,56.4727932648745,258.62247799472016
8484,129,51.0501947730458,258.6839498016915
8485,129,51.76551464488167,0.0
8486,129,64.86226196424383,0.0
8487,129,76.26614527792597,259.66176289571234
8488,129,90.69561340445252,261.0522662690922
8489,129,107.93863270489615,0.0
8490,129,105.14496253626176,0.0
8491,129,98.22311244597479,0.0
8492,129,90.26076199131411,0.0
8493,129,80.82503524129102,0.0
8494,129,72.67639156384988,32.45521542618298
8495,129,58.33750641211281,256.9228151227051
8496,129,48.335128556028835,252.96189040657873
8497,129,40.13224441831474,249.72025239903985
8498,129,37.2255914329042,248.57453320547094
8499,129,36.18466074763192,248.1608224891897
8500,129,34.734644680419905,247.58579602221047
8501,129,36.416570126982755,248.25514681011924
8502,129,43.76854462174632,251.16430652247112
8503,129,86.35383367523661,0.0
8504,129,97.98946595129208,28.85895294132927
8505,129,95.89982508912452,262.086241512753
8506,129,80.81658512262904,0.0
8507,129,67.25574409790268,77.53299593377095
8508,129,59.34187891170657,17.3280485501935
8509,129,56.34461749506582,0.0
8510,129,65.43377290106032,0.0
8511,129,82.98311825992283,261.49598482718716
8512,129,108.59484012095162,264.55157587467187
8513,129,143.12082142495828,0.0
8514,129,136.86563677743987,0.0
8515,129,127.0973954337968,0.0
8516,129,116.02369882146114,0.0
8517,129,69.80252146773684,0.0
8518,129,59.38909302393964,257.3455056388597
8519,129,49.12516222554172,253.29190210494463
8520,129,43.206435520134036,250.93993551665318
8521,129,37.61122613025004,248.7296866334059
8522,129,34.80932173432043,247.61923284366944
8523,129,31.422432451841598,246.2817839086986
8524,129,32.348490022290314,246.64585740551678
8525,129,34.659943228128526,247.55865626511297
8526,129,41.4332352504103,250.24521995657972
8527,129,83.19791137269696,0.0
8528,129,93.13566781372803,0.0
8529,129,95.094004642509,28.55770402854121
8530,129,86.15479777686885,260.7518489612451
8531,129,72.86071072671486,260.2987830196911
8532,129,71.45249401094159,260.6749061347833
8533,129,71.38414304547254,0.0
8534,129,81.87579010169125,0.0
8535,129,99.73597281961237,88.28861947582742
8536,129,130.93013080257563,247.43683931701244
8537,129,159.84988398903423,0.0
8538,129,153.12492097502556,0.0
8539,129,141.18240761828494,242.20207656932166
8540,129,129.20915727268698,0.0
8541,129,77.01523534557755,0.0
8542,129,69.1534922368243,0.0
8543,129,58.22912136027177,256.88955284057334
8544,129,45.94319632592466,252.02421624216987
8545,129,39.32866621278112,249.40574130539784
8546,129,36.727314403591215,248.37800744670304
8547,129,35.08651723589352,247.72491100254013
8548,129,34.20770126250939,247.37948685765414
8549,129,35.12188344713157,247.74194988469588
8550,129,41.75303390438617,250.3654092212939
8551,129,81.52464714235857,260.18477718217594
8552,129,93.90407760088071,0.0
8553,129,100.03784869999957,262.2561502526928
8554,129,86.17530637938322,0.0
8555,129,74.22442349458382,0.0
8556,129,75.08781965023876,0.0
8557,129,74.88941260340845,260.40948183493884
8558,129,80.30404093483567,0.0
8559,129,100.11547775370589,0.0
8560,129,129.944106714151,0.0
8561,129,160.35229698065797,226.07781471663728
8562,129,152.8053302839377,230.11821740099515
8563,129,142.39159939262098,0.0
8564,129,124.74743070273966,32.67846973937588
8565,129,74.37437231544399,0.0
8566,129,68.58132284339536,0.0
8567,129,56.49448408649949,256.2000529817617
8568,129,46.37848429323532,252.1912530660158
8569,129,39.13075450334546,249.32480217172167
8570,129,34.539453416094595,247.51019715958302
8571,129,33.736675741831434,247.19248261125986
8572,129,33.71005078185383,247.18467810008443
8573,129,33.92311138719957,247.26810265808186
8574,129,41.66885082895749,250.337114645377
8575,129,83.55471945564258,36.73797077157813
8576,129,94.39908518634287,260.91495088087765
8577,129,96.18577229459216,0.0
8578,129,86.36999202032477,0.0
8579,129,72.56827140617641,259.7469638028632
8580,129,65.89298594388025,0.0
8581,129,67.95666490074417,0.0
8582,129,79.61948441956946,81.99804754640898
8583,129,99.72699547277178,0.0
8584,129,130.74981375371425,0.0
8585,129,159.8408968747351,225.85531151070685
8586,129,151.28120673510955,231.5214493707785
8587,129,136.4733231618621,0.0
8588,129,118.04239838415226,0.0
8589,129,72.6737759092763,0.0
8590,129,65.35423519553557,73.85332104958796
8591,129,54.71786824268626,255.49096371369316
8592,129,47.13675170232195,252.49319651577818
8593,129,41.95036104390539,250.43684778452436
8594,129,39.40538659323087,249.4313977064944
8595,129,38.541902983893635,249.08934881233287
8596,129,38.27626290912143,248.98318637816902
8597,129,39.6475239558071,249.52363596607017
8598,129,43.09537814971699,250.88942516013628
8599,129,48.50812200778509,253.0306194588422
8600,129,59.45065355233893,257.358864863086
8601,129,67.47333636896632,39.61072142695894
8602,129,65.07556488833065,258.3644734917727
8603,129,57.897952245659724,0.0
8604,129,49.09379252548636,258.2974970941393
8605,129,51.313599609954025,258.2041512496119
8606,129,58.20835768224303,39.35916622119126
8607,129,73.13082917935817,259.3418368891448
8608,129,86.67331848710604,82.28457919964644
8609,129,100.32523455203271,0.0
8610,129,93.3734141244978,0.0
8611,129,88.22118063786084,0.0
8612,129,79.4680768323542,260.0500751494941
8613,129,68.60913909669715,0.0
8614,129,58.22149379140473,256.8748037477145
8615,129,49.496908362084646,253.42578161511204
8616,129,43.69047730377058,251.1312296842995
8617,129,38.55500694528479,249.09503677830423
8618,129,34.073425853590976,247.32420238341308
8619,129,33.835780751925334,247.22947403168254
8620,129,32.652815883620974,246.7607846072872
8621,129,34.30046383125589,247.41041884431272
8622,129,37.786797101415296,248.79141454171506
8623,129,44.12682804559556,251.29913106783823
8624,129,54.91716733098264,255.56727408810252
8625,129,63.93377942037817,0.0
8626,129,62.074085795316456,0.0
8627,129,55.34245858121142,258.71488367009493
8628,129,48.59634475243885,0.0
8629,129,47.02105361043998,15.899118694542928
8630,129,59.05356572446231,0.0
8631,129,76.44346877269139,259.6722992558166
8632,129,90.12985201963357,260.7123709384156
8633,129,109.18755274239919,91.18067690468837
8634,129,106.88502374065587,0.0
8635,129,100.14733788860617,0.0
8636,129,91.40568285825103,260.97713276805695
8637,129,81.30324763998372,0.0
8638,129,70.51211158516516,0.0
8639,129,59.33765958060717,257.31512889613265
8640,129,48.892996028432385,253.1874370443552
8641,129,41.954379973510534,250.43931785521406
8642,129,37.21499289154642,248.56804920948667
8643,129,35.936663120209076,248.06204959215077
8644,129,33.44466448354755,247.07486755165755
8645,129,34.292558649718295,247.4092192800199
8646,129,36.03442062598175,248.10105684980695
8647,129,42.56501731058288,250.6836754201296
8648,129,56.07033835540777,256.02170872852963
8649,129,67.53226933594388,0.0
8650,129,64.92241703255905,0.0
8651,129,60.40562632194201,0.0
8652,129,51.70743545148992,0.0
8653,129,50.06537069526787,259.36885316343927
8654,129,56.390150395403516,259.2563556172545
8655,129,70.35584572504848,0.0
8656,129,83.81297205521041,36.85240444634482
8657,129,95.92979944391337,85.94254449812689
8658,129,94.20188026397943,28.03205836234286
8659,129,88.55999951374977,261.257347939334
8660,129,78.60533698500296,21.20433374120508
8661,129,70.57267053720487,259.2284569751497
8662,129,62.98684970335478,258.2969969754367
8663,129,55.8082653923827,255.91670495010672
8664,129,46.669738186467356,252.30910951597974
8665,129,41.0311528473762,250.0805503617286
8666,129,36.269548550593946,248.1994248802111
8667,129,35.45706725600005,247.87867205844984
8668,129,34.59269095059088,247.5374296023079
8669,129,37.64159332324941,248.74241015258283
8670,129,41.409130599741204,250.22915614234446
8671,129,78.50771975671913,260.67196919048
8672,129,94.65631943666901,262.5371529316941
8673,129,101.60119066968278,263.0881280137278
8674,129,82.1244721401716,261.56371964844345
8675,129,71.32896970420423,0.0
8676,129,71.56173909907477,0.0
8677,129,76.44615824981673,0.0
8678,129,87.43232513510247,28.024319145956007
8679,129,111.49371707303705,0.0
8680,129,141.00234442970452,242.2091785479041
8681,129,159.6558611239292,0.0
8682,129,145.50890556541327,241.36255871595344
8683,129,133.98381506243598,0.0
8684,129,130.79962680066916,249.21492040318978
8685,129,80.64136483814902,0.0
8686,129,69.55798721175468,0.0
8687,129,57.65381255144209,256.66553675888264
8688,129,49.88937707569047,253.58574070932855
8689,129,42.483650892830376,250.65455795778107
8690,129,39.64833630592211,249.52937186374348
8691,129,37.47933147418185,248.67667870216957
8692,129,36.67160351884423,248.3509274114231
8693,129,39.085986349793274,249.3055745871732
8694,129,45.489829254846626,251.85570102062348
8695,129,82.04675295301499,0.0
8696,129,100.87131930460161,261.51437773341877
8697,129,106.11405634114767,259.38642102490815
8698,129,92.91564692719533,41.93665310346807
8699,129,79.10567947977414,260.2336331917632
8700,129,84.44958419383843,0.0
8701,129,83.78421520567109,27.769166224047098
8702,129,99.66935077312863,261.79225975880235
8703,129,122.42822318024,0.0
8704,129,156.5011939438049,0.0
8705,129,182.2311597285681,0.0
8706,129,167.5091045372571,58.38599501282535
8707,129,147.7832177956391,233.31481771235957
8708,129,133.43569583712275,197.7516345501125
8709,129,75.03862725204556,259.42840164497284
8710,129,70.33377774610477,0.0
8711,129,57.87648408146553,256.7445059753243
8712,129,47.10563013428197,252.4791466238196
8713,129,38.885264291775464,249.22522638491319
8714,129,35.65978716108951,247.9465667648364
8715,129,35.32267365306402,247.81446563560712
8716,129,34.21590803590185,247.38048683848643
8717,129,35.7199906309514,247.9760604352958
8718,129,39.84795068256331,249.60640055381188
8719,129,71.06808934262452,0.0
8720,129,86.76321803970544,0.0
8721,129,99.36298497103722,0.0
8722,129,93.98934803923063,262.0223685839183
8723,129,85.45142980379872,40.57403888308479
8724,129,86.96026616542811,86.31486319019903
8725,129,77.33307408948521,0.0
8726,129,82.60065613661872,0.0
8727,129,96.84908691664204,261.8067478139171
8728,129,124.93241166937472,0.0
8729,129,155.842962229789,232.6127662903069
8730,129,152.45982376468046,232.99020616938358
8731,129,137.10960246933428,0.0
8732,129,123.22946948809013,252.60992158784111
8733,129,74.54696928976485,259.58481029373564
8734,129,68.36007436243158,0.0
8735,129,55.38372325790916,255.75071680442917
8736,129,43.59850436642872,251.09134988628196
8737,129,35.566648295062436,247.9150208449244
8738,129,33.119615033987536,246.94675007276786
8739,129,31.40274314789796,246.26816553284704
8740,129,30.230472023806463,245.8063952553621
8741,129,31.09794593503067,246.14540228520798
8742,129,35.480062977699674,247.8823193818159
8743,129,67.50573320924198,16.803529983975064
8744,129,81.0927789504914,0.0
8745,129,87.29533904547502,0.0
8746,129,74.34790503405853,0.0
8747,129,55.63114145445912,257.980924133143
8748,129,53.47293196308113,73.38992240898287
8749,129,55.689874599007126,0.0
8750,129,67.27384402048371,19.279364721692207
8751,129,88.14719255164394,0.0
8752,129,120.6865220078847,253.98929857694046
8753,129,149.22668132336204,237.72666934200848
8754,129,142.81432393611013,242.5195399377887
8755,129,127.87301948653484,0.0
8756,129,115.82237777137506,260.3755601385047
8757,129,72.54486635805785,0.0
8758,129,67.34253807983751,258.93293830354736
8759,129,57.23514712182069,256.49127907137864
