time,bus,P_sub_kW,Q_sub_kVar
0,129,45.719198326714334,113.05806455924333
1,129,43.24607322927451,112.07946362197386
2,129,39.37961940087561,110.55589153062827
3,129,33.2360101605081,107.58646084923988
4,129,30.3468976257323,106.44918430331575
5,129,29.065373595326495,142.99186884316705
6,129,30.38818667809844,143.33176908529717
7,129,33.00288498495685,107.5127099291735
8,129,38.457252904327255,114.63455878563373
9,129,40.60563332315755,112.0952649746803
10,129,17.678204436454532,111.53021774638101
11,129,0.0,204.37377130137517
12,129,0.0,192.5179793287845
13,129,0.0,204.40554166419585
14,129,0.5809704124185755,146.06686097856777
15,129,43.38762469642802,116.97943276687505
16,129,69.05121787800118,163.14559147564836
17,129,86.71332910401321,168.76267958811792
18,129,72.71045344209713,153.08435186975768
19,129,67.24651049139128,151.51223113825938
20,129,71.03303995104646,167.4323752205557
21,129,60.726738523928,149.4998464157235
22,129,66.64629551380136,148.09740843764845
23,129,57.18542860121909,112.33200080545936
24,129,39.885953564243565,110.74689847117902
25,129,35.67472086978768,149.04855902097404
26,129,31.887559115695815,148.46394789267626
27,129,30.213475242279102,148.27486549740178
28,129,29.691310402932213,148.3315346555548
29,129,31.41947610130214,148.4855006423379
30,129,35.92025820273955,149.182473602253
31,129,56.91138337898076,150.3409184435765
32,129,70.37430632412068,155.41995198942635
33,129,84.78899931274321,156.52278647910035
34,129,63.64068312836034,150.87016929976363
35,129,36.341088325994264,119.36473063243984
36,129,45.07264717025524,119.95341188699459
37,129,37.05904238330482,121.31106546622632
38,129,54.46451909215876,150.1679977132279
39,129,82.56629074877426,168.94363132251388
40,129,112.28481233594096,172.78072917090884
41,129,139.0575555438386,165.17633654096397
42,129,140.54989404771578,172.5443635932103
43,129,131.10362916260803,176.4400336287322
44,129,119.95294542808543,174.85176023724932
45,129,69.44912120523942,153.39422440402106
46,129,60.71432565632185,148.85306673262565
47,129,52.21363126745144,147.32841777322312
48,129,44.597403311110845,112.62282715258961
49,129,38.02345426735562,110.01999800970341
50,129,32.648606744627386,148.79776534485737
51,129,29.508815421920684,148.3181689332427
52,129,29.143795374301078,148.11081580512376
53,129,30.072320979993837,143.03070230132533
54,129,45.648134850503965,112.20827184429865
55,129,38.47795719003042,110.20522124605752
56,129,46.71917307752294,113.46696285223109
57,129,34.388249522192424,115.31625439572571
58,129,16.643756650950618,113.92010137284726
59,129,0.0,205.11095167786607
60,129,0.0,205.32352202427856
61,129,0.0,205.37539192018983
62,129,0.0,115.07541032382483
63,129,41.92025350261224,148.43466947686315
64,129,76.52047842435492,167.4040820492219
65,129,99.76617908902203,170.54156276283234
66,129,96.0228175881113,170.13297651666113
67,129,86.37722582782027,168.4914831363064
68,129,78.09271354965686,167.32319425774364
69,129,56.271792221491445,149.53127109031664
70,129,61.154862932802004,148.1184068431729
71,129,40.90617385187819,116.41942404511778
72,129,45.337048917421356,112.90815048954512
73,129,38.462318302297376,149.00683366117372
74,129,35.251305292770375,148.34435459326113
75,129,33.10888269158504,147.85781640553432
76,129,31.453382127715145,147.63765952543685
77,129,31.236369487751794,147.47051054321176
78,129,33.170975525239896,147.7848544584556
79,129,37.65533601809544,148.53781952476217
80,129,47.67803605470987,145.4022530023945
81,129,49.526962256119056,146.612636919552
82,129,26.78581086267169,115.73745521246822
83,129,1.5978054464105478,114.79835741137002
84,129,0.0,205.48511971985732
85,129,0.0,205.4906803538195
86,129,10.042312645012863,113.67445925717368
87,129,43.02893085758211,147.65356201203574
88,129,75.31979065096448,154.16155543617327
89,129,84.90901994609763,158.15057130616555
90,129,83.97560223318675,157.59557915246185
91,129,90.10324097483556,169.75289998620687
92,129,82.70784697602413,168.4580168221668
93,129,71.82260846372054,153.85331300162397
94,129,63.50156799311416,152.67227629794525
95,129,50.03626377428425,114.77005344563236
96,129,39.1360393727582,110.46429945156235
97,129,33.53816119558993,149.1079287163437
98,129,31.607661631515153,148.5448197680684
99,129,31.77680475613112,148.33318983434125
100,129,32.32036290121892,148.42337710872295
101,129,36.01212643560982,148.9681705097926
102,129,41.89430021371579,111.55785690027817
103,129,78.55970969837458,151.79524001583036
104,129,88.72437862990812,170.112952600459
105,129,91.397652697543,170.81118173089197
106,129,65.6462305747851,152.76765433503792
107,129,35.26142400134287,150.33126578110563
108,129,28.033788613864303,120.19030957651867
109,129,30.046222252669722,119.77010672562471
110,129,40.180034791179814,149.69154093725956
111,129,74.31600659625776,152.35080246297622
112,129,110.16219157034786,170.52821912165524
113,129,151.92372892053362,170.52959203205214
114,129,140.9550956424336,174.043842472925
115,129,131.84152649654885,177.5711140830506
116,129,119.22185991739897,171.46950161110982
117,129,68.32251477108612,150.13198120338893
118,129,60.08376070238841,149.0299187264001
119,129,48.98738288183892,114.36245649611098
120,129,40.228213709309166,110.89251373906883
121,129,35.261289859478254,113.3472867148914
122,129,33.64810780209575,112.70966992216606
123,129,46.29691075293662,112.45670634358879
124,129,46.93190727530229,112.70652158807553
125,129,41.73563204158608,113.48010333824857
126,129,42.15265011154834,111.65884337225613
127,129,79.19435822985466,165.55402210973674
128,129,86.20518784766992,169.99073321445007
129,129,76.06191308131382,168.9768655158488
130,129,52.41290707008037,150.76088688909553
131,129,28.99276207580811,120.1394589703021
132,129,23.532867034445907,121.1434362015759
133,129,23.02792460826286,120.05693975947354
134,129,37.15667475223351,149.9629733459881
135,129,73.95167415945627,152.66562900963362
136,129,119.8384167603253,175.0770299270312
137,129,157.04132870371922,151.769481940646
138,129,137.70770789578583,176.04812039268646
139,129,129.2053570086601,177.3504707185289
140,129,131.36203776889982,177.02578172840916
141,129,76.73635897137184,151.73916471397436
142,129,67.85901730963512,150.38003953778608
143,129,57.27966882473215,148.4330348845728
144,129,47.42028126589315,146.54386502948907
145,129,40.36980086153568,110.9449208812531
146,129,37.15109596587879,114.0941599662584
147,129,48.878104665472776,113.4780073605175
148,129,47.591508594565404,112.96837861903711
149,129,41.23878952185357,113.28033890539966
150,129,40.48122464122544,110.99249424690632
151,129,76.5408713545795,150.99527101526627
152,129,74.59663167967203,152.33064928011913
153,129,71.78156317625118,151.83175364427487
154,129,58.760852792860504,150.0833352104651
155,129,33.950530255031644,148.51802516206823
156,129,42.09696494520007,148.4460818528681
157,129,42.280117666685285,119.93780325754084
158,129,44.325728068211525,148.9307489814291
159,129,74.99589182436188,151.4020673597821
160,129,117.31139434058109,173.0605404334159
161,129,144.31436853009745,160.98154214569058
162,129,134.5216216807747,163.73952181317264
163,129,131.91468604955375,169.94893239888873
164,129,123.25292905282114,174.5058268333031
165,129,73.81242820439726,150.06835909817397
166,129,66.04461626764778,148.87538815535422
167,129,54.51129165629217,146.6842808961932
168,129,43.86486098558635,112.32060484772252
169,129,37.293678640212086,109.72119798239838
170,129,45.98472899456846,112.32992355578861
171,129,44.49574863414417,111.74028342875941
172,129,36.0639890791971,148.4335575132687
173,129,31.7885482629742,148.74880606463554
174,129,38.48331272444704,110.20524767395098
175,129,71.79711409091196,151.1901381224257
176,129,82.21335914338758,169.35000503245814
177,129,69.91968058402905,154.6059012928362
178,129,46.88593812666542,148.7642892215215
179,129,17.61466210113251,115.31050901308518
180,129,10.49442933186124,115.18608575285465
181,129,16.04941884201064,116.24755691528485
182,129,32.468319783016355,117.8146699498438
183,129,63.36498291592684,150.6334987433655
184,129,101.06967535920286,171.53211942566
185,129,128.442955057437,173.57437753894308
186,129,124.60515351839938,176.3711681004568
187,129,124.63889440061413,174.6231339306181
188,129,117.59011335699972,172.75082355554116
189,129,68.3680874741907,149.61667128494622
190,129,59.67910844921927,148.47863409673403
191,129,47.92930520189094,113.9466075161679
192,129,40.045537408287274,110.82145244744171
193,129,35.79143072172677,148.8783859079331
194,129,33.40936054602009,148.3769769607531
195,129,44.60145156371951,111.79926785775825
196,129,43.74366932378158,111.45795993782903
197,129,39.067646527789464,148.29120172564066
198,129,40.728809793398256,111.10295537202077
199,129,75.08281440811926,153.71804663830653
200,129,80.55912170106578,155.55237923281834
201,129,77.02473579606962,152.45704618384926
202,129,64.25986642298291,150.90883615438855
203,129,43.08994748942235,149.95497110421485
204,129,37.58938885149523,150.34091893021434
205,129,41.56997801699863,150.6137411513169
206,129,54.672211342704756,150.95451849506358
207,129,82.4496197981597,168.8419715562426
208,129,109.75984627484847,171.77546642390507
209,129,138.5961632617664,168.91284374971545
210,129,128.7694219837729,172.94252123908288
211,129,118.2163562758109,172.90167773571181
212,129,107.76196029317532,171.628962639798
213,129,65.75739264285686,148.78027811927265
214,129,57.84104248317042,147.39356758711608
215,129,49.18887367613984,146.21128846997263
216,129,42.71129961858882,111.90711310086225
217,129,36.58196599573413,109.48116504342875
218,129,38.56082998019189,112.25745670153216
219,129,42.7640049493949,111.09253811070249
220,129,42.88807469055197,111.13927125325546
221,129,30.371093400002145,148.0091746259658
222,129,34.02146386379397,148.69562013995406
223,129,34.99454792334156,110.63671700760747
224,129,36.482485892726096,114.6986752476671
225,129,40.77836072998489,118.38084020621898
226,129,20.808063768383303,118.0709118412524
227,129,0.0,117.77758827876534
228,129,0.0,207.0558063364666
229,129,0.0,207.1368934242217
230,129,3.452024477956971,120.06511780203016
231,129,44.661694640828856,149.77708575494816
232,129,78.31085200545418,154.3582376186147
233,129,83.84468477022762,170.75728122615905
234,129,80.19173106411822,156.76540056533136
235,129,83.02940110674096,168.37027185028813
236,129,72.68336915143922,153.76156351501228
237,129,65.35546790070723,152.34662895359477
238,129,58.688870044026,147.72920824443824
239,129,52.4981606252768,115.7707190383056
240,129,44.103961322859774,112.43466061268734
241,129,37.840318596858395,109.94643377494367
242,129,34.433877161146654,148.96774343533954
243,129,33.45878721516491,148.76432575671674
244,129,31.582771607921945,148.6258672307384
245,129,31.31106450405067,148.73218515954028
246,129,33.132786973450585,149.04594579902113
247,129,39.3446727132963,110.57430266128537
248,129,47.58818803657971,113.8404074681254
249,129,45.665356155067755,117.36917720398804
250,129,22.234601085918033,117.11105880594513
251,129,0.0,116.42619497047886
252,129,0.0,206.16770508555402
253,129,0.0,206.0657278672495
254,129,6.270232294790396,116.07285400419919
255,129,42.185513571639454,118.51599304781
256,129,73.5846663189461,150.4250046116065
257,129,95.62449142132638,170.5952805863367
258,129,95.75572090933754,170.5774190887007
259,129,91.03098839812637,169.39096683053444
260,129,82.46912466255915,168.28792110016394
261,129,73.95109391214491,153.60975573439924
262,129,63.74823688801926,149.5048294434636
263,129,51.73969516590551,115.48117014631092
264,129,28.71878892512552,111.63249673288439
265,129,36.30939266933997,109.37460016535803
266,129,33.297655373376735,148.69354981731638
267,129,33.80759516088405,148.6927091193889
268,129,46.82694499539493,112.70292410639347
269,129,38.736443752942606,113.95373724878046
270,129,44.823216434103614,112.73835443987736
271,129,89.66517406648761,166.13078307431797
272,129,95.9182758381019,170.7628920203316
273,129,92.31323421950883,170.44483849820804
274,129,63.269674340968734,151.89203304170636
275,129,29.51418303416459,120.70621467731654
276,129,22.419069087260873,120.19536020904228
277,129,22.188084797853033,118.82413426314864
278,129,34.29726666501777,148.47196484254488
279,129,68.05312623143934,151.57815575367027
280,129,115.60889996382791,174.11611228889583
281,129,154.06346496017005,167.99817991430862
282,129,153.63111751825383,163.8067054057723
283,129,141.7469420333285,167.6214084137534
284,129,131.47940126200567,174.74853804988882
285,129,76.01810108144117,151.4314525911765
286,129,67.87398124574214,149.9896219169916
287,129,55.2144049696548,147.91978398931167
288,129,44.4599130836474,112.58446260777602
289,129,38.6071898424931,110.2644211801416
290,129,35.34172534603031,148.85584920048365
291,129,35.31980732048509,148.82153208121917
292,129,34.776577426338065,148.64143154468053
293,129,36.85472102565001,149.04532555354285
294,129,42.95450489616187,111.99747173916258
295,129,69.24443858555601,151.5710317572926
296,129,73.38384624476566,155.40723176108216
297,129,62.564011057022874,149.84827481003452
298,129,36.34579399027746,147.52627914224192
299,129,4.628997539974186,145.84505910479393
300,129,0.0,145.27696586274826
301,129,0.0,144.23381329392794
302,129,11.50465558857708,112.20958443029056
303,129,46.14901838803644,147.92903425772093
304,129,94.27262441289083,170.4307300383427
305,129,136.40907117564245,166.22457822604477
306,129,146.53908989875953,151.204748228558
307,129,141.49347405428597,165.13605912540467
308,129,130.37326409896883,170.54181549595057
309,129,78.52843631894561,150.27610429421088
310,129,68.95694630426355,148.73132946231752
311,129,56.67512518884066,147.14967428797956
312,129,45.80076088715923,113.1166236603652
313,129,48.23801023091877,111.64814510816919
314,129,53.1314392050215,115.177366983373
315,129,51.600475727994585,114.5688652896132
316,129,36.85142098016215,113.99521893655299
317,129,39.682539682539684,115.11187877895863
318,129,48.471675257244435,146.32829131055502
319,129,78.02191462704775,152.70640439835094
320,129,86.61118234641336,157.09457942390299
321,129,86.44964160184291,169.65281624171823
322,129,69.01907891595164,164.0900586492735
323,129,25.389598673948573,119.53905152953453
324,129,30.13683684618194,118.71383400019998
325,129,18.72144674988777,117.9434869854567
326,129,35.69526731851148,148.75435277322453
327,129,64.98453300520138,150.42813769103543
328,129,109.1488418210273,172.0047590435501
329,129,141.04517944927247,164.94912082205227
330,129,139.26249055783967,147.43348859309526
331,129,140.35144635142655,169.4198936132368
332,129,123.65293329696237,174.4568937812393
333,129,70.373288924756,150.40172591297696
334,129,64.05657988604298,148.9946787410336
335,129,52.60490463102173,147.34447148466825
336,129,56.209233551021725,111.97948637037992
337,129,50.59129865283453,109.75799673546096
338,129,41.17317857742,113.28314783622108
339,129,34.358848602705905,148.91868564583683
340,129,33.91446747213778,148.87321681637593
341,129,36.82801315963878,109.56586519321489
342,129,43.338021936174876,112.1480020202655
343,129,86.02633619264623,166.8384107582579
344,129,80.59927980126422,157.61279336155377
345,129,69.74366682061897,152.88846893719264
346,129,50.544362729640426,150.50522168512202
347,129,17.984245463527074,117.45784761340994
348,129,18.49697882366358,116.59188161002638
349,129,23.195321412677856,116.01171512490369
350,129,28.869586906169125,118.4096833415703
351,129,61.66553399580984,150.372140780669
352,129,104.49702850792616,171.1595944494987
353,129,135.99251150034615,164.02907103031328
354,129,128.58085504463145,167.9346658962294
355,129,134.5874331300482,167.96605100405276
356,129,128.00351921235205,169.80783349191157
357,129,76.12114789064537,166.3940542561317
358,129,67.17153444548835,148.54658087076888
359,129,55.123055366306225,146.8007225800574
360,129,45.624194740395495,113.03993457480863
361,129,39.14497412700874,110.47576736377202
362,129,42.662570330017786,109.43890509982867
363,129,48.41682592876235,113.31985494106792
364,129,49.24812463486812,113.6449513963159
365,129,35.499782892736114,149.0094485181123
366,129,41.50315554733,111.41708061762239
367,129,82.45313725571934,169.03897560496333
368,129,81.75160431861238,157.93369132993288
369,129,88.26791515583432,170.13644502921855
370,129,57.52481563687904,150.9520272523582
371,129,36.888942287688174,150.4701350250867
372,129,31.151382785228733,150.69284909154067
373,129,47.37954849179328,151.13841797076867
374,129,51.078799004702056,151.64376139694937
375,129,79.01240092197175,170.56036266431343
376,129,113.31353065122799,174.8591041549847
377,129,143.80682136571676,174.03121578013835
378,129,140.67372041892196,173.1222633899333
379,129,143.57287236254064,172.62229308884153
380,129,138.12708852731865,173.06469111433125
381,129,80.78661724205996,151.72702796641568
382,129,72.06733190200197,150.20555994105783
383,129,60.41627257093853,148.27507474920793
384,129,63.34633193531039,146.65323261223153
385,129,43.40291813516038,112.19778099131628
386,129,39.3971822565031,110.61233840144399
387,129,50.34626650225494,114.11462954913293
388,129,42.52565158098571,113.84979754032926
389,129,37.05804286809333,109.67976778279682
390,129,39.77632996784275,110.76329281108919
391,129,43.6378359731731,114.07231250886257
392,129,47.51471808979268,149.23738287081576
393,129,45.545150921649274,150.42057037087957
394,129,21.403257340610228,121.71721818991624
395,129,0.0,207.27753648516358
396,129,0.0,206.93262506796512
397,129,0.0,206.5651054901656
398,129,0.0,119.10964469736551
399,129,33.10483780373644,149.50966201647034
400,129,74.86775413885555,151.58571273341798
401,129,86.80280083486342,171.30313794490405
402,129,81.4586773577212,157.34782537279446
403,129,81.78863441959372,169.0156562554288
404,129,77.55872340724649,167.55820892376903
405,129,72.49705190798224,153.5745348420369
406,129,65.81886355410902,149.30476491838633
407,129,55.96589533974479,117.16421950582884
408,129,46.06409469904558,113.24152730787625
409,129,40.3653034973337,110.97538871139022
410,129,37.22847906244807,149.13618201528627
411,129,35.43560655271123,148.8246824821813
412,129,33.68516981369962,148.5755130788286
413,129,36.141044561817466,148.91624154459126
414,129,37.71060451630322,148.96089341704726
415,129,42.11651021769639,111.70190559819613
416,129,54.40114112623381,146.5501396518768
417,129,54.90793947073121,148.37318089132037
418,129,19.293502717513395,119.43922195098206
419,129,0.0,206.59958955070692
420,129,0.0,206.90096385177327
421,129,0.0,206.93099119432875
422,129,2.3885474184619437,119.86191307075603
423,129,40.37697982826923,148.25402581389164
424,129,76.55760534873588,153.07508175090643
425,129,97.46298615998772,169.38355352493562
426,129,83.83038393249728,155.79808510894486
427,129,74.8537442835567,151.3608047771638
428,129,80.72466167551542,153.5784917545434
429,129,73.26060855600262,153.05244228351853
430,129,64.49020728980022,148.09103635964075
431,129,54.71540412013831,146.59400406672287
432,129,44.34300523245398,112.55428005190674
433,129,37.707397060745095,148.39051835444144
434,129,35.009046272837935,148.40072064808044
435,129,34.75085726870454,148.2764322465888
436,129,34.545659887600166,148.23743529369045
437,129,36.3767860895643,148.582974414035
438,129,44.064342101553315,112.43498420684713
439,129,85.2723169561168,164.02632112768111
440,129,92.03088005003443,165.60260374605488
441,129,85.72868099623578,165.3239348650186
442,129,59.19681335747741,151.05956954987124
443,129,25.629326133249013,121.39855374114558
444,129,28.683643211665895,119.98933554528178
445,129,29.530358263746816,119.03712216515872
446,129,25.55269836582937,118.66601016695546
447,129,57.077589553650625,150.663542919971
448,129,101.40916102749536,171.95496773463697
449,129,151.13686130084858,153.94662386086299
450,129,144.52795185269275,166.59672035521595
451,129,133.5428658507324,171.7697377555999
452,129,121.28420424298625,174.10071766585318
453,129,67.78083017904649,149.88321027697992
454,129,61.31100713850392,148.38605898799483
455,129,50.1436306710459,114.84802553654129
456,129,41.6829894795582,111.50527641265775
457,129,34.9026544238539,108.81515067186432
458,129,31.695742664882925,148.47658561456151
459,129,32.136862567786835,148.13544793103512
460,129,30.297941356689606,147.97351418875138
461,129,33.489196485910334,148.42465490321516
462,129,40.91201930462428,111.19023690645541
463,129,74.53793579045966,154.32653638014125
464,129,73.10475253292894,155.47307254026703
465,129,58.0750525190413,150.31015595708504
466,129,39.70084953141652,148.09898316559077
467,129,16.102278935566325,116.80781459513315
468,129,10.885451706977776,115.59420439874474
469,129,11.51927764370517,114.89106348641663
470,129,19.8005644434038,117.8506729636575
471,129,57.41555770165685,150.47931928347305
472,129,100.04086873316369,172.02336434217213
473,129,142.52111628660285,163.6931498661625
474,129,135.00284761326452,166.82334284300893
475,129,134.76782617551098,171.5727658178201
476,129,128.91601502964772,172.4109736845856
477,129,76.39242787183123,150.4422303259902
478,129,67.12030807625929,149.0898518439348
479,129,55.746827387233296,147.41518000574527
480,129,46.83449717009864,113.52410701009049
481,129,53.07927304626777,110.73546005338488
482,129,49.64761028914813,113.80277123243992
483,129,41.31957719976367,113.33166215220896
484,129,34.63689188786653,113.12106962987977
485,129,37.2580736174596,114.15937327637208
486,129,43.17370425180014,112.07603700461262
487,129,86.23011889181906,168.29502454523725
488,129,86.22195392172408,156.69753992455992
489,129,78.88285584063341,153.16749185729472
490,129,62.27650119613263,151.31096837574347
491,129,35.702856995776756,150.22051398866475
492,129,42.58396280083469,150.12294738263634
493,129,45.545923075125785,150.19236940561353
494,129,51.246090702247145,151.16826990662244
495,129,79.22508753055804,152.87567281723418
496,129,118.87190035092684,174.53913178738912
497,129,153.90716970232518,161.08671109657368
498,129,146.86427613099613,166.66953353137214
499,129,146.96172992447035,167.40348348901225
500,129,135.26753173213208,172.9293950073269
501,129,78.52230510623733,151.59686304097718
502,129,67.14319278418947,149.59530357897356
503,129,53.570128789297556,147.9014727096669
504,129,44.39917831205868,112.5984030269918
505,129,38.57853651136146,110.2806664660244
506,129,40.98471522772571,113.23154152022131
507,129,47.47243858884784,112.97989737491483
508,129,45.39618041987098,112.15128328200322
509,129,34.773279912349835,149.66365627777068
510,129,41.895728625952536,111.60894071726081
511,129,84.31865566513625,170.20768194937483
512,129,79.56978477693438,158.26414011432502
513,129,66.72218572128102,153.5985172230473
514,129,45.62909025506219,151.00033050706563
515,129,14.018361387278313,118.1654816676651
516,129,4.255292400343055,117.43770919843962
517,129,3.477954344586141,116.08492196676943
518,129,20.68016033935297,117.66974135831364
519,129,54.72418510075238,150.97726802037036
520,129,103.35880766411253,173.0667531693543
521,129,141.29282409822784,161.27473180082768
522,129,138.6506016461051,176.62230598297518
523,129,133.22164041959167,178.07408602615914
524,129,124.43925163684021,176.49728491326604
525,129,74.12588134982764,151.06113568711677
526,129,66.7196737612453,149.7574282420538
527,129,55.940353064802515,147.9387520794522
528,129,45.13472125052202,112.87768119753767
529,129,39.53615104658621,110.65802914754038
530,129,36.13611895035336,109.31308399454728
531,129,47.30430966058119,112.89855898563309
532,129,46.6005940689561,112.61468043293479
533,129,36.76523402208341,149.01518747048212
534,129,42.23831854488957,111.72258315502923
535,129,84.60800675485157,168.6017289355626
536,129,82.8180280355557,156.86543417943312
537,129,68.91230732740411,152.25925856547653
538,129,47.204479063020145,149.52217566893188
539,129,19.07351547744067,118.13776756723341
540,129,11.582251885841263,118.28263531325017
541,129,15.36282146033897,119.05290318656411
542,129,33.05558819258952,148.3041069540045
543,129,64.4444229940286,150.12714589073119
544,129,106.28581239793495,170.8464842266869
545,129,151.70143458849134,157.8964685163642
546,129,144.48133334483765,162.03662785334495
547,129,133.0792651753925,169.88632657125785
548,129,118.82969465000592,172.95528111955707
549,129,73.24520255766873,149.79147112601635
550,129,67.27728400959242,148.8526786276717
551,129,58.958528010331996,147.77688590034964
552,129,48.55456387805253,114.21886775005127
553,129,40.33916931753551,110.96841631610576
554,129,42.19065938406976,109.2661142272367
555,129,48.51764598835576,113.36421578280306
556,129,48.388545718322874,113.31893421996209
557,129,36.52447277211958,149.05156182618578
558,129,39.59144622627462,110.6602573811685
559,129,34.67599894195036,113.97546121449008
560,129,44.6067977681186,147.7249448079781
561,129,43.24484384453457,148.00509235973098
562,129,0.0,147.67583827723632
563,129,0.0,205.66491427203974
564,129,0.0,205.2074381313153
565,129,0.0,204.89324674564307
566,129,0.0,205.07362316952356
567,129,1.460976450757167,147.35273941870432
568,129,51.78583157996335,149.97412498253505
569,129,86.37653903692578,171.00910435898993
570,129,85.58807036351952,170.87157735128739
571,129,63.5521679942182,152.72921270346123
572,129,71.68854542901576,167.98864449390126
573,129,65.3800381414645,150.3335517718366
574,129,54.498802699619155,148.95395727056126
575,129,52.25921549789686,147.9730884016212
576,129,44.52170624998253,112.63090090044417
577,129,38.663981004918185,110.30424882445247
578,129,36.854004593886806,109.5876961030203
579,129,23.645700038784405,109.62527613550898
580,129,35.71684938229929,149.31404266164162
581,129,34.46407113970193,149.40270592784609
582,129,37.51353555728575,109.85871679021226
583,129,44.25647084544264,112.53061248701674
584,129,54.143245360835536,148.09095251263193
585,129,42.77553856614539,117.3373359238894
586,129,0.0,148.21834436816607
587,129,0.0,205.95474206911018
588,129,0.0,205.98850541857468
589,129,0.0,206.06308453056556
590,129,0.0,205.8794289379121
591,129,16.860263088444626,116.63231776841116
592,129,65.7447883452563,154.4754727069172
593,129,92.52769356613085,172.39259360687953
594,129,83.78811570729569,158.35842445195308
595,129,78.7124166196696,157.42396707057725
596,129,85.62065917831771,169.2818316035023
597,129,76.72466196385645,154.15250328375805
598,129,66.4805385222216,149.31714110771279
599,129,56.546195524673934,147.8558376880596
600,129,45.763391099180694,113.09729937346361
601,129,39.84703872383016,149.5316131414228
602,129,36.259652654366455,148.9827795700214
603,129,34.412885581117386,148.62617072380706
604,129,34.22291785898366,148.51788856056046
605,129,36.1385248392592,148.83941242630942
606,129,44.340255477562565,112.52796772212797
607,129,88.02499479741816,168.1157642917922
608,129,92.96875833107585,168.5311090026129
609,129,78.20329086166738,167.32547418272597
610,129,41.44004595610554,148.77471680565912
611,129,13.362754493946717,119.25636688586364
612,129,2.5920199426935926,117.95919705767669
613,129,1.613264070837809,116.32222591067112
614,129,13.610174261933237,116.89873274897525
615,129,44.98698990945734,148.7716669008295
616,129,98.66681056741474,170.48400992206388
617,129,151.65941301694073,159.44350445268853
618,129,146.07518774139504,159.46446595237583
619,129,138.8598733295226,163.79077209083255
620,129,124.94469084653775,170.58189597786995
621,129,71.08160642361096,149.03335351904894
622,129,62.86050727446724,148.15140520112314
623,129,51.793791684794535,146.3811009932004
624,129,41.748961590627346,111.53826049121587
625,129,37.161572518624325,114.14423521724648
626,129,40.543937482492716,113.05160388235296
627,129,46.14170221557107,112.44245493302604
628,129,45.79532964345663,112.30439432480227
629,129,34.59957537562978,113.12589497436834
630,129,41.68004727729781,111.49839594340499
631,129,80.03390988681264,167.36944612379358
632,129,86.0090442948455,168.7948757405714
633,129,72.07394602878963,167.94428308010885
634,129,33.47654537586869,120.25828525039996
635,129,6.328837942629739,118.28720274865177
636,129,0.0,119.3782886534247
637,129,0.0,118.19604635133862
638,129,16.0812045240664,119.63121219013546
639,129,47.58424117154128,150.8899760015149
640,129,92.16330419886232,171.61614358653648
641,129,120.37501312525511,178.18959251554978
642,129,119.39786041747001,177.3463370379879
643,129,126.41352404012801,176.43136238254698
644,129,114.45793649446034,174.26792362023448
645,129,69.15029451604397,150.16998817738988
646,129,60.82574577966657,148.8112443310507
647,129,51.52715348300911,115.37535827255044
648,129,40.40707149350813,110.97465058987584
649,129,34.578215645917105,148.80182296854693
650,129,43.556532477564716,111.38399134454855
651,129,43.90166219659913,148.3994717222627
652,129,29.999507791011574,148.4377873432839
653,129,32.1695502477297,148.70498708048757
654,129,38.69247519460053,110.29814237064915
655,129,76.79238044774924,168.04835965952958
656,129,68.79990613052331,152.6289164226175
657,129,67.11136749889718,154.32740504915958
658,129,30.97922763826521,149.16521679144554
659,129,7.024940133585023,117.43283164391444
660,129,1.291153385940321,118.35498115862507
661,129,4.132352893344795,118.15549613032387
662,129,16.790352517548328,117.95463060451003
663,129,48.72650724282273,149.40587956294402
664,129,92.19446078949257,170.48371732558692
665,129,122.11749323793337,174.59376731801802
666,129,129.52609518245197,175.91918666804455
667,129,118.61064475922475,174.0364851230606
668,129,111.01091034317622,172.01270695806033
669,129,68.57391187574557,148.9006030785565
670,129,58.661064088187786,147.88994978256082
671,129,63.33604875861304,146.50727828448623
672,129,40.54859026210925,111.06383089171761
673,129,34.66831533593742,148.7239817398834
674,129,32.799985068444904,148.53345064716405
675,129,44.443595902749664,111.77132848752652
676,129,36.77670845200841,148.38329139756473
677,129,32.674413108732246,148.67314447388685
678,129,40.39717291544883,111.00750081005035
679,129,79.53852115444283,167.891375062808
680,129,72.04804007173286,151.97067629338176
681,129,68.23415298604968,150.9906417849673
682,129,32.812358478535714,119.69933201189542
683,129,3.5872630828342635,117.17035519231767
684,129,5.461679792311547,117.49348176532848
685,129,0.0,116.57956730390633
686,129,9.787597309918283,116.97028053872016
687,129,42.741067043867154,150.63421352423353
688,129,90.88391117196953,171.6348383129503
689,129,126.16436994150199,177.0685274682524
690,129,123.3076949913238,178.6274235039207
691,129,131.27944060314624,177.2318793735693
692,129,119.90226549114396,176.2873301536608
693,129,69.86005720475704,154.363380895318
694,129,59.030136348400475,149.6204227354788
695,129,63.49926262337985,147.6104943199369
696,129,39.72332729585694,110.73652900591688
697,129,34.18456862882312,148.77048116571282
698,129,31.59953962253422,148.21259384805188
699,129,31.390106280471265,148.182889209274
700,129,44.48440821158402,111.77478772161481
701,129,32.868958313102816,148.4624808923327
702,129,38.74878793432546,149.68381833823497
703,129,77.88303083042625,168.17925377186666
704,129,83.46104649440484,156.26983235348425
705,129,72.55028572163394,152.3301968013613
706,129,36.12203961688643,149.8625302055466
707,129,4.999501279456662,115.73836123101438
708,129,0.0,115.65367650479544
709,129,0.0,116.06646632586367
710,129,13.159992860914723,117.01391083638505
711,129,46.98959711123646,150.1215165020785
712,129,88.4461816883908,170.35980917667845
713,129,118.30991247738962,177.15496247881936
714,129,120.82152483946335,177.37531688360107
715,129,118.43331169324264,175.91812965611297
716,129,110.94689177410464,173.99316232494945
717,129,66.12109781196864,152.98352153869345
718,129,58.012963201728624,148.74674851493197
719,129,51.172074522461635,115.24545679839235
720,129,42.52022115626636,111.820213836982
721,129,35.09544875996331,149.620843251834
722,129,32.016696175804555,148.92188464319221
723,129,42.60640628678386,148.34167005593812
724,129,28.849412212412318,148.34211922172273
725,129,29.35073372189383,148.50113343193382
726,129,33.24051132342391,149.2116795762948
727,129,42.192845993480624,111.68159693385691
728,129,36.673473278140634,115.22112381167312
729,129,23.69744388843114,113.28882879546475
730,129,0.0,205.25697138960783
731,129,0.0,204.43163447618812
732,129,0.0,204.296239911305
733,129,0.0,192.22894809340067
734,129,0.0,192.40063916931203
735,129,0.0,204.95987874610822
736,129,31.024721108641558,115.13463993501998
737,129,70.38153395815883,167.95492598656352
738,129,61.77023963916077,154.4462575517726
739,129,56.569094773669654,150.15653603583195
740,129,64.23489316883779,165.56963800963752
741,129,59.84737556693214,148.5686597511362
742,129,55.31961228770375,148.33796253530147
743,129,48.006264881029146,113.9884319581387
744,129,41.03931864414209,111.22229312990318
745,129,36.61846217697876,109.46812669489785
746,129,32.816653066791446,148.64652359353434
747,129,30.472098252837547,148.346419424377
748,129,30.66590548629388,148.34684945023244
749,129,32.004857766519606,148.53744033891323
750,129,34.04878145995467,148.75711527296264
751,129,38.062100427138304,110.04329233220685
752,129,46.49022028758058,113.89137277867628
753,129,25.673162750022946,114.62802637851784
754,129,0.0,205.7715227776891
755,129,0.0,205.31138439631425
756,129,0.0,205.49866774665324
757,129,0.0,205.09110059119385
758,129,0.0,204.87800478631928
759,129,0.0,145.9967431671859
760,129,47.45830581841336,148.49407471420332
761,129,73.94316218039572,169.77147997757203
762,129,73.16057110479063,169.71279156122603
763,129,77.6886021880973,168.7038039373575
764,129,74.42388715452864,167.5758159447158
765,129,66.57559257150672,152.72940599258678
766,129,55.93168742102683,147.93180323557164
767,129,47.25329134391151,113.6725280326534
768,129,37.67558863813243,109.88482088134708
769,129,33.14439701822188,148.7576652282698
770,129,30.98220768802867,148.3307697907218
771,129,30.824513488835894,148.43381829225683
772,129,30.59175852620928,148.21051960957834
773,129,33.040773643636975,148.4865291799492
774,129,40.05440730765421,110.83984242678547
775,129,75.75650191734191,167.32285059406382
776,129,78.64778709006167,167.8068396284913
777,129,51.58980063897276,152.2517649148828
778,129,10.400442875731239,113.38398822098975
779,129,0.0,205.3475348387674
780,129,0.0,205.17020727828
781,129,0.0,204.98137324893855
782,129,0.0,205.12515113175192
783,129,23.828541426414247,116.0175670926581
784,129,76.33862544744652,168.01789793737373
785,129,137.40579243132873,168.46679562810917
786,129,139.9951335535596,164.68516494549584
787,129,114.89748757281829,172.292679992111
788,129,121.05137818849593,172.65398098962123
789,129,71.5794743140216,152.37953244532613
790,129,61.63942783493939,147.56424874457116
791,129,51.31413117681359,115.3381820229548
792,129,41.52955209667506,115.87856750170147
793,129,36.18745351152436,148.13731215733767
794,129,33.93197180823619,147.82144285512788
795,129,46.06665189960227,112.423032727697
796,129,31.573049295050808,147.58312721657038
797,129,33.319315672543695,148.11986692276324
798,129,41.13926665004403,111.29840242519192
799,129,71.12027179075974,154.63564794331654
800,129,70.91001511348561,151.7759060484354
801,129,53.97008681509746,149.9265724588246
802,129,18.251456794678656,117.47848456648194
803,129,0.0,146.7277622765686
804,129,0.0,205.65687211141287
805,129,0.0,205.72067128088185
806,129,0.0,119.73700762509182
807,129,31.77291201027331,120.2487613850601
808,129,81.5491541998148,169.84691828847122
809,129,124.76214581693505,172.3548247306067
810,129,127.94130962286349,175.73918553757272
811,129,111.05363475696875,175.047135659497
812,129,114.09048616114514,173.51795931376506
813,129,69.62332032933452,166.59374111100584
814,129,62.94235959133414,149.31275243224806
815,129,51.4339143711299,115.34299636120724
816,129,43.36858333488767,112.14957604701026
817,129,37.431745136635186,109.79741767796492
818,129,47.192586029383904,112.82210381344359
819,129,34.551271403659925,148.718049264143
820,129,34.99373759034338,148.63344078059922
821,129,35.544095304298985,149.0265461947256
822,129,42.542583182513965,111.8117106271321
823,129,83.3900062901011,168.04077269230277
824,129,73.42209935747574,155.77468352602654
825,129,61.30132657828365,150.5931880326177
826,129,18.211790052949627,117.74551139777014
827,129,0.0,150.74218172116198
828,129,0.0,205.30193547475054
829,129,0.0,205.1212937401731
830,129,0.0,145.94374615518905
831,129,26.701031553858257,117.53782670429725
832,129,84.50348135316821,166.10487588326478
833,129,129.37316226081506,169.5079941201913
834,129,130.63554612073372,170.56717297870478
835,129,131.70021561473283,170.19205999399216
836,129,119.27666766746188,173.75283323686122
837,129,69.4029293502329,152.89487391309336
838,129,59.72096960311232,148.04171841465282
839,129,63.879702130324915,146.48159708375854
840,129,53.20376014304497,115.2290784227737
841,129,36.429517064876805,113.2986681993538
842,129,31.831874805752488,148.1414727606735
843,129,30.848335885926602,148.091908211412
844,129,30.124973315585017,147.92923206450538
845,129,31.13898852275572,148.25486812353694
846,129,38.40218816073693,110.19963275168894
847,129,59.116086750273915,150.76784903103044
848,129,61.06217199075476,151.42753018986093
849,129,46.17061190610599,150.21608786718292
850,129,17.66509446051008,117.62501622441063
851,129,0.0,205.33526069968192
852,129,0.0,205.37730337549127
853,129,0.0,205.4739205586248
854,129,0.0,147.2497377368786
855,129,28.674929573533333,149.49369798603732
856,129,83.97302338785147,170.78024230492187
857,129,133.7169985032172,176.89267457217983
858,129,118.39127001167661,177.54677837353668
859,129,104.87956429746266,175.27465940781516
860,129,106.8434342137439,173.51162016776792
861,129,65.1854741346739,149.32170861197685
862,129,57.57830796922124,150.93598588095134
863,129,48.56950983638671,114.22246739081483
864,129,41.16052260917736,115.71328368156115
865,129,34.88876589867708,148.7862331814109
866,129,36.68557366840722,148.45936738385706
867,129,42.274099825945505,148.24295285191434
868,129,27.703088268042865,147.97709721202324
869,129,42.957885221950576,148.12718705590058
870,129,35.43776988877092,149.2185843311082
871,129,57.68527654986589,150.66657721955914
872,129,60.009405916004475,154.6731282439978
873,129,47.743383315071206,149.73131102317996
874,129,12.422849661615034,115.09807719021859
875,129,0.0,204.92253432546974
876,129,0.0,204.84108199206096
877,129,0.0,204.93362402885674
878,129,0.0,146.08802208456729
879,129,25.52761508494566,118.00826977815689
880,129,72.69453089894705,167.97967703002865
881,129,110.93849343964112,174.87940973996234
882,129,114.61757472565483,174.1436651453652
883,129,115.1099231170306,173.32376341981993
884,129,112.10437675809848,171.5059983868622
885,129,67.40531515867657,151.86123390669016
886,129,60.39683437131902,151.2979916216212
887,129,51.400889321581225,146.66193040899043
888,129,40.72592615638017,111.1111111111111
889,129,32.83326936924855,148.6100516603039
890,129,30.25635186328062,148.41884687472452
891,129,29.324284169617638,148.0393361869244
892,129,41.41722681486333,147.90407267509858
893,129,28.79996135438036,147.72016553422839
894,129,33.34362164018309,148.3271062581536
895,129,41.37723064064056,111.37185632284965
896,129,31.37063869800817,114.4304384613118
897,129,6.376862450097649,112.96916307435237
898,129,0.0,192.5480401226919
899,129,0.0,203.77515476265927
900,129,0.0,203.75608380117382
901,129,0.0,203.4329983313701
902,129,0.0,203.4932941512585
903,129,0.0,192.25296888912294
904,129,16.813518428024768,115.21558294492408
905,129,61.20456686341241,153.66655285418497
906,129,64.52875763534274,154.04046537581794
907,129,68.11723501132829,166.01865455685194
908,129,66.47993638754873,165.58010727166874
909,129,57.92116607760801,148.2033946194714
910,129,52.240983571906696,147.09471136996342
911,129,45.50129068710708,112.99715828318004
912,129,38.3812977168246,110.17740977967604
913,129,46.18802181583412,112.43432631557955
914,129,30.11569671518919,148.02272260319495
915,129,28.65401769982681,147.6328389989104
916,129,27.525175536006927,147.63844812990777
917,129,29.210732018096163,147.79894504243822
918,129,32.22602389401112,148.18505314581915
919,129,38.681838000206234,149.14807748573233
920,129,41.70250995850098,146.17676700588208
921,129,0.0,115.10937345020814
922,129,0.0,205.3934893353084
923,129,0.0,205.01662787062185
924,129,0.0,204.96136755603368
925,129,0.0,204.8139047046049
926,129,0.0,204.7598503513432
927,129,0.0,204.92724715388695
928,129,28.07513782674082,116.74937155239434
929,129,84.42033529785003,169.21518305571874
930,129,85.17539416970124,170.23764133711484
931,129,69.01909610030407,155.56307368194194
932,129,61.928505214258095,154.2808266324987
933,129,69.23444581303973,166.46002100091948
934,129,59.68750730710709,151.26161342718348
935,129,47.95678538646352,117.00243838152296
936,129,40.52448716309942,111.02908946025572
937,129,33.59109513824216,148.7411576350465
938,129,31.343602312556424,148.37140469404773
939,129,31.058529125881453,148.2824370893528
940,129,30.62188068933501,148.26492685273806
941,129,33.2232305913121,148.62718031861908
942,129,39.819307857205246,110.76188574081593
943,129,78.67934549857958,167.87993925580489
944,129,76.05145343788155,168.45964249102687
945,129,41.060050372636596,149.17956296396324
946,129,0.0,150.36890318284148
947,129,0.0,192.34946040902747
948,129,0.0,192.0906761383484
949,129,0.0,191.6272952328345
950,129,0.0,191.78722008796458
951,129,0.0,149.6135899362744
952,129,52.20535628592249,152.55522361806737
953,129,115.76319946555209,174.54179643589572
954,129,120.61732528488382,175.00938725028763
955,129,124.13873463946693,174.27360165734513
956,129,107.95665355004375,172.50411240633628
957,129,66.88302465114081,165.51578347197363
958,129,55.188398883908,147.34260934395326
959,129,46.04839420874588,113.24329288721272
960,129,39.84758947706356,110.776430687261
961,129,47.37448335406634,112.91819389701485
962,129,45.10343124175984,112.01945914666493
963,129,31.056295357873335,148.07759661678938
964,129,36.099563141455334,147.91197943086536
965,129,32.02434233265583,148.15435015721
966,129,37.39918594478982,109.80885843184672
967,129,69.85525319739509,166.66649312445003
968,129,56.3466888130617,149.6495175172287
969,129,21.906993120485485,117.03475685162546
970,129,0.0,149.07002376052574
971,129,0.0,191.79255740161364
972,129,0.0,191.53027180003087
973,129,0.0,191.33416101127668
974,129,0.0,191.75411808312407
975,129,0.0,145.22026075845727
976,129,54.2022595103654,149.80384283045905
977,129,120.16579967134398,173.81149029101059
978,129,128.66580055988774,171.575295470412
979,129,125.69633835545608,175.41527324434696
980,129,115.17695850203995,173.4633388891984
981,129,70.07674737275188,163.14491018447558
982,129,63.180801069456585,148.79426703716257
983,129,50.80035307214435,115.10650466843997
984,129,55.67967029750109,145.59705245338466
985,129,50.06063317249997,113.97529703363654
986,129,38.51180392122524,112.23584586453643
987,129,32.025333853921765,148.687721458098
988,129,31.64203504595691,111.93181551312897
989,129,34.67847699570355,148.70938936687267
990,129,42.13244210047223,111.6600517724752
991,129,78.62360504394341,167.60654589049514
992,129,65.70716970559918,151.1334812456751
993,129,34.76531975604784,149.13637214211417
994,129,0.0,116.1172276845895
995,129,0.0,204.88549495650693
996,129,0.0,204.8925425485951
997,129,0.0,204.84099891789273
998,129,0.0,205.01486647234717
999,129,9.083650431882548,114.84330863764436
1000,129,64.92203815976617,167.31428273530068
1001,129,128.74268923401826,175.2933692745327
1002,129,116.71298150959933,176.42411836048493
1003,129,121.95885839285002,174.91539612371426
1004,129,111.4958725271033,172.97458910831665
1005,129,64.35583711102764,162.38337267387695
1006,129,58.313457610921574,151.0853523118619
1007,129,48.59307282195339,114.25246731904004
1008,129,40.04855277120545,110.86046565011993
1009,129,36.57976489596014,113.90393166922115
1010,129,35.26928230059979,148.73230038840535
1011,129,34.23822980664082,148.37417123030187
1012,129,31.66493747289837,147.9063411579402
1013,129,34.16506029891904,148.20991105134223
1014,129,42.15441959886075,111.68933386789115
1015,129,83.62650807362529,167.23893884147915
1016,129,65.91053321213919,154.16808601325408
1017,129,39.80690280525946,148.76296874425557
1018,129,1.8805812640768729,116.17975491381189
1019,129,0.0,204.85321642944433
1020,129,0.0,204.63669813141644
1021,129,0.0,204.44911845629716
1022,129,0.0,204.38092621316434
1023,129,9.262413087804656,116.68669828164946
1024,129,64.31175764419108,151.43873620576161
1025,129,129.19004409799507,175.22949021719452
1026,129,120.96016608313664,177.14215165684678
1027,129,111.62132922145025,175.28135844477868
1028,129,113.09535793952506,173.05310927879097
1029,129,67.41899508042646,165.53192347075841
1030,129,61.11480635235235,148.43429947370674
1031,129,51.690688429709084,115.45718303997423
1032,129,42.86769123431494,111.96323875451752
1033,129,39.48688475632942,114.49092109280934
1034,129,34.25881078329363,148.76508674833931
1035,129,46.22578905488324,112.44928021259456
1036,129,32.32016547154435,148.28468913369323
1037,129,46.85507483543458,112.68768420740699
1038,129,39.009665584533685,110.41780946511054
1039,129,74.2753147688996,167.73358136290003
1040,129,65.14894569798402,154.96629384551636
1041,129,35.10785237927236,150.33801869820252
1042,129,3.1365236217286796,117.85463121377204
1043,129,0.0,205.3746918072315
1044,129,0.0,205.41668588256115
1045,129,0.0,205.27181174988507
1046,129,0.0,205.3892356326444
1047,129,8.764048567544084,115.91641306171333
1048,129,57.09187631189496,166.62560835618524
1049,129,116.10635655789257,175.37206219346785
1050,129,126.52499220942609,173.83970758313333
1051,129,123.4151316645095,175.20013816754638
1052,129,111.67312216314137,172.90368350817155
1053,129,68.80317790601764,152.8588617292005
1054,129,60.33665190027053,152.0050150178296
1055,129,51.6569704885505,115.45316072183371
1056,129,43.15606524557976,112.08191303304352
1057,129,36.710567645465815,113.95804664992227
1058,129,34.92457460399366,148.9921605368208
1059,129,43.85421306867761,111.5326856712164
1060,129,43.75470444911293,148.59348733954272
1061,129,30.847238913770365,148.6315929516864
1062,129,33.67213318883689,149.0569510335804
1063,129,29.129846870449896,111.80077517989007
1064,129,25.079377493331787,114.67743675506927
1065,129,0.0,205.18052797518715
1066,129,0.0,204.30197413453268
1067,129,0.0,203.80944919673826
1068,129,0.0,203.6169687460877
1069,129,0.0,203.29747852670968
1070,129,0.0,203.28715845831692
1071,129,0.0,192.20253915653058
1072,129,0.0,119.35518380458173
1073,129,61.32165736960694,153.4084883178432
1074,129,69.90867866267007,167.42810654185354
1075,129,72.7333162694619,166.23877828807304
1076,129,68.50117041437721,165.33443875065623
1077,129,62.23139374525847,151.3783694513114
1078,129,54.37844441250974,150.64391776773303
1079,129,46.28544845248945,113.33016815980027
1080,129,39.53140187398071,110.65729843767129
1081,129,33.23155264638104,148.57915683291168
1082,129,30.665896746781495,148.18663215316712
1083,129,29.083234598844115,147.7788637892927
1084,129,28.07870264534834,147.69862286400485
1085,129,29.350707935693464,147.73183847685553
1086,129,31.911508324478476,148.03987024015137
1087,129,37.96621701529811,148.97848736176567
1088,129,35.17308502882125,113.41111871155125
1089,129,0.0,205.34863518700533
1090,129,0.0,205.05032240483968
1091,129,0.0,204.80629409157928
1092,129,0.0,204.6904011137425
1093,129,0.0,204.65349460097917
1094,129,0.0,204.7396762242808
1095,129,0.0,204.9498403609522
1096,129,10.20491989693036,117.05464738493767
1097,129,72.63494915250601,167.48155611148
1098,129,71.50242499841937,167.94516949109592
1099,129,62.75495188782719,167.41056387907244
1100,129,66.17706338576129,165.63692417454538
1101,129,59.31672418911687,161.6475584961226
1102,129,52.08054140728643,147.25908107927256
1103,129,42.315876869081556,111.75327423636611
1104,129,35.90163862260157,149.07707601240938
1105,129,30.397069877304283,148.16098904996156
1106,129,27.246421857047615,147.65652553666865
1107,129,27.321165075533635,147.65589741678
1108,129,27.00669633727035,147.5739780978853
1109,129,28.63889352978649,147.76326891942657
1110,129,35.29336827103164,148.83937719804234
1111,129,65.42021770116878,166.09178437680072
1112,129,58.4344345518726,165.96326377945505
1113,129,25.858443203848076,116.68305136354252
1114,129,0.0,114.7149318825191
1115,129,0.0,205.4836044514129
1116,129,0.0,205.68157828892265
1117,129,0.0,205.25148485195237
1118,129,0.0,205.10711638021786
1119,129,0.0,145.30007688236455
1120,129,41.165131645304,149.18613205678488
1121,129,108.54182630621764,173.0551905744459
1122,129,125.12953822682432,175.67343777299237
1123,129,114.12652228653373,174.24180593379808
1124,129,104.34045645253329,173.40636992375684
1125,129,61.489828764914115,165.698890970378
1126,129,52.99955047054362,148.12602683029365
1127,129,44.761536258386144,112.70598793031348
1128,129,35.88502774405196,109.19429029030748
1129,129,31.844239728937566,148.8043760286677
1130,129,31.275657177818612,148.56298016719833
1131,129,29.15781728243514,148.00396545626498
1132,129,29.071781152485542,147.8478653018223
1133,129,32.075375091351326,147.99385111446702
1134,129,39.8395000007125,115.18543788704332
1135,129,64.52343377905382,152.99050410578326
1136,129,51.78197899188131,149.51694459536446
1137,129,19.587117831757112,116.3091436158594
1138,129,0.0,192.35949114367216
1139,129,0.0,191.85194525696386
1140,129,0.0,191.85092445278835
1141,129,0.0,191.66534933902088
1142,129,0.0,192.08978065633084
1143,129,0.0,145.75006084420122
1144,129,51.369203961083535,152.83429145799207
1145,129,122.88282792372583,169.11346150671451
1146,129,119.93422191739468,168.70624595058092
1147,129,108.96104586930785,172.4675172492786
1148,129,111.80905584778158,170.96353098673293
1149,129,67.39647020300524,164.56396090568109
1150,129,60.69714307680278,150.42524345643739
1151,129,51.77304946649305,146.09927271911954
1152,129,42.31172164666996,111.73885540089401
1153,129,36.00309325286888,148.52007290363244
1154,129,33.11124010455039,148.31785885650078
1155,129,44.87098720737064,148.26442389550783
1156,129,42.95094309404713,148.19692455389003
1157,129,31.698169794163345,148.3171420560893
1158,129,34.63501035727451,108.71057402215142
1159,129,51.97224776708878,149.43437012589564
1160,129,40.89921553881226,148.48430800844912
1161,129,16.88729947810435,113.42475948661989
1162,129,0.0,204.7356314867603
1163,129,0.0,192.3908888007927
1164,129,0.0,192.47521018881108
1165,129,0.0,204.38745591647634
1166,129,0.0,204.81090800523927
1167,129,0.0,151.17792051029457
1168,129,50.388512955206856,163.95810912539287
1169,129,106.60492553488713,174.81151211422065
1170,129,114.27502554003438,175.5159135648485
1171,129,113.64488298053706,173.5905946571268
1172,129,108.63371118484666,172.58975739285287
1173,129,63.84891565788234,152.40411435995927
1174,129,55.97797077851552,148.531208000231
1175,129,45.89246458784252,113.16676470961181
1176,129,35.592489998405725,149.33219619002017
1177,129,30.839104019902994,148.45411694766895
1178,129,28.56370257009553,148.05321105903357
1179,129,40.8469947453893,147.80405328312452
1180,129,39.6129533191676,147.8521436802434
1181,129,28.67212064558809,147.94638263126183
1182,129,33.37447688666557,149.01932827364664
1183,129,52.87988937340472,150.16070701811256
1184,129,42.501037639500076,150.07441482114925
1185,129,16.798344299723215,113.84463317145462
1186,129,0.0,204.7093245404042
1187,129,0.0,192.31949065930618
1188,129,0.0,204.15474916494315
1189,129,0.0,192.17057579580202
1190,129,0.0,204.39222825578562
1191,129,0.0,151.35009610650152
1192,129,44.445053292482264,163.79060809088904
1193,129,115.38638798877294,175.10609475790616
1194,129,114.29791860516661,175.88534885359914
1195,129,108.46000779090545,175.0078040453026
1196,129,109.66955530212901,173.21903402598886
1197,129,65.58230206011629,165.89354549791395
1198,129,56.5722586101589,151.33972728753093
1199,129,48.681550533900435,114.24951301182448
1200,129,40.039603625237476,110.8282196641218
1201,129,34.486260171028874,149.0419820336717
1202,129,31.708321198266123,148.73421913708052
1203,129,30.329706380248066,148.68053442433006
1204,129,42.74345376943868,148.5465322932826
1205,129,29.638624584834353,148.7035793185057
1206,129,36.01799177489787,109.24673908042132
1207,129,70.06004621535084,167.17480633403574
1208,129,52.374646993554,154.1563879899499
1209,129,33.564818511711074,149.83897284983382
1210,129,0.0,116.69991090680934
1211,129,0.0,206.30190064849305
1212,129,0.0,206.48934882639452
1213,129,0.0,206.2662202969349
1214,129,0.0,206.21710656405764
1215,129,0.9687703918976497,117.36930134363358
1216,129,46.538755189541845,167.41532388781556
1217,129,118.23763622794763,176.07464178428916
1218,129,132.80243241290555,178.04610330626917
1219,129,113.77878357393301,177.2967770527055
1220,129,116.89362985818053,175.54721361203826
1221,129,70.71914564678963,167.51085726758419
1222,129,61.48580081746832,166.07045456660907
1223,129,53.438495517602306,116.16985569762959
1224,129,44.9755803514673,112.81014513141457
1225,129,47.377405339448956,110.107448817705
1226,129,33.472851677729416,149.50869736117585
1227,129,30.782066935661653,149.00981625935646
1228,129,29.18613718025543,148.75531285082855
1229,129,30.105905137094528,148.81966184929598
1230,129,34.31520258061323,149.25850069571732
1231,129,27.252344833885143,111.22768887643382
1232,129,9.365499128205085,112.13897700459087
1233,129,0.0,204.53179885020143
1234,129,0.0,203.86023027403857
1235,129,0.0,203.6443549153729
1236,129,0.0,203.62906499307525
1237,129,0.0,203.21226982287538
1238,129,0.0,202.9572962129731
1239,129,0.0,203.4768377999374
1240,129,0.0,204.926955672357
1241,129,43.81408151163391,150.51612410778904
1242,129,63.54510389749636,168.3520011474579
1243,129,69.4557745860878,167.80973799031418
1244,129,66.58520421557328,166.348725211109
1245,129,58.04787644455514,152.1868345638904
1246,129,51.753102424114616,151.2059089418532
1247,129,44.54467932084853,115.67573804829256
1248,129,36.7908809301337,109.57074835689886
1249,129,32.10283537818204,149.24683064706946
1250,129,30.23559874787322,148.62019195445953
1251,129,28.727651702674475,148.20656860276395
1252,129,27.603072471168026,147.89007900165763
1253,129,27.654830228962155,147.93969660589377
1254,129,30.54238395345766,148.43238384041618
1255,129,34.851100601168326,108.90513192619655
1256,129,16.032971199937926,145.052534373619
1257,129,0.0,204.5944194939148
1258,129,0.0,204.1239164089581
1259,129,0.0,203.83708568161967
1260,129,0.0,203.91826048363308
1261,129,0.0,203.78027667134083
1262,129,0.0,203.80803124182884
1263,129,0.0,204.1367213691018
1264,129,0.0,205.26309314747851
1265,129,51.77135912365092,165.7210852615684
1266,129,65.70842509524996,166.88632889957526
1267,129,56.53053092383829,166.66904963827395
1268,129,50.468077546037655,149.49031836170707
1269,129,57.05743619311859,164.83927342397942
1270,129,50.59939175852852,118.0675370101982
1271,129,43.3984510340859,112.17188820402212
1272,129,37.13608236004772,109.68416626367497
1273,129,32.60134772346213,148.63658720288834
1274,129,30.670971537704247,148.3166445997973
1275,129,29.0296007048367,148.26194278435955
1276,129,28.633552916910297,148.2216609250629
1277,129,30.987345949669866,148.58397898942366
1278,129,38.06866970843373,110.05621055318309
1279,129,69.23175454723764,166.7654433851744
1280,129,53.396138430013934,165.88964589696488
1281,129,14.566630996575489,115.30768916492043
1282,129,0.0,205.86760604649135
1283,129,0.0,205.71630161850786
1284,129,0.0,205.9411400529649
1285,129,0.0,205.96604898932492
1286,129,0.0,205.7505120283115
1287,129,0.0,206.11720602268025
1288,129,31.10844372140805,163.4207402058439
1289,129,87.5634333341439,174.0034564117824
1290,129,105.15743597330673,175.40703364948925
1291,129,110.96678021115136,174.59838856873932
1292,129,106.72962433588631,173.3550610195314
1293,129,67.48486211038363,166.32563567081695
1294,129,58.470604797744464,151.62331188533102
1295,129,49.03907083484068,117.41875374147781
1296,129,38.36577325183568,110.1633531707715
1297,129,32.375931033514526,112.21732985499312
1298,129,29.85830467679491,111.21766935875868
1299,129,36.623441839644784,111.46310949896497
1300,129,42.72077025630755,111.0445162382515
1301,129,44.41649449091806,111.71816975128841
1302,129,37.66144999276442,109.89187141215322
1303,129,61.945388562847114,166.5356884253037
1304,129,34.499402104939016,148.42939950910826
1305,129,0.0,146.84108509492535
1306,129,0.0,204.4049818289463
1307,129,0.0,192.19524344528438
1308,129,0.0,203.7023629185673
1309,129,0.0,191.85492143431196
1310,129,0.0,192.11041902033855
1311,129,0.0,204.83674757003078
1312,129,33.376747346415684,149.64925818649027
1313,129,114.0862362542978,174.6117719393435
1314,129,113.43383410403271,175.8201182260764
1315,129,101.86062127874048,173.1723373785689
1316,129,103.00655899809155,171.7011266708435
1317,129,62.53399787348872,165.48794856705703
1318,129,55.7715990757228,151.07133269927633
1319,129,46.974339738788274,113.62183569420556
1320,129,49.64678837051488,109.40068591019237
1321,129,44.950698869079524,148.54118067144867
1322,129,32.88810302805236,148.13594074263096
1323,129,30.90463766699498,148.16318953170608
1324,129,30.781137307349443,148.08686982949592
1325,129,32.17039684230958,148.3948734526847
1326,129,39.57752977614928,110.6881215641554
1327,129,60.41930105247777,153.80766669960607
1328,129,38.359198230175124,149.30141320523697
1329,129,2.398574126457016,112.4903385515162
1330,129,0.0,191.8480732308167
1331,129,0.0,191.08152756282075
1332,129,0.0,190.93984251187916
1333,129,0.0,191.14239889833414
1334,129,0.0,191.5482238103676
1335,129,0.0,192.34373749257847
1336,129,26.26413183470612,118.65773365679122
1337,129,92.97672515916138,173.61261538504866
1338,129,114.75425466092356,176.35917587069432
1339,129,118.44743352934833,175.13572836793807
1340,129,113.46942761261846,173.96734369178708
1341,129,70.9897941261979,166.80434142403593
1342,129,59.45655238343309,151.63026724986398
1343,129,47.826702405582765,113.93245295408265
1344,129,38.55882447016637,110.26263465938766
1345,129,31.638702870577692,148.73086872748067
1346,129,29.298709406389552,148.39628804300452
1347,129,40.101850382737354,148.08199091429967
1348,129,27.753568304523142,148.01378364810412
1349,129,28.813726002023905,148.35296655315256
1350,129,35.80014814301681,109.15164739156214
1351,129,66.86848587068681,165.86509419486023
1352,129,34.48675962160806,148.16612959094854
1353,129,3.556130766917109,145.76846268097333
1354,129,0.0,192.09889823060584
1355,129,0.0,203.51075434886084
1356,129,0.0,203.74063676679313
1357,129,0.0,203.55940212605762
1358,129,0.0,204.28634152333996
1359,129,0.0,205.23959978367063
1360,129,24.49876896125487,132.34787640682006
1361,129,93.54958888560859,171.98958759656486
1362,129,103.61247539811917,173.34601356634167
1363,129,97.4380236056905,172.88842554327448
1364,129,102.99571104783486,171.86539418268023
1365,129,60.056291205725806,165.08387969588162
1366,129,52.17380308009095,160.92012272323512
1367,129,45.74427868859277,113.09106954313548
1368,129,39.47381181753693,110.60468297701706
1369,129,35.08432003032032,148.7093539974276
1370,129,32.79042733916037,148.38365717479618
1371,129,45.177469189153165,112.02696331183049
1372,129,40.89923823330999,148.03852620805873
1373,129,31.784328645275735,148.1399178760148
1374,129,38.1598064351136,110.10142542301116
1375,129,55.899326342224136,166.15578081944676
1376,129,39.699259784813705,148.59568934991617
1377,129,13.147680046546093,114.81570983536672
1378,129,0.0,204.73881469177434
1379,129,0.0,204.2345877358804
1380,129,0.0,204.001110991613
1381,129,0.0,204.23663348182905
1382,129,0.0,204.1834183084707
1383,129,0.0,204.56014907841342
1384,129,21.116177981257795,118.3005880665012
1385,129,92.96874842346396,170.50054770032082
1386,129,107.2974891895037,173.1762374185597
1387,129,108.644273262504,171.99849261771917
1388,129,107.64907320458852,171.16067705878154
1389,129,62.391949865847266,161.39468171096888
1390,129,56.42181976817847,147.30344114268158
1391,129,49.03401464301999,114.42333003083247
1392,129,55.667421438978124,111.77218430774646
1393,129,36.59786362288762,149.0231844069554
1394,129,33.29496591129921,148.56214178492127
1395,129,33.38356932449403,148.4472938128051
1396,129,31.912428495038025,148.30211946242778
1397,129,32.04421567153171,148.27144898661032
1398,129,37.92752199114453,149.05261956239426
1399,129,29.14257661154746,112.4548458855267
1400,129,0.0,145.31000569425257
1401,129,0.0,203.75639170868777
1402,129,0.0,202.9300236557644
1403,129,0.0,202.75733289600694
1404,129,0.0,202.92154392774924
1405,129,0.0,202.79717089296025
1406,129,0.0,202.71142436229528
1407,129,0.0,203.02261173895232
1408,129,0.0,204.42642646932288
1409,129,39.586997444046524,166.1284506757496
1410,129,67.7393084448044,168.63497863123445
1411,129,64.60352369344115,167.72456754231666
1412,129,70.81793369730832,166.18881633742313
1413,129,66.29750884296683,165.24619941610592
1414,129,58.27141561582303,150.97127170384792
1415,129,53.019265597739675,150.06587050062035
1416,129,43.0366597886644,112.03688120086171
1417,129,39.2236776166415,110.529853539084
1418,129,35.8620503009985,148.9413498071373
1419,129,33.597140990732385,148.53478456743184
1420,129,32.553696089088504,148.37368266789161
1421,129,32.43067527149818,148.40153784469402
1422,129,36.025604889424066,148.81822672467132
1423,129,39.47147798569321,114.17600953926576
1424,129,5.527433151609461,148.79560152170524
1425,129,0.0,203.63247822442148
1426,129,0.0,202.9262726605562
1427,129,0.0,202.64288877073776
1428,129,0.0,202.4561711351912
1429,129,0.0,202.25870038980528
1430,129,0.0,202.36600820302314
1431,129,0.0,202.70804072821338
1432,129,0.0,204.09476891899368
1433,129,35.35410715436084,165.08673999297486
1434,129,69.24987206440716,167.70867591052502
1435,129,64.51384693337468,166.90416694536475
1436,129,72.6939350593435,166.22226690731003
1437,129,62.76073189050035,164.75631010150573
1438,129,54.91535864782281,150.01625730612898
1439,129,45.646332689273464,113.05682913587175
1440,129,36.67141731803922,148.7690321856168
1441,129,31.832774358889466,148.30697011106253
1442,129,29.28550255906421,147.9696293666036
1443,129,28.205042033666643,147.90395717738218
1444,129,28.64311764665916,148.05328877883102
1445,129,31.306808172983743,148.42839290257945
1446,129,39.17162796355686,113.51881595244811
1447,129,69.79068426446814,166.55440745337486
1448,129,43.5624725941204,164.8670270955297
1449,129,0.0,145.99385626076253
1450,129,0.0,204.05299232804776
1451,129,0.0,203.52799906438906
1452,129,0.0,203.46018801435628
1453,129,20.957994908936524,148.06892177001865
1454,129,30.133355660098555,148.45312072990828
1455,129,0.0,204.1053816137
1456,129,10.268760816528038,117.11676068679073
1457,129,102.97669604272686,173.39035561320182
1458,129,137.7051544494234,170.36219164724577
1459,129,118.63701665571658,175.75245737780597
1460,129,119.57617121008082,174.17889182466124
1461,129,73.88309275298414,166.66262557801542
1462,129,65.27806640764189,151.91136009685553
1463,129,54.01825301040031,150.0723144176396
1464,129,42.396242806024006,111.75046260944436
1465,129,36.361336748612665,148.7288019165286
1466,129,34.62454755492159,148.2396293776167
1467,129,35.439955623331144,148.20789953328284
1468,129,36.20128295567091,148.49178573565928
1469,129,38.00755921827913,114.43493812613784
1470,129,45.142415018124694,112.84500673480868
1471,129,69.18495886047903,167.19761238505782
1472,129,50.02940403564116,148.72077818065281
1473,129,7.677915347190441,115.86974803583152
1474,129,0.0,204.06364069439127
1475,129,0.0,203.42732630904163
1476,129,0.0,203.20700236317865
1477,129,29.8789944595402,147.74337547889274
1478,129,0.0,203.4466238676591
1479,129,0.0,204.21197769109304
1480,129,16.2444546763223,147.74109584378482
1481,129,108.23263188825099,171.77653766465687
1482,129,124.91617984970527,166.85421152522366
1483,129,120.91394485015294,170.35396874495308
1484,129,120.70997190564523,172.31522889263397
1485,129,76.85392846693672,166.87845774790034
1486,129,65.61625135018004,165.29374760130366
1487,129,54.75059387920491,150.48546783361093
1488,129,44.222568945399125,112.51246587647984
1489,129,38.50267321992681,110.25064674856819
1490,129,34.87581205771992,148.78470952560352
1491,129,33.632717726377315,148.73601250854838
1492,129,46.809444427786794,148.7014996842265
1493,129,36.7818797179724,109.57513689900671
1494,129,44.52300957968587,112.64962620505177
1495,129,62.90480876327099,167.40920433155304
1496,129,47.32997001457761,162.17486621929626
1497,129,3.4128125126639195,113.82336299803755
1498,129,0.0,204.07312205885677
1499,129,0.0,203.3268512974705
1500,129,21.270574349842935,147.89178232782385
1501,129,0.0,191.49560400566222
1502,129,0.0,203.46853599501785
1503,129,0.0,204.18820396164026
1504,129,13.577105176547724,119.18604524400692
1505,129,92.75293107847513,173.5592428389563
1506,129,114.94049379737505,176.71071914617738
1507,129,118.82837378378555,177.04397464488608
1508,129,120.40035034086189,174.58463890837345
1509,129,72.68079593382471,166.62654161169093
1510,129,66.0661466105969,151.85494749750762
1511,129,54.194647007480604,150.17459311808915
1512,129,44.310198235122115,112.52655528594494
1513,129,36.43218379330818,148.9233489319245
1514,129,34.103411769636466,148.4913059373758
1515,129,44.14790161863733,148.42576286939925
1516,129,43.96365192056137,148.47597863316147
1517,129,34.49039159778438,148.90745343939824
1518,129,41.54284876073472,111.43391088263058
1519,129,54.72427038882412,163.87730313853137
1520,129,25.448047733584556,116.27774197755886
1521,129,0.0,145.29316656939483
1522,129,27.488724441449722,147.84246692049362
1523,129,23.54532925170791,147.155109485592
1524,129,34.40247353940119,147.3141814650543
1525,129,23.130179988488354,147.13898034519264
1526,129,26.61399875188328,147.64853093249184
1527,129,0.0,203.82127385253534
1528,129,5.477387598527098,116.96255170614906
1529,129,84.35248028946937,171.85403908866778
1530,129,111.1314644075466,176.38515597407365
1531,129,106.87961232763674,176.01529867551037
1532,129,114.70391032706026,175.0722449089113
1533,129,65.43275715258969,166.97872866530622
1534,129,58.63041497061741,152.16985459009751
1535,129,48.517841977056676,147.07312992804862
1536,129,54.088862614692644,111.14948232066816
1537,129,45.54518657927868,113.51210516610485
1538,129,32.20998563599941,148.45841997595392
1539,129,30.423386794022708,148.16581970881882
1540,129,30.31470407018355,148.12064301603843
1541,129,30.57786190407816,148.27856359420215
1542,129,23.600247544762468,109.5853502908494
1543,129,47.29879713718374,161.92344269473696
1544,129,34.52043038198312,114.45369833759825
1545,129,0.0,144.71068876498205
1546,129,0.0,203.60281885682454
1547,129,0.0,203.02007534639603
1548,129,23.554560416771977,146.8317917264814
1549,129,24.90530513485654,146.9372042948806
1550,129,0.0,203.1511081981642
1551,129,0.0,203.90178937142272
1552,129,2.5854512992332515,116.3915364575041
1553,129,67.00452207702956,168.37843873408605
1554,129,106.89409436892707,171.62688690681944
1555,129,116.04622404541037,171.82591919098155
1556,129,110.25303019367622,170.32798030004415
1557,129,67.41790618644936,163.93883787214824
1558,129,59.78698470435502,149.7707265138904
1559,129,50.12320408953385,145.51208410769047
1560,129,55.87940361411861,160.66523575582576
1561,129,37.57631671145946,114.29541323396218
1562,129,35.25397410324161,147.25820257419477
1563,129,32.6432813103365,146.9423490780927
1564,129,32.55450463022016,146.95226189989262
1565,129,31.89590587579662,146.99236281088417
1566,129,36.069338035279046,147.45926296376553
1567,129,21.095640166052192,147.78954776563364
1568,129,0.0,147.37153239242852
1569,129,0.0,202.7814621694805
1570,129,0.0,202.180135034636
1571,129,0.0,202.18668088288834
1572,129,0.0,234.77070667086835
1573,129,0.0,234.70202568570593
1574,129,0.0,202.20122365396367
1575,129,0.0,202.64096250292354
1576,129,0.0,203.89177975887827
1577,129,23.88524354341408,160.91974339936814
1578,129,66.31078358301338,166.05222081945064
1579,129,65.6091983075912,165.3515925174665
1580,129,66.34418176780294,161.92494630478228
1581,129,63.073444705379764,163.89462142738432
1582,129,57.77834508031284,159.89006369361766
1583,129,49.2762806297784,158.88339082590915
1584,129,41.13901051126122,111.28338672340357
1585,129,37.398346692314256,114.22061529383448
1586,129,34.67769950742076,113.14995391641388
1587,129,32.91622737819925,147.75634216061394
1588,129,30.047667944704642,147.69745301794094
1589,129,31.10722701432994,147.90769294191918
1590,129,34.6715948480651,148.2779147413988
1591,129,33.51385599493511,148.80276850920103
1592,129,0.0,148.36916166336977
1593,129,0.0,203.65374010876712
1594,129,0.0,203.16016073809942
1595,129,0.0,202.87765319020454
1596,129,20.824071025472236,147.55788890411696
1597,129,20.375918213223333,147.55817286689287
1598,129,0.0,202.5917677659519
1599,129,0.0,202.96628896934664
1600,129,0.0,204.1675482758705
1601,129,9.983919021345978,135.01365436849196
1602,129,64.29908364977811,167.10114832599993
1603,129,75.19682177266904,166.77737256772213
1604,129,72.52010492420082,165.98597448501732
1605,129,64.41053779176345,165.44895417907134
1606,129,55.39809144864536,164.4187423551807
1607,129,45.83857455473768,146.52157050718313
1608,129,38.01770732516409,114.47461602962191
1609,129,32.097229710061846,148.69227417498516
1610,129,30.036898759060424,148.34302597464415
1611,129,29.744863865204582,148.24826198940713
1612,129,28.825587830608853,148.2048687154124
1613,129,31.570051479013774,148.68868238042344
1614,129,38.511382297899516,110.25187317597933
1615,129,68.11800846198562,166.75064865233531
1616,129,42.75733793937894,135.01441008919974
1617,129,0.0,159.5331860190995
1618,129,0.0,204.18475849705885
1619,129,30.90738467969736,148.0754958023115
1620,129,38.1927936033811,110.7998391823029
1621,129,27.09001173843538,147.65021130691497
1622,129,28.72570532508519,148.02747329019854
1623,129,0.0,203.9945945298939
1624,129,0.0,116.05814545002906
1625,129,84.93305157184486,172.95424473190002
1626,129,128.29660430146987,176.50278987004893
1627,129,123.56000107228903,176.33398463946241
1628,129,116.95865009442551,173.93279238600485
1629,129,68.7269553363157,166.25441984168708
1630,129,60.50976991010507,151.22167661768358
1631,129,49.62033824310326,149.8263807021567
1632,129,38.91112786556305,110.39146626230095
1633,129,34.04360520845402,148.78098842253706
1634,129,31.30833241469616,148.41509997245913
1635,129,29.99329364691227,148.294600286467
1636,129,29.27899850378439,148.11609477531502
1637,129,31.246969564566623,148.4921051435176
1638,129,24.603333106477162,109.98183840903883
1639,129,54.612563970062006,167.06916772326792
1640,129,41.994098565118236,165.75445827334298
1641,129,0.0,115.19764613376293
1642,129,0.0,204.68426849675214
1643,129,0.0,203.97488493207956
1644,129,0.0,203.8619578950156
1645,129,0.0,203.38373571199017
1646,129,0.0,203.52368453445513
1647,129,0.0,204.55222304848323
1648,129,2.476959591097247,119.60612781201412
1649,129,91.04449932145671,172.15123164093765
1650,129,111.60441926186127,174.72317890852594
1651,129,113.8485096137606,174.65032234738425
1652,129,118.96566827426605,173.47535730245215
1653,129,72.70300450189343,166.49765301035717
1654,129,63.338628830359134,151.60302404198376
1655,129,53.70452887798287,147.02526006371903
1656,129,43.365981420559635,112.14749225175217
1657,129,37.51628703599847,109.83666577364748
1658,129,34.1351900400756,147.9907631056128
1659,129,32.62021372891508,148.04453335501375
1660,129,31.854345076338753,147.98892861640834
1661,129,34.12864419899301,148.33378451467027
1662,129,40.53558305762731,111.04493118172246
1663,129,63.325302862644484,165.6173760749223
1664,129,37.8249672946364,117.56366186293918
1665,129,0.0,150.3884274527428
1666,129,0.0,192.19898459497952
1667,129,0.0,203.41326859561525
1668,129,0.0,203.5282169883296
1669,129,0.0,203.53790214588497
1670,129,0.0,203.74916768439593
1671,129,0.0,204.36060183436834
1672,129,0.0,117.81262443875856
1673,129,81.49671107356048,172.33682429205624
1674,129,102.4033564739701,175.20737929635584
1675,129,99.27646597908252,175.0372867066239
1676,129,95.32155354454603,173.48177299810266
1677,129,62.138447141300404,166.13288587642566
1678,129,55.499079981694024,151.98861279256687
1679,129,47.700654465588876,113.87112771694295
1680,129,38.0870543662703,110.05888501471246
1681,129,31.824560503828646,149.03945046440845
1682,129,28.275155476143933,148.53570183158394
1683,129,27.418879347773096,148.51151372570777
1684,129,26.22296867890565,148.41091427315123
1685,129,27.82147824441545,148.46948772289724
1686,129,34.761083623205735,108.7512802003569
1687,129,54.827301493700354,152.96268010846347
1688,129,27.05841580325467,113.68193671914673
1689,129,0.0,204.34967132286926
1690,129,0.0,191.35722253375346
1691,129,0.0,202.45271425917588
1692,129,0.0,202.49098374363234
1693,129,0.0,202.36828773673437
1694,129,0.0,202.50055543127786
1695,129,0.0,202.97372041392478
1696,129,0.0,205.09391587281706
1697,129,61.16399694289311,168.1730988367431
1698,129,89.09933308573464,171.31222903192273
1699,129,92.98326336574783,171.93653919506275
1700,129,94.54260283393681,171.0935746932463
1701,129,60.69555483352639,164.88778346968212
1702,129,55.27136590951726,150.40561604289698
1703,129,46.207754278182954,113.28562933551214
1704,129,38.040717705738096,110.04858492934628
1705,129,32.23472142845997,148.0921911051958
1706,129,29.473628157288594,147.765272515291
1707,129,41.14284237436418,147.47310520906106
1708,129,41.25513826796767,147.4066973299379
1709,129,29.412412050748145,147.66222193183802
1710,129,36.63577106798538,109.4760463015525
1711,129,41.8021317513991,160.6584761113059
1712,129,8.623690083098056,111.6021496873545
1713,129,0.0,191.7894588669106
1714,129,0.0,191.04553376629707
1715,129,0.0,202.71226865388672
1716,129,0.0,202.627466135295
1717,129,0.0,202.666025074959
1718,129,0.0,202.97761188031154
1719,129,0.0,203.76807972015771
1720,129,0.0,205.74958744740903
1721,129,69.812422782617,169.05528105137634
1722,129,103.40627534185704,173.26756498048664
1723,129,103.13739116499957,173.09125308312562
1724,129,109.22422368679341,171.75342664572133
1725,129,62.225124466869985,164.67885203215556
1726,129,55.60729449639352,163.55780805189048
1727,129,47.421795491279845,130.0653143488041
1728,129,38.818734858492526,123.6223641804193
1729,129,33.91993939456784,148.3823403667618
1730,129,31.250553825623584,148.06827698514093
1731,129,38.64619445737957,147.93135976819906
1732,129,28.96682507696028,147.85504895100655
1733,129,29.742593547186246,147.8447522805289
1734,129,32.21658515622385,148.30561628554946
1735,129,10.915068062928489,148.38047381984964
1736,129,0.0,197.1617029956618
1737,129,0.0,196.69484324664353
1738,129,0.0,196.34823772047156
1739,129,0.0,234.95396615237902
1740,129,0.0,234.96980452122708
1741,129,0.0,233.79521211404793
1742,129,0.0,227.9404072783832
1743,129,0.0,196.20483701000026
1744,129,0.0,197.38597215656614
1745,129,0.0,131.57981456379252
1746,129,59.206702302762565,151.74392740336222
1747,129,64.72711420848582,151.428830922638
1748,129,65.68337675432879,149.93243848393976
1749,129,64.11265509832978,164.43539121199535
1750,129,56.038933824755354,160.19431324207218
1751,129,48.61938463362927,127.50493931379678
1752,129,39.66387670307658,123.95511455974528
1753,129,33.919489746221274,148.1604323514108
1754,129,30.56455915101289,147.8211975557267
1755,129,28.3400657823034,147.78692689252048
1756,129,27.074663561453562,147.636008902651
1757,129,27.058263027352176,147.80341119499047
1758,129,29.306144276856813,147.99574280037314
1759,129,21.491267938011998,148.25396835789266
1760,129,0.0,197.7689237385711
1761,129,0.0,197.83448150145728
1762,129,0.0,197.2620706286276
1763,129,0.0,235.65239367658228
1764,129,0.0,234.59460571883648
1765,129,0.0,235.39080819698398
1766,129,0.0,235.15083750670718
1767,129,0.0,196.78790670276078
1768,129,0.0,197.90985642888052
1769,129,0.0,122.02621376956934
1770,129,46.76636888671566,163.96526033069176
1771,129,54.82476519696314,163.78136967461938
1772,129,57.36933557054537,162.9947928736409
1773,129,54.535273064986626,161.91018657015553
1774,129,50.18288037350716,128.13923961261202
1775,129,42.26916337663579,125.0091260826166
1776,129,34.390431481277005,149.10289047345145
1777,129,31.19737020516964,148.5728274629303
1778,129,28.596546847584044,148.11953435129254
1779,129,27.54679042693625,147.88452400900363
1780,129,28.183034643354034,148.06075350671787
1781,129,30.142128347839467,148.42528516179655
1782,129,38.04407381033314,149.69340936186217
1783,129,62.758642576779515,166.37054635755237
1784,129,31.656532324477155,160.98287141513327
1785,129,0.0,198.6693349725687
1786,129,0.0,203.80556515146708
1787,129,30.510985850198104,148.24976144584528
1788,129,28.85238161421912,148.11370955924374
1789,129,27.98665073839808,147.90609245794354
1790,129,0.0,203.35146619353813
1791,129,0.0,203.74481155677677
1792,129,0.0,121.75841409731225
1793,129,81.28134848259064,171.8523167643766
1794,129,125.02767325566485,174.7144641331302
1795,129,112.99207248706402,174.38670334370377
1796,129,118.44072462365574,172.63156627670443
1797,129,69.28584466764174,152.14284499849168
1798,129,60.91575635371498,151.20149047933012
1799,129,58.758103209946015,160.00030322125258
1800,129,39.69292856887672,115.12860412218411
1801,129,32.53073230289922,148.61652228445445
1802,129,29.136542327272362,148.12177540659977
1803,129,27.490821391989435,147.79490766313526
1804,129,26.329722466428223,147.79106494399576
1805,129,27.76838405789339,148.05347519550548
1806,129,21.451669879699008,149.14363154326222
1807,129,41.78563057533997,148.49212632379383
1808,129,22.98490983595948,114.70530032411756
1809,129,0.0,192.51345275205625
1810,129,0.0,203.23290238703734
1811,129,0.0,202.79121785700173
1812,129,8.525776023979061,146.90831064720004
1813,129,6.613650577188996,146.33327816257147
1814,129,0.0,201.09324217229386
1815,129,0.0,203.205218719408
1816,129,0.0,205.46329234803463
1817,129,70.80287906444468,171.54891036342724
1818,129,102.88361672174842,174.51070145233032
1819,129,110.85102362420731,174.46278049901395
1820,129,110.69736556503099,173.53505942217944
1821,129,68.45673019970997,166.52541789561766
1822,129,60.70393311281363,151.99425530123997
1823,129,50.162041901182846,150.26860676808076
1824,129,39.79786520922664,110.71663852123814
1825,129,32.44647820714565,148.64509871275067
1826,129,29.040667718733605,148.26770875666904
1827,129,40.73420433030833,147.92709256808467
1828,129,26.880692053129486,147.71609239701897
1829,129,29.42555800216238,148.07035834945364
1830,129,35.60787626513788,149.06293532207397
1831,129,37.741013083191184,147.65975954243234
1832,129,12.470950580580778,110.33493915500817
1833,129,0.0,203.30131781637158
1834,129,0.0,202.64747896187043
1835,129,20.472097465308966,146.22614881170273
1836,129,21.114131732215984,146.4187851514829
1837,129,22.73662826839744,146.51461017403557
1838,129,0.0,203.17100376062496
1839,129,0.0,203.64804991195484
1840,129,0.0,205.8591043774322
1841,129,63.20117966437714,168.34046864050256
1842,129,92.78792724107477,171.30214495794937
1843,129,97.01105115450977,170.44778150461644
1844,129,97.68741956487993,169.37322954316335
1845,129,58.29191555357181,150.43769918458457
1846,129,50.66937761922794,146.57819031936896
1847,129,41.10248741750957,111.24488047300869
1848,129,32.66454701283993,148.42142190348
1849,129,41.8793458413247,147.90315410630842
1850,129,35.839376602688645,147.65063318715866
1851,129,25.266607816786284,147.48901106424606
1852,129,25.830699079889914,147.39738424973876
1853,129,26.981456973556696,147.5684707018389
1854,129,18.973086921263853,148.68889093156574
1855,129,32.77248604159796,115.37860374016307
1856,129,13.477717251696381,111.38546984609086
1857,129,0.0,204.01259755279412
1858,129,0.0,202.7668707988574
1859,129,0.0,200.83787839870706
1860,129,15.70688762993536,152.73066256209964
1861,129,13.876745661103548,152.3809523809524
1862,129,0.0,200.6060222610221
1863,129,0.0,200.86549552450865
1864,129,0.0,203.97668605445418
1865,129,46.6630377170637,166.67002396843827
1866,129,85.56468035062231,171.00122353895588
1867,129,96.29209166611874,172.1004505908209
1868,129,99.88388880959963,170.9104532702196
1869,129,62.8326441039114,151.52628483664657
1870,129,55.538328418195924,147.52106177945328
1871,129,46.78301595006061,113.48534897094869
1872,129,37.27805745406097,114.15116859098595
1873,129,32.12773220020911,148.52431754133985
1874,129,28.52445197972904,147.68203811853147
1875,129,25.56879568361302,147.2383204712932
1876,129,26.032271917991554,147.2123379077491
1877,129,26.648695218039204,147.26865353807918
1878,129,31.94894573736423,148.1743732849565
1879,129,40.78244400104564,113.30481501367257
1880,129,6.5498367589479995,148.76236811793007
1881,129,0.0,203.16047549012126
1882,129,0.0,202.52389585737123
1883,129,0.0,202.50448255110598
1884,129,0.0,202.51340105550238
1885,129,0.0,202.5636404962822
1886,129,0.0,202.81649168623449
1887,129,0.0,203.37242187968425
1888,129,0.0,199.01280340450722
1889,129,46.73792696267129,167.2931159310136
1890,129,85.55012854713775,171.66373143248273
1891,129,94.02486719591668,171.64530008921403
1892,129,93.87053466092938,170.05401842520814
1893,129,60.31341933160693,160.96704955689444
1894,129,54.0782441192763,160.00595439463916
1895,129,46.67407705200861,126.72693451923051
1896,129,39.974007184785954,115.22812752485925
1897,129,33.5072323874003,147.9503240276304
1898,129,29.453277660466593,147.70794160072242
1899,129,26.690123516759638,147.3068487193494
1900,129,26.511565466479542,147.21036582487417
1901,129,27.253466842736884,147.405360417709
1902,129,29.890785800013752,147.7941187647967
1903,129,10.719730278152975,147.47067364822544
1904,129,0.0,196.8367989935449
1905,129,0.0,196.63722269544047
1906,129,0.0,193.8917856337164
1907,129,0.0,228.32594786014343
1908,129,11.25103713020448,129.662620014314
1909,129,17.279121001273342,129.69038912255493
1910,129,15.493672996606515,129.3840594994286
1911,129,4.41903032466591,152.97199142868297
1912,129,0.0,197.0290281579764
1913,129,0.0,199.49338586580157
1914,129,38.98594801418605,161.9649357356826
1915,129,53.31840681408966,162.31180926232284
1916,129,55.87465997590968,164.4989767373617
1917,129,55.795958917050385,163.90795051802493
1918,129,50.55121102550785,131.31366595845824
1919,129,43.54331183302595,128.54160690974646
1920,129,36.723860042631394,149.31686806333826
1921,129,31.726171875787987,148.61336208307466
1922,129,29.30322735000601,148.19839964374844
1923,129,28.202793667225276,147.9996283597615
1924,129,27.194464419885566,148.03994406219462
1925,129,28.224318087569767,148.0987783025091
1926,129,30.50176502066449,148.5861775280254
1927,129,10.994319568203974,148.4901237994876
1928,129,0.0,197.48172837048307
1929,129,0.0,197.56563767465144
1930,129,29.389647696636207,147.85167598725207
1931,129,28.809152572653925,149.02805036476863
1932,129,33.012436167819295,148.65275053040781
1933,129,23.915045383933446,148.2636713753258
1934,129,20.882629663025128,147.88089602408638
1935,129,23.48223430585296,147.06051224989713
1936,129,0.0,198.05042827039537
1937,129,0.0,200.54134858778093
1938,129,45.48018188099696,163.82800472398145
1939,129,61.51941728037304,166.79785119835026
1940,129,64.3573275792465,165.91486133725493
1941,129,59.66672991733344,161.32290076584516
1942,129,51.219718331079505,128.529310098083
1943,129,42.3605690142502,125.02447180597792
1944,129,34.58014706682203,148.74524603706053
1945,129,30.364338582301794,147.97220657459835
1946,129,28.442990912100786,147.7864652105112
1947,129,27.376382303444903,147.64606824963448
1948,129,27.33774238861895,147.57764051635638
1949,129,31.15304803747085,148.18126410381197
1950,129,35.69684535396475,122.58155428190136
1951,129,38.824711019115405,126.8682425531395
1952,129,0.0,148.8250804779947
1953,129,0.0,203.26381890891145
1954,129,0.0,202.60508974603397
1955,129,0.0,200.86167150460935
1956,129,0.0,200.730571487078
1957,129,0.0,200.63890554612576
1958,129,0.0,202.15097887996015
1959,129,0.0,202.8117961415256
1960,129,0.0,199.16434816662183
1961,129,49.04958103180916,167.87934623734733
1962,129,100.44557022197107,172.00232026196502
1963,129,101.00258456137679,172.19917795948226
1964,129,107.98029716951002,171.17268740163684
1965,129,63.67557181307431,164.94936639513128
1966,129,54.585914596912495,147.11666146025038
1967,129,41.79029479188669,111.52709937339085
1968,129,35.18043116889643,148.57404579826164
1969,129,30.555413965279733,147.9545159945658
1970,129,28.831282179148538,147.5232469779428
1971,129,28.03129928972463,147.4861101621841
1972,129,27.01009100143343,147.38241955873252
1973,129,30.292996889703474,147.85478577639986
1974,129,36.84767976941805,114.28554690582457
1975,129,28.17938353324371,118.18689697599207
1976,129,0.0,148.88581312947784
1977,129,0.0,203.2682752180824
1978,129,0.0,202.57456199756163
1979,129,0.0,202.17481441762914
1980,129,0.0,200.6981095577511
1981,129,0.0,200.61155449043935
1982,129,0.0,200.77955354748724
1983,129,0.0,202.6815236189158
1984,129,0.0,205.41591338235858
1985,129,52.22592465748064,167.42967399495228
1986,129,90.29679741468775,170.83095321277642
1987,129,99.06576089502192,172.19896497313906
1988,129,98.27808987555231,170.36405293787422
1989,129,57.526382692871124,150.92298171327266
1990,129,48.988806450620224,114.3743261593394
1991,129,39.132188437235335,110.46948405484275
1992,129,32.1401358686368,148.14242170208502
1993,129,27.661368382056942,147.45704110856988
1994,129,24.700168546249174,147.00469130905086
1995,129,24.454615243384097,146.90796225637877
1996,129,26.180774779440913,147.18551815543907
1997,129,29.323833663470264,147.64218808973172
1998,129,34.335287645316455,148.4414426002635
1999,129,40.50149652392587,162.6200741292411
2000,129,0.0,144.393530138418
2001,129,0.0,203.2748116040088
2002,129,0.0,202.70647847718544
2003,129,0.0,202.49337941215913
2004,129,0.0,202.3230353132116
2005,129,0.0,201.0597349952657
2006,129,0.0,202.5910390737516
2007,129,0.0,203.3558533221208
2008,129,0.0,205.64074033846958
2009,129,43.640970679390286,167.72772323599673
2010,129,81.54912582841494,172.0849663369972
2011,129,92.34447415912176,172.73184171851224
2012,129,96.05154290554218,171.62179230328562
2013,129,59.056804718301656,152.05652942100434
2014,129,51.15136446128818,150.40888257194456
2015,129,43.910563143809405,112.35008607341915
2016,129,35.97691438102158,149.22143576288119
2017,129,30.454556127414065,148.4652936400402
2018,129,28.09974272120111,148.01921268976724
2019,129,26.914393731821463,147.879864736354
2020,129,26.308019889367735,147.84470770646135
2021,129,28.138795298689622,148.300646396437
2022,129,32.904174834467646,149.32454924310326
2023,129,40.29400675249916,118.11714744243568
2024,129,2.8397181034473404,146.84302704527317
2025,129,0.0,204.16749698387423
2026,129,0.0,203.30455163013949
2027,129,0.0,202.69157874021658
2028,129,0.0,202.61068907833558
2029,129,0.0,202.48686206760348
2030,129,0.0,202.64653770438002
2031,129,0.0,203.28046754465825
2032,129,0.0,205.57986795252742
2033,129,39.962515886602354,167.71428137409555
2034,129,75.69244580091403,170.09667383681864
2035,129,90.6953573838247,170.7825683759697
2036,129,92.19874741044931,168.69289188876945
2037,129,58.12022616221282,150.05944640526485
2038,129,50.59311237746771,145.88459031804408
2039,129,41.7567158706411,111.5022576916389
2040,129,34.42901570983819,148.2434559017778
2041,129,30.635221343675752,147.62330808251735
2042,129,28.554899390916038,147.3357658516594
2043,129,28.046248196829573,147.45934949101076
2044,129,28.645124789470373,147.63099999364252
2045,129,31.7532015408082,148.26920344856944
2046,129,36.6800487171636,109.96117185975466
2047,129,45.44303158544898,130.3847967815326
2048,129,7.806204952037734,127.18074541568147
2049,129,0.0,198.3603282501805
2050,129,0.0,203.90819314061383
2051,129,0.0,203.82972940088027
2052,129,0.0,203.84341686611063
2053,129,0.0,203.6752418030745
2054,129,0.0,203.70242750188166
2055,129,0.0,198.00720662297468
2056,129,0.0,200.16126153362558
2057,129,38.92661216057462,163.92507785158404
2058,129,69.90970723134663,169.1312637428146
2059,129,77.61453702162393,169.6778264794368
2060,129,83.10044220606869,169.1553904626507
2061,129,52.60025557728127,129.07159107528562
2062,129,47.892344350424075,127.21668827948729
2063,129,41.96923435695317,124.87107481082506
2064,129,37.45580955550439,114.23306500879464
2065,129,33.241995452271354,148.40450012365338
2066,129,29.920150327209203,147.91536746031898
2067,129,29.03909429290997,147.76585756885862
2068,129,27.464315321716256,147.56962899377
2069,129,28.82098567802528,147.84864351864303
2070,129,29.969437570359005,148.32395206447268
2071,129,0.9088067533539084,148.18927032365752
2072,129,0.0,197.3584305016843
2073,129,0.0,197.00761464204356
2074,129,0.0,235.0049429704122
2075,129,10.608143112698821,148.23737891832647
2076,129,20.821391377350047,148.07531385523836
2077,129,8.565690806450755,147.92067561000715
2078,129,0.0,235.1463069267407
2079,129,0.0,235.1385228310904
2080,129,0.0,198.02423440188622
2081,129,0.0,199.81487681917437
2082,129,33.84869566478403,121.31218795681922
2083,129,56.97071017678837,150.2740713655842
2084,129,60.79045510316036,149.462590350943
2085,129,56.62455751538995,117.41878037475269
2086,129,49.8537427434427,128.00446202664958
2087,129,42.074854763575026,124.92767391901918
2088,129,37.077099257156824,149.48667368431117
2089,129,32.737707661975946,148.89344090303305
2090,129,0.0,150.23160876654688
2091,129,31.008134091138977,148.53290527329938
2092,129,29.73522230572535,148.27851069483216
2093,129,30.83444023790866,148.4374827086819
2094,129,32.354333500744005,148.72980647008785
2095,129,32.99485042297285,149.1491913713006
2096,129,0.0,148.96175918556767
2097,129,0.0,197.79031710908802
2098,129,0.0,197.3994216054758
2099,129,0.0,235.96712047802703
2100,129,0.0,235.6292463357504
2101,129,0.0,235.36215320880643
2102,129,0.0,235.0720931480481
2103,129,0.0,233.11753105782518
2104,129,0.0,235.18014108270594
2105,129,0.0,198.3938333172554
2106,129,0.0,199.9045643189836
2107,129,26.94485419840137,118.82132339205361
2108,129,50.895934911329064,149.2112213799145
2109,129,56.21433489373934,148.34344218363762
2110,129,52.45810453417236,160.48008512816236
2111,129,43.47890081916682,125.46643423211957
2112,129,36.78318302357292,122.81321499627451
2113,129,32.791890447344656,148.32261885317055
2114,129,29.348639067818354,148.0209406720958
2115,129,30.37164389821793,148.0656414716508
2116,129,30.681729174787023,148.05248242009134
2117,129,31.9885398671293,148.25668771283023
2118,129,36.486055131938976,149.04761875821507
2119,129,65.64102802682359,165.84195107168813
2120,129,49.27516343425858,130.73684871573045
2121,129,33.04646350615692,148.68861050568543
2122,129,23.194675304370403,147.13849975771709
2123,129,26.293182043502362,146.5340459549957
2124,129,33.31708541667799,146.48570406240626
2125,129,32.59492212131051,146.2731550936019
2126,129,19.524989834843527,146.24605875251135
2127,129,21.047651906692654,146.337847235267
2128,129,0.0,203.17675958720903
2129,129,0.0,199.9164251287495
2130,129,46.20958123408317,167.65612084658585
2131,129,97.11560820640248,170.8375862585611
2132,129,111.86116850336994,171.08218680569925
2133,129,67.96479872036356,164.67152205180906
2134,129,58.86008043620062,163.6050419413368
2135,129,50.25482196956165,145.70578456224564
2136,129,38.665853925368694,110.27835739077446
2137,129,33.461992096349185,147.97500642002382
2138,129,29.47820614590659,147.60003812988208
2139,129,29.374027917359935,147.69857939694214
2140,129,28.38577333191161,147.45051748658133
2141,129,29.477989672065217,147.55236193206022
2142,129,20.56695310768506,148.37302704432537
2143,129,47.91051603314137,161.87633512412344
2144,129,30.900179780911238,115.63752937639042
2145,129,0.0,204.50133374866468
2146,129,0.0,203.5732816168884
2147,129,0.0,203.13655362146017
2148,129,9.372319682312991,146.88496837222607
2149,129,6.977456025057636,146.36319831800475
2150,129,0.0,202.20837483714092
2151,129,0.0,202.50999759534068
2152,129,0.0,203.5595662876063
2153,129,0.0,200.78309837504085
2154,129,37.02031345163352,168.9224740467651
2155,129,83.09886269262536,171.71698804608675
2156,129,111.0193325329456,172.39744244464472
2157,129,65.9635665059667,165.5229886015254
2158,129,55.987453485045414,163.963507364625
2159,129,48.1511994605743,114.042216912956
2160,129,39.48123478964773,110.6098397365975
2161,129,33.45982352239224,148.48815159749006
2162,129,41.12433712886275,111.74644498177211
2163,129,42.620734639840876,111.02445845981603
2164,129,29.47963450018731,148.0626674966326
2165,129,29.88218375478227,148.1857148792277
2166,129,22.000049334579177,149.08278391374475
2167,129,49.728876241697954,165.72038082246215
2168,129,37.43768717103948,129.77507311873606
2169,129,0.0,111.70321644809559
2170,129,0.0,204.04970996468546
2171,129,0.0,203.35566683203876
2172,129,27.321798690778433,147.89032348099425
2173,129,24.1425546208138,147.38834878178164
2174,129,8.081692226867762,146.90208841822079
2175,129,0.0,202.68083815394263
2176,129,0.0,204.10011417696398
2177,129,0.0,201.13651873630505
2178,129,27.115521292351776,165.49317347910835
2179,129,73.34119650399444,171.06458862946326
2180,129,103.05815664157748,171.99774179472521
2181,129,64.5012388316973,165.34554405009047
2182,129,58.64590831342691,151.14055520942884
2183,129,47.28264360055064,149.23336220247018
2184,129,48.23784950216233,126.46861624239214
2185,129,45.170541105486784,148.05467107970566
2186,129,29.53329611806942,147.80551835463035
2187,129,28.478108775423348,147.4885420139112
2188,129,27.346813261193876,147.48206273161617
2189,129,28.210499439105956,147.55601546787068
2190,129,19.589371268868423,148.32769314369767
2191,129,47.162168773708856,161.38144484699856
2192,129,44.15091413450632,161.2448287897621
2193,129,0.0,205.5881626544425
2194,129,40.94130477454836,124.40718370206541
2195,129,31.900100788276728,148.1355656726802
2196,129,39.9819366557796,147.3758345000215
2197,129,39.61987671592046,147.32226444082866
2198,129,34.274394762725095,147.55530697628134
2199,129,31.927417996064467,148.0359424097809
2200,129,41.826124866267484,129.62702401472114
2201,129,0.0,138.9989937612352
2202,129,40.07441286758193,166.48600481158292
2203,129,82.89871982064518,171.2427114306757
2204,129,109.76741683699056,171.94687381725373
2205,129,70.38269707226105,165.76818800752514
2206,129,65.07608335533672,165.17380040726604
2207,129,54.60354240818553,160.6101641337573
2208,129,57.587302981847586,162.15550345522362
2209,129,51.074846046058425,114.34161305064383
2210,129,35.132429477793494,148.5938473763096
2211,129,31.029359055192685,148.1925566952523
2212,129,30.633180522815348,148.09230562011106
2213,129,26.795931654613884,148.02872227576853
2214,129,24.087988135164085,148.97375717537298
2215,129,51.40179879508527,162.2955019503294
2216,129,46.44761224689568,161.540244414806
2217,129,2.7853985126361627,130.76539020978677
2218,129,47.33858213264479,126.93568333141042
2219,129,38.44273825331804,123.41976655331038
2220,129,43.82539003318758,123.11884076538594
2221,129,36.468962914495584,149.02922035103532
2222,129,32.519519360236515,148.53230206133028
2223,129,0.0,197.79607291865233
2224,129,0.0,198.41508171389353
2225,129,0.0,201.49515802507864
2226,129,28.5053463579136,165.6824341798467
2227,129,75.534336639241,171.85995249335568
2228,129,101.90686913726617,159.14110708261092
2229,129,63.24675435891461,165.46068535445656
2230,129,56.45786513619569,160.90782020257402
2231,129,49.68985505232789,127.92931824247985
2232,129,40.93511227967754,124.45880861972984
2233,129,44.86390588889101,113.5089361381615
2234,129,30.86054808625127,148.20432743749777
2235,129,29.210760249967915,147.86469812654016
2236,129,29.71944965834449,147.89412276173474
2237,129,28.862260666558615,147.7928918114998
2238,129,18.36774479241299,148.28788760247517
2239,129,28.28735172518191,148.76050262986297
2240,129,0.0,197.7947320850499
2241,129,0.0,197.6206173378876
2242,129,0.0,197.0712566329494
2243,129,0.0,235.6075670183066
2244,129,21.767074639854687,148.0722191901607
2245,129,19.537019365340434,147.58945991985706
2246,129,6.152464105472948,147.37523027688022
2247,129,0.0,232.66073385821886
2248,129,0.0,234.61881504005876
2249,129,0.0,198.40605627722755
2250,129,0.0,199.6324540998054
2251,129,16.0014236359681,116.75852637159599
2252,129,46.61642447445845,149.22709573183255
2253,129,57.25529432799956,148.1420723601743
2254,129,50.568991136379275,115.02547757948663
2255,129,37.90169988425725,125.05319243047666
2256,129,35.66853236051512,122.37739140595163
2257,129,30.71306707108047,148.2322092656917
2258,129,28.473565557409415,147.79037673947622
2259,129,26.960229582551715,147.6102461399328
2260,129,26.548378308482146,147.4285796933304
2261,129,27.731101047237853,147.61944048794157
2262,129,30.192669030005334,148.00975407151932
2263,129,25.635149223282813,148.1939206743429
2264,129,0.0,197.30544880175142
2265,129,0.0,196.9709986046634
2266,129,21.78471947593219,146.7197267174469
2267,129,31.187640700431576,147.23381911735018
2268,129,29.781630999873528,129.44659678673216
2269,129,21.324403642311008,129.26247294841295
2270,129,14.113566752455304,129.07615335616626
2271,129,2.0711998173663155,129.06983281227932
2272,129,0.0,228.4649363631047
2273,129,0.0,198.01325474219522
2274,129,0.0,199.16989471429565
2275,129,14.531328568843511,116.87837928544928
2276,129,48.713418470697995,148.1799520586461
2277,129,54.79785900047401,147.6487161500125
2278,129,51.89992481717567,146.55135019792442
2279,129,42.569612293333236,111.83731831746755
2280,129,36.928122927728,148.8041483742006
2281,129,31.364909971378424,148.1768256924168
2282,129,28.0887704387085,147.81620050679817
2283,129,26.431097651712218,147.69898998884125
2284,129,25.87215067847276,147.7883205103754
2285,129,25.628519097152335,147.73369122443873
2286,129,27.66591352455471,148.04330322708108
2287,129,19.165412362328127,148.29286238581633
2288,129,0.0,197.1689053506231
2289,129,25.481802558080723,147.84609807655616
2290,129,21.937193037480288,147.08051915344748
2291,129,17.812092690380933,129.9756198217651
2292,129,29.78095048057678,129.67729889293884
2293,129,28.46502294146694,129.42512292222202
2294,129,19.46081552967586,129.17402209701535
2295,129,1.4999037889604347,129.16713635146706
2296,129,0.0,228.41243909258202
2297,129,0.0,198.0187267447649
2298,129,0.0,199.14832705502945
2299,129,9.057878196262747,129.93798226146237
2300,129,60.7341523649916,149.17091687839843
2301,129,58.82810097557563,148.58839636320027
2302,129,51.72781606371664,128.72672455957354
2303,129,44.19456648855439,125.74708859659656
2304,129,38.374578370642226,149.593912400295
2305,129,42.09491074727102,148.7370789612376
2306,129,29.46551775585108,148.151020531402
2307,129,29.3493578425699,148.01394033723014
2308,129,29.230371721359734,148.0543675708715
2309,129,30.712933661829343,148.17525606716754
2310,129,24.94865410393095,123.38469183157616
2311,129,47.22068816826181,161.98755394423918
2312,129,22.598916984313156,127.15037175368138
2313,129,0.0,203.8474602054086
2314,129,0.0,202.98620485960726
2315,129,0.0,196.47025364050896
2316,129,0.0,201.13478837955327
2317,129,0.0,200.94694328757885
2318,129,0.0,193.6968402823399
2319,129,0.0,201.04032412636096
2320,129,0.0,203.3640336547179
2321,129,0.0,200.53083207782632
2322,129,17.264321722895136,137.12121947603072
2323,129,67.8399304491055,169.33996235968607
2324,129,98.00538196815006,170.9166008797974
2325,129,63.089623928444055,164.80590632559776
2326,129,56.35775948793448,163.40753982793012
2327,129,52.95277717733994,161.96669431040115
2328,129,38.05621161922904,123.32094363997726
2329,129,46.43664595350542,112.52453873548133
2330,129,42.4637670200259,147.6218316320081
2331,129,28.003736817934243,147.4614129640129
2332,129,28.29305179307724,147.50932633273877
2333,129,23.92208504094651,147.5925373275023
2334,129,20.731406233866988,148.1948307350284
2335,129,42.56373936888365,160.52023912532098
2336,129,22.77528415753023,127.11204485339996
2337,129,0.0,204.16609897686706
2338,129,0.0,203.21343782697272
2339,129,0.0,202.71758174640422
2340,129,0.0,202.90328123059774
2341,129,0.0,203.01641741314526
2342,129,0.0,202.65145427352908
2343,129,0.0,202.63705174887366
2344,129,0.0,203.8243592719552
2345,129,0.0,200.75723029562067
2346,129,16.605515657683224,134.90238241920025
2347,129,55.08663709678717,168.7967314039301
2348,129,78.53234132324059,170.3817150298241
2349,129,59.6843033902029,164.9087695041821
2350,129,54.51982988758225,163.97714427700532
2351,129,45.41879585907532,126.25852805809414
2352,129,36.96684225532481,149.08863698276568
2353,129,29.28882149288581,148.14737266592698
2354,129,39.5766038244851,147.77805259459123
2355,129,25.160529720722337,147.57047129322615
2356,129,25.091002212093525,147.46418472007448
2357,129,26.30532502391233,147.74213157421983
2358,129,18.903998323314042,148.73458667667697
2359,129,55.65593129403955,164.85072269900726
2360,129,23.971219845155744,128.19949727152618
2361,129,0.0,198.6820288834344
2362,129,0.0,203.54915555902613
2363,129,0.0,202.77986785563053
2364,129,4.377193970509422,202.62547412861383
2365,129,8.511767036687457,146.80298300727816
2366,129,0.0,202.5403484652979
2367,129,0.0,202.8630875240368
2368,129,0.0,204.14619611546817
2369,129,0.0,201.1217186910363
2370,129,29.771225997246027,166.8108189265224
2371,129,69.1307894069878,169.05578128865724
2372,129,95.11434711949575,169.5968042220987
2373,129,59.65061160303763,164.0689434734261
2374,129,55.50470278442651,163.03292799068353
2375,129,45.976338683821304,126.44205499773267
2376,129,36.786600617702504,122.79850544162555
2377,129,30.887438867968783,147.77226624376078
2378,129,28.83663810206661,147.37025918917186
2379,129,28.279082657575184,147.37455604404045
2380,129,28.08175229486667,147.37088007018394
2381,129,29.95994404919381,147.732796007718
2382,129,22.05468043506358,148.54143197842603
2383,129,41.69440436859886,160.525545843136
2384,129,22.144289903947143,127.53701859540645
2385,129,0.0,198.39642212976057
2386,129,0.0,203.8138360318488
2387,129,0.0,197.16866760641847
2388,129,0.0,203.08955951535307
2389,129,0.0,202.78257786787782
2390,129,0.0,202.5501684354135
2391,129,0.0,196.4511220273942
2392,129,0.0,197.3176634351129
2393,129,0.0,200.0749371860724
2394,129,7.903767894764116,136.16418806970987
2395,129,61.04857570715124,169.2075951294065
2396,129,97.22406144887185,157.79597185782518
2397,129,62.2504056733678,165.2159981796807
2398,129,56.929987040504344,161.31417222557957
2399,129,50.27187738084638,128.14323930698947
2400,129,43.124278257267555,125.30907436508052
2401,129,35.656550528010435,149.00965578272485
2402,129,31.82115644429917,148.23777505748828
2403,129,38.00474271319742,147.66762657670023
2404,129,27.491299142460555,147.6696872008691
2405,129,27.738751078045116,147.7239625012052
2406,129,30.049947619252862,148.24821578566537
2407,129,3.155390643921067,148.08697919229107
2408,129,0.0,196.79386371547068
2409,129,0.0,196.39685169261801
2410,129,17.161912036520516,129.70828733642463
2411,129,14.369540459102197,129.33875664209114
2412,129,12.185506783187101,129.03159042523964
2413,129,9.721766080329347,128.58884590011044
2414,129,0.0,128.53861206271213
2415,129,7.411590745397807,128.7478568546611
2416,129,0.0,227.99144163417057
2417,129,0.0,197.06670575680405
2418,129,0.0,198.0256970526655
2419,129,1.4907141452440482,114.54834025788047
2420,129,43.090550645607074,148.4564887927004
2421,129,50.37703655309468,116.7242784007178
2422,129,50.63441526916232,115.02361129223945
2423,129,43.938083261175066,112.36093386470155
2424,129,36.04091202331285,148.63434698194047
2425,129,31.313622064072483,147.88116176903532
2426,129,28.335838593451133,147.59187511905697
2427,129,25.93204997066344,147.1934502641211
2428,129,25.19873575036025,147.10159608699047
2429,129,24.890570974256953,147.0756307376356
2430,129,26.883233491774067,147.322213124696
2431,129,12.961278949221313,147.20395444511175
2432,129,0.0,196.98691343193283
2433,129,0.0,196.852122368081
2434,129,0.0,235.10056815819718
2435,129,18.11021421559169,129.5924705139957
2436,129,16.31504881141288,129.21514877281106
2437,129,26.573717331968226,128.94411553476886
2438,129,12.074396441460433,128.8062483632682
2439,129,0.0,128.8534163771132
2440,129,0.0,229.23744464355138
2441,129,0.0,197.589733277808
2442,129,0.0,198.78458415639355
2443,129,2.1775123684251754,160.3185799976433
2444,129,46.69738653552282,148.43027241410172
2445,129,53.42390083247739,148.0586274137229
2446,129,50.646587522659416,128.29373771845133
2447,129,40.89050153699536,124.43668470764344
2448,129,33.40518612393107,148.48202098234614
2449,129,29.38715849599454,147.84556673274534
2450,129,27.255833556718603,147.57152386280148
2451,129,26.13681898157915,147.20653317145045
2452,129,25.194211356608516,147.0160032108356
2453,129,26.545949889792634,147.22818108458335
2454,129,31.667168427925148,148.3555204569175
2455,129,46.5290765052178,163.0675096018839
2456,129,7.700180513405942,158.10990870884356
2457,129,0.0,197.5409770097018
2458,129,21.25816124798689,146.61049297884338
2459,129,16.753969851349083,152.74888923172512
2460,129,22.160748866355416,152.58529829173557
2461,129,27.68399107668523,152.32259230103483
2462,129,14.680154819031785,152.35498170531503
2463,129,16.0647025208882,152.4632015118298
2464,129,0.0,202.47403663392683
2465,129,0.0,198.75523968560617
2466,129,3.7955687865172525,130.13054143165905
2467,129,58.37506984233665,166.02006716501123
2468,129,93.36920126311969,168.43612251787064
2469,129,61.97244523172762,163.72588973851813
2470,129,57.67478355698832,163.05408528681653
2471,129,46.42002688473167,129.63377203261805
2472,129,36.30422783353809,148.54307330235372
2473,129,30.651028173744304,147.92255309652336
2474,129,28.230695815669275,147.4056203234287
2475,129,26.66326411282559,147.2937799200688
2476,129,27.21266045975742,147.41424948018013
2477,129,24.14481554056768,147.61238917707783
2478,129,22.05220425847223,148.74369722890785
2479,129,34.272751710259115,132.73794084327875
2480,129,3.291741105022192,149.2051232592647
2481,129,0.0,203.0910008827665
2482,129,0.0,201.00327986490547
2483,129,0.0,200.65857405836783
2484,129,0.0,200.66043586300293
2485,129,0.0,200.65497634677877
2486,129,0.0,200.54012134502813
2487,129,0.0,200.7213915228997
2488,129,0.0,203.02258936935186
2489,129,0.0,199.70156963240123
2490,129,0.0,132.77180560399057
2491,129,46.9415977389848,167.2706009654604
2492,129,84.72397065580414,170.08889639325275
2493,129,58.50517694650449,164.4441148364882
2494,129,51.912130141333705,131.8607186723464
2495,129,44.905642805939344,129.07777756651683
2496,129,35.80126480084189,149.13837252449704
2497,129,29.96261001561494,148.09200015533597
2498,129,26.318783667050727,147.45378979997193
2499,129,24.831017957152334,147.09981323898032
2500,129,25.05849598508868,147.27375860469573
2501,129,26.276530577780537,147.52746770014414
2502,129,30.81073774540355,148.0835660877893
2503,129,42.50432014452018,130.8493242284911
2504,129,1.2571149956722483,148.59379750427703
2505,129,0.0,203.1180050863337
2506,129,0.0,202.37706129361104
2507,129,0.0,200.6729916947688
2508,129,0.0,200.73406211690036
2509,129,0.0,200.7610789504346
2510,129,0.0,200.73474882004345
2511,129,0.0,200.94176369450184
2512,129,0.0,203.2784621338204
2513,129,0.0,199.63124366292345
2514,129,0.0,129.90368441081105
2515,129,40.13293771732589,166.22490437819303
2516,129,85.21060003958455,168.38168774083326
2517,129,54.64963269318008,163.59776481531367
2518,129,49.93864367904795,131.07501878226097
2519,129,42.21610755375471,128.01253767866012
2520,129,34.23888921516376,124.85163389474215
2521,129,29.585448932672392,148.43029600273496
2522,129,26.669385054870236,147.84679244443564
2523,129,25.41554821625401,147.77392907997734
2524,129,24.91460804542501,147.59785608450795
2525,129,26.239351837890275,147.76144533038348
2526,129,18.73589765041025,148.8850827731929
2527,129,39.520547613747915,131.55616993700966
2528,129,3.250961764216913,158.79344496146118
2529,129,0.0,203.3080984594336
2530,129,0.0,202.7113866568374
2531,129,0.0,201.06140659596352
2532,129,0.0,201.07245891423176
2533,129,0.0,200.76488746133833
2534,129,0.0,200.73219332141798
2535,129,0.0,200.88133185612884
2536,129,0.0,203.0182482943627
2537,129,0.0,199.30957343297646
2538,129,0.0,130.90088526056647
2539,129,41.62478707813218,166.2572119521709
2540,129,87.88467403700164,169.24103170291846
2541,129,58.81112209945147,164.3138378199923
2542,129,53.347545728591875,132.40049626112182
2543,129,45.513396038256204,129.30187137223527
2544,129,37.113533397217225,149.16691506976753
2545,129,30.982570591261336,148.3031917886028
2546,129,29.141980644128548,147.68121577418032
2547,129,27.838837393363313,147.71910765862683
2548,129,25.75563704016348,147.33714105172422
2549,129,25.620248016096927,147.37676199861866
2550,129,30.2187876200726,148.27494213245666
2551,129,29.81198802973424,128.20898190143984
2552,129,4.91196437550383,158.3849668765443
2553,129,0.0,197.43272093237448
2554,129,0.0,196.57629073086105
2555,129,0.0,193.76368100252373
2556,129,0.0,193.70915852940698
2557,129,0.0,193.48156939858592
2558,129,0.0,193.37110525804934
2559,129,0.0,193.41089064395754
2560,129,0.0,196.63596445240327
2561,129,0.0,199.23004795032966
2562,129,0.0,129.86956891100576
2563,129,33.09877222487618,134.06387224010643
2564,129,61.290578268254905,155.48177704752436
2565,129,52.12020282784762,131.941890123513
2566,129,48.84862427132767,127.57621526797148
2567,129,39.49877864067753,124.99622976139855
2568,129,36.63665730470361,122.75426376930075
2569,129,32.74829354785901,148.68226304381128
2570,129,28.77670466935134,148.01801881696522
2571,129,26.701297234738504,147.67750958340812
2572,129,26.11357799477914,147.39451731550872
2573,129,25.48569044973996,147.49145086109039
2574,129,26.02182628629066,147.7899959644068
2575,129,0.0,147.11808160013888
2576,129,0.0,196.59034530228308
2577,129,0.0,196.1875029244518
2578,129,0.0,227.98307423439982
2579,129,0.0,227.68239769713938
2580,129,0.0,227.7861497256851
2581,129,0.0,128.9078793972562
2582,129,0.0,227.80801467782535
2583,129,0.0,227.83523425430275
2584,129,0.0,227.3708013539876
2585,129,0.0,197.35106468860516
2586,129,0.0,198.1046716927996
2587,129,0.0,158.96639545262852
2588,129,34.407891335406305,115.96754076582708
2589,129,38.0988905618723,115.36857723243749
2590,129,41.90004072486089,113.36364789792374
2591,129,41.23515002279356,111.30542118151078
2592,129,34.48353981992125,149.15842923001895
2593,129,29.33906741440116,148.2589562537779
2594,129,26.965904415054315,147.7194661754264
2595,129,24.406909831166256,147.37255277192733
2596,129,23.983346252354725,147.31444621089787
2597,129,24.397499445818976,147.2262208786294
2598,129,25.141185596968555,147.46136531435403
2599,129,0.46317745285436906,147.23566749972656
2600,129,0.0,196.9398796035702
2601,129,0.0,196.82948064472637
2602,129,0.0,234.33384639735633
2603,129,0.0,228.342067499359
2604,129,15.545977996526824,129.56362852365308
2605,129,13.993591695073016,129.34013386499814
2606,129,13.746356959205157,129.2516257254128
2607,129,0.0,228.1369815022376
2608,129,0.0,231.5374173459075
2609,129,0.0,197.97776758035806
2610,129,0.0,198.80223964920933
2611,129,0.0,160.341914973161
2612,129,48.50831784296341,117.25904746791993
2613,129,56.27597094714892,148.34596938288496
2614,129,48.987650828419426,127.64028076446304
2615,129,39.46086378115681,123.87156194738414
2616,129,32.05074908017535,148.37857561673883
2617,129,27.750415588930093,147.85589087939783
2618,129,25.819386515395358,147.67405357707383
2619,129,24.74242720660356,147.49311092401638
2620,129,12.588075446327057,147.6480085916586
2621,129,14.67971191887343,147.87836311858067
2622,129,30.549263453449534,148.44674147074306
2623,129,38.305637497653926,127.01130648269412
2624,129,1.7714078587867108,158.5073065681877
2625,129,36.27338940488833,148.94898241217078
2626,129,31.051690538909998,148.13693677928154
2627,129,29.054736962581384,147.78302918988956
2628,129,42.13338894598229,147.76436911206315
2629,129,26.625791899134654,147.53977412053814
2630,129,23.580182550481087,147.2492173317681
2631,129,7.255193282940981,196.94334201562717
2632,129,0.0,197.4466152638059
2633,129,0.0,199.72632839923682
2634,129,2.5278004420898506,133.83671171473821
2635,129,45.865268377901515,167.47830660121105
2636,129,80.00685095671844,169.8202756280436
2637,129,61.13313342121839,164.64633735428978
2638,129,52.37666044715438,132.01678047450466
2639,129,40.96549826346867,127.50097841584807
2640,129,33.077663591356185,148.69737802734033
2641,129,29.107460846828584,148.0107377892968
2642,129,27.221542174929915,147.71742942798593
2643,129,27.611637382162012,147.69912913244218
2644,129,27.392301735658435,147.7608977104541
2645,129,28.84203683357755,147.9844448310527
2646,129,33.48231596240926,148.680287597436
2647,129,39.386324226768046,130.93030258722948
2648,129,0.0,148.91812680829
2649,129,0.0,203.05550530306527
2650,129,0.0,200.9658031245283
2651,129,0.0,200.77445753117385
2652,129,0.0,200.72743710803243
2653,129,0.0,200.64543558110464
2654,129,0.0,200.45730869005996
2655,129,0.0,200.63376793169286
2656,129,0.0,202.8256116045415
2657,129,0.0,198.99984934078384
2658,129,3.03172280942805,131.70263395485233
2659,129,40.38061008337435,166.5753899365006
2660,129,85.67006967381752,170.06227368067678
2661,129,60.91622131484738,165.14160114734133
2662,129,56.70620215280849,164.11179254866693
2663,129,46.965189629468284,129.89971504106273
2664,129,38.17364817330794,114.5304934236909
2665,129,32.900822769756964,148.67720208071975
2666,129,30.113017728792254,148.199744917362
2667,129,42.26947638248623,148.12273232225292
2668,129,27.91588580680699,148.0176126782381
2669,129,30.232487820804405,148.3637083398751
2670,129,18.76205427699006,148.89627164101864
2671,129,24.199374281513922,127.07078738697192
2672,129,0.0,148.9312572008137
2673,129,0.0,202.87791202794324
2674,129,0.0,202.2443103744182
2675,129,0.0,200.64917917786423
2676,129,0.0,200.50142407914512
2677,129,0.0,193.18558795674207
2678,129,0.0,193.3473464197466
2679,129,0.0,200.716567752605
2680,129,0.0,203.02770067483084
2681,129,0.0,199.11246101629746
2682,129,0.0,134.05341897614082
2683,129,41.106219798328965,167.6990651978862
2684,129,78.53466126650983,170.45583060285375
2685,129,61.409587904792524,165.36701691017552
2686,129,56.396838877023356,164.35549424897027
2687,129,46.4276167489799,129.67583764444757
2688,129,37.8302960203714,126.27676859869119
2689,129,32.83388794172225,148.83595048168564
2690,129,38.92932600511813,148.2190278392582
2691,129,28.735259398065033,147.98269181335098
2692,129,27.693292537979488,147.8168384467503
2693,129,29.58195879113306,148.07382135804124
2694,129,17.945907193699234,148.76050024265552
2695,129,37.9080741729587,130.41382269412887
2696,129,0.0,149.0133303702628
2697,129,0.0,202.91202361747983
2698,129,0.0,202.45917098432085
2699,129,0.0,193.76449755094615
2700,129,0.0,193.88022618702072
2701,129,0.0,193.62663103162302
2702,129,0.0,193.43267519799272
2703,129,0.0,193.6616035714478
2704,129,0.0,202.94138920674519
2705,129,0.0,199.41364541369586
2706,129,0.0,130.74416170826868
2707,129,37.01580263102329,166.49062697184007
2708,129,75.09528124985975,169.957596596111
2709,129,59.499555612203835,164.66310352524485
2710,129,56.202283980174386,164.1250963069769
2711,129,48.67453444146938,130.55809611743206
2712,129,40.03606317891191,115.24814352259716
2713,129,34.24090605267863,148.5154000583521
2714,129,30.25950273592676,147.75342017221195
2715,129,28.742297723254207,147.47214194669667
2716,129,27.019116233526717,147.24836157831567
2717,129,27.983032458404363,147.49140765776286
2718,129,31.20114133039493,148.3465487033987
2719,129,35.441413558490325,128.14688589226253
2720,129,0.0,158.63055027437898
2721,129,0.0,197.75108132219165
2722,129,0.0,196.93877866531676
2723,129,0.0,196.63909496602625
2724,129,0.0,196.63727362070233
2725,129,0.0,196.33957915748186
2726,129,0.0,193.75587860916926
2727,129,0.0,193.7283839405768
2728,129,0.0,196.86941497538893
2729,129,0.0,199.3560184980024
2730,129,0.0,133.83487224187257
2731,129,32.82030207310783,121.72252509900167
2732,129,65.6030404810645,155.7047022615441
2733,129,51.83357529222394,131.86294646801994
2734,129,47.78655724569656,127.17126329859768
2735,129,43.069800821075205,125.28867641658591
2736,129,36.926445308573086,125.9091863281444
2737,129,31.486451790039844,148.53123484645235
2738,129,28.12531586572243,147.90751495763038
2739,129,27.135651120491243,147.8416586816722
2740,129,28.024796213534,147.8885065376219
2741,129,26.561386929419015,147.78228884405314
2742,129,21.296071738790637,148.10749453502132
2743,129,0.0,147.65790073686563
2744,129,0.0,196.77690905873158
2745,129,0.0,196.47051068359647
2746,129,0.0,227.72438945959698
2747,129,0.0,227.98251695270878
2748,129,0.0,228.1000508527528
2749,129,0.0,228.19805051344335
2750,129,0.0,225.38093845229753
2751,129,0.0,226.00318336678228
2752,129,0.0,234.3434219163127
2753,129,0.0,198.11389464681852
2754,129,0.0,198.70548738181705
2755,129,0.0,146.8507490212973
2756,129,32.89801664089469,116.1187046779597
2757,129,42.31685405647064,117.08035364899149
2758,129,51.64997295028178,115.46411400657043
2759,129,41.02284303015856,113.03306043582495
2760,129,37.364972779847946,109.77808465874762
2761,129,33.05745317887772,149.10623194224644
2762,129,28.853779620632036,148.23561041065776
2763,129,27.31545218933401,148.0077352306928
2764,129,26.24482614946386,147.65817053843668
2765,129,27.216873962547044,147.83212997528412
2766,129,24.372800781854107,147.59065183189603
2767,129,0.0,146.72850517237643
2768,129,0.0,193.9100081362166
2769,129,0.0,193.70380258264234
2770,129,5.323855579913892,129.20495841105716
2771,129,13.530225547332277,129.20332178065928
2772,129,13.211745057016767,129.11176954582882
2773,129,11.04290719444162,128.79500670873261
2774,129,11.64724883496864,128.88772771531902
2775,129,12.688601332469592,129.00167360051447
2776,129,0.0,228.46945334784144
2777,129,0.0,197.49244506180474
2778,129,0.0,198.18475173383607
2779,129,0.0,145.8999521868144
2780,129,36.81702727057079,117.62977477108608
2781,129,60.40010730229708,148.97903799930353
2782,129,47.85650541299929,115.7166111951115
2783,129,28.648578059299556,111.5886419978173
2784,129,36.92164688925106,149.0904065303887
2785,129,32.85502908151824,148.51961226447054
2786,129,29.13178277673226,147.90087382018618
2787,129,26.85156920352083,147.72205990201843
2788,129,26.16634663036936,147.4935972150673
2789,129,25.179165609026796,147.10518523920845
2790,129,22.00191833816804,147.03668698058894
2791,129,0.0,196.25012978877172
2792,129,0.0,196.09110073127837
2793,129,16.743915861228253,145.95394485143694
2794,129,13.430638762663042,129.04035304428388
2795,129,19.46003091720901,129.03935275729543
2796,129,25.956785297691713,128.95135184435296
2797,129,23.958212623278172,128.68318757727099
2798,129,6.098198040807734,128.91381947429898
2799,129,0.0,128.9585173105855
2800,129,0.0,234.69213197882752
2801,129,0.0,197.14027638725128
2802,129,0.0,197.80993035050162
2803,129,0.0,198.64069785202747
2804,129,40.05509277607415,115.96985247172367
2805,129,59.37078454309707,148.80846640216993
2806,129,52.97842567758632,115.95467160742743
2807,129,43.40808231202287,125.43390461959508
2808,129,35.64302464948184,149.3251189197703
2809,129,30.894242859933456,148.4816195090019
2810,129,27.506487248953892,147.90058188478696
2811,129,26.534273344893446,147.65185748828887
2812,129,25.90616782922647,147.48795404787882
2813,129,14.240630196645016,147.56740443640425
2814,129,15.291651989469486,148.1524743138884
2815,129,26.825173461630495,149.4872315757102
2816,129,0.0,197.00337781580407
2817,129,0.0,196.24063148410724
2818,129,3.3016630788939882,152.54164698529348
2819,129,13.897583594386306,152.26389108252846
2820,129,12.751308117794014,152.13605263110892
2821,129,12.74822608732682,152.1461691648646
2822,129,11.469432640767439,151.99976620497688
2823,129,0.0,193.06928197093603
2824,129,0.0,196.14287147675594
2825,129,0.0,198.19408042471326
2826,129,0.0,129.16555790074275
2827,129,32.01306709381143,134.65586593207874
2828,129,71.65001671843463,168.63894141770405
2829,129,62.66767096274625,164.68514345720047
2830,129,56.00192769842771,163.64360984138398
2831,129,45.87684315281655,129.46152447998944
2832,129,35.582488084445615,148.61833991976795
2833,129,30.017167493087634,147.9696578775163
2834,129,27.54146490548031,147.8201188966658
2835,129,26.125995638351366,147.52686127168897
2836,129,25.164260242599546,147.4151888686206
2837,129,26.981586554102446,147.76745752752646
2838,129,21.806222124647345,148.0801974398247
2839,129,19.255475045773835,148.57453174357428
2840,129,0.0,202.9846968037678
2841,129,0.0,201.00964582649314
2842,129,0.0,200.45288370587565
2843,129,10.724837846669095,151.93308979375374
2844,129,10.65530994628873,151.86602758061696
2845,129,8.82984183930557,151.66388597835967
2846,129,10.075575172893636,151.90579135787533
2847,129,0.0,200.28401071255982
2848,129,0.0,202.35923389784983
2849,129,0.0,198.45401007656287
2850,129,0.0,159.59416517397045
2851,129,26.957752677439856,136.08113740279157
2852,129,64.39989444436814,167.01812841719658
2853,129,55.793451489378256,163.43843784510068
2854,129,51.39481034048498,131.62985151785534
2855,129,43.874133881312275,128.65515591078213
2856,129,35.22166438175624,148.69674706975815
2857,129,30.30636175782416,147.77624331361147
2858,129,26.88541937129829,147.35313712986908
2859,129,24.888981468394466,147.06194462793317
2860,129,24.325629762985777,147.12966980999153
2861,129,26.187045625825085,147.44628789134296
2862,129,19.83806302380548,147.51759736234004
2863,129,19.16445652059887,148.50138631491313
2864,129,0.0,203.01921546424254
2865,129,0.0,202.35621416050952
2866,129,0.0,200.52877841040055
2867,129,11.267915401835575,152.05822978061997
2868,129,11.596797887835224,152.09150011876466
2869,129,10.167169278335384,151.93484169436374
2870,129,9.11742215778297,151.7545076983183
2871,129,0.0,200.18461387798732
2872,129,0.0,202.5146890597813
2873,129,0.0,199.185670298743
2874,129,0.0,130.4363607467126
2875,129,32.00973727598761,138.129491362046
2876,129,64.34568227224185,168.17591333160476
2877,129,50.00150652002182,132.93671094350492
2878,129,49.29667944846592,130.78001414123273
2879,129,43.40690400089326,128.4372285588921
2880,129,37.12310543296119,149.29815082515242
2881,129,31.784866523286137,148.47013047543743
2882,129,28.364343483875953,148.03670882945127
2883,129,26.12064268621571,147.66363328388877
2884,129,24.53151100649316,147.63929661720528
2885,129,25.139089629581246,147.6986429232014
2886,129,25.277653134429695,148.07489424753888
2887,129,27.773975255582513,124.36211003352513
2888,129,16.74774120522156,198.28718225695198
2889,129,30.097445393960317,148.61336033511785
2890,129,25.10585020894162,147.6934077375463
2891,129,30.08591278056028,147.41265709119463
2892,129,38.67760078708756,147.51721262902444
2893,129,36.351249166217606,146.99318533188463
2894,129,20.119322974774256,146.4193132689311
2895,129,6.126117905080068,146.28550668573996
2896,129,0.0,197.02807366367827
2897,129,0.0,199.37559058730022
2898,129,0.0,129.62518683543138
2899,129,24.91178335027041,133.0224681907597
2900,129,65.34818042735517,154.8830040320617
2901,129,51.66560966891369,133.60930880446293
2902,129,50.37743261710563,131.2150739258281
2903,129,43.3388686712987,125.38019106394665
2904,129,37.24754140196203,122.98191507250186
2905,129,31.680938944038257,148.42357901014984
2906,129,28.06441401853472,147.93404967104863
2907,129,26.812425037643585,147.67056382906378
2908,129,27.247790921040078,147.64419473646836
2909,129,26.210567241165403,147.43671930318078
2910,129,21.30328615555016,147.0941088847623
2911,129,0.0,193.69923868126926
2912,129,0.0,193.6194004956522
2913,129,0.0,193.54250019216445
2914,129,1.6951261822516972,129.26093868508957
2915,129,12.914834138543526,129.0146210065967
2916,129,12.504283039194267,128.9274272658664
2917,129,12.079306976549342,128.85896995163378
2918,129,0.8075401405372761,128.92014724790502
2919,129,0.0,228.06133828312736
2920,129,0.0,235.5839955582599
2921,129,0.0,198.2908299817955
2922,129,0.0,198.7528337399044
2923,129,0.0,146.58359706756755
2924,129,31.375752971582592,116.50754971343372
2925,129,39.201913307528145,115.86769507769665
2926,129,46.852275800311226,113.52545866999856
2927,129,41.00294613298866,111.20557439294323
2928,129,33.36443587394609,148.6981023097384
2929,129,29.85887440700094,147.97497443414582
2930,129,28.005059442880064,147.56443895067588
2931,129,26.44028274709996,147.29371948816527
2932,129,25.04543575712228,147.23829580757587
2933,129,20.29264006953373,147.30664719276376
2934,129,20.758544077170917,147.1312654723902
2935,129,0.0,196.09042115336595
2936,129,0.0,193.7112480512592
2937,129,0.0,193.6832791994549
2938,129,13.560465010602037,135.78224331889456
2939,129,13.602667167048589,129.13482128917667
2940,129,12.625629417441212,129.0581113183394
2941,129,11.41183403625693,128.92227489815073
2942,129,11.853984711755007,129.00754526721843
2943,129,0.0,128.97228797637223
2944,129,0.0,227.9923636980759
2945,129,0.0,196.76684553007908
2946,129,0.0,197.47141591489955
2947,129,0.0,198.16831042837197
2948,129,32.87569496326715,113.66425702046537
2949,129,38.30792222717867,128.78282930016286
2950,129,33.73011445785476,126.86444998828733
2951,129,39.392759377245405,123.84001191660326
2952,129,33.293496727480125,148.35077302474377
2953,129,28.474411416973783,147.6850061697664
2954,129,25.27954519942268,147.22319795333922
2955,129,24.001596592457126,146.94296954914904
2956,129,23.512780181107054,146.95126268445367
2957,129,24.888017077153965,146.95260810943492
2958,129,22.677516475729046,147.14013661534088
2959,129,17.375106977458064,148.09698187448407
2960,129,5.39015158207895,197.11498036126983
2961,129,20.22753937678166,146.30502671206935
2962,129,14.56855867490943,152.36051960664844
2963,129,12.318177460034828,152.07258926808353
2964,129,12.375861561149012,151.98461833228345
2965,129,11.588287193618664,151.9346182507191
2966,129,10.99644313988669,151.82239807066583
2967,129,12.171448820111099,151.95296611506947
2968,129,0.0,202.58188430013166
2969,129,0.0,199.03747226564755
2970,129,0.0,199.8203091267126
2971,129,33.507113008449664,134.33201456517904
2972,129,56.09921346778934,166.44785122467792
2973,129,52.44066562103431,132.1557677798008
2974,129,47.41253324202363,130.0501518833725
2975,129,38.71121545713316,126.60310070757642
2976,129,29.289536334779065,147.94528479580455
2977,129,23.522224696195185,147.0761228355429
2978,129,22.152042557952008,146.77978965328387
2979,129,21.05015142725542,146.7735542055748
2980,129,20.870717942062935,146.8197957407898
2981,129,8.432555021793657,146.96041625391857
2982,129,15.85794922687865,147.08533186849985
2983,129,13.806805724556137,147.94690733447456
2984,129,0.0,202.81542417963541
2985,129,0.0,202.37615110527395
2986,129,0.0,193.49146267589194
2987,129,0.0,200.409450706331
2988,129,5.753139295648949,152.15038112178368
2989,129,12.270190172057864,152.2359322402968
2990,129,0.0,152.18244234456034
2991,129,0.0,152.29618921227933
2992,129,0.0,202.69071828560973
2993,129,0.0,199.14466706530072
2994,129,0.0,199.8433531041429
2995,129,30.48995356756544,133.16484265534552
2996,129,53.00283728228408,166.73277216360253
2997,129,48.87126399507029,130.76577998003157
2998,129,46.190450857901574,129.5672057363892
2999,129,38.914105229733806,126.68105556130102
3000,129,31.175688311990566,148.35814461792376
3001,129,25.89534055619407,147.46182162634267
3002,129,23.165090179835456,147.13134802846423
3003,129,22.299344037201216,146.98334666231258
3004,129,22.929227274306996,147.06902705884016
3005,129,19.707866560010473,147.29782847752094
3006,129,7.316969745183708,147.46101578022783
3007,129,14.070336516881447,148.4546583969107
3008,129,0.0,203.06771015651933
3009,129,0.0,202.35467993797477
3010,129,0.0,200.66384582840882
3011,129,0.0,200.38857327872162
3012,129,0.0,152.16341471607643
3013,129,0.0,200.1739390077855
3014,129,0.0,193.00313079005855
3015,129,0.0,193.10756678676074
3016,129,0.0,202.34582866436662
3017,129,0.0,198.37381306025625
3018,129,0.0,199.25882060897138
3019,129,17.82876402470026,133.8943394559428
3020,129,57.07349166981207,167.4551880398425
3021,129,54.18290795849609,163.8647541633386
3022,129,50.68922913280564,131.3337506814468
3023,129,42.10285497577812,127.94358938430805
3024,129,47.01353767883237,112.74342128533269
3025,129,42.22809336448441,148.0675830891132
3026,129,27.620312266908925,147.73572641180297
3027,129,25.461324843005926,147.28162505399712
3028,129,23.559639035697394,147.2374990013236
3029,129,10.687918909542304,147.27319181257582
3030,129,5.54302947781646,147.00721192595356
3031,129,8.359182487947715,147.61239411717173
3032,129,0.0,202.57814023308805
3033,129,0.0,193.77011477921823
3034,129,0.0,193.2514736389726
3035,129,0.0,192.93144245795432
3036,129,0.0,192.90585947926837
3037,129,0.0,192.76970387563287
3038,129,0.0,192.74819357035392
3039,129,0.0,193.0220016304551
3040,129,0.0,194.00030962236082
3041,129,0.0,198.67671431385986
3042,129,0.0,130.41210317342495
3043,129,25.118859730942674,136.81793032711724
3044,129,71.52697225348821,165.0293660603248
3045,129,52.13486731041917,132.04626322191538
3046,129,49.105913670287975,130.69869339127982
3047,129,42.392730434548085,128.03743710177156
3048,129,34.63111418165139,147.9901592962628
3049,129,28.636115757967392,147.28292380795855
3050,129,25.098115424629114,146.95375837134105
3051,129,23.767834931637456,146.83742781124786
3052,129,22.99645724768662,146.82289108168644
3053,129,23.432523126907018,146.92475864954196
3054,129,5.078666445307929,146.71882915464724
3055,129,10.61058736955016,147.95656273041817
3056,129,0.0,197.25084714561518
3057,129,0.0,196.59620282560357
3058,129,0.0,193.8228142548137
3059,129,0.0,193.62793425945785
3060,129,0.0,196.1540063386663
3061,129,0.0,193.72420242338924
3062,129,0.0,193.50996488393443
3063,129,0.0,193.51468047556546
3064,129,0.0,196.23881032206833
3065,129,0.0,198.11132159649335
3066,129,0.0,198.99005891265406
3067,129,10.84488496484022,129.0115382143112
3068,129,47.94161218565256,152.15694984170497
3069,129,48.45675743072721,130.60875438106146
3070,129,46.674888483522764,126.70204825409887
3071,129,42.29408675413008,124.96603285298235
3072,129,35.58802763729084,148.79735897321962
3073,129,44.420649471926836,147.93170212492169
3074,129,37.45514458227571,147.6030732631844
3075,129,25.824801367569155,147.32716426380443
3076,129,23.679316131798565,147.07224037067104
3077,129,10.814098098015318,147.09558328096568
3078,129,1.3249949952351985,146.44948512288596
3079,129,0.0,193.34884501122394
3080,129,0.0,193.34700635469062
3081,129,0.0,193.20239005649665
3082,129,0.0,128.6310556402873
3083,129,8.675208482934154,128.41728049548874
3084,129,0.0,128.4754162736644
3085,129,0.0,128.39780756057206
3086,129,5.5186147252375415,128.47885767429096
3087,129,0.0,227.60850004902383
3088,129,0.0,228.3746971745374
3089,129,0.0,197.36851484046724
3090,129,0.0,197.92125266064187
3091,129,0.0,198.37410239754294
3092,129,19.912198458920606,159.428695710508
3093,129,44.199601827914265,114.4138168855906
3094,129,43.89769813180361,112.32785012550723
3095,129,25.423008942739774,110.2748276917507
3096,129,32.60931627001215,148.84364288229656
3097,129,27.758080933297126,148.23243627606988
3098,129,24.46086054607988,147.5768782023009
3099,129,22.500042207886935,147.23850017822045
3100,129,21.68088215415327,147.0983534527035
3101,129,20.801482807270936,146.96348990330148
3102,129,12.260174519729254,146.41953894583614
3103,129,0.0,193.39471807984754
3104,129,0.0,193.45283745807245
3105,129,1.1233266147764442,139.34431468937424
3106,129,10.822226343190522,128.90547668515063
3107,129,8.652294890733721,128.50479811315645
3108,129,21.388728687046637,128.41175111736442
3109,129,21.613245617558356,128.399589130669
3110,129,9.020059327723512,128.45004599760668
3111,129,0.0,128.56558674308613
3112,129,0.0,135.51579078377034
3113,129,0.0,196.64982624187897
3114,129,0.0,197.52751898946923
3115,129,0.0,198.37612118783278
3116,129,19.565652223740504,113.05773636517425
3117,129,35.584348621697686,114.47468541139489
3118,129,43.33479475254512,115.1561060676495
3119,129,32.84282513279313,123.01802337877962
3120,129,30.03771983734574,147.7357329151766
3121,129,24.70167777959382,147.13062614863298
3122,129,22.40721479022959,146.915478257391
3123,129,21.97950925025297,146.79728942798943
3124,129,21.825403628396945,146.71029427531167
3125,129,21.752862487898387,146.71390164523356
3126,129,15.432456257828747,146.34074489650789
3127,129,9.735877686487655,147.5357011773283
3128,129,24.562062644318683,147.0436673533293
3129,129,19.532574666475274,146.22798952732708
3130,129,14.295229168434634,152.36989491222027
3131,129,26.544864988535185,152.22358431385726
3132,129,27.930000752611317,152.41028600938242
3133,129,20.43424689389997,139.07169298563028
3134,129,14.128885598609925,152.37811375495122
3135,129,3.6134343521743233,152.7160191025095
3136,129,13.037377799214717,147.72225353461513
3137,129,0.0,199.61919130079744
3138,129,0.0,199.90391452728852
3139,129,16.437968685869343,131.1877278172717
3140,129,64.84318420637875,153.88553614306187
3141,129,52.29497571918105,132.1567337322992
3142,129,49.43458350597387,130.8412412564081
3143,129,41.411589822335074,127.66226106485904
3144,129,33.89194498569256,148.86097460150688
3145,129,27.972433194076807,147.8619439619785
3146,129,25.424481083977117,147.47514001593515
3147,129,24.09473743027541,147.20718698634062
3148,129,23.815901301670113,147.17106707196916
3149,129,20.193632002568332,147.29109037300069
3150,129,3.2914876886050517,146.9896742335424
3151,129,8.583660391195995,147.98644394695276
3152,129,0.0,196.68369674168406
3153,129,7.266296293440898,146.6431614709453
3154,129,14.684020090580955,152.6050942166925
3155,129,12.400988350649992,152.17533561556587
3156,129,25.56720718628052,152.17624304200226
3157,129,12.483638408858994,152.08775071546177
3158,129,12.404499983136343,152.20593711804338
3159,129,1.1457826069941421,152.61419342882766
3160,129,0.0,196.8190492772159
3161,129,0.0,199.5113592803318
3162,129,0.0,164.305924567593
3163,129,23.42105099311823,136.91912289225354
3164,129,65.93335563080974,153.8588105916228
3165,129,46.78970650950917,130.01314030139355
3166,129,43.87868628058529,128.64314577475682
3167,129,37.62032299068049,126.16733628441385
3168,129,30.172251665885906,148.36107228979105
3169,129,25.294033170283093,147.52964847212954
3170,129,22.96107625268906,147.11416882381005
3171,129,23.10707702057292,147.08858907242472
3172,129,22.39957684441431,146.8817895485704
3173,129,10.213031336276417,146.92560023285066
3174,129,11.144039804981603,146.5379156489538
3175,129,10.686413452850422,147.70952401625868
3176,129,0.0,196.68884887704903
3177,129,0.0,202.33834316194998
3178,129,16.371793159394286,152.76185280292577
3179,129,14.222552070491973,152.43824022147086
3180,129,14.10375414914028,152.4935890894184
3181,129,13.05957443483566,152.33968529673106
3182,129,13.45480652316835,152.5013088253383
3183,129,0.0,193.3975575274713
3184,129,0.0,196.81914148691683
3185,129,0.0,198.9754602359276
3186,129,0.0,199.6443814053315
3187,129,10.192278326547722,129.13867357387835
3188,129,48.376214370418545,153.60653389306714
3189,129,50.35060811398101,131.43086515454365
3190,129,50.739818539074754,131.36406247033162
3191,129,43.28043922123436,125.36857412949703
3192,129,33.565551575258844,149.05731662731736
3193,129,29.47558351000673,148.19977355218873
3194,129,26.018889444961612,147.64216472153433
3195,129,24.184125316202177,147.60221629656323
3196,129,22.96894855269282,147.3591036211174
3197,129,18.568215914307245,147.33058189707714
3198,129,11.953350792233207,146.54828815159516
3199,129,0.0,193.33152199727405
3200,129,0.0,193.36247287561275
3201,129,0.0,193.37351519375474
3202,129,0.0,128.9958944442504
3203,129,8.98879577510229,128.5404475334096
3204,129,8.598240142694895,128.45135520880768
3205,129,18.255577289460163,128.37035494909702
3206,129,8.932301565298959,128.41821234364724
3207,129,0.0,128.56189609456752
3208,129,0.0,227.81432699549805
3209,129,0.0,235.15782264125303
3210,129,0.0,197.12974848364698
3211,129,0.0,197.7956760528292
3212,129,19.442587582722098,113.4722517436897
3213,129,53.5743646056446,116.36613762950785
3214,129,47.64547893849501,113.82529163587513
3215,129,39.65027593098931,110.65497714551383
3216,129,34.25882747289247,149.19055774662027
3217,129,28.714316536891246,148.34101115070058
3218,129,26.367047101498528,147.7833366123497
3219,129,23.689473690525222,147.47229562098101
3220,129,21.62602215646303,147.21472720544006
3221,129,14.508679193997995,147.29317338758398
3222,129,0.0,146.46104317003068
3223,129,0.2309068483146668,147.08087035016376
3224,129,0.0,196.60404456891064
3225,129,0.0,196.38607066092968
3226,129,15.05169724256391,139.50038744119675
3227,129,11.456858849047533,138.92077900753762
3228,129,11.55446758973698,152.24792631689073
3229,129,12.525655373759772,152.37534261556345
3230,129,14.48166651686797,139.3833042532141
3231,129,15.556507352142322,139.54003536530624
3232,129,0.0,196.61686732941538
3233,129,0.0,198.3098956424201
3234,129,0.0,199.390683402708
3235,129,13.377287677797769,130.91211525403375
3236,129,53.43780058648091,153.17366634554185
3237,129,50.922229996205054,128.59444887052086
3238,129,48.904688568217836,127.59256736750982
3239,129,41.57002834873471,124.68678104668123
3240,129,35.618069634023584,148.9936501093081
3241,129,31.03943335813101,148.1900766940497
3242,129,27.171506641452474,147.5552032183675
3243,129,25.049597185189185,147.1164003555831
3244,129,23.483728743382613,146.84120302691122
3245,129,22.250416721582297,146.7690240094122
3246,129,6.056983328332439,139.640860238463
3247,129,0.0,193.42030169058336
3248,129,0.0,193.4504778611904
3249,129,0.0,193.32165140586116
3250,129,0.0,128.7113345131699
3251,129,2.7472716816941922,128.37394195964598
3252,129,8.241584834670434,128.3196223267235
3253,129,7.48048424539278,128.1697976922001
3254,129,7.330248120830452,128.14625125394863
3255,129,0.0,128.28770708333434
3256,129,0.0,227.81833676684897
3257,129,0.0,196.64920734540289
3258,129,0.0,197.16091821790667
3259,129,0.0,197.73740371441048
3260,129,12.63455437995504,111.22490017380638
3261,129,34.94825869907665,114.3221487063161
3262,129,42.50531125687905,113.59483973956866
3263,129,42.59910071559806,111.822669290102
3264,129,36.33427877991008,109.33969971203591
3265,129,30.887445337599647,148.4158188317141
3266,129,28.717937349784115,148.1173335064181
3267,129,26.513440168716063,147.62498951063307
3268,129,25.606464715020163,147.4905284039399
3269,129,25.250413580232294,147.48847219893926
3270,129,11.543448603907471,140.0754496318351
3271,129,0.0,193.2252540791049
3272,129,0.0,193.33730759415428
3273,129,1.5145722487484754,139.23966521432823
3274,129,11.286702017146068,128.7933605833958
3275,129,8.486179905140428,128.3013377506229
3276,129,7.334449712147265,128.12467517237474
3277,129,7.161893895824025,128.08618287923824
3278,129,7.387664457947101,128.07119949193262
3279,129,8.295014058413267,128.1600512159766
3280,129,0.0,227.79588317876224
3281,129,0.0,235.29864486045867
3282,129,0.0,197.16422059487041
3283,129,0.0,197.83788932256047
3284,129,15.374339452177502,158.67758235507006
3285,129,37.07223871372996,115.12821591048677
3286,129,49.1522065887567,114.42065958913386
3287,129,36.51901474613549,124.46994264725441
3288,129,34.12828842084118,148.49475499149167
3289,129,28.529929573558263,147.67255917437345
3290,129,25.09820650359376,147.17171918785277
3291,129,23.811768795443466,147.10945862787142
3292,129,23.412594521371492,146.96047105974174
3293,129,24.124094754353482,147.02256954526487
3294,129,13.424463079896634,146.24247470216233
3295,129,7.022944529366163,147.25441661841793
3296,129,0.0,196.55246922704433
3297,129,0.0,193.80982314390477
3298,129,14.272423431145764,152.2430521477179
3299,129,12.452995716516522,152.016689183177
3300,129,13.003482107049244,152.1413641473082
3301,129,13.510021416057487,152.1833760537202
3302,129,16.419057164394886,152.6045770279551
3303,129,16.84568678143306,152.81682718096715
3304,129,0.0,197.04898262502172
3305,129,0.0,199.44629692315414
3306,129,0.0,200.0219946567925
3307,129,26.693767487866925,133.9256668715626
3308,129,49.4403526544381,166.3695126949438
3309,129,50.442243270561654,131.48092943078677
3310,129,48.92111173533372,130.6533655578437
3311,129,42.44566915778995,128.08484928485714
3312,129,35.078897036597674,149.28264455810222
3313,129,29.85000718469302,148.36801196562828
3314,129,26.684780940116394,147.72040008649333
3315,129,24.777953397975864,147.5855452222937
3316,129,25.216131055078744,147.44451069908737
3317,129,21.409471326080038,147.53300898753673
3318,129,1.7397786655985528,147.0955581835199
3319,129,9.314322963909449,148.70274818273668
3320,129,0.0,196.80117586378347
3321,129,0.0,196.27293559420596
3322,129,0.0,200.61710525914657
3323,129,0.0,200.29503868705913
3324,129,0.0,151.88213962341553
3325,129,0.0,151.7334068753089
3326,129,0.0,192.98189740909467
3327,129,0.0,193.3375136417176
3328,129,0.0,196.85549206686977
3329,129,0.0,199.44822986590307
3330,129,0.0,200.0694142757875
3331,129,18.653166308089393,135.86546080425484
3332,129,51.757819030166964,167.00003262942624
3333,129,53.237919610364656,163.74375512485133
3334,129,52.13048712998669,131.9251651682092
3335,129,44.41365586518504,128.86607576570952
3336,129,35.88623324304901,149.19220422850015
3337,129,29.261310630189797,148.33251466625745
3338,129,27.33382947244999,147.85984391492923
3339,129,25.658878169168528,147.5078342003652
3340,129,24.183876783303916,147.37755369096433
3341,129,19.61254833940145,147.22650290794508
3342,129,13.302108140414306,146.45468852942034
3343,129,6.7814631155014125,147.3983979998769
3344,129,0.0,202.48298291344085
3345,129,0.0,193.8624253496496
3346,129,0.0,200.67704453959416
3347,129,0.0,200.53953206640657
3348,129,2.5333745384206576,152.53452662476653
3349,129,13.956813804932715,152.39789789789452
3350,129,0.0,200.68943663633172
3351,129,0.0,193.3841851759331
3352,129,0.0,202.87090484894534
3353,129,0.0,199.40750346691604
3354,129,0.0,199.90294867672554
3355,129,13.347560976737054,134.31081375965834
3356,129,52.86143252682736,166.4083887233058
3357,129,53.990675082626026,163.6242320554902
3358,129,52.860624622721005,132.21140121515324
3359,129,45.51286898464841,129.28781123373318
3360,129,37.6785017203446,149.538673845479
3361,129,30.609410698591343,148.40043565942415
3362,129,27.363975827316843,147.86815145199287
3363,129,25.22662360165102,147.44196996859992
3364,129,24.51761826729227,147.42144295782
3365,129,24.193815009055225,147.25809171117083
3366,129,10.245204700551065,146.94357234066462
3367,129,9.173655590210718,148.13172388952557
3368,129,0.0,202.83770646765305
3369,129,0.0,193.75085104005234
3370,129,0.0,200.40325457325795
3371,129,11.620873220230457,152.1450778646985
3372,129,13.727393936283887,152.51690939557272
3373,129,20.610481538073593,146.85340674339037
3374,129,21.202502944581855,146.79245764682253
3375,129,0.0,200.73508293037034
3376,129,0.0,202.5583351838625
3377,129,0.0,198.0464159801822
3378,129,0.0,198.4374249267322
3379,129,12.289768271148134,158.99176084228907
3380,129,39.67744648178244,134.76370302023025
3381,129,33.50549793634737,130.01035392537295
3382,129,49.0083301417956,130.69343788394576
3383,129,38.74119423768117,128.395471884266
3384,129,33.72040352814228,148.55003182787704
3385,129,29.378676390666502,148.07951100860961
3386,129,25.416942231007752,147.30280385568219
3387,129,24.264886379725358,147.15693882607397
3388,129,22.79912940651962,146.96864080007532
3389,129,22.21396255294128,147.01838319850438
3390,129,10.71054785839156,146.22442681844117
3391,129,3.3289669950240897,147.12406864374572
3392,129,0.0,196.71165923030222
3393,129,19.92465763344995,146.4951581924856
3394,129,16.77440486662974,146.05208318244328
3395,129,14.84977144449141,152.63169131278207
3396,129,15.396804685791066,152.63024530150344
3397,129,17.825597395534214,152.89710046400367
3398,129,21.500104196830314,146.61153027178753
3399,129,20.541394792800233,146.56679648750224
3400,129,22.552835896649498,147.79172115679668
3401,129,0.0,199.5250406432109
3402,129,0.0,200.1648553711656
3403,129,24.268855182961563,131.22284337873032
3404,129,41.76058055872591,151.79771295408676
3405,129,33.15447835638747,126.89221013440824
3406,129,46.24770231560554,126.54255893965194
3407,129,40.3752637459856,124.21811852591458
3408,129,33.984221917962955,148.7172367967164
3409,129,29.307717418105984,148.1315218410036
3410,129,26.09514895236787,147.5982878692863
3411,129,24.668125313587634,147.39309144424433
3412,129,24.08470114025305,147.28819727042088
3413,129,22.508114373498778,147.11249263050675
3414,129,4.721833853548047,146.27580250570693
3415,129,0.0,193.43557090235416
3416,129,0.0,193.47423634626327
3417,129,0.0,193.45593129870662
3418,129,0.0,227.8615126928173
3419,129,0.0,227.6642702910875
3420,129,0.0,135.17447296691074
3421,129,0.0,128.46389011328895
3422,129,0.0,128.37738203579778
3423,129,0.0,227.53998406405105
3424,129,0.0,227.84187851204737
3425,129,0.0,196.55917745831886
3426,129,0.0,196.98093316489857
3427,129,0.0,197.4482108341234
3428,129,6.301560833896803,144.95100497197538
3429,129,30.383868964379626,112.56746336876664
3430,129,39.32449389251546,112.36404157072418
3431,129,40.85560277274725,111.15187084868204
3432,129,35.225893971067094,149.45351672341724
3433,129,30.443378742517215,148.45048362081292
3434,129,26.461912318318248,147.74463432312785
3435,129,23.38153754432982,147.36921873081047
3436,129,22.459522743609458,147.21331064803303
3437,129,22.4608300675293,147.20445585677757
3438,129,7.784069609697514,139.9519644616249
3439,129,0.0,193.14004734820267
3440,129,0.0,193.2555867391284
3441,129,1.3685145901445994,139.2968679158525
3442,129,12.31507236495013,129.036544538091
3443,129,11.183488627663511,128.79988632204493
3444,129,10.921803284291318,128.80148202710484
3445,129,0.0,227.62504651046092
3446,129,0.0,227.53510291452366
3447,129,0.0,227.6535034683888
3448,129,0.0,228.0422041701957
3449,129,0.0,235.60183501643485
3450,129,0.0,197.44949155142714
3451,129,0.0,197.65528413819987
3452,129,9.788508778980482,145.29833381195428
3453,129,35.17711498208258,114.42752575601759
3454,129,43.57576009825226,114.00762393776583
3455,129,41.24351264412587,111.29842152725008
3456,129,35.99121230541258,148.98507088046108
3457,129,31.04205906695364,148.0728463996958
3458,129,27.22140659643048,147.5077048854199
3459,129,24.688358674757005,147.20259592276182
3460,129,23.375885118360287,147.0754270973656
3461,129,23.079509907695417,146.99251679906143
3462,129,7.072143358455416,139.67216059931513
3463,129,0.0,193.24831542781067
3464,129,13.926689598330801,139.03238276522418
3465,129,15.244653313781948,139.08240365968715
3466,129,13.352404074435148,128.92685614362148
3467,129,12.777019546986255,128.83587992832318
3468,129,13.04002605574904,128.87631077724652
3469,129,18.270940823955986,128.79010422982324
3470,129,11.700570759871843,128.76357695276246
3471,129,12.108655532769625,128.8532229496789
3472,129,15.108256790314519,129.34440909255204
3473,129,0.0,235.55703801207397
3474,129,0.0,197.46172327360281
3475,129,0.0,197.790088514351
3476,129,10.10870330339817,145.65031836981686
3477,129,48.29087506134263,114.37547367272305
3478,129,48.72635789776065,114.26499247711658
3479,129,41.78135894115815,111.51436970571199
3480,129,36.62496029850563,149.05828918481873
3481,129,30.22671305834179,148.1393002663447
3482,129,27.14019230210234,147.72036457623466
3483,129,25.647407942109137,147.49225889523814
3484,129,24.42690658384733,147.34834471185138
3485,129,23.1018731564484,147.31764368536648
3486,129,0.0,146.5825154992318
3487,129,0.0,147.797375774212
3488,129,0.0,196.84642502485784
3489,129,0.0,196.1928996241319
3490,129,5.725492479787953,152.22146339516314
3491,129,9.94241717217108,151.8006122790556
3492,129,10.980948412574406,151.903945078887
3493,129,10.736799258446183,151.86376907898887
3494,129,11.268514154425324,151.96242185085984
3495,129,15.194180829249952,152.55148053646985
3496,129,0.0,197.1542052244007
3497,129,0.0,199.3751544068075
3498,129,0.0,200.1554115666589
3499,129,14.7058053701855,135.24172215481642
3500,129,47.955279621586996,166.24671318384867
3501,129,43.96618791910488,130.7788025989919
3502,129,49.0476731210459,130.70213469709483
3503,129,41.19778858222882,127.59162057449066
3504,129,32.607200139944474,148.52332538308042
3505,129,27.820588141716605,147.6905987931746
3506,129,24.61703966306072,147.07445688907808
3507,129,35.946867055924464,146.86386227489965
3508,129,22.138354175255223,146.855156385853
3509,129,22.21153665995153,146.91649831975212
3510,129,0.0,146.67420218612338
3511,129,0.0,147.67520622792708
3512,129,0.0,196.69640964465594
3513,129,0.0,193.85913960453732
3514,129,0.0,193.41150102677312
3515,129,0.0,152.16351783860486
3516,129,12.618873184625047,152.51807722892832
3517,129,13.714721015835874,152.55248573330576
3518,129,0.0,193.30274280309763
3519,129,0.0,193.20359398327102
3520,129,0.0,196.304942502154
3521,129,0.0,198.61773103488997
3522,129,0.0,198.9686537951525
3523,129,0.0,159.81674700565347
3524,129,36.115234180353205,133.77987585806855
3525,129,38.11404764967896,129.4995490893902
3526,129,47.7398732364849,130.1864345475324
3527,129,39.896735135770285,127.0705630042129
3528,129,34.62534401231957,148.44056010613383
3529,129,29.81650502010201,147.79126950921165
3530,129,39.3178831036035,147.38165858623557
3531,129,24.158439213530144,147.0187250238586
3532,129,24.390598969248394,147.00546640639703
3533,129,23.50454900158219,146.8484422975924
3534,129,0.0,146.30570328695254
3535,129,0.0,147.1554536220479
3536,129,0.0,196.3803739975809
3537,129,0.0,193.57174168658955
3538,129,0.0,193.13439755337208
3539,129,0.0,192.99972340543627
3540,129,0.0,193.0416488470433
3541,129,0.0,192.9725715932898
3542,129,0.0,192.9506642031889
3543,129,0.0,192.94954917444696
3544,129,0.0,193.46834838007845
3545,129,0.0,197.35798940570857
3546,129,0.0,198.2814642704667
3547,129,6.484920891277504,159.58528684679362
3548,129,37.263108788506635,134.13352576989345
3549,129,33.05105478614334,129.83191729028448
3550,129,45.89985011370721,129.45919447484746
3551,129,40.413049497200035,127.28259524386002
3552,129,32.91188309283518,148.5818943678287
3553,129,27.7154743075715,148.01623116066784
3554,129,24.91432704421178,147.5851564651016
3555,129,23.91645344779235,147.37041830970972
3556,129,22.45915705978217,147.23841479499043
3557,129,21.909141940494585,147.31547457264156
3558,129,9.698046740345385,146.5056258685136
3559,129,1.8693101415336388,147.5673231661151
3560,129,0.0,197.0696752369848
3561,129,0.0,196.72836773055047
3562,129,0.0,196.38126271567808
3563,129,3.03317656416114,193.73713850289536
3564,129,14.98063780697671,152.72020251986498
3565,129,12.495076890906647,152.32298787263727
3566,129,11.979572881828906,152.2743864005895
3567,129,13.68552184183451,152.47259846993123
3568,129,0.0,196.4970906136893
3569,129,0.0,198.49256301917916
3570,129,0.0,199.2386638053137
3571,129,0.34647645749367756,160.40052840307723
3572,129,48.71175172333668,164.96555430822957
3573,129,33.339553237994934,127.04217213248495
3574,129,46.868742182348214,129.82488656714511
3575,129,40.9303295734742,124.43855717455016
3576,129,33.5083766203919,148.68697143232683
3577,129,29.53670861411865,147.88183177674455
3578,129,26.92292255684433,147.42590356411395
3579,129,23.975452241222026,147.16998603178158
3580,129,23.145048857999036,147.0166652894752
3581,129,22.500358191049404,146.8451403571987
3582,129,8.294873644429988,146.10514109510632
3583,129,0.0,193.64543934445476
3584,129,0.0,193.73344356719025
3585,129,0.0,196.15371887027143
3586,129,13.96296072150343,129.30440056459355
3587,129,14.035194533781901,129.0780513746635
3588,129,13.283833671075236,128.96437321941275
3589,129,13.147060148318655,128.9343217247384
3590,129,11.233316433806301,128.6628516010738
3591,129,0.0,128.50029675662978
3592,129,0.0,227.81511029091004
3593,129,0.0,234.98222372598377
3594,129,0.0,196.8680974515057
3595,129,0.0,197.35862617971443
3596,129,4.631697723093369,148.98742624179562
3597,129,33.34957785634157,113.77295010570927
3598,129,43.88694314005714,114.17533126899771
3599,129,43.70330696697192,112.27856117160998
3600,129,37.535008176303755,149.04686623638628
3601,129,31.339150027325513,148.05224024967396
3602,129,27.90024971194397,147.4859521026491
3603,129,24.923949849716273,147.04040435221674
3604,129,22.994003455355628,146.87391113855938
3605,129,22.218898868336964,146.81096585264234
3606,129,5.827393696299256,139.68805116682944
3607,129,0.0,193.3290579901946
3608,129,0.0,193.39407215943106
3609,129,2.7892905778805974,139.36642384439824
3610,129,13.720392870648707,129.2430917549317
3611,129,14.275288568196887,129.35532190504242
3612,129,15.505927912753819,129.4802789799695
3613,129,14.110634219244242,129.20502595682754
3614,129,13.877465737846709,129.19797807541553
3615,129,14.556079649708376,129.26165755788637
3616,129,0.0,226.44368234776053
3617,129,0.0,235.50832897745988
3618,129,0.0,197.53893216043554
3619,129,0.0,197.68971609935483
3620,129,9.766778425131905,158.76118153515552
3621,129,38.424301516774484,115.74528084472132
3622,129,45.506903014989845,114.77761190672818
3623,129,40.84650948666815,111.14827752973758
3624,129,33.74409642004916,148.33721840811393
3625,129,28.53901025585602,147.59681758042316
3626,129,25.533688712734023,147.1216013245473
3627,129,23.508297213633735,146.9636730834291
3628,129,23.39830141812903,146.93108303575568
3629,129,22.87362497455799,146.81480802317628
3630,129,8.794131354843966,146.11162318843895
3631,129,0.5744334791643239,147.26253725367292
3632,129,19.802539781890026,146.55954002716484
3633,129,16.18645232032801,152.90813905054276
3634,129,13.558302945904385,152.48628527834373
3635,129,11.520747955775809,152.09032658536427
3636,129,11.46953948862572,152.1014684509387
3637,129,24.192553192166724,152.04249554129333
3638,129,10.028186908560357,151.89575695984365
3639,129,11.089145684521633,152.04997289788236
3640,129,20.02817099564811,146.58976794249926
3641,129,0.0,198.7345495869439
3642,129,0.0,199.22064508084347
3643,129,16.166514933040222,128.81205177883143
3644,129,45.20758868701001,166.27638957138535
3645,129,48.58159480805188,130.85231527128082
3646,129,48.43792058352872,130.4588770621183
3647,129,43.02559008845415,128.30824898302163
3648,129,32.92512285349952,149.20996809133692
3649,129,28.465675295479276,148.31894146322972
3650,129,25.188482961300814,147.83916431048155
3651,129,23.41678946641484,147.34909962525174
3652,129,24.04063341439694,147.2449885644812
3653,129,16.167138520361544,147.20044001336913
3654,129,0.0,146.49451135684888
3655,129,0.0,147.38770570661558
3656,129,0.0,196.51498838504637
3657,129,0.0,193.59513299480523
3658,129,0.0,192.97347912316584
3659,129,0.0,192.7129248795032
3660,129,0.0,151.65153138212844
3661,129,0.0,151.73012090737194
3662,129,0.0,192.9657524428664
3663,129,0.0,193.272381959707
3664,129,0.0,196.4990182432955
3665,129,0.0,198.5506227327759
3666,129,0.0,199.45573711771308
3667,129,7.999999088879415,130.61261068528322
3668,129,46.486893699962295,166.13132676550626
3669,129,42.87440100267925,130.3887077329939
3670,129,48.935486441852056,130.65092296086627
3671,129,40.843548672942816,127.45387831483629
3672,129,33.710717949506765,148.4849803065633
3673,129,28.336701494303764,147.80323315711652
3674,129,25.4235567755166,147.44105539444018
3675,129,22.95814830856886,147.20130514835395
3676,129,23.30512744683757,147.2480686160004
3677,129,22.65842361268692,147.18330740801963
3678,129,9.040695165661385,146.48379301255807
3679,129,0.5588360384344825,147.53550262240984
3680,129,0.0,202.4846897774022
3681,129,0.0,200.74250051297923
3682,129,13.406338615216278,152.43692838070143
3683,129,12.95542002549295,152.3650756303695
3684,129,16.17255007663783,153.00253293041348
3685,129,15.10279830483067,152.79469429663845
3686,129,13.884142983057307,152.5158798301155
3687,129,13.403574648786668,152.3907340344714
3688,129,0.0,202.40839578605053
3689,129,0.0,198.10149677602382
3690,129,0.0,198.50157765249412
3691,129,0.0,159.41481800301653
3692,129,49.71895692998923,134.29669194519008
3693,129,50.197461155811126,131.52649105281634
3694,129,52.27380938048028,132.00704855909927
3695,129,43.650394062117556,128.55866221391966
3696,129,35.85104176644895,148.54093237810665
3697,129,30.998742413492867,147.8495839676707
3698,129,28.0516170848538,147.35568787223107
3699,129,26.87456502267099,147.23010643841016
3700,129,26.27353499365098,147.13794548667988
3701,129,10.933501121376022,146.98825361985158
3702,129,0.0,146.1929250834427
3703,129,0.0,147.0304892730936
3704,129,0.0,196.36178159770023
3705,129,0.0,193.58193070168613
3706,129,0.0,193.1105257375101
3707,129,0.0,192.95403893933383
3708,129,0.0,151.82145728105257
3709,129,0.0,151.76095897047074
3710,129,0.0,192.91905895439473
3711,129,0.0,192.9175818542627
3712,129,0.0,193.50848576683467
3713,129,0.0,197.4065338480373
3714,129,0.0,198.3451430127301
3715,129,0.0,159.0747144988141
3716,129,38.56221827175073,134.96742788060504
3717,129,42.538043106886384,131.40823079525697
3718,129,52.23183931657984,131.96289711920676
3719,129,45.778961175497024,129.40685603116407
3720,129,37.21914242505839,126.01457453421449
3721,129,31.72205644769132,148.31512723377858
3722,129,27.238664739458393,147.72233323830693
3723,129,25.066713618102753,147.33470027999647
3724,129,23.504127874259893,147.0942762938407
3725,129,23.615885060955865,147.0740726760408
3726,129,10.121975431025174,146.37733268337294
3727,129,4.6344933509286905,147.56276794459816
3728,129,0.0,196.65990154845048
3729,129,0.0,196.20299364929315
3730,129,0.0,193.39284266754078
3731,129,0.0,193.03591370032996
3732,129,0.0,151.82631192032423
3733,129,0.0,151.71788606448035
3734,129,0.0,193.02314797975774
3735,129,0.0,193.14907676196844
3736,129,0.0,193.76160472954834
3737,129,0.0,197.8951870295173
3738,129,0.0,198.54093344993075
3739,129,0.0,159.80894719669723
3740,129,34.39799182151936,130.7499859815286
3741,129,35.0224489225192,127.23135838916153
3742,129,47.69998095246216,130.16260924721303
3743,129,43.30975152251581,125.38705090147995
3744,129,37.1773332628231,149.09183073983695
3745,129,32.178499468444244,148.48468604214992
3746,129,28.355691010883955,147.81365520911677
3747,129,26.605962632227847,147.4396499174785
3748,129,25.77610129077223,147.24756433567669
3749,129,24.09927465927137,147.05288703304763
3750,129,7.704919855413894,139.76689380799112
3751,129,0.0,193.3937301691388
3752,129,0.0,193.5044092803929
3753,129,4.348813604082435,139.5043460369037
3754,129,13.679499036601332,129.02416701204135
3755,129,11.579898090486678,128.66453762486725
3756,129,11.8328495898497,128.67457404420708
3757,129,10.638850326036158,128.50005692797572
3758,129,9.614529820719975,128.34053005715973
3759,129,9.698065883436469,128.37961546495256
3760,129,0.0,227.75046832243086
3761,129,0.0,234.90193350971225
3762,129,0.0,196.84345162822078
3763,129,0.0,197.38481501746253
3764,129,2.824575703520681,148.94393185793515
3765,129,31.34293119703447,113.01893142446143
3766,129,41.22653406494208,113.11812214349438
3767,129,41.51616860157248,111.4118177057944
3768,129,36.50763149943409,148.61254789248932
3769,129,32.06733795465647,148.06555718996418
3770,129,28.58147999775483,147.8822135335309
3771,129,25.73228279997872,147.26799042864576
3772,129,24.394309307508653,147.1953190502546
3773,129,22.92966804788903,147.22614556754795
3774,129,5.46532804835953,139.84129599661537
3775,129,0.0,193.3330533022541
3776,129,0.0,193.33466017227033
3777,129,0.0,193.35169144801844
3778,129,0.0,227.76375271488953
3779,129,0.0,227.76472809234158
3780,129,0.0,128.96256381067712
3781,129,0.0,128.8324575178028
3782,129,7.146816750763669,129.0119808635157
3783,129,11.93236308646517,129.08582271159625
3784,129,0.0,228.101651131708
3785,129,0.0,234.63182369801282
3786,129,0.0,197.31319984302985
3787,129,0.0,197.94513862659966
3788,129,4.027066572051349,158.7451852803548
3789,129,33.051311752651756,113.67009608090542
3790,129,46.5534618674866,113.41429349198492
3791,129,32.867182677082205,109.77643378396384
3792,129,31.28890168918074,148.8024388283809
3793,129,26.83036333336356,147.74236863241745
3794,129,24.98223104480519,147.33174032397994
3795,129,23.103825290596134,147.02574142378913
3796,129,22.544214922233277,146.90318567930876
3797,129,22.4532252441872,146.79997309178876
3798,129,8.872730678255236,146.3125574485438
3799,129,11.575753693658383,196.99167556086886
3800,129,22.611004218149805,146.98390680683457
3801,129,17.94859551628198,146.25825276375036
3802,129,15.492619601570494,152.7562761142553
3803,129,14.05172650808733,152.48142559627266
3804,129,11.942887214260956,152.25191290723788
3805,129,23.470954954267548,138.66492413845265
3806,129,23.485865003728478,138.65307589862786
3807,129,11.147498407341578,152.02422804790686
3808,129,18.920283735313188,146.3341778460398
3809,129,0.0,198.2914202776766
3810,129,0.0,198.8307318115628
3811,129,13.914836500642389,128.75738366866454
3812,129,57.85837964638352,152.41259226229815
3813,129,35.463097426832114,130.9874037676709
3814,129,36.2974390948732,130.91387799723165
3815,129,35.95723503698792,127.29978109119067
3816,129,35.126174903923584,148.97925378300505
3817,129,31.234242678293903,148.21583564748278
3818,129,29.094874751046802,147.86604315018647
3819,129,27.392640896572622,147.62145070542962
3820,129,25.857857478058527,147.30434682652694
3821,129,25.249819821133674,147.20663886552865
3822,129,8.9885263049759,146.4587745599327
3823,129,0.0,202.99811696109035
3824,129,0.0,202.4848096122326
3825,129,14.722161962219637,152.5206144843564
3826,129,10.613941450233442,151.9531045884683
3827,129,8.337455135297894,151.57813237998826
3828,129,14.005125680469204,151.55758792723947
3829,129,7.669565738353337,151.513025617746
3830,129,8.124047818618532,151.58868038661103
3831,129,8.864332385023646,151.68348493854623
3832,129,0.0,200.8058933777232
3833,129,0.0,198.0452471829354
3834,129,0.0,198.94791730435765
3835,129,0.0,159.6862586990041
3836,129,36.128442626310296,134.4009807897579
3837,129,37.491779119405976,129.88083677066854
3838,129,46.14429940825511,129.54212338969978
3839,129,41.12578417424237,127.56211045209939
3840,129,32.4302545196044,148.77907876396168
3841,129,28.258846059751182,148.14263831231045
3842,129,26.076474840497102,147.58415836640205
3843,129,25.113303107809106,147.38327260144573
3844,129,24.65320056448179,147.39615193511753
3845,129,24.180928323895373,147.34796428132142
3846,129,8.313258346580614,146.3315092814035
3847,129,0.0,147.27032900241358
3848,129,0.0,202.48198892972016
3849,129,0.0,200.80595717553155
3850,129,0.0,200.4115592350543
3851,129,0.0,152.03970071848923
3852,129,0.0,200.49515925506623
3853,129,0.0,193.28866017205044
3854,129,0.0,200.3719110675311
3855,129,0.0,200.3778050914815
3856,129,0.0,202.33917960181225
3857,129,0.0,198.0484402080154
3858,129,0.0,198.5372438712452
3859,129,11.040589251940611,130.8676170446048
3860,129,38.921239887270644,135.54034932024274
3861,129,50.162148322757744,131.5344802298103
3862,129,52.61073551980632,132.12766285259588
3863,129,34.339271651734784,129.21119530173877
3864,129,37.311599379173906,149.23779191603634
3865,129,31.880133723733792,148.420533287784
3866,129,27.712883007495268,147.84515320017482
3867,129,26.62905178275558,147.5631633938339
3868,129,25.948658864913796,147.42355080115212
3869,129,24.321641886068544,147.241305117284
3870,129,0.0,146.20160091036848
3871,129,0.0,146.91494470021027
3872,129,0.0,196.26814690342027
3873,129,0.0,200.58856477289658
3874,129,0.0,200.17733914248205
3875,129,0.0,151.73429377383246
3876,129,5.999916170029108,151.86383579284347
3877,129,9.835326918894314,151.74687172528834
3878,129,8.689799516702184,151.56381858761392
3879,129,0.0,192.8803975347483
3880,129,0.0,193.5059745933344
3881,129,0.0,197.47796766824905
3882,129,0.0,198.4727592301202
3883,129,0.0,159.3146943709356
3884,129,40.0543952708742,135.79383810799416
3885,129,42.49702567434086,132.21520298093856
3886,129,52.513122958533664,132.07294796457737
3887,129,44.57127494441617,128.92605653793302
3888,129,36.22551146892892,125.62297452611098
3889,129,30.17330329987608,148.13705307636474
3890,129,27.925373407436027,147.63439788595824
3891,129,26.024363309339783,147.36783513580997
3892,129,24.10593310781328,147.32489995556796
3893,129,23.358093819982113,147.18155693233382
3894,129,8.841450170916733,146.39083349888708
3895,129,1.1179941392732844,147.58338104629348
3896,129,0.0,196.7398363825213
3897,129,0.0,196.202055711588
3898,129,14.604621162019688,152.62230826342088
3899,129,12.02033861133461,152.18832589714688
3900,129,11.458965868984487,152.15911273454398
3901,129,10.175523198200786,151.94880371181029
3902,129,11.180695439913453,152.07297891334088
3903,129,12.478838348402057,152.25632068547978
3904,129,0.0,193.75194525055153
3905,129,0.0,197.6995639597934
3906,129,0.0,198.31886958913054
3907,129,0.0,159.7652351558438
3908,129,39.17418936755172,135.90321847698436
3909,129,50.14188584068373,131.57577374587487
3910,129,53.1854731063263,132.34551888711374
3911,129,48.02288356593189,130.28325840114076
3912,129,39.75687894077864,123.97127330600959
3913,129,32.987868205026025,148.25507249354857
3914,129,30.411357015595765,147.7526284263445
3915,129,27.66274155528566,147.51167379446116
3916,129,26.630277050292772,147.3864137834236
3917,129,18.960557906465244,146.97772593830618
3918,129,0.0,139.50865147853068
3919,129,0.0,193.24452370926005
3920,129,0.0,193.2353027361483
3921,129,0.0,193.2155900161355
3922,129,0.0,128.36303626546123
3923,129,0.0,128.17355055753748
3924,129,0.0,128.1599354977357
3925,129,7.481993510796431,128.16922859161795
3926,129,8.456306493209446,128.32355804563213
3927,129,0.0,227.4504523634397
3928,129,0.0,227.69127222119985
3929,129,0.0,235.24938577197813
3930,129,0.0,197.10637590105426
3931,129,0.0,197.76136869400457
3932,129,4.435768113215705,145.23569911677137
3933,129,32.89853840223651,113.65447942531904
3934,129,47.50999459646597,113.79117286139807
3935,129,41.30628362715927,111.33235906438868
3936,129,34.18363301568197,108.51608149649576
3937,129,29.115495770150872,147.82750084727462
3938,129,25.57113607165578,147.616346859513
3939,129,23.273717818330763,147.41145358348976
3940,129,18.83797000752047,147.40507820897176
3941,129,22.541605354048972,147.23647743962337
3942,129,2.1981659929013473,139.27944018178317
3943,129,0.0,193.09549675164013
3944,129,0.0,193.37102538818786
3945,129,14.727758933869229,139.40993967784394
3946,129,13.971912048152433,129.30613260694435
3947,129,11.943774237026588,128.99162835565804
3948,129,11.578050422713195,128.89483100374633
3949,129,11.26526367603913,128.81526563718273
3950,129,10.428728565076852,128.71541560996718
3951,129,11.934916141039514,128.90083400570037
3952,129,0.0,228.12022015239612
3953,129,0.0,235.05640688372713
3954,129,0.0,197.24702137788185
3955,129,0.0,197.88458979551044
3956,129,5.528295492996523,158.98525202967613
3957,129,36.77370835840357,115.18723245614322
3958,129,47.18658169967821,115.44044200198678
3959,129,42.993179139563836,111.98877215724185
3960,129,33.3661071896001,121.4421166312753
3961,129,29.07949336972993,148.30660728819393
3962,129,27.188434603925835,147.9969952733185
3963,129,24.915444299413746,147.6929639356928
3964,129,25.194971385555323,147.5059533262546
3965,129,24.332863587295492,147.38371923732925
3966,129,11.352943874959413,146.75720342096594
3967,129,4.113991872986344,147.93612744244024
3968,129,0.0,196.9975991956809
3969,129,0.0,196.36758123885912
3970,129,15.118786983040605,152.74028432096054
3971,129,13.295389512785267,152.51846297711865
3972,129,12.154207490820038,152.17106410131598
3973,129,10.68707493475752,151.91951855292396
3974,129,10.318411321700381,151.89470945189692
3975,129,11.234933388161025,152.01740490992634
3976,129,0.0,196.12474721165708
3977,129,0.0,198.19268208679753
3978,129,0.0,199.0160544299285
3979,129,5.343598835802077,127.42847981490394
3980,129,38.72344155477522,164.41516737703432
3981,129,37.56863075707409,131.8620943082403
3982,129,52.033330221082736,162.90113277587201
3983,129,44.34233785165311,128.83668726083752
3984,129,36.20662452409945,148.6030544223357
3985,129,31.766338727121035,147.96012418922328
3986,129,27.917333652918195,147.4211577674898
3987,129,25.063457623522392,147.1209560015825
3988,129,24.636557173528214,147.11156222618087
3989,129,24.011502904881297,146.9667300423912
3990,129,7.814183624137983,146.2906331206171
3991,129,0.0,147.06866283410807
3992,129,0.0,196.3685685063027
3993,129,0.0,193.53669104917427
3994,129,0.0,200.30908192380082
3995,129,0.0,193.05077492810835
3996,129,0.0,151.97698049142952
3997,129,0.0,151.74491842390358
3998,129,0.0,193.00731314951142
3999,129,0.0,200.44307002733132
4000,129,0.0,196.93707667892943
4001,129,0.0,199.51113498214335
4002,129,0.0,200.23331025349347
4003,129,5.970808987229779,130.8631577077004
4004,129,45.65152336015074,166.78569733738385
4005,129,47.56412130275181,132.32961439927038
4006,129,51.673053157100526,131.7226303933076
4007,129,45.079934576009734,129.13752206717865
4008,129,37.33299873222074,149.70301912109525
4009,129,31.967038899533186,148.82380957807555
4010,129,28.977153178899172,148.25599263626194
4011,129,27.905244410442787,147.98603685311713
4012,129,27.12923551106829,147.84765520309404
4013,129,25.510726879356188,147.636112079484
4014,129,9.416393292448918,146.50373217980973
4015,129,1.2653236517753754,147.48480070046207
4016,129,0.0,202.58712861372544
4017,129,0.0,200.95112409966382
4018,129,0.0,152.22276971488276
4019,129,8.423659660738714,151.7690925040499
4020,129,9.20417166275311,151.7747356717452
4021,129,8.380541484705835,151.60203341231585
4022,129,8.097385998941327,151.54041873336615
4023,129,0.0,200.05894382927607
4024,129,0.0,193.4847538687872
4025,129,0.0,197.56046030980406
4026,129,0.0,198.40727265807476
4027,129,0.0,159.35295414278184
4028,129,38.99932850152258,135.72263095796012
4029,129,42.30985063871869,131.71190478293403
4030,129,52.24428665373799,131.95046729637735
4031,129,45.65443013103603,129.3390542493906
4032,129,37.44342934209288,126.08695135331882
4033,129,32.31681966546724,148.3121589265086
4034,129,28.748649374933443,147.76847023731617
4035,129,26.74313148485107,147.48442360798614
4036,129,25.112537074334714,147.40338959380114
4037,129,24.05025015820936,147.10138044741814
4038,129,6.904199542391721,152.96065115400503
4039,129,0.0,146.75772223098195
4040,129,0.0,196.1577304283084
4041,129,0.0,200.4812296605797
4042,129,0.0,200.06909425083646
4043,129,0.0,151.81111550535297
4044,129,13.585743964031304,152.412877290552
4045,129,13.677968386462204,152.47133679797497
4046,129,8.808707218398062,152.25311781117256
4047,129,0.0,200.5433651025026
4048,129,0.0,196.7729230464323
4049,129,0.0,198.94921901823193
4050,129,0.0,199.57504295411135
4051,129,4.202367582043481,130.357039707206
4052,129,41.74824282398457,164.95456688744622
4053,129,43.41244926655044,130.5460872155658
4054,129,47.94718695953425,130.2717586945374
4055,129,42.75375892891424,128.205395739766
4056,129,36.77146181840096,149.41197596555824
4057,129,29.993728921078908,148.321737896806
4058,129,27.490100813712846,147.99439846647522
4059,129,24.04935807801033,147.55183584859498
4060,129,22.952996399269157,147.31697987489238
4061,129,22.501239713962285,147.05265071117196
4062,129,8.40918131128253,146.30326652358875
4063,129,1.2801870847960135,147.66561119867816
4064,129,0.0,196.92416835999148
4065,129,19.686387356644616,146.47993959389612
4066,129,15.779290240112584,152.76927442290966
4067,129,13.712450535244505,152.5508012254932
4068,129,15.272854336822544,152.69218690348595
4069,129,13.474871024039647,152.347870577071
4070,129,13.68532402230378,152.3386002122073
4071,129,14.817725313916428,152.48331693004596
4072,129,0.0,196.4609256026435
4073,129,0.0,197.71961869336238
4074,129,0.0,198.44487777945287
4075,129,0.0,158.89017432555406
4076,129,29.63132340729387,129.19238197143358
4077,129,27.61967045434209,124.92512585234208
4078,129,45.25963208811325,129.21413480327644
4079,129,43.17912595719463,125.33308499491336
4080,129,36.98586411381527,149.0448938230688
4081,129,31.76589958082495,148.0396171413552
4082,129,27.832046106420915,147.73832997963328
4083,129,24.668336053598725,147.2230718701355
4084,129,23.174301839434726,146.994866748298
4085,129,17.073763435337238,146.63211378879203
4086,129,2.8258483468953792,139.09359549523384
4087,129,0.0,193.2291907707817
4088,129,0.0,193.2396526951619
4089,129,0.0,193.25650386504063
4090,129,0.0,227.6119401494886
4091,129,0.0,227.47576809986137
4092,129,0.0,134.8818353127789
4093,129,0.0,128.14515572113183
4094,129,0.0,128.2167079546133
4095,129,0.0,227.4831676749635
4096,129,0.0,227.87654584576507
4097,129,0.0,235.09387958914175
4098,129,0.0,197.2456847276623
4099,129,0.0,197.74594334688703
4100,129,1.0420258616724845,158.35244373738885
4101,129,32.70452534987067,113.59617803236938
4102,129,44.5040052023982,114.37901396789024
4103,129,42.60896056635384,111.84262070326233
4104,129,38.4096506131492,110.17721760649022
4105,129,34.195530676273364,148.69912426747848
4106,129,30.90527113421518,148.30801694976387
4107,129,28.701116186413056,148.05228242760816
4108,129,27.364216875762896,147.8580261768682
4109,129,24.437424707326855,147.25380741355525
4110,129,3.3117053457066294,139.38172976634095
4111,129,0.0,193.11418238814667
4112,129,0.0,193.37090235683294
4113,129,0.0,193.5742465989337
4114,129,14.57099798602638,129.21006139687685
4115,129,13.578683769723128,129.06668033939195
4116,129,13.37067225922468,129.04928319595956
4117,129,12.314740646478032,128.83676082598515
4118,129,11.985245085213407,128.69432435573154
4119,129,0.0,128.7794555179686
4120,129,0.0,228.09712565267563
4121,129,0.0,234.9531376655281
4122,129,0.0,197.21234737103867
4123,129,0.0,197.78300904908676
4124,129,5.132372348813128,158.67304681964333
4125,129,38.80746957138328,116.0242981443694
4126,129,45.7660156747264,114.90084434165185
4127,129,39.894212498568784,110.75706505457141
4128,129,33.30947094812115,148.76293467217565
4129,129,29.205990618997255,148.0967813789829
4130,129,27.270217856749582,147.80910753124374
4131,129,25.648279162695,147.59872761550525
4132,129,24.298586259365546,147.39498757190515
4133,129,23.52568491043257,147.31036941517706
4134,129,10.039275599526913,146.53107312995655
4135,129,17.255173130203907,197.3910040853262
4136,129,24.393392479670283,147.122815557331
4137,129,18.305105224495993,146.13014164776578
4138,129,21.326529888807343,152.53341205889814
4139,129,13.29152322184619,152.20849457370747
4140,129,12.860380351540652,152.1413949111971
4141,129,12.469775897079792,152.11450499326563
4142,129,12.46031088732652,152.2435699040834
4143,129,14.468096902367696,152.54852492388218
4144,129,18.11348470563069,146.18597493745332
4145,129,0.0,198.31282005069772
4146,129,0.0,198.86008278102813
4147,129,6.318048985766546,159.72754210064895
4148,129,39.391256303320816,136.03265583718644
4149,129,37.167722414939455,131.72997489319621
4150,129,53.416650244924064,162.8762276254726
4151,129,47.18252384733407,129.95341604180916
4152,129,38.67364393373368,126.57899027445946
4153,129,31.80203174549256,148.1615711466245
4154,129,28.39776919184417,147.6508654072933
4155,129,26.193627453140063,147.3402515211939
4156,129,24.534422396335433,147.06171407583417
4157,129,24.47728941818456,146.9495058539474
4158,129,8.691084481151092,146.391292540875
4159,129,0.0,147.19748257423146
4160,129,0.0,202.42921694247718
4161,129,0.0,200.68448539401382
4162,129,10.541600418704748,151.83360955981385
4163,129,9.78559288569924,151.6722561463156
4164,129,10.451541178572214,151.76043351869822
4165,129,14.10833465486006,151.54944086224057
4166,129,23.834569867165104,151.75605549843027
4167,129,12.743310361669447,152.04757869028822
4168,129,23.275309949242455,146.46489711917872
4169,129,0.0,198.94776612127885
4170,129,0.0,199.33828687087265
4171,129,12.648134719788626,131.2489307643614
4172,129,40.28269333841628,164.0910328122724
4173,129,34.93922342397228,130.82168125914328
4174,129,46.24697524871292,131.37802835878088
4175,129,41.985451986941996,127.92019209537666
4176,129,34.71409711094952,125.0314203084412
4177,129,29.746537753090305,147.83652990831075
4178,129,27.045817048051862,147.3774696009412
4179,129,25.908652141132276,147.245468946038
4180,129,25.200142936410398,147.36318085559492
4181,129,23.66198989791968,147.03875940160765
4182,129,9.090454518668292,146.20485708782365
4183,129,2.4333476604708726,147.4963657592774
4184,129,0.0,202.89612627315256
4185,129,0.0,202.31938155817716
4186,129,12.875044496696471,152.19609535663275
4187,129,10.127388747289135,151.75841653834888
4188,129,9.394258148646331,151.67816711307745
4189,129,8.16964456076107,151.46278530857046
4190,129,7.940443034029848,151.41802170174776
4191,129,9.011360036598207,151.53009532463085
4192,129,0.0,200.79136248588384
4193,129,0.0,197.89752509974585
4194,129,0.0,198.75398404521857
4195,129,0.0,159.2465387898141
4196,129,37.50749173826792,135.1516326406369
4197,129,48.58761498651824,130.93514295658122
4198,129,51.28506153845712,131.57842038741512
4199,129,44.709303055390215,128.97257684389095
4200,129,35.79961593143163,125.44431562827371
4201,129,31.201448390281765,148.16567469372904
4202,129,28.155978027633214,147.7176177535657
4203,129,27.088528869976255,147.57723208931554
4204,129,25.73870898267108,147.43439323302303
4205,129,24.036525001239667,147.2575188606332
4206,129,0.3859297569384218,146.28541235501734
4207,129,0.0,147.2439816866236
4208,129,0.0,196.51712036278772
4209,129,0.0,193.60136893626301
4210,129,0.0,193.1325393577554
4211,129,0.0,200.2702107406218
4212,129,0.0,193.4431976680052
4213,129,0.0,193.55978788040085
4214,129,0.0,193.47010875582095
4215,129,0.0,193.70932668252811
4216,129,0.0,197.34278638751562
4217,129,0.0,200.41214424011343
4218,129,0.0,201.40921628853386
4219,129,19.527406605127105,139.43368938037153
4220,129,55.21299955172176,167.5299749607564
4221,129,51.552230769705666,164.16127857917374
4222,129,53.4377350985417,132.44179149841588
4223,129,46.12565946637662,129.55069100175177
4224,129,38.70905060400398,126.59413252729921
4225,129,32.77534822812849,148.64246123590888
4226,129,29.240929288143327,148.18579258766772
4227,129,27.67330466997397,147.91718937456284
4228,129,25.400303160296314,147.60589472084666
4229,129,24.921696439242226,147.33276203672625
4230,129,11.225854427961902,146.454263224679
4231,129,5.737025797395761,147.7352748656699
4232,129,0.0,196.8938127517753
4233,129,0.0,196.41086983302202
4234,129,0.0,193.61002040973682
4235,129,0.0,193.3351083489722
4236,129,0.0,193.47427265328145
4237,129,0.0,193.39535291144767
4238,129,0.0,193.34083356043763
4239,129,0.0,193.5291845072243
4240,129,0.0,196.56471652439066
4241,129,0.0,197.97285600302496
4242,129,0.0,198.7663965586185
4243,129,0.0,159.0154118830066
4244,129,47.88694262802827,134.19806183908278
4245,129,31.268182130828652,126.36365992082871
4246,129,47.74515060972586,130.2079738242405
4247,129,45.271282155779794,126.17258927983873
4248,129,37.96106808277744,149.20583480619874
4249,129,33.50496149961637,148.47982896322353
4250,129,30.449297753478238,148.07011907068835
4251,129,28.037238401781032,147.6803290659133
4252,129,26.24168028974677,147.4215880167134
4253,129,17.29297516965279,146.89240735653942
4254,129,0.0,139.37294623117148
4255,129,0.0,193.3305015076393
4256,129,0.0,193.41119741016595
4257,129,0.0,193.49319682436766
4258,129,0.0,227.8368611885143
4259,129,0.0,227.7138554889586
4260,129,0.0,128.74770018465992
4261,129,0.0,128.57115401111184
4262,129,0.0,135.04208674506384
4263,129,0.0,227.64095123137156
4264,129,0.0,228.03608957713928
4265,129,0.0,235.33088345347605
4266,129,0.0,197.64741772381984
4267,129,0.0,198.0954943028827
4268,129,3.533463090843835,158.41573149818694
4269,129,32.369287661564826,113.45910656741847
4270,129,43.68307263640431,114.0878953176515
4271,129,44.1528287608932,112.45051892717622
4272,129,37.81541817633569,109.93428320632478
4273,129,32.5365457427209,148.59131801492788
4274,129,29.420584658301404,148.1042302380543
4275,129,27.79233344593145,147.89475112852122
4276,129,25.04037015265527,147.5251652675812
4277,129,22.913391777033194,147.14495648727802
4278,129,3.9610463097945816,139.43131149849677
4279,129,0.0,193.0705683228442
4280,129,0.0,193.1632688804832
4281,129,0.0,193.12879388419364
4282,129,11.31305366916708,128.75612921495932
4283,129,9.951037938947302,128.59623759943597
4284,129,10.468388886854818,128.64261384859535
4285,129,10.234843353778851,128.63745262669832
4286,129,9.625038687610118,128.45717125807093
4287,129,8.942170029481357,128.38342927774463
4288,129,0.0,227.64546770326982
4289,129,0.0,235.21376962116676
4290,129,0.0,196.92164677850195
4291,129,0.0,197.67307850032256
4292,129,4.962109292141943,158.89948051846204
4293,129,35.30049622262727,114.60949524764634
4294,129,43.65306121056063,114.0702295515077
4295,129,40.55558565751994,114.05997566365343
4296,129,33.26863294129441,148.86563005488452
4297,129,27.55085871348435,147.95929957639984
4298,129,25.49358119052786,147.69519982453534
4299,129,24.28792396335272,147.56211124473958
4300,129,23.60051665949438,147.42537549339144
4301,129,22.843413778889836,147.20172464156462
4302,129,8.490754639674654,146.2482399602674
4303,129,0.0,147.1844728686471
4304,129,0.0,196.53670567467725
4305,129,0.0,193.76012020587007
4306,129,13.66519990750421,152.60476005950247
4307,129,12.216897796880584,152.3054320782748
4308,129,12.043036738123792,152.25389243014487
4309,129,16.999383896480705,152.1306297437198
4310,129,13.559549297646589,152.42948475963834
4311,129,15.349739193269784,152.68605672073122
4312,129,0.0,196.37895957842036
4313,129,0.0,198.21920242026854
4314,129,0.0,198.79197631466874
4315,129,6.550250370618794,159.7503056577638
4316,129,36.664381234430955,134.8481953088064
4317,129,43.394208204313344,130.71473612401184
4318,129,50.735886777505975,131.39693269269026
4319,129,42.3121981078065,128.02286672931518
4320,129,33.225932269442204,149.07260476883098
4321,129,29.18885107277147,148.22859554393384
4322,129,26.946824757608177,147.69316214250819
4323,129,24.318988242670827,147.3461689600194
4324,129,24.060552651342263,147.2212988296532
4325,129,10.287448496074902,147.12478579463846
4326,129,8.575445195607156,146.29945070949367
4327,129,0.0,147.08216047328156
4328,129,0.0,196.23730299856774
4329,129,0.0,193.50870203504877
4330,129,0.0,193.18557819800498
4331,129,0.0,192.99637756348116
4332,129,0.0,151.9734241694226
4333,129,0.0,151.74868599206653
4334,129,0.0,192.9414935722827
4335,129,0.0,193.1143526242266
4336,129,0.0,193.7711470725764
4337,129,0.0,198.0849690201305
4338,129,0.0,198.61985549241533
4339,129,0.0,159.67850898746283
4340,129,38.45035358001476,135.36909542601683
4341,129,42.807526753085696,131.2400263903099
4342,129,50.803790511720244,131.4296138063969
4343,129,43.429326103789585,128.47020300937518
4344,129,35.924693831251396,148.79665058036184
4345,129,31.39167945581319,148.11906091979145
4346,129,28.57373623043485,147.8145851414367
4347,129,26.084128909060464,147.4236533196483
4348,129,25.11867640755573,147.1470968194317
4349,129,23.35271786112985,146.96562742516167
4350,129,9.549007473244512,146.2856191069757
4351,129,5.4187342474370475,147.56633690893418
4352,129,0.0,197.0618889140694
4353,129,0.0,196.6022008233619
4354,129,0.0,193.83205277566256
4355,129,0.0,193.61482554308336
4356,129,0.0,193.4702394052929
4357,129,0.0,193.15492013982552
4358,129,0.0,192.92433243031473
4359,129,0.0,193.06303570391955
4360,129,0.0,196.21402569095343
4361,129,0.0,198.53567097743706
4362,129,0.0,199.0092982566018
4363,129,4.7724593580164045,161.06930114696576
4364,129,47.34022220413136,166.27281360068525
4365,129,45.74280908439706,131.58672100293768
4366,129,49.55455090235701,130.91180156747288
4367,129,43.13917713066263,128.3532699086463
4368,129,34.84370855118897,149.29194931157718
4369,129,30.147829218105688,148.46668712356598
4370,129,26.91170328576239,147.9737711485238
4371,129,25.692940483344767,147.61856093451019
4372,129,25.560498792828927,147.49069058936192
4373,129,25.3418258019212,147.47480067511225
4374,129,12.391544722856937,147.05895403500128
4375,129,4.681673477904838,148.19851270838214
4376,129,0.0,196.60262437583341
4377,129,0.0,193.6394214763747
4378,129,0.0,193.22121811630979
4379,129,0.0,152.06068070785093
4380,129,0.0,152.24761659035184
4381,129,0.0,193.21535133206817
4382,129,0.0,193.13008570129992
4383,129,0.0,193.16536549259317
4384,129,0.0,193.85912441726165
4385,129,0.0,198.61859719341666
4386,129,0.0,199.6958980440229
4387,129,0.190780951041262,160.84513916225828
4388,129,39.714217210702195,135.64012904523048
4389,129,44.51837409905993,130.97422379785147
4390,129,47.604611973487614,130.1618309774052
4391,129,40.13744771305836,127.18991541293978
4392,129,34.963999676590625,149.04464201862513
4393,129,30.06183224943785,148.09884731620767
4394,129,26.39006959370619,147.3202224441812
4395,129,23.28863825009682,146.886203939789
4396,129,22.124981793319982,146.82230410187813
4397,129,22.049915186030933,146.78862074095176
4398,129,8.948176178583084,146.07864275645431
4399,129,1.334874499127126,146.9523589941161
4400,129,0.0,196.45872858685266
4401,129,0.0,193.68029723565454
4402,129,0.0,193.1901583380488
4403,129,0.0,193.0103491391955
4404,129,0.0,193.07618690913756
4405,129,0.0,151.79876948902665
4406,129,0.0,151.8406085203225
4407,129,0.0,193.14146556024042
4408,129,0.0,193.78216757127018
4409,129,0.0,197.72803417431982
4410,129,0.0,198.39108834264783
4411,129,0.0,159.2914906012804
4412,129,28.811659759667837,128.70759455371618
4413,129,27.752159878932815,124.94078644569095
4414,129,42.34004182977893,126.12632245499955
4415,129,42.68769618187766,125.1389182382091
4416,129,37.087456562043336,149.3539326830601
4417,129,32.06873281608924,148.7210283444208
4418,129,28.141380943188715,147.92434265452133
4419,129,25.535796261714616,147.5288421380906
4420,129,24.329088324345697,147.38943344144835
4421,129,21.572332128723094,146.96486662558212
4422,129,6.640844340679808,139.71917098885655
4423,129,0.0,193.37041211048899
4424,129,0.0,193.46950569997767
4425,129,0.0,193.47733633899537
4426,129,0.0,227.84881850979713
4427,129,0.0,128.91960707877175
4428,129,12.10798995615807,128.90712624520404
4429,129,0.0,128.4855442872209
4430,129,0.0,128.22931259194195
4431,129,0.0,227.4169728894259
4432,129,0.0,227.72875596012054
4433,129,0.0,235.06358952420314
4434,129,0.0,197.33535211588782
4435,129,0.0,197.65061318669345
4436,129,2.785730205959763,158.22494372192492
4437,129,31.636610563432978,113.16723667676298
4438,129,42.0486562764122,113.4855543770378
4439,129,43.38733480488281,112.1421583923004
4440,129,37.647685438644906,109.88744740931477
4441,129,31.084271265566752,147.75304172936043
4442,129,28.267556967309133,147.2349423227104
4443,129,26.30063242047806,147.12695504432023
4444,129,25.38184879017704,146.94874126465376
4445,129,23.798445889786066,146.56177483998252
4446,129,7.240153372198494,139.29013791048874
4447,129,0.0,193.1608633818962
4448,129,0.0,193.1663243242029
4449,129,4.35153204182695,193.09088863748025
4450,129,11.345595676460384,128.6977568067434
4451,129,11.508311197949407,128.7363371126208
4452,129,11.781270823546919,128.8002383786561
4453,129,11.776342781342393,128.79197370512026
4454,129,11.918830356230018,128.7792245617637
4455,129,14.893610322887639,129.3184392595666
4456,129,7.460407945270415,228.15928393713008
4457,129,0.0,234.9334883457034
4458,129,0.0,197.16163773565054
4459,129,0.0,197.7072813372936
4460,129,7.822052395814759,159.1114104131819
4461,129,36.41645707722908,115.02883743972464
4462,129,43.810807936995545,114.10161382647817
4463,129,39.93362861983721,110.77260794617574
4464,129,33.54718447951862,148.66049498678873
4465,129,29.94045362626736,148.03619531259255
4466,129,27.025154782578998,147.7011761211426
4467,129,25.44769740215113,147.35312541067708
4468,129,24.093254493470674,147.3106029901478
4469,129,23.26799202062958,147.26596219415026
4470,129,11.48523750018296,146.52061222560963
4471,129,2.2029296282459336,147.365411578413
4472,129,0.0,196.45177513151728
4473,129,0.0,196.15876029709113
4474,129,0.0,193.56097780210806
4475,129,0.0,193.41710095314744
4476,129,0.0,193.33547701449308
4477,129,0.0,193.25253130285415
4478,129,0.0,193.28800094089235
4479,129,0.0,193.33702003495043
4480,129,0.0,196.30454406117613
4481,129,0.0,198.19634571993788
4482,129,0.0,198.7869155272905
4483,129,0.0,160.12701748195386
4484,129,32.98426172142769,133.20308266764997
4485,129,32.77661009946141,128.34897617033357
4486,129,45.0515936600147,129.1263455048295
4487,129,37.715449124030876,126.19930116421413
4488,129,31.07803373005493,148.5987579249081
4489,129,27.8222550619934,148.01108936577737
4490,129,26.008950087708378,147.74072726985227
4491,129,23.722223529298898,147.48811810054437
4492,129,23.71405524596491,147.3973061050781
4493,129,22.957895362848397,147.3009728897335
4494,129,8.82677544243558,146.54113465156092
4495,129,0.0,147.13678747533325
4496,129,0.0,193.83275192899842
4497,129,0.0,193.47566275418168
4498,129,0.0,193.1590597611929
4499,129,0.0,192.92148009889573
4500,129,0.0,192.97886381303184
4501,129,0.0,192.8839130471181
4502,129,0.0,151.7403318390225
4503,129,0.0,152.0647235406712
4504,129,0.0,202.24585325164335
4505,129,0.0,198.569274067942
4506,129,0.0,199.36991402425923
4507,129,26.886910838912673,135.94941644595602
4508,129,64.24159258088305,166.3930354803677
4509,129,36.65145530974305,131.48815389866996
4510,129,52.262136344063144,132.01514766037974
4511,129,46.15473183980591,129.54040089521177
4512,129,36.634351385943994,149.16859709341364
4513,129,31.353364217911565,148.4329033530078
4514,129,28.676750836163457,147.9157783829609
4515,129,26.403839106688224,147.4816062253402
4516,129,26.186120858183685,147.21305338634812
4517,129,25.8224170515987,147.15781131630587
4518,129,0.9615955326597844,146.67597133614854
4519,129,1.8162300522065966,147.58639331502027
4520,129,0.0,202.80630672120196
4521,129,0.0,202.5459090122053
4522,129,0.0,193.709691446799
4523,129,0.0,193.5336938913708
4524,129,0.0,193.4481730856486
4525,129,0.0,193.05964147476956
4526,129,0.0,192.98652197375043
4527,129,0.0,193.13794733875744
4528,129,0.0,193.74780374510985
4529,129,0.0,198.1068845724187
4530,129,0.0,198.69302495777802
4531,129,0.0,159.08066624069954
4532,129,37.18916669692773,134.66385255556744
4533,129,42.59243148856937,129.34870370398548
4534,129,47.545263262414245,130.11413211204592
4535,129,43.187776896431124,128.36093226726496
4536,129,35.91840558737728,148.7741881280912
4537,129,31.15374199860598,148.20007923394334
4538,129,28.36045270046943,147.7020336358452
4539,129,25.94301651005872,147.27838604232886
4540,129,25.308033919810033,147.24610207178128
4541,129,23.990736708932914,146.99463524858797
4542,129,12.591453371884498,146.5507859169545
4543,129,0.0,147.27530070905246
4544,129,0.0,196.27815101216362
4545,129,0.0,193.5456617448765
4546,129,0.0,193.16801738861827
4547,129,0.0,193.0167918148749
4548,129,0.0,193.08362700739218
4549,129,0.0,151.96204139728084
4550,129,0.0,151.9011496533237
4551,129,0.0,193.03518556506862
4552,129,0.0,193.6446731145634
4553,129,0.0,197.7830208292931
4554,129,0.0,198.2981888045883
4555,129,0.0,159.1563704674598
4556,129,35.59290781353856,133.83762939747606
4557,129,39.49317401706594,131.03335105456043
4558,129,50.42420453407308,131.2760939929316
4559,129,42.92600152181993,128.26776743489697
4560,129,36.861715410998904,125.86987306184166
4561,129,30.231734867148848,147.9994822733273
4562,129,27.33893592740184,147.66092808377402
4563,129,25.67329188520714,147.32710024364135
4564,129,24.072529103059775,146.95700832479352
4565,129,24.03761461846325,146.8832382477988
4566,129,12.168959590325917,146.34831004664355
4567,129,5.746423558371895,147.53937906743687
4568,129,0.0,197.16868629522457
4569,129,0.0,197.00462009259797
4570,129,0.0,196.54256833341316
4571,129,0.0,196.28685425249608
4572,129,0.0,193.8668896049784
4573,129,0.0,193.5412969748594
4574,129,0.0,193.4765401815144
4575,129,0.0,193.481345783184
4576,129,0.0,196.49965083899787
4577,129,0.0,198.39411459022728
4578,129,0.0,198.839748119002
4579,129,0.0,159.61847147311258
4580,129,40.37761036627326,133.0845894892956
4581,129,42.42964578820504,127.57617426317364
4582,129,48.4759294190389,130.48085276824233
4583,129,42.51693103353836,125.05997189025436
4584,129,36.68763958581143,122.75031734758842
4585,129,30.324207443838322,148.6576304013527
4586,129,28.061028678616086,148.08598382026645
4587,129,26.050516481324728,147.64560025995326
4588,129,25.02023534370168,147.27200398942875
4589,129,24.526737995350963,147.1714122304876
4590,129,10.086159219524651,139.7941971027455
4591,129,0.0,193.3141355355808
4592,129,0.0,193.4032296728026
4593,129,0.0,193.41636868069202
4594,129,0.0,227.8529552504429
4595,129,0.0,227.83547029564136
4596,129,0.0,227.80734418319184
4597,129,0.0,135.15720337840304
4598,129,0.0,128.44242712432583
4599,129,0.0,227.51039740183015
4600,129,0.0,227.76765386165417
4601,129,0.0,235.06604179961366
4602,129,0.0,196.93438769558398
4603,129,0.0,197.3554356290053
4604,129,6.689768411371545,158.23569995330945
4605,129,36.41200970880052,115.01894523728998
4606,129,50.55988920454119,115.02759205350705
4607,129,41.8763302554061,113.31871101103295
4608,129,39.27950087832206,113.5626123266735
4609,129,35.177964958989335,148.77392868591488
4610,129,30.940870529646507,148.2564320504221
4611,129,28.773501777138325,147.82521484976758
4612,129,26.965259717978967,147.43299172818146
4613,129,25.947007803802183,147.2315587674958
4614,129,9.198477546376001,139.67476734596497
4615,129,0.0,193.19726671433443
4616,129,0.0,193.19067299110594
4617,129,0.0,193.1337060115397
4618,129,0.0,227.65079123919625
4619,129,0.0,227.6486500186279
4620,129,0.0,135.34032697176195
4621,129,0.0,135.3506796832812
4622,129,0.0,227.66704978741
4623,129,0.0,228.01278202462015
4624,129,0.0,226.48733568022968
4625,129,0.0,235.07576613999908
4626,129,0.0,196.95721861571027
4627,129,0.0,197.46755949790867
4628,129,6.178886329405212,158.49674829561545
4629,129,36.90276854197086,115.2037636647672
4630,129,50.45952188828611,114.94311450846192
4631,129,38.07701106550926,111.81594246251561
4632,129,35.482851180680335,148.57468972284363
4633,129,29.836861620013607,147.91130420679278
4634,129,26.973362206095757,147.35917181373068
4635,129,26.008002048288194,147.24937879188346
4636,129,24.66687141448312,147.03879848001162
4637,129,24.924932762595915,147.1668277066035
4638,129,12.543273090646847,146.34960762094784
4639,129,3.069732215412199,147.02275788792525
4640,129,0.0,196.3077353163951
4641,129,0.0,193.5711604080375
4642,129,0.0,193.295747931311
4643,129,0.0,193.10740199287756
4644,129,0.0,193.07692620054524
4645,129,0.0,193.01835942401897
4646,129,0.0,192.99048793268574
4647,129,0.0,193.14301815891022
4648,129,0.0,196.1911083870545
4649,129,0.0,198.20284837095355
4650,129,0.0,199.03662706600815
4651,129,15.680861155721155,128.746544911441
4652,129,43.52737745332507,165.151122858615
4653,129,36.09538045356107,131.20972027720006
4654,129,50.87591584648552,131.43046190208466
4655,129,43.34252973877462,128.44153439632188
4656,129,34.39501866002367,148.681396571782
4657,129,28.984743826223383,147.89179167968837
4658,129,25.49776571611719,147.41693514148662
4659,129,24.835403716997586,147.23569697468665
4660,129,25.345323218639805,147.44432625484384
4661,129,24.747719518264017,147.5187421803424
4662,129,6.4582060397707295,146.65194040048374
4663,129,0.0,147.15744821918534
4664,129,0.0,193.79259329766796
4665,129,0.0,193.32063847937863
4666,129,0.0,192.9711084570165
4667,129,0.0,192.77655175979334
4668,129,0.0,192.76331093908283
4669,129,0.0,151.45990127687946
4670,129,0.0,151.6263761257934
4671,129,0.0,192.82175538871087
4672,129,0.0,193.63652866541938
4673,129,0.0,198.36337476034123
4674,129,0.0,199.65103613642
4675,129,17.972893900284767,134.1586356068087
4676,129,51.45978528370754,167.00680288369745
4677,129,41.853828853467384,133.4994801503545
4678,129,54.04641972693376,164.0055757870381
4679,129,44.17171772779187,128.76702060332025
4680,129,36.06441122106461,125.5547447170735
4681,129,30.12494124183459,148.57099893529815
4682,129,28.705075853262596,148.21860796712056
4683,129,26.446626066943114,147.75790011973325
4684,129,25.239397191474605,147.47241820708567
4685,129,25.511191712563736,147.4202251342684
4686,129,15.3148877614875,146.72071093705094
4687,129,5.037424212708294,147.26661533893397
4688,129,0.0,202.53097233198113
4689,129,0.0,193.68800328368386
4690,129,0.0,193.32192041820608
4691,129,0.0,200.31176878458083
4692,129,0.0,151.84621395416798
4693,129,0.0,151.63983122697226
4694,129,0.0,200.19666886521486
4695,129,0.0,193.07060469080048
4696,129,0.0,193.66867402656237
4697,129,0.0,197.66008605469125
4698,129,0.0,198.22387168152386
4699,129,0.0,159.4000636833558
4700,129,40.566947967317994,164.35656650403567
4701,129,43.01444386583457,131.0281020637082
4702,129,48.853008420157096,130.6181720105033
4703,129,41.2219472136314,127.58616213919252
4704,129,34.6337742151784,148.39483997927212
4705,129,29.94741642492233,147.71878021491173
4706,129,26.215468318083666,147.1446829108493
4707,129,25.892994740371602,146.8964614879202
4708,129,24.72992214024045,146.70422957306505
4709,129,24.323342345207834,146.83658368815725
4710,129,13.101719625714196,146.30508939806947
4711,129,3.7294786395586765,146.81155424041168
4712,129,0.0,196.39648476837704
4713,129,0.0,193.78547949446676
4714,129,0.0,193.560533256164
4715,129,0.0,193.4433309383413
4716,129,0.0,193.58798875841595
4717,129,0.0,193.425162314924
4718,129,0.0,193.34205834997735
4719,129,0.0,193.3813060752374
4720,129,0.0,196.39318923072565
4721,129,0.0,198.55412043338245
4722,129,0.0,199.37520189197346
4723,129,14.352820477716657,132.84486642737573
4724,129,42.86614061473849,164.7004071808803
4725,129,35.14839436737372,130.69056082050125
4726,129,48.17508039780173,130.36286640173924
4727,129,42.69111974317508,128.16792214888656
4728,129,36.4961974319294,148.8383590568233
4729,129,31.049046153032673,147.94128021178776
4730,129,27.773214842110082,147.40147764709616
4731,129,26.049007352136645,147.16067518491627
4732,129,24.6675475740653,146.98999256507847
4733,129,24.051324112587487,146.94351605935833
4734,129,13.797425492893556,153.220425039049
4735,129,5.567525030127537,147.00414071644263
4736,129,0.0,196.66475489459205
4737,129,0.0,196.67234012366288
4738,129,0.0,196.28629886605754
4739,129,0.0,193.75268839627245
4740,129,0.0,193.66914012178393
4741,129,0.0,193.36959765012932
4742,129,0.0,193.30858894012746
4743,129,0.0,193.43613078460066
4744,129,0.0,196.18286663917218
4745,129,0.0,197.8322297459176
4746,129,0.0,198.3698246761324
4747,129,2.8128638075816603,158.3525370411915
4748,129,38.52901707387978,150.46637632485573
4749,129,33.38663257712819,127.06653200378246
4750,129,47.9821363359556,130.28216842968257
4751,129,42.283561489789015,124.97451925430528
4752,129,36.127495337280884,148.61016443559475
4753,129,32.121379120165315,147.86117629216076
4754,129,28.17379612671464,147.6483582647629
4755,129,25.96012818319188,147.32052200167422
4756,129,24.65610239393472,147.18076974779504
4757,129,23.305117784839755,147.06621382258072
4758,129,10.512451594370685,146.158572409416
4759,129,0.0,193.31194396066212
4760,129,0.0,193.30803788767744
4761,129,0.0,193.26672827298725
4762,129,0.0,227.74561877652994
4763,129,0.0,227.64508204166893
4764,129,0.0,227.5872170765243
4765,129,0.0,227.59386318551697
4766,129,0.0,227.51611223885084
4767,129,0.0,227.54163393984393
4768,129,0.0,227.83540451190274
4769,129,0.0,234.98973271533671
4770,129,0.0,197.3273809939439
4771,129,0.0,197.64707513641116
4772,129,3.3408372142632374,144.92099210062042
4773,129,29.724214919172297,112.33783168346218
4774,129,39.473314186399875,112.37692290434879
4775,129,42.22537850247508,111.67489251243032
4776,129,36.17410610706153,148.9296108652658
4777,129,30.60280338246876,148.15721518532126
4778,129,28.229180662794096,147.7044663450323
4779,129,27.529003578506817,147.55109728920334
4780,129,25.90766504542341,147.25049591455823
4781,129,24.32642323984035,147.01376660490402
4782,129,11.300403652492948,146.07259638496274
4783,129,0.0,193.25665330287316
4784,129,0.0,193.355171921193
4785,129,0.0,193.4380498792266
4786,129,0.0,227.89657599546817
4787,129,0.0,128.9572714380412
4788,129,13.131752780696484,129.01524139831199
4789,129,0.0,128.7886545744643
4790,129,0.0,227.46633539510802
4791,129,0.0,227.41777737976707
4792,129,0.0,227.76079736624152
4793,129,0.0,235.0256850892039
4794,129,0.0,196.89872305121432
4795,129,0.0,197.30396577590753
4796,129,8.511068407613608,158.2844780553566
4797,129,36.058418791295566,114.81139392463375
4798,129,49.14305760742529,114.4216159198547
4799,129,42.555089279116324,116.23457858912228
4800,129,35.71855984891986,148.06440353125836
4801,129,30.664334143740668,147.64622272163334
4802,129,28.386798045771723,147.2721714442322
4803,129,21.835020154469042,147.04538089578523
4804,129,24.32142383958033,146.82773421176813
4805,129,24.148173519741196,146.8666782995297
4806,129,13.633933522707332,153.13773627521698
4807,129,4.575854931072663,146.87088065952324
4808,129,0.0,193.86679369496997
4809,129,0.0,193.56379467102792
4810,129,0.0,193.17032829346323
4811,129,1.549351637662722,192.94613668660858
4812,129,12.584147627296256,152.08981211782512
4813,129,0.0,192.97977345928552
4814,129,0.0,192.94532919674919
4815,129,0.0,192.9829316198426
4816,129,0.0,193.62557436948558
4817,129,0.0,197.8763285778694
4818,129,0.0,198.88809337685677
4819,129,15.297041584226578,130.12250911670654
4820,129,43.81713710934415,165.48184824591937
4821,129,37.216539247499234,131.61714530631903
4822,129,51.06062586704367,131.50460140874705
4823,129,44.271667373167645,128.81794202990176
4824,129,35.97101680243489,148.61508674492106
4825,129,30.308878944302243,148.02869311815275
4826,129,27.955736274139152,147.704882590124
4827,129,26.055518099355545,147.5293100144729
4828,129,25.946324397175243,147.53312707550518
4829,129,25.400693916195056,147.4386165264597
4830,129,15.363875519902948,146.8670379068215
4831,129,5.918372169857219,147.4497925443513
4832,129,0.0,196.35024200858044
4833,129,0.0,193.63242435088213
4834,129,0.0,193.37265731885438
4835,129,0.0,193.22512762956018
4836,129,0.0,193.16081675890007
4837,129,0.0,193.01363142030488
4838,129,0.0,193.19246617287948
4839,129,0.0,193.20995575961732
4840,129,0.0,193.78042004280098
4841,129,0.0,197.71467251166274
4842,129,0.0,198.5805079541855
4843,129,0.0,160.05407163470156
4844,129,37.77461973918257,134.6262716503227
4845,129,41.14500076732736,130.1244998178064
4846,129,46.829932608737224,129.84968345950574
4847,129,38.96467810797584,126.71012920740937
4848,129,32.66133310202672,148.9754542483989
4849,129,28.03344485518136,148.18320149749474
4850,129,25.933510056458545,147.7512842003096
4851,129,24.82301504967376,147.52923966946443
4852,129,23.352323732478958,147.33510836413248
4853,129,24.523246066273646,147.30629403434747
4854,129,15.801858132305988,146.6465114678299
4855,129,5.502209043675168,147.11730461122144
4856,129,0.0,202.46222655124967
4857,129,0.0,202.20660119364547
4858,129,0.0,193.37967258997233
4859,129,0.0,200.29074763159988
4860,129,0.0,151.95137337223474
4861,129,0.0,151.8456352400766
4862,129,0.0,151.9538192684669
4863,129,0.0,200.16854777558683
4864,129,0.0,193.5136622582761
4865,129,0.0,197.51727506151892
4866,129,0.0,198.3559593159895
4867,129,0.0,160.18036257839847
4868,129,40.44964170724598,135.63071407005663
4869,129,40.27971503745954,130.74642289645732
4870,129,50.410394780357485,131.2384231749361
4871,129,44.23320775835621,128.7820414067104
4872,129,37.59455568815133,148.9680292986937
4873,129,31.912649477516027,148.12107307200483
4874,129,29.02534444593424,147.64352543970344
4875,129,27.151329426108404,147.4485215823542
4876,129,26.894497634436956,147.38075181424634
4877,129,26.466166517535537,147.21858186049138
4878,129,16.32215021157805,146.72652159317545
4879,129,9.2575178815164,147.3683740100237
4880,129,0.0,202.6833021922131
4881,129,0.0,202.48026756790313
4882,129,0.0,193.78325214625707
4883,129,0.0,193.62739688236223
4884,129,0.0,193.74443617362328
4885,129,0.0,193.56995595116524
4886,129,0.0,193.47925856290922
4887,129,0.0,193.51744128552187
4888,129,0.0,196.601243787548
4889,129,0.0,198.90253652339374
4890,129,0.0,199.81433205323034
4891,129,6.562582914900639,129.69164138978644
4892,129,43.04703662758438,165.4482943835286
4893,129,42.49234878492572,130.0928822786688
4894,129,46.67586121321164,129.77389589172247
4895,129,40.84379140979347,127.44134671459884
4896,129,35.541637993453115,148.95507176429604
4897,129,32.02637614555092,148.35550903253105
4898,129,28.919569728012043,148.0074368962178
4899,129,27.806503711413765,147.7377917258588
4900,129,27.05355068529588,147.43799260794472
4901,129,27.490683034057298,147.31236336858132
4902,129,19.617238528099403,146.90781005600283
4903,129,10.574043652770621,147.3437766367438
4904,129,0.0,196.7322990472187
4905,129,0.0,196.42803905462745
4906,129,0.0,193.52000351675142
4907,129,0.0,193.2992178893877
4908,129,0.0,193.18615214871903
4909,129,0.0,193.16946349891512
4910,129,0.0,193.1703420032327
4911,129,0.0,193.3481688206573
4912,129,0.0,196.05374385580689
4913,129,0.0,197.45061695771307
4914,129,0.0,198.15609890572992
4915,129,0.0,159.38089890596927
4916,129,38.82132323120606,132.0340159361416
4917,129,41.14371117912747,127.65482640770034
4918,129,48.92616582684191,130.6828100691831
4919,129,43.2604260132201,125.37211343111365
4920,129,37.59164636683184,149.5913088336596
4921,129,32.72643003468953,148.6644850781437
4922,129,29.910568954686074,148.11829004197148
4923,129,27.282124214596706,147.67903685665732
4924,129,26.900365960986623,147.42333911644613
4925,129,25.741776091093,147.2059197123457
4926,129,15.611888202155166,146.35963231060063
4927,129,0.0,193.34870905186588
4928,129,0.0,193.2979962673702
4929,129,0.0,193.21667882473528
4930,129,0.0,227.61619332951517
4931,129,0.0,227.46587952123355
4932,129,0.0,227.51744486506655
4933,129,0.0,227.55305533026524
4934,129,0.0,227.64868113154958
4935,129,0.0,227.58548118509938
4936,129,0.0,227.83369158303006
4937,129,0.0,235.054051852841
4938,129,0.0,197.431757407052
4939,129,0.0,197.80638745507562
4940,129,8.405553836868519,145.21360913014493
4941,129,33.16890852519565,113.65327353660547
4942,129,44.47116575408768,114.35677702059708
4943,129,45.12641578729783,112.82712698896222
4944,129,38.38765943021443,110.15689750207034
4945,129,33.59928878922772,148.44195042699624
4946,129,30.111496739370033,148.05248953508664
4947,129,27.996276267733233,147.75033321119486
4948,129,26.649226768223496,147.45187681703942
4949,129,26.23315718687678,147.44890898146843
4950,129,16.878450984833957,146.7911566636102
4951,129,0.0,193.51389906945025
4952,129,0.0,193.49001049930737
4953,129,0.0,193.58270656648025
4954,129,0.0,228.0414834032812
4955,129,0.0,228.02543312846169
4956,129,0.0,225.27409003903543
4957,129,0.0,227.78017537069545
4958,129,0.0,227.62215872952262
4959,129,0.0,227.5636485752911
4960,129,0.0,227.82573872155353
4961,129,0.0,235.39247632240523
4962,129,0.0,197.17768958202663
4963,129,0.0,197.6460772420266
4964,129,12.33149501695226,158.29270834693693
4965,129,34.82767924974365,114.26767864064374
4966,129,42.66928866385889,113.63902048164368
4967,129,40.09441960364348,110.84308289797625
4968,129,34.007955765424676,148.53737847361108
4969,129,28.90027128374292,147.61173120017642
4970,129,26.211318203651587,147.310783957309
4971,129,23.366538590353798,146.78330011803328
4972,129,23.865506276745606,146.89295415630406
4973,129,23.97906466141802,146.86816437922582
4974,129,17.043501224374427,146.38897480979787
4975,129,8.178997377422878,146.9271613927561
4976,129,0.0,196.6542709676701
4977,129,0.0,196.35786518802513
4978,129,0.0,193.66081987174516
4979,129,0.0,193.3676748617613
4980,129,0.0,193.52297119978027
4981,129,0.0,193.41726885852745
4982,129,0.0,193.36178845833876
4983,129,0.0,193.4167278699884
4984,129,0.0,196.43528082817227
4985,129,0.0,198.5777424134872
4986,129,0.0,199.31564180549955
4987,129,13.382303022291076,131.02648841795178
4988,129,46.97691310877295,165.26936255958938
4989,129,48.83861439061267,130.8803176650088
4990,129,47.78953647554538,130.1853535896546
4991,129,39.73089320311882,126.9980556307083
4992,129,32.27787756574729,148.22503289889704
4993,129,28.415909192138365,147.66949221323904
4994,129,25.462314812319576,147.27175193708644
4995,129,23.50005802263629,146.95945140356235
4996,129,23.677146347576482,147.0105498292277
4997,129,23.853398516591476,146.910132704352
4998,129,17.106262149236183,146.73004971477167
4999,129,0.0,147.10186885749764
5000,129,0.0,196.36393278327267
5001,129,0.0,193.6489771666537
5002,129,0.0,193.3721511414611
5003,129,0.0,193.1411237767806
5004,129,0.0,193.10860509059285
5005,129,0.0,192.99647069868058
5006,129,0.0,193.0588300537051
5007,129,0.0,193.18120413302913
5008,129,0.0,193.640464035248
5009,129,0.0,197.487876646773
5010,129,0.0,198.5588980868348
5011,129,2.349922283977667,159.76860614531768
5012,129,40.89026693419677,135.51074895797635
5013,129,45.69736511856346,129.6594793746357
5014,129,43.494327189164515,128.51992589638965
5015,129,36.10005304339401,125.56646752447206
5016,129,30.579671011057247,148.26719049486255
5017,129,26.2208855424518,147.767493661786
5018,129,23.786697189285345,147.43733017584614
5019,129,22.765659026087956,147.29422828496405
5020,129,21.935490559545173,147.14980662197212
5021,129,21.404470666517593,146.964842530411
5022,129,10.741846771003763,146.7726026585887
5023,129,7.353190944553353,147.3913596484723
5024,129,0.0,202.74650735254647
5025,129,0.0,202.35570958446067
5026,129,0.0,200.70017233933382
5027,129,0.0,200.3514443389269
5028,129,0.0,152.2277041875504
5029,129,0.0,152.24002271916504
5030,129,0.0,200.17150381432864
5031,129,0.0,200.09508873949778
5032,129,0.0,200.6041353951376
5033,129,0.0,197.37248467983224
5034,129,0.0,198.2809927859963
5035,129,1.3804926025977726,159.9556068793459
5036,129,44.08877120753548,165.58493558758326
5037,129,45.32807840151702,131.26535363369825
5038,129,47.73154719255171,130.1681782051659
5039,129,41.85181133044481,127.83630951662539
5040,129,36.32559158457137,149.1291469225239
5041,129,29.356144585310606,148.13411209771286
5042,129,27.818612761401386,147.75713799440095
5043,129,26.272292137747797,147.4387480409689
5044,129,25.50601473869905,147.3933573610622
5045,129,26.391580825228147,147.347523881019
5046,129,19.13617765813651,146.87165192788962
5047,129,14.99859758325659,147.88186602816387
5048,129,0.0,203.24859399945058
5049,129,0.0,202.99949915972775
5050,129,0.0,202.40062023064363
5051,129,0.0,202.2269105578225
5052,129,0.0,202.3642580248969
5053,129,0.0,193.62519272178307
5054,129,0.0,193.56895565138643
5055,129,0.0,193.58290385065416
5056,129,0.0,202.64304027053146
5057,129,0.0,198.42295743451163
5058,129,0.0,199.26701789835963
5059,129,7.570262169560599,129.2948370159777
5060,129,49.109525137666594,166.01714166128588
5061,129,45.60604575481578,131.29356532639176
5062,129,48.05579493269914,130.3054474740767
5063,129,41.542751789917816,127.71069718089137
5064,129,37.423304359628304,149.45519937064014
5065,129,32.636650108090286,148.53480552862314
5066,129,28.207808808403712,147.8894934158086
5067,129,26.95173984678993,147.65087624838222
5068,129,26.060343429381696,147.48632651681777
5069,129,25.0895105748598,147.3980264129347
5070,129,21.23619910438513,147.21102777318015
5071,129,15.55483376633063,148.0524460726154
5072,129,0.0,197.00826449909158
5073,129,0.0,196.61239778158998
5074,129,0.0,193.67430811677792
5075,129,0.0,193.40114330312682
5076,129,0.0,193.25466655724327
5077,129,0.0,152.01670001496367
5078,129,0.0,193.0361875041821
5079,129,0.0,193.16036482132432
5080,129,0.0,193.64078043083006
5081,129,0.0,197.4412687671315
5082,129,0.0,198.06948119056443
5083,129,0.0,159.2810165634182
5084,129,37.92916237132461,134.3438612498909
5085,129,39.52542277913807,126.37764774944033
5086,129,46.01954413895288,126.47864242116896
5087,129,40.72411662954433,124.36624337656318
5088,129,34.94836183218666,149.13325322584905
5089,129,29.806095051842806,148.33921974789337
5090,129,25.89624009736364,147.6422230472132
5091,129,24.808476465140277,147.27557285362735
5092,129,23.43292581176456,147.22418118905676
5093,129,22.904899741309055,147.12918402196166
5094,129,16.786750838909562,146.81231124599495
5095,129,0.0,193.5089462172229
5096,129,0.0,193.28132354296284
5097,129,0.0,193.22842666950737
5098,129,0.0,227.63270358009973
5099,129,0.0,227.56592864893048
5100,129,0.0,227.68077869828778
5101,129,0.0,135.61846587670746
5102,129,0.0,227.91183164084265
5103,129,0.0,227.79764091996418
5104,129,0.0,227.989009358397
5105,129,0.0,235.22669105859012
5106,129,0.0,197.2054548417207
5107,129,0.0,197.60038438206576
5108,129,10.616142090432568,145.53025198695664
5109,129,32.0694368547529,113.15103975411645
5110,129,44.95301918847107,112.75765696911506
5111,129,35.07389298499047,110.63367316492501
5112,129,34.947536029316964,149.1206931633792
5113,129,29.67553590838327,148.4410774627247
5114,129,26.50581633224015,147.9320558231213
5115,129,24.939150491958536,147.51846542332382
5116,129,25.334506252527074,147.505162907961
5117,129,24.38640168697218,147.34242357790504
5118,129,16.684246752838796,146.68163168463923
5119,129,0.0,193.37379336999845
5120,129,0.0,193.30548352349712
5121,129,0.0,193.34345042236828
5122,129,0.0,227.80042423804153
5123,129,0.0,227.7030186627904
5124,129,0.0,227.7600636673114
5125,129,0.0,227.66973926882756
5126,129,0.0,227.5273146457995
5127,129,0.0,227.54357803643558
5128,129,0.0,227.83302182773107
5129,129,0.0,235.2702832603593
5130,129,0.0,197.36063714489003
5131,129,0.0,197.81600033533013
5132,129,12.328445540371888,158.77907560977488
5133,129,33.35468300405794,113.64865260556105
5134,129,39.024188741699646,112.19832922998144
5135,129,35.86310176297427,112.19857665322472
5136,129,32.69177060214534,148.40356141017355
5137,129,28.183917124971675,147.867406015392
5138,129,24.982602991458435,147.4448290456593
5139,129,23.775252242064486,147.08052351569694
5140,129,23.793635914790897,147.20365920208286
5141,129,24.569549155055853,147.13507099984673
5142,129,19.650255969205173,146.8897730192225
5143,129,13.343172262443746,147.831739935108
5144,129,2.918742161626122,196.71257849256503
5145,129,17.898520162518174,146.16968151982817
5146,129,14.190718703564281,152.50422418789412
5147,129,11.652454034109224,152.07275965402695
5148,129,12.123984153648136,152.23275648346527
5149,129,17.430602512697284,152.1342647955567
5150,129,10.374381356379956,152.03812153123093
5151,129,11.314401183715296,152.21302100833773
5152,129,0.0,196.33733117864887
5153,129,0.0,198.4423580250418
5154,129,0.0,199.3632395665589
5155,129,14.590039638578187,129.00822638064992
5156,129,57.897378684261376,165.31434845746628
5157,129,47.22275877482606,130.19687764772453
5158,129,46.26355822233578,129.60752092379113
5159,129,41.96161682326784,127.88653566088573
5160,129,36.18892032999824,148.61465159334176
5161,129,31.286240724681836,147.76385563707845
5162,129,28.376892722894127,147.43314419444744
5163,129,26.531259158099985,147.36434584071398
5164,129,26.113408709752797,147.41496797652448
5165,129,25.527455633988442,147.41871837329458
5166,129,6.66445960299392,146.97417412611148
5167,129,0.0,147.22844024131342
5168,129,0.0,202.32274133965444
5169,129,0.0,193.5461261594311
5170,129,0.0,193.1436354241632
5171,129,0.0,200.11127151310717
5172,129,0.0,200.11980473384304
5173,129,0.0,151.70346733816618
5174,129,0.0,151.61010703055047
5175,129,0.0,199.95604983691203
5176,129,0.0,200.59129828183265
5177,129,0.0,197.6846418235061
5178,129,0.0,198.9898796410259
5179,129,10.360766858246427,132.40424225046348
5180,129,48.9106315480224,166.98428309833574
5181,129,46.750216793592294,131.7712238055845
5182,129,50.03860136392005,131.0938520034058
5183,129,48.22719316662305,127.9254487291235
5184,129,46.740615542073094,149.13523475948963
5185,129,41.078124189673204,148.01500593221354
5186,129,25.663216299741595,147.51755222088732
5187,129,24.698011612485796,147.3426287085389
5188,129,19.352482822517857,147.26961675107077
5189,129,10.736410440646779,147.27389595428505
5190,129,6.991556967598707,147.07353751250844
5191,129,13.734920737245874,147.69922944708293
5192,129,0.0,203.04404528015755
5193,129,21.040442067773338,146.64046044539012
5194,129,17.26865607689437,152.9055408500546
5195,129,14.890749884060858,152.50514071460876
5196,129,26.18631967861477,152.1849210367991
5197,129,18.403815116046125,152.07454392898484
5198,129,9.81222845580795,151.715536122542
5199,129,10.125213293035364,151.76483529271758
5200,129,14.997206531659723,152.49593595619433
5201,129,0.0,203.58885754393742
5202,129,0.0,198.57686964834363
5203,129,20.357067915329438,131.310773578085
5204,129,52.41981617074534,166.35046120751448
5205,129,53.64248037215195,132.6974019655861
5206,129,49.28589492951042,130.79745173536554
5207,129,41.80416454602835,127.8277963745792
5208,129,43.19767399054671,148.4458489251835
5209,129,29.264918849056464,147.76871493278057
5210,129,26.70533212134128,147.29300647393634
5211,129,26.74511374525331,147.36397059877226
5212,129,25.190352919558855,147.42787602635224
5213,129,10.516689089052951,147.28122377627676
5214,129,6.973107367810748,147.0381333034561
5215,129,15.029032452909261,147.72140820442075
5216,129,0.0,203.09193366804544
5217,129,20.45609071521122,146.5013481911139
5218,129,16.478855140664994,152.73349159698523
5219,129,15.01179824279137,152.54195615483223
5220,129,15.786681442040127,152.7997250092085
5221,129,12.676485899762522,152.29793415776174
5222,129,12.103504541105021,152.14137409704983
5223,129,0.0,200.44837219223623
5224,129,0.0,202.24970550839868
5225,129,0.0,197.89666935886498
5226,129,0.0,198.8359292988939
5227,129,6.232311385485437,160.26091511148405
5228,129,49.10606376956236,165.98519766264442
5229,129,45.01442493029677,131.01836446643495
5230,129,48.78281482186305,130.58476518550128
5231,129,44.236912356497974,128.77773010868276
5232,129,38.374304121715596,148.91183199964038
5233,129,33.091243830517236,148.16186837938736
5234,129,29.23498990921224,147.53521079499802
5235,129,26.868858856464755,147.16342321635418
5236,129,25.329517970736593,147.0874288742408
5237,129,26.05562955256041,147.30390394306247
5238,129,23.01780190473976,147.28911144761875
5239,129,18.53345681076117,148.21757300596565
5240,129,0.0,196.899437248762
5241,129,0.0,202.48901270335878
5242,129,0.0,202.02839040130925
5243,129,14.817807601174886,152.50378531273356
5244,129,13.99984871525933,152.44315180319722
5245,129,12.101351135676275,152.17153167970162
5246,129,10.823172940939303,151.90986124483715
5247,129,0.0,193.07094990728334
5248,129,0.0,193.48917464066773
5249,129,0.0,197.31869012385962
5250,129,0.0,198.56608310279827
5251,129,8.435237938487886,128.8486133869518
5252,129,48.51591622154292,152.8414603082591
5253,129,44.51532995564328,130.86598908522296
5254,129,47.89961498196599,130.23806755097084
5255,129,43.63029071359871,125.50561837926702
5256,129,37.19017778441037,149.66369318482154
5257,129,32.991048609064514,148.85888591539114
5258,129,28.828358273280074,148.25358932185605
5259,129,26.71713586487081,147.85643701855423
5260,129,26.216250372835155,147.77865926715347
5261,129,25.918234649884557,147.7735019173344
5262,129,22.171848246731575,147.48541584325366
5263,129,0.0,193.79278282211823
5264,129,0.0,193.5845134398148
5265,129,0.0,193.40538459597633
5266,129,0.0,227.66959362746576
5267,129,0.0,128.50590068097733
5268,129,0.0,128.55123284806564
5269,129,8.484092084191118,128.54357913687107
5270,129,0.0,128.5319936973102
5271,129,0.0,227.4577106759134
5272,129,0.0,227.72934001433407
5273,129,0.0,196.36590041618385
5274,129,0.0,197.04904899799442
5275,129,0.0,197.63222521140673
5276,129,16.37290600123809,145.74499131748138
5277,129,32.4735934204991,113.26589840626802
5278,129,40.83213325580533,112.92656949180491
5279,129,41.44406380756729,111.36835042129675
5280,129,36.09595360628125,148.79677190711547
5281,129,32.09340152278388,148.22961926452433
5282,129,28.633698795342674,147.71681251852053
5283,129,27.117639405047736,147.56872952549534
5284,129,25.801309233076754,147.31406016410688
5285,129,25.732349089118852,147.28973188805952
5286,129,21.452108093703647,147.03210169500363
5287,129,0.0,193.49923479510753
5288,129,0.0,193.3947521166164
5289,129,1.5929550070119145,139.118633110875
5290,129,12.179623010790586,128.84257615023535
5291,129,10.137264480551016,128.50310973916652
5292,129,10.184632645424266,128.55108513032488
5293,129,9.773996908359319,128.55288784831626
5294,129,8.929773307530077,128.42162149343767
5295,129,9.193940096094536,128.44428810800528
5296,129,0.0,227.8185996134711
5297,129,0.0,196.63061124894358
5298,129,0.0,197.2559642254617
5299,129,0.0,198.082131883829
5300,129,22.98777896623182,127.42028833122795
5301,129,38.53550467863704,128.93492261431894
5302,129,43.72151592319906,127.34405765681733
5303,129,42.52059391135078,125.07167096888749
5304,129,35.44049711026821,148.58042197250364
5305,129,31.353463612232435,147.97067097061728
5306,129,28.454391656322436,147.62750857012014
5307,129,26.692096518885478,147.3496207326445
5308,129,26.91034139420923,147.58011822153264
5309,129,26.2316056812981,147.56987971663602
5310,129,23.47884667308575,147.54097450542614
5311,129,18.229464628620253,148.3270166123523
5312,129,24.260573956494433,147.3842994579617
5313,129,18.597596108038086,153.31991057578847
5314,129,14.244480407044499,152.58338081064167
5315,129,24.937036016516647,152.0854444321637
5316,129,24.86765659549834,151.9982751247233
5317,129,14.9120794853124,151.7663367926638
5318,129,9.930658613238476,151.71333285494674
5319,129,0.0,151.82117963825965
5320,129,0.0,200.73688359443386
5321,129,0.0,197.8282528519686
5322,129,0.0,199.27971859311762
5323,129,33.25830604347541,135.05278562404138
5324,129,70.03366114358415,167.67649033668877
5325,129,55.503595269655,133.40415672378464
5326,129,52.763274237707854,132.17973953278474
5327,129,43.577601508595464,128.52637808933088
5328,129,37.105883409886246,125.95823178792423
5329,129,32.83113304929595,148.6681351423659
5330,129,30.32578282690377,148.20929396496115
5331,129,28.579067549213214,147.81534806542334
5332,129,27.35189425632054,147.53208465352535
5333,129,15.063487844461022,147.4198518100369
5334,129,11.820572763944368,147.34478878606757
5335,129,18.401599930483584,147.8289261971401
5336,129,0.0,202.57843193167534
5337,129,0.0,200.83997126045736
5338,129,0.0,200.40801540500166
5339,129,0.0,200.2290451552182
5340,129,0.0,200.1523451351152
5341,129,0.0,200.2227156474912
5342,129,0.0,200.1510900564072
5343,129,0.0,193.0128175980471
5344,129,0.0,200.95969516553328
5345,129,0.0,198.42126175058473
5346,129,0.0,199.68155302806917
5347,129,25.200007068549407,136.62047715548997
5348,129,59.08078376910849,167.92292228245327
5349,129,48.053203579259204,163.89322800657692
5350,129,51.17589709571803,131.55365430965634
5351,129,43.206381101501876,128.3762556772016
5352,129,35.77690727661901,149.04947397914404
5353,129,29.372724864213858,148.18707407023604
5354,129,26.2433544672301,147.64244146920697
5355,129,25.51445500611375,147.38098323317556
5356,129,24.684649275951195,147.44785578643584
5357,129,24.899136028626373,147.52611217740903
5358,129,21.669793044848653,147.37797204822436
5359,129,16.715929480486817,148.2959000953885
5360,129,0.0,203.0564429868825
5361,129,0.0,202.735102028353
5362,129,0.0,202.37705639660354
5363,129,0.0,202.3446730961671
5364,129,0.0,202.41615375938161
5365,129,0.0,201.01636164498646
5366,129,0.0,201.01675786334226
5367,129,0.0,193.63796410801987
5368,129,0.0,202.5416350509671
5369,129,0.0,198.22682743441095
5370,129,0.0,199.00276850471909
5371,129,14.208639298668608,132.35089793804582
5372,129,54.845564881003014,166.1300411483
5373,129,46.410824809384636,163.33335646982215
5374,129,46.66968927813193,129.77022666667025
5375,129,39.23713409088671,126.81661589845416
5376,129,32.456924262551034,148.628789240353
5377,129,27.583683379471832,147.95578653840147
5378,129,26.065053376552953,147.62590992185284
5379,129,25.073980518581475,147.44470571547126
5380,129,23.50395963759308,147.13631281776009
5381,129,22.798980660687807,147.10771141202983
5382,129,20.738647647358412,146.9360818329431
5383,129,14.908209858032874,147.60258692460818
5384,129,0.0,202.70720294196823
5385,129,0.0,193.81724827524127
5386,129,0.0,200.5354657255572
5387,129,0.0,200.27781543180072
5388,129,0.0,151.96702664213345
5389,129,0.0,151.9653916790962
5390,129,0.0,193.00946441959186
5391,129,0.0,193.02248799938891
5392,129,0.0,193.63860302611096
5393,129,0.0,197.7804443249343
5394,129,0.0,198.71673075116968
5395,129,12.833707069893242,128.3534007218498
5396,129,52.495252966312805,166.638386049426
5397,129,47.0851242703515,131.78625079735673
5398,129,50.66425146179629,131.32952809938445
5399,129,43.61026050331675,128.53472708389538
5400,129,38.450957113946366,126.4898441812514
5401,129,32.287358280821934,148.58751675794943
5402,129,29.136830967405906,147.95774877227632
5403,129,27.70059817344244,147.689965671169
5404,129,26.5423011864573,147.51247677424234
5405,129,26.827714251721858,147.55242883423034
5406,129,25.62024480270697,147.31189966534185
5407,129,23.401104733997897,148.36370598753217
5408,129,0.0,147.56963957157336
5409,129,0.0,196.7675360372841
5410,129,0.0,196.2969518363648
5411,129,0.0,193.65130656196266
5412,129,0.0,193.5858966958226
5413,129,0.0,193.35483463641648
5414,129,0.0,193.10257317715806
5415,129,0.0,193.2239751197207
5416,129,0.0,193.84027815577392
5417,129,0.0,198.07931712474667
5418,129,0.0,199.1408932091879
5419,129,19.693116013220205,131.30790982355978
5420,129,55.26716296654885,153.5091661141131
5421,129,44.427090076889556,130.76672080468876
5422,129,48.570420148601855,127.4925622589562
5423,129,43.418832748310365,125.43700606483632
5424,129,36.78989664668665,148.60858603450131
5425,129,31.58299411500503,147.6844593135374
5426,129,28.18396960258604,147.39588954186718
5427,129,27.000248640841164,147.27590954926814
5428,129,26.016083979116225,147.33864054249878
5429,129,24.553129108493007,147.32708288416188
5430,129,23.505450089583885,147.38309666995818
5431,129,0.0,140.33085294617723
5432,129,0.0,193.69863778500613
5433,129,0.0,193.55712792069608
5434,129,0.0,227.90301130399408
5435,129,0.0,227.67170038903242
5436,129,0.0,135.2024148830136
5437,129,0.0,128.69066215308206
5438,129,0.0,227.64906023489087
5439,129,0.0,227.62394271982015
5440,129,0.0,227.68767809813247
5441,129,0.0,193.93291999337274
5442,129,0.0,197.11676458098327
5443,129,0.0,197.94680126860797
5444,129,23.811100227561077,113.35345610933832
5445,129,36.31303221377812,117.768662228601
5446,129,46.598557540798794,113.4320304105027
5447,129,39.52063140414508,112.40020007953098
5448,129,38.40999045294254,110.18988746618605
5449,129,33.76926756447775,148.63376505686423
5450,129,29.717831398883877,148.07942707357216
5451,129,27.608403423144065,147.8603246953535
5452,129,25.934368987287073,147.6669489742117
5453,129,25.608231342657064,147.52379332617795
5454,129,23.62384980198285,147.06674277957546
5455,129,0.0,139.5940921407535
5456,129,0.0,193.40942903909792
5457,129,0.0,193.25141470646122
5458,129,0.0,227.61804705024298
5459,129,0.0,227.411524513548
5460,129,1.868356025157334,128.22791590786065
5461,129,0.0,128.1943274869573
5462,129,1.6390021088903237,128.2729493659508
5463,129,0.0,227.41813965665258
5464,129,0.0,227.69454518806884
5465,129,0.0,196.43454623967838
5466,129,0.0,197.26318310153923
5467,129,0.0,198.3658875660456
5468,129,26.522182271715387,114.0756162261757
5469,129,38.921712403468675,115.74192191509303
5470,129,48.97360898470929,114.36953835874078
5471,129,37.13822831303545,124.7283483193544
5472,129,35.146208733238865,149.0753586932102
5473,129,30.205886607173714,148.15456948866935
5474,129,27.18676504596762,147.79818406451204
5475,129,25.227730204947342,147.50708229749492
5476,129,24.19374550974142,147.43230116263223
5477,129,24.576507225081254,147.56433201331618
5478,129,24.59853290409951,147.53396475922034
5479,129,22.794671206074554,148.39427937824172
5480,129,0.0,147.51037668069327
5481,129,0.0,196.33390747248276
5482,129,0.0,193.54796730943585
5483,129,0.0,193.2263143498177
5484,129,0.0,193.0910293590622
5485,129,0.0,192.94002254853933
5486,129,0.0,151.78887433033722
5487,129,0.0,192.96313034415462
5488,129,0.0,193.7207324800519
5489,129,0.0,198.04775744962294
5490,129,0.0,160.08397428283783
5491,129,37.07369353916184,136.40749729484375
5492,129,80.1921992515992,168.73847864916087
5493,129,56.53347607501827,164.86209522957623
5494,129,52.766488507417556,164.20846018484377
5495,129,45.82311080746333,129.4127561755255
5496,129,38.055247791758866,126.33577782893141
5497,129,33.10978746514488,148.90667100836666
5498,129,31.554940401259316,148.53039814613823
5499,129,29.512188569098388,148.1108152133178
5500,129,27.126634784872017,147.82543990607005
5501,129,13.486969909601086,147.81895768135482
5502,129,13.281721520134727,147.8751741604179
5503,129,21.766110060422093,148.45921460913885
5504,129,0.0,202.66831154754274
5505,129,0.0,200.82009817581675
5506,129,0.0,200.40799891530597
5507,129,0.0,200.12547202561933
5508,129,0.0,151.76356106332005
5509,129,0.0,151.89262735679455
5510,129,0.0,200.2919646822878
5511,129,0.0,193.23974665436413
5512,129,0.0,202.57788261655674
5513,129,0.0,198.60650269882265
5514,129,0.0,160.77460466303413
5515,129,29.883635458861598,136.61578098573418
5516,129,64.54729092042669,168.3141529963107
5517,129,55.383627786009015,163.94433432762415
5518,129,50.771071486533614,131.37856964785811
5519,129,42.755180564247084,128.21852673516625
5520,129,34.86721727273342,148.55896253979859
5521,129,30.580831763284596,147.8360808205339
5522,129,28.135180769418536,147.60461354046873
5523,129,25.590307371182174,147.123692710387
5524,129,25.375009366144777,147.2897803705988
5525,129,25.304994443643242,147.20476320318105
5526,129,20.915016134610553,147.36169834781592
5527,129,22.205920846457097,147.90602177011576
5528,129,0.0,146.6878367852634
5529,129,0.0,202.21172870714076
5530,129,0.0,200.62319133982842
5531,129,0.0,200.61238701390627
5532,129,0.0,202.20701952019306
5533,129,0.0,200.82560574434177
5534,129,0.0,200.79422393391675
5535,129,0.0,200.60296087927182
5536,129,0.0,202.5383231282826
5537,129,0.0,198.26142147687878
5538,129,0.0,159.4602745975662
5539,129,27.6557506334311,135.7421370116672
5540,129,63.066405617157734,167.05065986661853
5541,129,55.194529000132036,163.5902381138628
5542,129,49.764372709332356,130.9738660152173
5543,129,41.111668868196894,127.54950743401278
5544,129,35.16040863807855,148.78865709468857
5545,129,30.035341754163632,148.27001546755722
5546,129,26.707311456417763,147.9825711551398
5547,129,25.810235999086252,147.80764911286212
5548,129,25.59930154365417,147.6975497650684
5549,129,26.032283184464198,147.69826200263807
5550,129,26.05148051249301,147.82500520288207
5551,129,20.704888337544563,149.01557005173544
5552,129,0.0,147.54047131493576
5553,129,0.0,202.42089248351368
5554,129,0.0,200.68735948906553
5555,129,0.0,200.5486455100296
5556,129,0.0,200.8592766972734
5557,129,0.0,200.79664171633965
5558,129,0.0,193.32721423014848
5559,129,0.0,193.53196609932823
5560,129,0.0,202.83267039855872
5561,129,0.0,198.97136616729622
5562,129,0.0,160.64982381796656
5563,129,28.01860293120989,135.5512919959639
5564,129,62.94974584791238,168.30311405117902
5565,129,53.6425045759183,163.64088441812424
5566,129,50.581199380875994,131.30014746727193
5567,129,43.26592309365474,128.392864990731
5568,129,39.749376149359634,127.00301015375412
5569,129,34.888617429213,148.85943126119577
5570,129,30.58724484979023,148.32738762912538
5571,129,27.92415318086472,147.83950065039454
5572,129,26.902359946514117,147.66499385558797
5573,129,26.633385459862062,147.65644407126348
5574,129,22.9114108321401,147.5039847883535
5575,129,30.443283890900993,148.89890694633723
5576,129,1.3251956897744563,148.26012504467533
5577,129,0.0,203.4790369254732
5578,129,0.0,203.0040709647648
5579,129,0.0,196.9632129155276
5580,129,0.0,196.76991378953983
5581,129,0.0,196.44626104820233
5582,129,0.0,196.2571483343337
5583,129,0.0,196.41827807068603
5584,129,0.0,197.03637290748765
5585,129,0.0,199.1007516961469
5586,129,0.0,129.97039261824617
5587,129,31.41140857229159,161.65188959218514
5588,129,61.49175908515036,153.52308038458338
5589,129,46.66173723898991,128.55427198309485
5590,129,49.315494272064555,127.78122270122196
5591,129,44.73556990386288,125.9584907222569
5592,129,39.083813526622606,123.71097539179146
5593,129,33.9647716161543,148.38701686106927
5594,129,31.46672402000142,147.82547055556262
5595,129,28.741731529352162,147.55928171687736
5596,129,28.415620039396483,147.36176689603997
5597,129,27.23523745696576,147.21994985970403
5598,129,26.25219673937973,147.17829134540898
5599,129,3.2843576471414253,146.49482813391407
5600,129,0.0,193.80589637789066
5601,129,0.0,193.69337971689362
5602,129,0.0,227.90025163031012
5603,129,0.0,227.94293006430806
5604,129,0.0,227.8351912218554
5605,129,0.0,129.10674439610835
5606,129,0.0,129.00309911938027
5607,129,0.0,227.8808344854327
5608,129,0.0,228.11039996686824
5609,129,0.0,196.94680471928768
5610,129,0.0,197.93115316588455
5611,129,0.0,144.9269219935741
5612,129,26.002171163600533,112.93249506382674
5613,129,33.403247509295355,113.53441243353905
5614,129,43.88873614403071,112.34028525363769
5615,129,35.171728770278314,110.67448247638531
5616,129,34.39679157735037,108.60028892200228
5617,129,30.781442794285482,148.33324839140678
5618,129,28.044251604555974,147.726139343659
5619,129,26.03509681840608,147.46842231096915
5620,129,24.936300486265875,147.31660557034002
5621,129,24.220735798729603,147.20230915447559
5622,129,22.784804284510518,147.11054570040505
5623,129,0.0,146.11983862586004
5624,129,0.0,193.50061265404923
5625,129,0.0,193.41901634146538
5626,129,0.0,227.79771839336726
5627,129,0.0,227.61310245818098
5628,129,0.0,227.63294611841502
5629,129,0.0,135.34708444118488
5630,129,0.0,227.60855965688617
5631,129,0.0,227.59652702719472
5632,129,0.0,226.99110750713385
5633,129,0.0,196.70472953389447
5634,129,0.0,197.5932347642705
5635,129,0.0,157.98485401018317
5636,129,35.58468681337133,129.6459909697078
5637,129,41.04749164423688,129.78179313348724
5638,129,45.437987567449575,128.00979745598622
5639,129,41.982403072629666,124.85433929813955
5640,129,34.671853544224014,148.42862210534574
5641,129,30.121297642878694,147.58143094065977
5642,129,28.157243361614146,147.47371889440922
5643,129,26.351618828474873,147.3089613970613
5644,129,25.903570700694456,147.36422449454926
5645,129,26.55470501399662,147.22007078677743
5646,129,29.282606905087828,147.5679617679868
5647,129,30.021457640581122,148.71621536769902
5648,129,0.0,196.64663323208893
5649,129,18.35339267441534,146.26594053792536
5650,129,13.49405162959362,152.43915995686146
5651,129,11.134991825591168,151.9940108766592
5652,129,11.175044288157894,151.83098179514997
5653,129,9.217632108483333,151.6992079140072
5654,129,9.52877508605247,151.74304179329516
5655,129,0.0,193.0205709843403
5656,129,0.0,202.19746249733313
5657,129,0.0,198.46007547861885
5658,129,0.0,159.9220523938155
5659,129,31.284509869707467,135.84137225971716
5660,129,78.86711003614732,168.78214906660745
5661,129,53.62162714309851,132.53065253987538
5662,129,48.377967359266606,130.4386997652626
5663,129,40.517857474591985,127.32178475317107
5664,129,33.30241691357402,148.98597971500567
5665,129,29.43040203861746,148.20166315185767
5666,129,27.622253896245645,148.03396262621303
5667,129,26.086133014795912,147.67963624085712
5668,129,25.042758718026754,147.46295179272104
5669,129,21.2025712777128,147.2792917252247
5670,129,14.802132580697863,147.72159940528445
5671,129,30.240521962221823,148.9312314277037
5672,129,0.0,147.0152881345371
5673,129,0.0,200.9123408598412
5674,129,0.0,200.43010351279833
5675,129,0.0,200.12715594513136
5676,129,0.0,151.59013078076987
5677,129,0.0,151.65170799898348
5678,129,0.0,200.22586484453385
5679,129,0.0,200.40066436566963
5680,129,0.0,202.62451389183536
5681,129,0.0,199.17601597385493
5682,129,0.0,129.7421363686164
5683,129,36.8921615618724,137.69817644618195
5684,129,68.73399353979802,168.49606126902685
5685,129,55.67796903891099,163.7619803617128
5686,129,50.72401333402586,131.35678736966096
5687,129,43.107745510925724,128.35808312564376
5688,129,36.867247222648814,148.8468547493174
5689,129,31.090430148016466,147.92677167808526
5690,129,28.907305068933333,147.55871857983266
5691,129,26.468318935511924,147.1945281516171
5692,129,25.823432702757398,147.02219149838683
5693,129,26.69273792419232,147.18284888090892
5694,129,28.21812603123248,147.4549746294688
5695,129,33.44166545762432,126.98033784557991
5696,129,0.0,147.365511874971
5697,129,0.0,202.7401404659414
5698,129,0.0,200.8457165368514
5699,129,0.0,200.49335113587492
5700,129,0.0,152.0134233646171
5701,129,0.0,200.31410039499028
5702,129,0.0,200.18587104122759
5703,129,0.0,200.22465440938763
5704,129,0.0,202.30862588243616
5705,129,0.0,198.37618353615707
5706,129,0.0,159.7883046514294
5707,129,34.175113155200904,136.52552515949944
5708,129,67.60669006116302,168.11054742932444
5709,129,52.975605355962486,163.45600705455382
5710,129,47.75737995104897,130.19799975322738
5711,129,40.65284738482547,127.37627368317122
5712,129,32.4669215226625,148.49376743717403
5713,129,26.37959503293787,147.68016832741716
5714,129,24.959551937445944,147.24472258568846
5715,129,23.666124304663168,147.09851341752542
5716,129,23.338223614095263,147.22794244139254
5717,129,23.05949978850549,147.22172805128082
5718,129,25.26005024747218,147.6444618570825
5719,129,24.63616805224735,148.78242243599232
5720,129,0.0,147.16361093212686
5721,129,0.0,200.9362951893787
5722,129,0.0,200.33804608165354
5723,129,0.0,200.14612677580956
5724,129,0.0,200.41437701523196
5725,129,0.0,200.34381834119614
5726,129,0.0,200.17148405228022
5727,129,0.0,200.49250095853066
5728,129,0.0,202.64097299875968
5729,129,0.0,198.82074163708643
5730,129,0.0,160.05094707369787
5731,129,38.43966235639175,165.36213811405338
5732,129,84.61872472523554,168.98785979365366
5733,129,56.34369045951262,164.6291432241388
5734,129,50.77037105196142,131.39917408264733
5735,129,42.170494691619545,127.97152163560199
5736,129,36.35027296312509,149.09098808073165
5737,129,30.292037895812225,148.24066913954675
5738,129,27.386658561046843,147.7743933414409
5739,129,26.079606426539925,147.68473386439265
5740,129,24.967549601966954,147.6056470675269
5741,129,25.54212891631024,147.48465752001576
5742,129,26.007250410042825,147.5528757348541
5743,129,24.090121131954458,125.06976527097352
5744,129,9.265807898067584,157.60115235408037
5745,129,0.0,204.08755037620153
5746,129,0.0,203.66130219212803
5747,129,0.0,197.41270697108794
5748,129,0.0,197.20249762867897
5749,129,0.0,196.7137932034163
5750,129,0.0,196.23557946603876
5751,129,0.0,196.19051055795677
5752,129,0.0,196.68546650226864
5753,129,0.0,198.76653647390856
5754,129,0.0,131.16777503822325
5755,129,44.07255045875902,162.5260116281652
5756,129,77.16604922162323,154.61864519982205
5757,129,56.938200116681905,163.66330444897855
5758,129,50.82176275488348,131.39416252853295
5759,129,44.851472467419406,125.99405441812408
5760,129,38.70182289421598,114.70708106113503
5761,129,33.28266021030937,148.4596248842476
5762,129,29.60508695158093,148.11658665617153
5763,129,27.41133083511323,147.73641752411666
5764,129,25.62670226923873,147.52362132454965
5765,129,26.023860874747083,147.43711610433445
5766,129,26.743899951521016,147.4161579930567
5767,129,9.893639847689716,146.98841000878676
5768,129,0.0,196.30475285768856
5769,129,0.0,193.68913119104488
5770,129,0.0,193.3784396300668
5771,129,0.0,227.81529320479865
5772,129,0.0,135.42917473922597
5773,129,0.0,227.65205589706008
5774,129,0.0,227.61133259343674
5775,129,0.0,227.69265197944486
5776,129,0.0,228.87585729063315
5777,129,0.0,197.34582804774297
5778,129,0.0,198.58638715866533
5779,129,0.0,159.832351571405
5780,129,35.409750336288475,115.55472106554609
5781,129,42.38938550495754,114.79179994400872
5782,129,46.1031718401726,113.23864139267464
5783,129,39.72956944980755,124.0054302746045
5784,129,35.209052645516564,148.7645016756059
5785,129,30.562757743755792,148.24427254620352
5786,129,27.238509341897753,147.77613658821167
5787,129,24.05485758849919,147.6507701337944
5788,129,23.220011887659386,147.49425025178402
5789,129,23.055547448379148,147.50804973319848
5790,129,23.102340503456592,147.44094128983582
5791,129,5.930064277001854,146.61392025270004
5792,129,0.0,193.66022684103106
5793,129,0.0,193.51454635297037
5794,129,0.0,193.1985643824822
5795,129,0.0,128.6399384357262
5796,129,7.508002056143372,128.70951165124868
5797,129,10.65718383244026,128.79933504321323
5798,129,9.983408628462433,128.67131632545275
5799,129,0.0,227.57169690718914
5800,129,0.0,227.87509652426132
5801,129,0.0,196.87153962324223
5802,129,0.0,197.84486032344063
5803,129,0.0,159.09692687512447
5804,129,42.211314386351674,161.60067320122658
5805,129,48.02748314195793,130.09315690237523
5806,129,49.962710175456266,128.0199302304988
5807,129,40.784132728348936,124.39001702113222
5808,129,33.928873210380786,148.96043105279205
5809,129,28.01774480073112,147.9660004441256
5810,129,25.81375401865306,147.5270669064418
5811,129,24.589642102037075,147.4612269305282
5812,129,24.124835154693443,147.36308004118166
5813,129,24.37148849620788,147.40393936015252
5814,129,26.024166246995204,147.69888374275058
5815,129,30.722969028241916,125.29579612466269
5816,129,0.0,196.89482727753094
5817,129,0.0,196.1947779347955
5818,129,0.0,193.37407714191076
5819,129,0.0,193.05105673167242
5820,129,9.219759212179943,151.88840277909017
5821,129,8.180693990914536,151.6759186371568
5822,129,3.286612460773063,200.1433025225866
5823,129,0.0,200.44810551310752
5824,129,0.0,202.93662689222654
5825,129,0.0,199.93788315153103
5826,129,0.0,131.16184194310608
5827,129,42.932182840166874,166.96914068689074
5828,129,81.3695611596179,168.84165880328212
5829,129,52.99227560788225,132.26003890333382
5830,129,47.44508415525043,130.06417273535126
5831,129,41.10611007210244,127.55195090179546
5832,129,32.92692804724502,148.84194708190213
5833,129,28.30495666163442,147.98208210985177
5834,129,35.10920295281186,147.74194248267892
5835,129,25.07100113402016,147.37571028856505
5836,129,24.888248630861803,147.46090220252898
5837,129,26.027553628306237,147.53287824592627
5838,129,15.056726506684377,147.8983319389168
5839,129,36.321881520668214,127.57969171851829
5840,129,0.0,147.57895302128728
5841,129,0.0,200.95036175455073
5842,129,0.0,200.38536713897201
5843,129,0.0,200.12812209159407
5844,129,0.0,200.035965306945
5845,129,0.0,151.65864686098396
5846,129,0.0,200.0608617719258
5847,129,0.0,200.31397155808276
5848,129,0.0,202.52172981535264
5849,129,0.0,199.33626605928433
5850,129,7.897002818761555,133.5362807351808
5851,129,51.66325750666867,167.09748158843473
5852,129,85.07093606343918,168.99864154364082
5853,129,57.49182375152569,164.38307209909613
5854,129,52.69514515263362,163.4362878920472
5855,129,44.01854186668663,128.69844915112606
5856,129,35.87251531165113,148.991588178185
5857,129,30.338355444942252,148.15738134861988
5858,129,28.053382859130966,147.64773534689857
5859,129,25.833916398307746,147.3705105782263
5860,129,24.99868568980249,147.11497957229926
5861,129,24.978070638746228,147.231320584111
5862,129,28.135002258691692,147.6287007138085
5863,129,38.19879757086724,128.15278058571582
5864,129,7.895295918292564,148.80194705404318
5865,129,0.0,203.1094757082203
5866,129,0.0,202.2608367734065
5867,129,0.0,200.524574117776
5868,129,0.0,200.35539335765452
5869,129,0.0,200.22266292121503
5870,129,0.0,200.1514369432671
5871,129,0.0,200.36780864119956
5872,129,0.0,202.6488486930583
5873,129,0.0,199.32613755629816
5874,129,0.0,130.0484628059926
5875,129,47.168033140797135,167.40799088801347
5876,129,85.72466564163287,169.58469371238036
5877,129,56.45323669731789,164.32381408819563
5878,129,51.819882091251976,163.576008599001
5879,129,43.30832618321633,128.42117778701575
5880,129,35.06966718809193,108.85139086056493
5881,129,28.500164141280482,148.27951284188686
5882,129,25.74209824493706,147.86793130115458
5883,129,24.03683158360633,147.73781208329075
5884,129,23.580006011899634,147.63155926859972
5885,129,24.06486741790492,147.6772285447915
5886,129,27.094604419010736,148.08482657815884
5887,129,30.77745738286987,124.7963665486147
5888,129,5.375924724286932,148.52718285671898
5889,129,0.0,202.99794378220776
5890,129,0.0,200.90759208177627
5891,129,12.786424917253859,152.26252960235354
5892,129,11.511646680817144,151.98154656291507
5893,129,9.701605321711243,151.7030027209289
5894,129,4.599760738401914,200.0073654760486
5895,129,0.0,200.29251213498395
5896,129,0.0,201.22373063151983
5897,129,0.0,199.0876643073252
5898,129,3.76690260942173,117.87708027126936
5899,129,53.75401671320913,167.4392378759582
5900,129,90.23781505261083,169.78820831950222
5901,129,61.963924675454464,164.70696912981026
5902,129,55.0213011219437,163.58134866875156
5903,129,53.83622055125833,130.15954046118662
5904,129,53.59084411412166,127.22953500073764
5905,129,46.880736490484864,148.77662685534963
5906,129,30.479540020993685,148.35073777016254
5907,129,27.750496588122093,147.94810106259052
5908,129,26.580454941450846,147.70809725759838
5909,129,21.073860700972823,147.7490753115883
5910,129,14.958161529997092,148.0302413443138
5911,129,30.91704335482684,127.11885690230757
5912,129,12.544831498511547,149.06960724790022
5913,129,0.0,203.4911809667147
5914,129,0.0,203.04218518397718
5915,129,0.0,202.79207672607745
5916,129,0.0,202.68586273834862
5917,129,0.0,202.36824667307837
5918,129,0.0,200.76237194926324
5919,129,0.0,200.83434741887464
5920,129,0.0,202.8176183326311
5921,129,0.0,198.85932412725865
5922,129,5.572373953629376,132.39791077692442
5923,129,50.43706884535571,167.36292281768692
5924,129,78.38171631623622,154.87789662262017
5925,129,48.33192939207316,127.3638807411056
5926,129,45.850763830917465,126.38326740270817
5927,129,39.82739896717359,127.03968054659987
5928,129,34.0647055956495,149.12673107571095
5929,129,29.876705166219423,148.3836187130089
5930,129,27.05985039291686,147.99666233681302
5931,129,25.85106861666411,147.93584300999817
5932,129,24.235471178910636,147.78595095767236
5933,129,24.11070397696448,147.83275038079853
5934,129,20.41117605748479,147.82741197688532
5935,129,15.151175838029166,147.56848114693574
5936,129,0.0,196.65611429192074
5937,129,0.0,196.39747505632124
5938,129,0.0,193.5843339676908
5939,129,0.0,227.84218437986345
5940,129,0.0,227.79740655682852
5941,129,0.0,227.604198915943
5942,129,0.0,227.55145296588202
5943,129,0.0,227.62791775172545
5944,129,0.0,228.03293628719157
5945,129,0.0,196.98092139032994
5946,129,0.0,198.15827132901973
5947,129,8.930563872371463,159.572013853013
5948,129,38.24243086193912,115.93878527933884
5949,129,44.91369850487002,114.57538634663467
5950,129,47.53124332724112,113.80292149059815
5951,129,41.28404684810818,124.62429736119314
5952,129,37.393500185697185,149.00503795072575
5953,129,32.9435059034888,148.33033471155593
5954,129,30.373218410324988,148.1895710686641
5955,129,28.715934438491566,147.80740881584387
5956,129,27.47148150995696,147.81700148501474
5957,129,27.035626729729934,147.63342473140793
5958,129,25.612194252894245,147.56566105403957
5959,129,15.309438634699516,147.19670160720858
5960,129,0.0,196.27276492330049
5961,129,0.0,193.67178593111268
5962,129,0.0,138.88950520815794
5963,129,9.588242432645485,128.51574478388903
5964,129,9.786545516455899,128.52282220477335
5965,129,9.273919288734584,128.43893513010894
5966,129,8.194605180726965,128.38941253185928
5967,129,0.0,227.4367454244633
5968,129,0.0,227.88443986917602
5969,129,0.0,197.14239706641615
5970,129,0.0,198.18061043875358
5971,129,13.820989803237682,128.2862141961223
5972,129,44.71415174213218,118.31842364188219
5973,129,52.010212678024885,162.09781501848641
5974,129,49.80334068503634,127.96366200754001
5975,129,43.832877077055805,125.58907209800668
5976,129,36.300745156843504,149.36442533741558
5977,129,31.603963349630032,148.48092612355214
5978,129,29.299972261109616,148.0446344607752
5979,129,27.01836497671947,147.65429000759755
5980,129,26.671643878945808,147.73079514171994
5981,129,26.736921549721313,147.5813728597419
5982,129,29.30567802640777,148.1346220328493
5983,129,45.22034920878982,199.23393016669894
5984,129,32.783409947442294,148.31572096012567
5985,129,22.577684027028287,146.7695446707041
5986,129,14.576123681597014,152.38797003810723
5987,129,10.50902979063469,151.80360133866913
5988,129,23.238109264717707,151.74919356978745
5989,129,22.195740442473593,151.58532794968795
5990,129,9.897673700625617,151.76977768044006
5991,129,6.110173378143535,152.2343506143575
5992,129,0.0,203.17199060550746
5993,129,0.0,200.14761365779466
5994,129,24.355555189097505,134.581748786991
5995,129,72.58406760503189,167.8968860222398
5996,129,87.87045088230083,168.83376037515512
5997,129,56.48130655225777,163.84555459377725
5998,129,49.4694095188111,130.85045259302905
5999,129,41.72150387522809,124.7535704670385
6000,129,33.954361231167034,148.78102331809077
6001,129,29.515078217712603,147.94404507315434
6002,129,27.793682085518398,147.4619419332651
6003,129,26.044547071716504,147.2319795659548
6004,129,24.823092889230328,147.07667591253508
6005,129,24.697296186930856,147.25679151235562
6006,129,14.988424937132462,147.81711161643514
6007,129,30.892096148717794,126.95840893651174
6008,129,9.197549463107306,148.73979250034685
6009,129,0.0,202.5251765666534
6010,129,0.0,200.50902088560363
6011,129,0.0,200.2578394301261
6012,129,0.0,200.33288505040295
6013,129,0.0,200.36750513457332
6014,129,0.0,200.50641590362798
6015,129,0.0,200.85389024197607
6016,129,0.0,203.58839268951894
6017,129,0.0,201.12404324782352
6018,129,21.716308492747636,139.01562083260063
6019,129,61.835293396157105,169.17805113126616
6020,129,92.38782385411088,170.39312126237417
6021,129,57.056823655931765,164.5937519888566
6022,129,50.80310968408975,131.37987217590359
6023,129,43.50868001655824,128.49232221161338
6024,129,35.8633575617663,109.16619249441511
6025,129,31.90615311587325,148.28604241146763
6026,129,40.02048136319286,147.86174635855465
6027,129,38.29808026629787,147.5477013721361
6028,129,24.11579762780209,147.1886805720194
6029,129,19.798880095873212,147.15884491490183
6030,129,15.244543377134963,147.8542609636456
6031,129,32.41856527425063,127.45372112787685
6032,129,19.557156712237525,127.43972385216884
6033,129,0.0,204.13669974155135
6034,129,0.0,203.14407877055095
6035,129,0.0,202.50745690573774
6036,129,0.0,202.33726008245017
6037,129,0.0,200.8983216602661
6038,129,0.0,200.82734575696782
6039,129,0.0,202.3489491294651
6040,129,0.0,203.383255441549
6041,129,0.0,200.08472861909553
6042,129,13.039021122327505,133.05798655796448
6043,129,58.92558827107527,168.31098400349356
6044,129,89.14496306087051,169.63539273681562
6045,129,55.55492577780348,164.0484655248335
6046,129,49.36826395395011,130.8138482947365
6047,129,41.75770992577172,127.80022716898193
6048,129,34.01414618317056,148.8495925785422
6049,129,42.618162497809216,148.20109231519558
6050,129,37.093460851059874,147.94486777689346
6051,129,26.019158684999304,147.62821418191058
6052,129,23.967528306312957,147.41599449570984
6053,129,23.44931052142602,147.30408551519133
6054,129,12.855920989561742,147.6967766073103
6055,129,29.50095929910667,126.23181549543871
6056,129,13.107234531704767,148.91447783288692
6057,129,0.0,203.03476135387234
6058,129,0.0,202.29780935268033
6059,129,0.0,200.7540465997269
6060,129,0.0,200.6344064857384
6061,129,0.0,200.3857770020629
6062,129,0.0,200.29515311827345
6063,129,0.0,200.627969574016
6064,129,0.0,202.79666518965766
6065,129,0.0,199.5593692711878
6066,129,17.939196176505735,133.7526915893966
6067,129,60.240670798210054,168.82823815494362
6068,129,86.20865149624615,169.6113021877476
6069,129,53.001602377312715,164.17956445215432
6070,129,49.995540191379746,131.07334748115156
6071,129,41.466512784716706,124.65740003122511
6072,129,35.09621733108896,149.11825050885813
6073,129,30.83524114199612,148.40658849804635
6074,129,38.09786514655956,148.02098449191772
6075,129,39.22844721818336,147.76254361478956
6076,129,24.754165287889446,147.4056617034477
6077,129,24.745541667752953,147.35473299659668
6078,129,13.720180725017922,147.75924353203158
6079,129,29.360472242485383,125.93837958189172
6080,129,12.23719665035498,148.03454709509634
6081,129,0.0,202.97616676392818
6082,129,0.0,202.34724857927384
6083,129,17.84673847806347,146.20049585394253
6084,129,18.81926041990762,146.37314722696445
6085,129,17.87323770731244,146.3081506134706
6086,129,10.424839199208819,146.1716124886987
6087,129,0.0,202.4101652607659
6088,129,0.0,203.2995583900638
6089,129,0.0,199.77308996534734
6090,129,16.19015233906476,133.44745947640857
6091,129,58.75543306038205,169.03711714508262
6092,129,80.3649049348439,156.75376060240285
6093,129,52.574012057857274,164.45676758545198
6094,129,49.30046118491479,127.74663105609021
6095,129,43.16499103329168,128.35754425775062
6096,129,36.598900802724856,122.73004928395719
6097,129,44.27322595433266,148.64369649090014
6098,129,42.01569054498382,148.30941586507527
6099,129,32.27195272559353,147.87873089944438
6100,129,27.002985091850423,147.936383976439
6101,129,22.27231995528345,147.7010988488588
6102,129,14.528625448830507,147.4791605839481
6103,129,8.620372112802334,147.37645676885194
6104,129,0.0,196.69398483075608
6105,129,7.025080464480332,146.195830041
6106,129,14.874742595529712,139.18335702080572
6107,129,12.741070400260533,128.88992057641616
6108,129,13.138168684441379,128.91847861226313
6109,129,11.048584000524414,128.55246633093373
6110,129,10.507927680434996,128.49446602393513
6111,129,10.904830302525141,128.53081843915285
6112,129,0.0,228.18122951193143
6113,129,0.0,197.33172719878974
6114,129,0.0,198.5934548755796
6115,129,22.05942080322658,128.04837226835107
6116,129,39.97813034414282,129.49820479666656
6117,129,47.4832134185845,128.8583811517255
6118,129,46.58887047175188,126.6933218726334
6119,129,41.62640784127136,124.72856591236744
6120,129,36.62659057355717,148.4345506193778
6121,129,31.92136568631993,147.91157428902423
6122,129,27.998486800196066,147.44729958151188
6123,129,25.6864461600229,147.18979012113223
6124,129,25.25999504530778,147.1790605648402
6125,129,25.782676168793543,147.18562620037534
6126,129,26.31748477824172,147.25055380219135
6127,129,23.345060804040422,147.35107162705057
6128,129,0.0,196.8215491729128
6129,129,0.0,196.67748186478372
6130,129,0.0,196.3615824604165
6131,129,0.0,228.40920171492968
6132,129,15.802728857804642,129.53430236098234
6133,129,15.179260932952028,129.37414859916194
6134,129,14.140307890885174,129.21407782283322
6135,129,0.0,227.3303240441707
6136,129,0.0,235.10899378727805
6137,129,0.0,198.02871548782355
6138,129,0.0,199.066814344664
6139,129,30.91354862491278,131.3444561841685
6140,129,50.09853345672482,162.23439597796335
6141,129,60.117277800838615,161.80316447674187
6142,129,52.76096836172007,129.14892007994584
6143,129,43.33321915580631,125.41240250150584
6144,129,37.1252817585535,149.13353367439203
6145,129,31.48055139572576,148.23215267584285
6146,129,27.629308393380047,147.71442015798092
6147,129,26.76973988876157,147.68015632743015
6148,129,26.557351690239386,147.61354240932496
6149,129,26.545916637870043,147.7370764249467
6150,129,30.40229286904378,148.33211035937538
6151,129,45.145211392027505,128.56282673579318
6152,129,18.427161343134475,149.43362364144824
6153,129,0.0,203.00982448316
6154,129,0.0,202.20722768111236
6155,129,0.0,200.50576603818928
6156,129,3.2661981897357717,200.5628875728254
6157,129,12.13755750024131,152.26970505765414
6158,129,0.0,200.2694990251872
6159,129,0.0,200.50030338302082
6160,129,0.0,203.17660379472912
6161,129,0.0,200.03960359073943
6162,129,23.261924897231005,134.55436227908214
6163,129,63.039808588668365,168.98698609209984
6164,129,79.07822239272096,169.38829814667284
6165,129,51.000594791139875,131.49000187860278
6166,129,47.61214297144784,130.1335720835538
6167,129,39.64192973863135,126.97088361963968
6168,129,31.92456120048833,149.04635658479992
6169,129,28.286651015143985,148.05326839568176
6170,129,27.137871937173376,147.73418281844292
6171,129,36.914281344473665,147.32852478161362
6172,129,22.508467731094335,147.2080303981267
6173,129,22.274616149557993,147.1332060921807
6174,129,12.297150255941661,147.70481249242155
6175,129,45.10489679654976,129.79074010825875
6176,129,14.836201556714196,148.84607680586325
6177,129,20.968882265114836,146.71445506216656
6178,129,14.496632624159757,152.65669200583673
6179,129,12.446016887189122,152.33882536057314
6180,129,26.96550744859747,152.5548961309962
6181,129,14.515195344091593,152.69742198912033
6182,129,28.147221907600926,152.7261810542902
6183,129,17.02161698110902,152.99730825471008
6184,129,0.0,203.25410180352299
6185,129,0.0,119.29132818830551
6186,129,38.74688071342058,167.7573607653219
6187,129,72.52401831361003,169.34039909921063
6188,129,88.50096240964551,169.25765310891947
6189,129,53.31377988843781,161.0663357106189
6190,129,48.80222198656349,127.57515303431025
6191,129,40.55552174490965,124.25489634474215
6192,129,33.973839646151674,148.8298231606517
6193,129,29.068641824020606,147.9033790796293
6194,129,24.56870893965124,147.23560741118553
6195,129,23.579263678441848,147.0511684890111
6196,129,23.147873927346208,146.97401950530127
6197,129,22.91930906604892,147.0162559737041
6198,129,26.483429425608207,147.69326731061068
6199,129,47.60431946135383,163.29542362278642
6200,129,21.070038182026956,109.99035124218419
6201,129,30.029921112800345,148.10383115619814
6202,129,23.295806659662833,147.06010176045973
6203,129,19.47146549607181,146.3347302054334
6204,129,17.58128599052604,146.33047813532076
6205,129,16.10941151723511,152.8734802635589
6206,129,15.514600394447479,152.77596453568444
6207,129,16.91894540730133,146.0262653932696
6208,129,0.0,203.19781744876803
6209,129,0.0,115.99905426795407
6210,129,24.157875407394744,134.36641421557323
6211,129,64.93599250053408,169.3572919961993
6212,129,84.36981035594577,169.21081955548476
6213,129,51.4229376024029,118.35974280717987
6214,129,47.04613863280164,116.63328004471437
6215,129,40.746171019638666,111.09831613124841
6216,129,33.22073655940765,148.6146161862963
6217,129,42.53529298026876,148.11711289188062
6218,129,38.80867323132289,147.72276777114763
6219,129,23.68755423619285,147.2526781337533
6220,129,23.015526383907524,147.03934043856137
6221,129,24.725679197157184,147.38454821009117
6222,129,14.371672124332571,147.92619270767395
6223,129,33.49036334739285,114.07454498670059
6224,129,12.671481429455302,149.20758071449566
6225,129,0.0,203.31656511710352
6226,129,0.0,202.53233934842152
6227,129,0.0,200.93103664721352
6228,129,0.0,200.971574784567
6229,129,0.0,200.73678596362544
6230,129,0.0,200.7518152801603
6231,129,0.0,202.31198332454412
6232,129,0.0,203.46175429066244
6233,129,0.0,130.65722325475107
6234,129,31.04527155343237,164.99921969269133
6235,129,69.38771689525862,170.73183426215485
6236,129,83.42732570426318,170.8243137796088
6237,129,54.05519241626415,164.72240869472014
6238,129,47.54299402535256,130.12346995043134
6239,129,41.42737359994198,127.68801381815726
6240,129,34.9525955453582,125.1071709474495
6241,129,43.72011559795361,148.53895656907022
6242,129,39.94238975431505,147.95454622641307
6243,129,31.74589988919781,147.5876969198191
6244,129,24.14168156345406,147.45221252121488
6245,129,19.5306476329172,147.39847918855446
6246,129,14.818515559974594,148.096639234632
6247,129,34.85734674305347,130.72959098033226
6248,129,20.464281046859952,122.08538241579423
6249,129,0.0,203.2946573742261
6250,129,0.0,202.31047113479826
6251,129,0.0,200.75194983098044
6252,129,5.886485884060301,200.83892614760254
6253,129,0.0,200.7351464531063
6254,129,0.0,200.95792726596002
6255,129,0.0,202.53914129449123
6256,129,0.0,203.71808720361025
6257,129,0.0,130.1944000887974
6258,129,29.685862264202466,135.664341085748
6259,129,66.48161672296766,169.30299937042537
6260,129,85.2482029845395,169.71264781607266
6261,129,51.74564066299048,128.7349791039015
6262,129,45.59985395980215,126.30715910806431
6263,129,47.93723166527832,123.57665189671141
6264,129,33.77444582111299,149.53081949736733
6265,129,29.901066637374207,148.85167878515378
6266,129,27.07144022755515,148.11998514077467
6267,129,25.414032808351752,147.973316060775
6268,129,24.28938241645509,147.9026426265928
6269,129,23.57770903451792,147.58038947476166
6270,129,11.335781847423677,147.86491774439733
6271,129,24.468344442724874,148.3624983787632
6272,129,0.0,196.77909531554013
6273,129,0.0,196.37563004190469
6274,129,0.0,193.57690952831473
6275,129,0.0,228.02174697460404
6276,129,0.0,241.20181860897054
6277,129,0.0,227.83712006145535
6278,129,0.0,227.80453831617203
6279,129,0.0,227.95210838124396
6280,129,0.0,193.84215290997258
6281,129,0.0,197.89482761793508
6282,129,0.0,159.0929980711499
6283,129,36.51228083655719,130.98353454656987
6284,129,42.8211557863794,130.4689918300212
6285,129,51.20822682966524,128.53510827997005
6286,129,46.83894139303754,126.80245753779995
6287,129,39.66982281606965,123.95528092966401
6288,129,34.54590331497289,148.68929734701436
6289,129,30.52508700646332,148.0736933162243
6290,129,27.74889524183004,147.67398312588455
6291,129,25.830274090372527,147.39845785755463
6292,129,24.350381759398466,147.17271980463528
6293,129,18.74852955266791,146.95433240417958
6294,129,23.73792451810669,147.2284273438432
6295,129,22.020485852116213,147.43473028837133
6296,129,0.0,196.86217118805016
6297,129,0.0,196.5899276209725
6298,129,0.0,193.79541230149343
6299,129,13.52234828735873,129.20059217633013
6300,129,13.812840335522447,129.2390551309998
6301,129,13.43729639118236,129.10844532141596
6302,129,0.0,228.11924916196628
6303,129,0.0,227.7237949186098
6304,129,0.0,196.59885690822972
6305,129,0.0,198.2093090409543
6306,129,0.0,159.81807305046152
6307,129,36.294284387512086,130.80555890669177
6308,129,41.43202372560593,129.9373310632576
6309,129,45.33390003599176,127.98488046690548
6310,129,45.87862962846071,126.44943036309736
6311,129,36.881852593778305,122.86605004629317
6312,129,29.846989105322052,147.77267501484465
6313,129,25.060238259278126,147.20940174038927
6314,129,23.873924817870883,147.10876127803158
6315,129,23.383862587870787,146.89829972657748
6316,129,22.547867332166643,146.91807954449374
6317,129,23.370130808111323,147.11983309239807
6318,129,27.688737761405584,147.9816291862627
6319,129,51.710692147517804,129.0002659670128
6320,129,28.778777512130816,124.92451056034601
6321,129,8.376561276297934,203.44179968514348
6322,129,21.12196321072442,146.86891345968485
6323,129,17.466230009247038,146.30994526875955
6324,129,0.0,202.35704758622776
6325,129,0.0,202.2641176893669
6326,129,0.0,200.85406058465577
6327,129,0.0,202.25698682320686
6328,129,0.0,203.68576823060454
6329,129,6.499423286475984,120.54891741272807
6330,129,54.33782563278954,167.5098093257294
6331,129,90.07875978149204,169.52968335379043
6332,129,92.03615264905639,169.2897532641626
6333,129,52.79289851688074,163.81433155745947
6334,129,49.74388709192602,114.67516181258299
6335,129,41.73414749492228,111.48878178605625
6336,129,33.1652124884939,148.4667046188862
6337,129,27.648342332912236,147.7517398980966
6338,129,25.602253302985094,147.45882083110132
6339,129,23.961042059658254,147.20626622936544
6340,129,23.05512375163247,146.95644446190428
6341,129,23.38046134047442,147.01426276418994
6342,129,14.33420760303433,147.81892245012762
6343,129,39.43719493211496,116.12734113371711
6344,129,26.310930689184044,110.7748472276342
6345,129,0.0,203.17435199812476
6346,129,0.0,202.5458828081915
6347,129,0.0,202.3379552484944
6348,129,0.0,200.92202656566968
6349,129,0.0,200.80952048819674
6350,129,0.0,200.71428969749212
6351,129,0.0,202.27610381450984
6352,129,0.0,203.71578063306418
6353,129,10.334034421883782,134.83691966266048
6354,129,49.116731616177674,167.81568282225408
6355,129,89.37957936961527,169.3420351748433
6356,129,93.875387847881,169.7546422071539
6357,129,56.095114150073265,150.61614635972498
6358,129,51.646655189857334,118.46539764947534
6359,129,42.42675767202201,114.80412974601634
6360,129,42.991688325434346,148.78434401741777
6361,129,29.392770524157097,147.90512527693832
6362,129,26.887703102021064,147.5866110057489
6363,129,24.58160887415143,147.26037317631537
6364,129,23.83532763276232,146.93647094859756
6365,129,24.116688451456856,147.04745201630757
6366,129,15.989152105649787,147.89517477552897
6367,129,39.32046879986143,116.10296132149794
6368,129,29.0904825730488,111.4930711494339
6369,129,0.0,191.97617486286822
6370,129,0.0,202.7664981647707
6371,129,0.0,202.21078617464758
6372,129,0.0,202.14635894801776
6373,129,0.0,200.71584711144186
6374,129,0.0,200.5513671308297
6375,129,0.0,200.8511816650701
6376,129,0.0,203.5625527355027
6377,129,0.0,131.05785053532972
6378,129,36.885810383055386,167.29065972299318
6379,129,76.74669387247748,168.88289206267874
6380,129,83.2491105895019,169.21193576876996
6381,129,50.25501611260343,131.1920194241776
6382,129,44.92383785212203,115.79909561167015
6383,129,38.672191960557164,113.32021836155363
6384,129,32.48311782343308,148.82795403224875
6385,129,28.48751969714017,147.8984588547048
6386,129,25.272402360095576,147.284833134021
6387,129,23.802700521362638,146.97219638892014
6388,129,24.08650077500191,146.89463848384065
6389,129,24.89626616182797,146.97745545772761
6390,129,28.98761711294017,147.66614586785403
6391,129,38.68522805553485,147.03801316643654
6392,129,27.957130555890025,110.71535705894156
6393,129,0.0,203.50929462840932
6394,129,0.0,202.63677132215975
6395,129,0.0,202.21279474682308
6396,129,0.0,200.75042598919472
6397,129,8.631816825786025,152.36270030651923
6398,129,0.0,200.609000992197
6399,129,0.0,200.90002025968354
6400,129,0.0,203.4572015993334
6401,129,13.641243002862875,134.33885344189122
6402,129,56.89014479130897,166.80933933145704
6403,129,78.65200638479631,168.31669006860216
6404,129,91.62166815531538,167.86698542494034
6405,129,55.28336396570907,162.59317007055358
6406,129,49.25370242413144,161.7395899179952
6407,129,41.617237840849626,114.4920215178565
6408,129,34.53109903939146,148.0756982450204
6409,129,31.174304683938562,147.7105832739734
6410,129,26.956808571656875,147.13761647425136
6411,129,25.711121563868197,146.80076378424621
6412,129,23.949622579063988,146.61414897641566
6413,129,23.781412356461853,146.57566984897196
6414,129,26.7937319147017,147.0242478715483
6415,129,37.89648772364326,159.37496779039375
6416,129,28.585818032514585,123.52463008611436
6417,129,0.0,147.5399448557316
6418,129,0.0,202.47501071299487
6419,129,10.085357589590052,152.43114592294032
6420,129,0.0,200.92337601919445
6421,129,0.0,202.23972298454711
6422,129,0.0,202.55447261602018
6423,129,0.0,203.2003284830855
6424,129,0.0,198.62090986844444
6425,129,19.157137626945037,162.1720516720192
6426,129,55.636212871876104,167.6721348357676
6427,129,82.16517373434301,169.8442183440749
6428,129,92.13230938010142,168.83781889622136
6429,129,55.39127928897488,163.45224959753028
6430,129,47.84641294745121,127.20075093898132
6431,129,41.71836996210529,124.77763074585349
6432,129,34.67648372748047,148.71251544297334
6433,129,30.494917059281505,148.3211053418455
6434,129,37.15584384765073,147.89223002667535
6435,129,25.5424173997288,147.6763533462672
6436,129,25.294661551895235,147.55389579295775
6437,129,26.198013649985096,147.5691769877348
6438,129,27.498546878778882,147.67246159096976
6439,129,18.792782557040347,148.40538256641435
6440,129,5.0045555400926895,148.00169917073998
6441,129,0.0,197.12762303279735
6442,129,0.0,196.61807607641552
6443,129,0.0,193.8002904856327
6444,129,0.0,227.7763369242148
6445,129,0.0,228.25931337309544
6446,129,0.0,228.16990468102497
6447,129,0.0,234.42845640812428
6448,129,0.0,196.76638433621673
6449,129,0.0,198.81505606251184
6450,129,0.5721875604577792,159.90368632373364
6451,129,41.064004767891426,117.6881727574619
6452,129,53.78615609370648,160.64587398678654
6453,129,48.06708923368829,127.27640799344215
6454,129,44.139054369198156,125.71935658651596
6455,129,38.63066699637862,123.53421318919169
6456,129,33.75500882073953,148.2543995398706
6457,129,29.132731696844687,147.860995770123
6458,129,26.423386876353288,147.40139996061325
6459,129,25.308545830507278,147.20501428634967
6460,129,25.48238695589835,147.19786707880084
6461,129,24.820016128745575,147.09625902094854
6462,129,26.65610030222463,147.1668207315625
6463,129,24.401043550101843,147.75495191405383
6464,129,3.509372353805814,147.460819517807
6465,129,0.0,196.6224733442395
6466,129,0.0,193.60191897791677
6467,129,0.0,193.2834781247006
6468,129,0.0,227.88194967090735
6469,129,0.0,227.8977630919101
6470,129,0.0,227.95665556465454
6471,129,0.0,228.28297128469487
6472,129,0.0,196.38335894004337
6473,129,0.0,198.14432393958512
6474,129,2.2216683647009305,129.6454248596645
6475,129,50.25184331697529,162.1155916415971
6476,129,60.279744117154415,161.81667706284458
6477,129,56.64954509997521,160.5298291425647
6478,129,49.13458221297953,127.73498813389955
6479,129,40.03399558666497,124.08880786323778
6480,129,32.65139404131142,148.398380205404
6481,129,29.873022837746714,147.772660180251
6482,129,27.49437371788474,147.36949618571703
6483,129,25.62484816477653,147.05821298855724
6484,129,26.48089115272937,147.08754710426027
6485,129,27.031614552391606,147.08076231689736
6486,129,31.60833286360759,147.67823425919943
6487,129,60.586767711368005,163.66919901994441
6488,129,41.2398516724245,127.93194517558237
6489,129,0.0,148.11863176721988
6490,129,0.0,203.0402714557311
6491,129,0.0,202.69187171587203
6492,129,0.0,202.77035185708604
6493,129,0.0,202.6682743524698
6494,129,0.0,202.68446035770197
6495,129,0.0,202.9206456984764
6496,129,0.0,198.62947372410176
6497,129,22.37709092373848,163.80939770622638
6498,129,62.52427740024959,169.3142354219131
6499,129,97.07208985069255,171.0028061627018
6500,129,91.08048654410256,169.2993831722476
6501,129,54.81096543250071,164.02435769624802
6502,129,48.224122766147545,130.37083183587382
6503,129,40.460191232810665,114.01762335790411
6504,129,33.11593158741678,148.72821901632244
6505,129,29.490523357091217,148.04399220712037
6506,129,40.20732812499277,147.574947528939
6507,129,25.740451684332882,147.30102483559284
6508,129,24.640024032424893,147.25835120230926
6509,129,24.873924325609384,147.19660727330088
6510,129,17.294072143783293,148.17955932417294
6511,129,45.90709651564629,161.35889281775553
6512,129,42.98277723283596,118.33854597730586
6513,129,0.7648942424759478,148.96559780836728
6514,129,0.0,203.22215209128046
6515,129,0.0,202.92384701177164
6516,129,0.0,202.71615679964282
6517,129,0.0,202.39022307250738
6518,129,0.0,200.89004793879036
6519,129,0.0,202.59575786125882
6520,129,0.0,192.37044905266322
6521,129,18.539540864731094,150.00733918106485
6522,129,73.58906907570143,169.3589314943481
6523,129,101.98279142076733,170.34287414024345
6524,129,100.29508448327543,169.55422300786614
6525,129,58.23862563856236,150.45964928223367
6526,129,52.8454605643696,149.59728975736593
6527,129,42.64444722927227,111.86697735513698
6528,129,37.781405955187466,113.7961643036581
6529,129,30.9779015871765,147.5308020431811
6530,129,40.91863633723638,147.15178675283846
6531,129,39.35114905758816,146.91448762857306
6532,129,24.80858784882538,146.82306153758088
6533,129,24.493359203365003,146.94703601023147
6534,129,16.2748427886131,147.77649300819402
6535,129,47.51110415259226,147.90084438303398
6536,129,44.10203903410011,115.60495459086725
6537,129,3.001272167849186,144.85601958917468
6538,129,0.0,203.3855246973969
6539,129,0.0,202.83786191746563
6540,129,0.0,202.74557457283782
6541,129,0.0,202.48876547541397
6542,129,0.0,202.54482496555073
6543,129,0.0,202.98026202273923
6544,129,0.0,204.81727289130347
6545,129,19.70843095894654,137.7034193951002
6546,129,63.92611796109332,170.19204426536754
6547,129,91.25764510903436,171.33864409237992
6548,129,92.9912138022153,170.25045378331131
6549,129,57.43684812650038,151.6361261211406
6550,129,50.54954036802914,118.02710926927479
6551,129,43.53797671090353,112.21088227827535
6552,129,35.776837801141575,149.1796475170228
6553,129,42.70950680117646,148.25082915710007
6554,129,38.88982089065054,147.5829989802457
6555,129,26.143460849076,147.29430613342814
6556,129,24.15708045372244,147.28139378406829
6557,129,25.41699112203161,147.47656725727137
6558,129,16.18739036764786,148.23449948304727
6559,129,42.441804049339424,148.41189510590294
6560,129,35.68493188612222,111.9382417734213
6561,129,0.0,191.7732764813926
6562,129,0.0,202.40586025492024
6563,129,0.0,200.88728292093765
6564,129,0.0,200.7697901671299
6565,129,0.0,200.53623602399563
6566,129,0.0,200.5040756755135
6567,129,0.0,200.7791901883191
6568,129,0.0,203.46451029531815
6569,129,5.7445882136998225,118.34390264307389
6570,129,57.52246345509807,169.43552278947237
6571,129,91.7569230602093,171.76150772553788
6572,129,88.63972538815304,170.29683535568117
6573,129,51.6942096520614,118.48423994155726
6574,129,45.72363135208671,116.11759457076964
6575,129,38.57999437842718,113.28614270288251
6576,129,32.96045603342189,148.5071331874239
6577,129,41.53453992701331,147.7912445722377
6578,129,37.7994359884184,147.33852125526738
6579,129,25.399569997777512,147.11901873724392
6580,129,22.508677620390426,147.03026175767164
6581,129,23.893828776992557,147.25642149531788
6582,129,15.284905117136024,147.9980725548635
6583,129,43.756726134093235,147.8474424369854
6584,129,44.125083772295966,114.83053565344431
6585,129,4.774012291056088,148.62496836354694
6586,129,0.0,190.824195509276
6587,129,0.0,200.82375289127313
6588,129,0.0,200.89224928006522
6589,129,0.0,201.00751391586408
6590,129,0.0,201.10015515491898
6591,129,0.0,202.82006626671713
6592,129,0.0,192.08044791480964
6593,129,10.938271763753121,120.16321977883962
6594,129,62.0203024678369,168.4202451824393
6595,129,90.04416745914462,170.59079814212942
6596,129,92.40159763705717,170.06472263388207
6597,129,53.53923555162513,163.85658712328038
6598,129,48.66330938492801,130.58245517880556
6599,129,42.37654212495251,128.05292496074102
6600,129,35.73731087962398,148.65844763210265
6601,129,30.464109064252234,148.0661847989403
6602,129,26.93900283344915,147.60483312260234
6603,129,25.517066810279285,147.35761978592362
6604,129,25.46110997012612,147.35284361028832
6605,129,24.99741000341734,147.3091229779925
6606,129,26.195451086668534,147.6069365283872
6607,129,31.690050257264126,148.6622319564099
6608,129,16.581066244066466,148.913866923397
6609,129,0.0,197.01185693381694
6610,129,0.0,196.24996091037093
6611,129,0.0,193.4463418967331
6612,129,0.0,227.9766942668096
6613,129,0.0,227.8326944912887
6614,129,0.0,227.75874967488772
6615,129,0.0,193.3787138091202
6616,129,0.0,193.8849920404183
6617,129,0.0,198.14498840870752
6618,129,20.494865101380068,129.78996765651823
6619,129,47.066659265179645,162.10702922942
6620,129,48.7843971811673,164.10959316656096
6621,129,47.612593694043355,130.13380398914515
6622,129,44.51854782059661,128.9189936907361
6623,129,38.34505798243839,123.38117923687258
6624,129,34.98586644954556,148.67182865244123
6625,129,29.45905351362254,147.58194458717148
6626,129,32.88530602482488,147.29037467483386
6627,129,25.17188552228623,147.1417429895418
6628,129,24.702196795153313,147.13607832484053
6629,129,25.178274290988366,147.14995275188014
6630,129,26.572919057423555,147.4014484995219
6631,129,31.807849696358506,148.08653195432694
6632,129,18.36020866738362,148.19738734872445
6633,129,0.0,202.9710803388048
6634,129,19.072952060607157,146.18326958945858
6635,129,15.060656684780797,152.5352641444604
6636,129,14.33855250930557,152.46411094629283
6637,129,13.316523789801767,142.31349317982028
6638,129,25.697155541577935,142.2443531873041
6639,129,13.479218787238562,152.46565076213423
6640,129,18.392411664308003,146.38736851294905
6641,129,0.0,198.3361783318503
6642,129,34.722643996913675,131.16306087247042
6643,129,66.13693456629748,165.94334241618498
6644,129,61.198489729646575,165.07179124089805
6645,129,55.7335567588829,164.12032725356707
6646,129,47.57710153074587,127.02987803611398
6647,129,37.1632575356491,122.9140287132774
6648,129,29.994100382669338,148.23077397012625
6649,129,25.798166037805995,147.48663094827526
6650,129,23.184667780294564,147.07411364906764
6651,129,36.06482264722448,146.91008257079912
6652,129,23.129618908118292,147.03987090251002
6653,129,24.907387275797458,147.30334830344566
6654,129,30.068634312417817,148.13409437949542
6655,129,60.275995629255945,164.9806230169109
6656,129,52.725272914435465,160.71515583242976
6657,129,36.518239837928625,122.65913168920333
6658,129,23.78900197851036,147.30459515571062
6659,129,19.54947809665327,146.57916384827925
6660,129,20.72850043347075,146.51346105032968
6661,129,17.58546014999406,146.10229492907658
6662,129,19.270347854395233,146.40503390472887
6663,129,23.22236266292392,146.93699728230848
6664,129,0.0,204.71635991244344
6665,129,39.95161965433798,166.71813815675554
6666,129,80.8549613361132,169.70426373133964
6667,129,94.07444387980871,170.8144967812976
6668,129,91.00850993948893,169.6201318297159
6669,129,51.68403432855265,150.51926175986253
6670,129,44.82954789361123,129.02706748569548
6671,129,36.178568172891815,109.2897026551137
6672,129,31.149062021356308,148.36120507568518
6673,129,27.221221284930056,147.93310927276957
6674,129,25.336271229615793,147.38617028400648
6675,129,23.853211287776336,147.14429267904882
6676,129,22.783790798412188,146.93829737406315
6677,129,22.764811779032623,146.97272479580846
6678,129,23.123191275216932,147.48021590486888
6679,129,43.65425043042119,147.07288135893438
6680,129,35.461180542440424,116.01617893088881
6681,129,7.896131051619196,148.42328514458057
6682,129,0.0,191.15514365845488
6683,129,0.0,190.58390405985952
6684,129,0.0,202.22229850502177
6685,129,0.0,200.74143770235136
6686,129,0.0,200.73074729415492
6687,129,0.0,190.44507791597732
6688,129,0.0,191.90963989676834
6689,129,19.54682752387633,120.91133091380881
6690,129,69.93867722438556,169.47317518753292
6691,129,100.52936908697538,170.21646985143
6692,129,97.72916179880856,170.02266117982649
6693,129,55.27861161576497,150.66748105004567
6694,129,49.18426652364971,117.48638304439544
6695,129,39.836663060901664,110.75381614071544
6696,129,33.08116129376686,148.35051030533143
6697,129,41.56106742612795,147.60463477681708
6698,129,39.89271468342006,147.41732004190018
6699,129,25.950617364052555,147.30254065806363
6700,129,25.008513387507488,147.18433246130397
6701,129,26.517246881488198,147.49799921657933
6702,129,18.310283361253305,148.3233343368334
6703,129,49.255818943386046,151.57418591864635
6704,129,48.11592890620162,147.55183765458318
6705,129,14.561521612709582,111.23147612998268
6706,129,0.0,191.80819348640048
6707,129,0.0,203.06621881528332
6708,129,0.0,203.0388949561207
6709,129,0.0,202.86759298041528
6710,129,0.0,203.00550776948364
6711,129,0.0,191.71584805146355
6712,129,0.0,205.5172352307364
6713,129,35.33488673087844,165.31747127746243
6714,129,77.35249664122318,171.3224670790629
6715,129,95.92009357781477,172.18823469817045
6716,129,93.03947086413578,170.80472359972265
6717,129,54.51714213927804,150.80267123410718
6718,129,47.0123835027046,113.59448602023916
6719,129,38.23933894125348,110.11790103856005
6720,129,32.040651318352985,148.14725498537663
6721,129,33.88424566669271,147.46491262658915
6722,129,38.318027048530006,147.08660609892726
6723,129,37.97996212345431,146.90008377341408
6724,129,23.872880802352697,146.78255837693732
6725,129,23.25450005317323,146.78508137599815
6726,129,16.611074726638634,147.84270882477134
6727,129,45.26654228297361,160.9428421423132
6728,129,44.36090704787497,146.93079523766608
6729,129,13.966072062211529,110.73977358423714
6730,129,0.0,191.53799656955508
6731,129,0.0,202.89700323018624
6732,129,0.0,202.99823421532338
6733,129,0.0,202.60761156429325
6734,129,0.0,202.76000011003632
6735,129,0.0,203.14958152371727
6736,129,0.0,204.99588751633644
6737,129,33.434299707047195,164.70704422984505
6738,129,80.6069249930517,171.13842481444337
6739,129,103.05719663639336,171.94676586888247
6740,129,97.62046758449942,170.44881590202337
6741,129,57.043765899707175,164.45635678304365
6742,129,52.01920311781617,147.1091887876403
6743,129,43.26352694279982,112.09434937133553
6744,129,36.832230830886196,113.42559865585316
6745,129,29.897302055972336,148.18448544030895
6746,129,39.96808732516606,147.6726745255696
6747,129,37.176769997379814,147.27810930717388
6748,129,22.89556787990844,147.22194004900112
6749,129,24.57908681782093,147.46956820195894
6750,129,17.627155967139885,148.55624893408032
6751,129,47.85134438452797,165.72426709548347
6752,129,53.22218255663989,164.82531577134324
6753,129,17.95991111030512,111.27959020952309
6754,129,0.0,203.50901077825768
6755,129,0.0,202.9252416333955
6756,129,0.0,203.08697171365748
6757,129,0.0,202.98147023296846
6758,129,0.0,202.7467410179476
6759,129,0.0,203.1840405053778
6760,129,0.0,204.44214778152795
6761,129,34.708243536135676,167.02307270507188
6762,129,72.92778261801061,170.8242129409896
6763,129,97.63446747230212,171.76772939035092
6764,129,93.3811890916837,170.60983478817883
6765,129,55.0888933743909,150.6265035644104
6766,129,49.30529366465876,117.57209067267709
6767,129,42.84793296952428,114.97630425355233
6768,129,36.69257050148647,148.71672270038644
6769,129,32.254023132544795,148.1527488147131
6770,129,29.140612547563304,147.80211001026709
6771,129,26.71122331220118,147.46469997940096
6772,129,26.54115063155598,147.3017004734001
6773,129,26.36992387062434,147.2703027279702
6774,129,29.50631042714214,147.66922754319364
6775,129,22.776128519320785,148.7131329766056
6776,129,30.54313292157539,123.86740217052541
6777,129,0.0,203.52516011486483
6778,129,0.0,202.71715754392014
6779,129,0.0,202.4166379213472
6780,129,0.0,202.40858035194088
6781,129,0.0,241.75703520927678
6782,129,0.0,200.98374608245342
6783,129,0.0,201.03947483453152
6784,129,0.0,203.0573911228599
6785,129,0.0,199.24048933412482
6786,129,35.14743515205856,164.87077866073724
6787,129,58.40400176278635,165.34141365175125
6788,129,55.04809644583441,164.4174426060055
6789,129,50.68472408615612,131.3561098476776
6790,129,44.669206464686326,128.99812046351195
6791,129,39.18272872453135,113.53696011396505
6792,129,33.69834182414216,148.76752266990988
6793,129,28.772792320760267,148.17743246769083
6794,129,25.967064364437743,147.55608747738938
6795,129,24.895791595264885,147.38353193839504
6796,129,23.501119066989997,147.22949032894346
6797,129,24.396506666369625,147.34825070875195
6798,129,25.852362387473246,147.6775257826066
6799,129,30.85330629898796,148.30749365347955
6800,129,14.206389256541687,148.88901922155063
6801,129,0.0,203.48076237579556
6802,129,0.0,202.8481572206646
6803,129,0.0,202.3819536214925
6804,129,0.0,202.2227011675846
6805,129,0.0,200.7430679672875
6806,129,0.0,200.74135329290058
6807,129,0.0,200.827455116098
6808,129,0.0,202.81849332109803
6809,129,0.0,205.3099260026965
6810,129,44.26692513970092,165.84736799761117
6811,129,59.15372014178397,166.19158569304201
6812,129,62.9650775501962,152.01897189121385
6813,129,62.27716402164794,151.252169349612
6814,129,54.82847342336681,150.09028792559954
6815,129,43.138040308381164,115.0990151499646
6816,129,34.38966767893304,148.34046713381377
6817,129,29.6194980687103,147.52659622102377
6818,129,28.179652217560804,147.26887393718613
6819,129,26.534082200727333,146.8704162472808
6820,129,26.78712870372181,146.92607903225863
6821,129,28.568651468336036,147.3057389622003
6822,129,34.664151580957274,148.1623614980674
6823,129,67.12343425044286,164.70693161784143
6824,129,60.29071837694769,151.32954753098056
6825,129,22.494698158197338,113.10852430839626
6826,129,0.0,203.84950110858333
6827,129,0.0,203.37983868435214
6828,129,0.0,203.42975373484484
6829,129,0.0,203.26846545202915
6830,129,0.0,203.280845366487
6831,129,0.0,203.53098516299394
6832,129,0.0,205.12893253826635
6833,129,62.29166328760857,168.49412098884625
6834,129,102.67977749419316,171.1750958321188
6835,129,104.10190972341452,171.6620295319203
6836,129,97.99730080292038,171.3785263157319
6837,129,58.71241604034017,151.88158484651115
6838,129,51.812594155669885,115.48691010565857
6839,129,42.221279953580634,111.68700680561992
6840,129,34.605064434568455,149.19774617934752
6841,129,29.14627622889496,148.33071595121024
6842,129,26.405594099229578,147.79340802641883
6843,129,23.85989815199762,147.2580590697537
6844,129,23.59963980688478,147.23861564431877
6845,129,25.441716101590018,147.46969871966482
6846,129,17.2635034641894,148.34105900902762
6847,129,47.78756693721884,161.73390457722311
6848,129,49.19191608818659,150.83683429771594
6849,129,15.608534828124576,109.72750833765905
6850,129,0.0,191.26475996148906
6851,129,0.0,202.09923221959406
6852,129,0.0,200.61627533977955
6853,129,0.0,200.40639108277156
6854,129,0.0,200.44873628909397
6855,129,0.0,190.36744715928643
6856,129,0.0,192.0740825387046
6857,129,34.84844177689622,167.3787166634478
6858,129,86.47269136245829,172.10046915572025
6859,129,103.26383798523354,172.9391739487358
6860,129,93.78364371374565,171.51775362728395
6861,129,56.809954590027274,164.9574729000035
6862,129,49.69488354513356,114.65806061147
6863,129,41.133924328752364,111.2584555508746
6864,129,32.68859790824331,148.98514502281398
6865,129,27.127272091906445,148.13976402060698
6866,129,37.73564500919988,147.7657839872058
6867,129,36.02520560506596,147.48383002884702
6868,129,28.298062065517666,147.4045163551102
6869,129,23.317313480647943,147.66051811812068
6870,129,14.817267283517031,148.48894257495033
6871,129,43.60293553661842,117.46593991039575
6872,129,46.68136298440918,129.51940845319663
6873,129,17.715590387410074,110.03645329339173
6874,129,0.0,191.5203984774005
6875,129,0.0,202.59091196665818
6876,129,0.0,202.56745033040906
6877,129,0.0,202.62125430426946
6878,129,0.0,190.8537761222122
6879,129,0.0,191.2469459960955
6880,129,0.0,205.09308290399167
6881,129,49.69063530008719,169.0316853310976
6882,129,88.14463165999081,171.0178721525862
6883,129,100.11569614007831,172.0252731589436
6884,129,99.83854979797502,170.73205936330936
6885,129,55.39123401824153,150.8419546430949
6886,129,48.06014903052956,114.00395050063499
6887,129,40.56982324314082,111.03890771567575
6888,129,32.9711114051895,148.8117194617864
6889,129,34.46234129387431,147.93410836318748
6890,129,38.679528936226255,147.44864565971585
6891,129,36.30455677875881,147.185474705007
6892,129,22.448288622577834,147.30679139302512
6893,129,22.688039260264482,147.32838279982124
6894,129,22.25204170057502,148.02053916936964
6895,129,39.41730587212499,115.81846978252823
6896,129,41.11726125240891,117.21420734639828
6897,129,26.381795329440205,113.01920186340725
6898,129,0.0,192.2976687578856
6899,129,0.0,191.72419703643047
6900,129,0.0,203.8147487937891
6901,129,0.0,203.58290722275584
6902,129,0.0,203.50220964635324
6903,129,0.0,192.0741046145585
6904,129,0.0,205.5014395461288
6905,129,43.416427694929986,167.67056891017646
6906,129,83.3876025235598,170.27460324340512
6907,129,92.10659788851123,170.2604447911073
6908,129,87.63360678677343,169.23871614156877
6909,129,54.06321315157044,147.84528870831005
6910,129,50.567765610919615,115.02726628676294
6911,129,45.49314753430195,112.9721947463526
6912,129,37.921342019637514,114.42737902312687
6913,129,33.03173294658486,148.50548914156138
6914,129,28.4656394024733,147.92877191926536
6915,129,39.76083010215868,147.70658166566403
6916,129,26.662994168148607,147.4865640270376
6917,129,27.366719606664542,147.65462293702853
6918,129,32.760882121991145,148.40253100920185
6919,129,53.085382964506444,152.2978430791121
6920,129,68.34045824358915,166.22733590044484
6921,129,40.79147355370572,148.32578735668702
6922,129,0.5411011188233248,147.21741661687454
6923,129,0.0,204.94959752503277
6924,129,0.0,204.8101431133721
6925,129,0.0,204.44887655260388
6926,129,0.0,204.4603596146949
6927,129,0.0,204.89748498442245
6928,129,0.0,117.34367946852517
6929,129,76.22237490207658,171.39037838165177
6930,129,99.41204669714098,173.72602225851452
6931,129,107.71801263261405,172.02761918182975
6932,129,94.0902024724699,169.8962286968998
6933,129,56.882214874059386,150.9689383117371
6934,129,49.33248910845162,114.52859111764185
6935,129,44.06712649009392,112.43376645436946
6936,129,36.909070362936866,109.58975887743382
6937,129,31.668384779996554,148.38795513116443
6938,129,30.40897547569884,147.90075473648247
6939,129,29.306385140726743,147.61092766492618
6940,129,27.343024088648058,147.55270303075784
6941,129,27.26615789230507,147.39038269309856
6942,129,30.491747422993633,147.72150221892278
6943,129,23.20174981294522,148.5792891066526
6944,129,34.67183278864653,112.23129813895066
6945,129,0.0,148.67274446884565
6946,129,0.0,203.21888142019196
6947,129,0.0,203.012312916111
6948,129,0.0,203.18843161470488
6949,129,0.0,202.9790302759501
6950,129,0.0,202.89730259219616
6951,129,0.0,203.10248230956174
6952,129,0.0,204.0431348490708
6953,129,0.0,117.67919204289815
6954,129,53.675747484386875,167.25170985543735
6955,129,55.83180064496519,166.61535690181117
6956,129,60.54852546216963,165.42218659881593
6957,129,54.08828356537476,150.7756608546912
6958,129,48.14047778589768,117.09558069244649
6959,129,41.82238191919291,114.58584701440967
6960,129,35.99172566973204,109.22261683317447
6961,129,30.3595085306063,148.51579390888628
6962,129,28.180111239799515,148.07825519871702
6963,129,26.560563725054465,147.7369732837798
6964,129,25.310147728154618,147.3456321451135
6965,129,23.987561303890736,147.15632750991264
6966,129,26.03353531380579,147.633698749989
6967,129,30.67757229853485,148.4280771994212
6968,129,34.00496940191491,109.70584587801102
6969,129,0.0,148.64423689448282
6970,129,0.0,203.53247269937475
6971,129,0.0,203.13969465483837
6972,129,0.0,202.9850376516746
6973,129,0.0,202.5588227801808
6974,129,0.0,202.54183352034892
6975,129,0.0,202.64021797177094
6976,129,0.0,203.71476763268493
6977,129,0.0,115.41025069072565
6978,129,40.81515172590751,165.59623955177375
6979,129,47.183822520300566,165.4844554761471
6980,129,55.58311567639464,150.92779763325493
6981,129,47.21441502859236,150.02847665724855
6982,129,43.710470224742224,112.31589795566576
6983,129,35.884528893687396,109.20909396489952
6984,129,31.058567761989384,148.57040440232248
6985,129,27.012965790737947,147.840313543611
6986,129,25.3391149067769,147.60800213731488
6987,129,24.04586492089348,147.36728555658235
6988,129,23.280549426712007,147.15873734599617
6989,129,24.58111994245283,147.54573567005846
6990,129,28.928276354746366,148.3537698777696
6991,129,57.58620565347245,151.70375003299617
6992,129,60.30304737761453,165.40685694812638
6993,129,33.34768021019127,117.85566396661586
6994,129,0.0,204.75445944268674
6995,129,0.0,204.1838800036211
6996,129,0.0,204.2089262851668
6997,129,0.0,204.1262543212967
6998,129,0.0,204.08590121728741
6999,129,0.0,192.5489877964005
7000,129,0.0,116.39018252262947
7001,129,81.54144390905978,172.1141384315829
7002,129,111.89135189562697,173.55024845015598
7003,129,111.21482800374156,172.51526150111647
7004,129,104.64702040177497,171.3452721384835
7005,129,60.98131368440306,151.40990535282972
7006,129,52.199587743377826,115.65040204263461
7007,129,43.01693717124877,112.01653077613256
7008,129,35.52481549382006,149.12898678183376
7009,129,30.167856262991396,148.21718677918307
7010,129,28.239149418700094,147.70512038844518
7011,129,26.228958200936738,147.36950054909462
7012,129,25.111146497312838,147.22728377469227
7013,129,27.107620329544797,147.51371600608996
7014,129,32.130168379922274,148.38794338313872
7015,129,49.99015653942321,152.06363286481275
7016,129,49.885725293402125,151.84396832024777
7017,129,25.99808958980104,112.87173018697843
7018,129,0.0,191.60922885005004
7019,129,0.0,190.8929201126697
7020,129,0.0,191.00774934474995
7021,129,0.0,190.89706233845936
7022,129,0.0,201.06897690245904
7023,129,0.0,201.11827728806293
7024,129,0.0,192.38931827674566
7025,129,47.970301270707274,167.3861583512947
7026,129,93.31552509113428,171.98125327910975
7027,129,101.41109853253876,171.31381691855074
7028,129,99.39531998438373,170.02058054661558
7029,129,62.558019902963224,164.3067070927713
7030,129,54.19079639742368,146.8588540745212
7031,129,46.65739111943746,113.47363154776485
7032,129,37.7200585216537,109.91263016745435
7033,129,38.228378089730455,112.10883730892755
7034,129,43.00133902245452,111.16682192885634
7035,129,41.52418257495768,110.57611683550434
7036,129,27.409103009566095,147.3935207547564
7037,129,28.36049842455616,147.63274592857033
7038,129,29.203905936169114,148.68027312779927
7039,129,52.69589115638802,149.20302939885144
7040,129,54.113733704260255,162.9890762271518
7041,129,37.948841668205155,146.7304922807277
7042,129,0.0,148.46958613595788
7043,129,0.0,203.14416006567632
7044,129,0.0,203.27850491000598
7045,129,0.0,203.25020206695893
7046,129,0.0,203.13398473100284
7047,129,0.0,191.79414888416173
7048,129,2.3744230094783094,115.13874013413968
7049,129,64.67096666281287,170.97279699620944
7050,129,104.58526134364509,173.48097616648394
7051,129,111.38546614694451,173.06805929837057
7052,129,99.57470095542962,171.22487970287438
7053,129,58.8936576121087,164.76298094461998
7054,129,52.03951374288542,115.60081151427683
7055,129,43.204484905510505,112.10092245090017
7056,129,35.111059735682836,149.11518405786558
7057,129,29.495623987020686,148.10124749330205
7058,129,27.260619063083716,147.72445051269105
7059,129,25.247234508355188,147.32974759304022
7060,129,24.13832308591612,146.92793623413934
7061,129,25.22582558538381,146.93900990801174
7062,129,29.670640361171596,147.67771497646717
7063,129,59.2424490817132,163.9318654587095
7064,129,49.26176746145175,148.3908601375224
7065,129,35.31252204632495,113.81660502390686
7066,129,0.0,192.17906343107958
7067,129,0.0,191.37901418292216
7068,129,0.0,191.6029420381503
7069,129,0.0,191.67511570240313
7070,129,0.0,191.47131682912215
7071,129,0.0,191.72045848391576
7072,129,0.0,112.97972761871885
7073,129,62.371299983050555,168.51732895880676
7074,129,98.7619599530268,172.33559315860762
7075,129,102.69887668314036,171.23837552569714
7076,129,95.7736532827296,169.5585984911894
7077,129,57.37105162342429,150.59662934707328
7078,129,52.367492888701484,149.74609696962384
7079,129,43.93147191820792,112.38588406550181
7080,129,34.52516943046576,108.67633982335342
7081,129,29.3303959228495,147.42125478329314
7082,129,25.853440291834577,146.90843224921286
7083,129,23.47340157202174,146.56843625871846
7084,129,36.47143204367706,146.72023252802487
7085,129,24.410650420033605,146.92389520413917
7086,129,28.403343189913922,147.46435429451475
7087,129,44.57845051602523,146.92615336916293
7088,129,62.73260975540189,163.98064838088055
7089,129,50.12233952023614,150.5509313948618
7090,129,14.88566137450331,115.23033388272825
7091,129,0.0,204.775763901531
7092,129,0.0,204.44409077312875
7093,129,0.0,192.2180012931278
7094,129,0.0,192.37089492396575
7095,129,0.0,204.46458584026414
7096,129,2.142680240611683,115.75688829350825
7097,129,62.30335973316643,168.22156968603812
7098,129,94.79146808105826,171.20667530765783
7099,129,100.21033216760966,169.8555741410211
7100,129,90.90945791191956,168.84707496643188
7101,129,53.02384202842539,150.24493824813723
7102,129,49.38196726990589,146.50348824509226
7103,129,44.17664855840158,125.76194609125032
7104,129,36.481587808215274,113.85153900828794
7105,129,37.39248719290514,111.78550146762416
7106,129,41.82221741666946,110.71351929873164
7107,129,40.01125299803423,147.43286041953797
7108,129,27.16487692028798,147.39564297377802
7109,129,26.933924325993114,147.44337834916536
7110,129,23.082165475124125,147.53806065817503
7111,129,21.50479746869454,148.66910996287066
7112,129,25.43580093303912,111.06241662780657
7113,129,10.391760039805513,144.58897769109274
7114,129,0.0,191.60714099139054
7115,129,0.0,202.89056009009428
7116,129,0.0,202.67862507303104
7117,129,0.0,202.32724165443585
7118,129,0.0,202.30091521049155
7119,129,0.0,202.59769612820838
7120,129,0.0,191.7740266463287
7121,129,6.823726411299773,116.81587934979137
7122,129,53.36438832119101,165.19342287279537
7123,129,63.30623686408327,165.39041655643874
7124,129,62.6183027547328,151.96520474991547
7125,129,55.97857130825672,150.71499741505585
7126,129,49.901603865667354,114.75129515243164
7127,129,45.203719860406494,112.93127266926817
7128,129,39.24725590521759,114.8904792558948
7129,129,34.46553872985668,148.75839348789316
7130,129,57.57524376035209,148.05601398089684
7131,129,25.1125637933383,147.25870433483067
7132,129,25.513399295648686,147.31471480597617
7133,129,27.149830484872123,147.4890517511585
7134,129,30.072804670597733,148.00294581721576
7135,129,36.55871005466449,149.20875215207377
7136,129,9.87152560655572,148.5811303487547
7137,129,0.0,191.63996837401294
7138,129,0.0,191.322378263449
7139,129,0.0,191.1884034961916
7140,129,0.0,191.11624247434474
7141,129,0.0,191.07409923410285
7142,129,0.0,191.29326612133158
7143,129,0.0,192.03007774635716
7144,129,29.35496831067333,148.39658348059982
7145,129,66.14184652109836,168.02152182052396
7146,129,63.08386111194507,167.2266759280336
7147,129,63.708260779831896,166.10699007171522
7148,129,59.85083531066521,151.88493376062556
7149,129,54.88014191011669,151.10442568109863
7150,129,47.00736666483164,113.61772333442887
7151,129,36.627172989635056,109.48416470987195
7152,129,29.53712033869998,148.1540078387297
7153,129,25.448046545852907,147.565201454762
7154,129,23.422326500765337,147.28419417017565
7155,129,23.287327628783622,147.14435440810408
7156,129,23.0913268562953,147.25843992828203
7157,129,26.934790888412913,147.8513788900279
7158,129,33.57505908525699,148.9739293639349
7159,129,57.988216243599545,148.88203159660955
7160,129,36.638339909491435,113.38819097209138
7161,129,0.2455488304596951,148.7406465838267
7162,129,0.0,192.02006552972082
7163,129,0.0,191.8291971473919
7164,129,0.0,191.81800452433862
7165,129,0.0,191.76547420713013
7166,129,34.500014999612524,148.34745485511414
7167,129,11.412917599204185,116.216533178149
7168,129,79.51374060765353,169.10114855415094
7169,129,116.37707799741314,173.15546340616058
7170,129,104.68758651655335,172.98465577993719
7171,129,92.192049279749,171.59601119779984
7172,129,93.87360176173586,169.43939517099406
7173,129,54.48309298342896,150.50327113823093
7174,129,46.070251249166475,113.21631456403267
7175,129,39.167739173898994,110.4836417856754
7176,129,32.58725583608451,148.48851572733128
7177,129,29.167315833833662,147.72726114633662
7178,129,33.285099728019404,147.44876159147847
7179,129,39.90411766728288,147.43125903226763
7180,129,39.2196734474639,147.34163809739252
7181,129,29.703014823607997,147.9295080850451
7182,129,31.781437923339492,148.8982637895732
7183,129,54.7507324878267,149.3940160203788
7184,129,30.45432022794261,146.51846650338567
7185,129,0.0,148.40980999363663
7186,129,0.0,191.48342122916702
7187,129,0.0,191.53768723654485
7188,129,0.0,191.7403625928181
7189,129,0.0,191.34252229596342
7190,129,0.0,191.45201577894014
7191,129,4.222872236297093,112.9922123805052
7192,129,73.1401473741827,168.8660848694585
7193,129,123.78017336021598,175.76913619318685
7194,129,108.15959850560836,174.6125459631424
7195,129,94.71984437688509,172.73743658208463
7196,129,96.91589659376426,171.10592504859733
7197,129,56.45803598367628,148.25731227539418
7198,129,48.296078725986774,147.11484815211912
7199,129,41.21431410018659,111.29251195069853
7200,129,34.33234025945676,149.03438288477577
7201,129,30.489030475619458,148.07450997902168
7202,129,33.48957959675015,147.64792947079727
7203,129,38.596867971672836,109.42153208525168
7204,129,37.85274783718136,147.33433756160213
7205,129,28.379614715696267,147.9222723474412
7206,129,35.34131918352876,149.061419143118
7207,129,52.63852110311462,149.34779359682025
7208,129,30.671812155293996,147.1343761221155
7209,129,0.0,145.01261998165853
7210,129,0.0,192.00173707424526
7211,129,0.0,191.876315764028
7212,129,0.0,191.78486886901118
7213,129,0.0,191.8518140911055
7214,129,0.0,192.43052098715725
7215,129,18.537900144129086,116.7725836197351
7216,129,85.96248228741312,169.55051791063943
7217,129,121.60534963332539,174.3076551766587
7218,129,105.3611257678243,173.03041388157314
7219,129,98.73156855208512,171.8263145039996
7220,129,103.5199916696839,170.71247860331243
7221,129,59.96522517111814,150.85164111052262
7222,129,50.236913861437046,146.74819835958954
7223,129,42.02518837917357,111.613062353709
7224,129,34.73623656818706,148.74273804230887
7225,129,30.03999649336908,148.161868079408
7226,129,29.20904835007779,147.9284317645862
7227,129,28.86907385968684,147.74876382385443
7228,129,40.77717591379656,147.46864195539104
7229,129,28.938485463876297,147.83647542468762
7230,129,34.63125392217324,148.6018771717372
7231,129,48.1893689638521,148.29419313992247
7232,129,44.80549349902723,147.15237156666132
7233,129,7.5353442417480325,145.04779576918384
7234,129,0.0,191.72209657692434
7235,129,0.0,191.5015138010753
7236,129,0.0,191.44189487784013
7237,129,0.0,191.5800149569546
7238,129,0.0,192.5283127318798
7239,129,19.020530474218845,117.12873128357838
7240,129,79.21275587604454,169.00514196453125
7241,129,109.8764714671588,173.27370762017787
7242,129,104.1720165776831,171.85247440654288
7243,129,109.07649637134148,170.53504285480037
7244,129,100.21043753769446,169.42381662815492
7245,129,59.69083021840911,150.562428798167
7246,129,52.03851380465836,146.52160890291495
7247,129,44.040334038045586,112.43588752131205
7248,129,37.01865239688908,149.0541653924446
7249,129,31.615913292097066,148.18381524782177
7250,129,28.733183104795398,147.7980885575992
7251,129,26.66583981177414,147.53224546961863
7252,129,26.06612596248253,147.41406769610737
7253,129,29.480820555756523,148.0432493763348
7254,129,38.35503091805379,149.20069860699056
7255,129,71.78783103560889,166.38337924357728
7256,129,60.36202223412636,152.13023925143284
7257,129,24.474699804538314,115.12967292657774
7258,129,0.0,145.19721413243224
7259,129,0.0,192.38681829275126
7260,129,0.0,192.5547768488016
7261,129,0.0,192.51884204686942
7262,129,0.0,204.4424572027941
7263,129,19.338813955464094,115.82521175883927
7264,129,78.46273481011572,169.03491300862305
7265,129,100.41259013474904,173.98748581036605
7266,129,96.32427552447861,173.12376202591324
7267,129,100.32989061931602,172.1357612120836
7268,129,94.69963908658929,170.99225191556917
7269,129,55.59052859316837,151.26030105789272
7270,129,50.64929573537218,147.25909599860051
7271,129,43.5556577909117,112.2350837326029
7272,129,37.22899355298286,149.5994713671684
7273,129,33.089407274909625,148.95808033896807
7274,129,29.845707120587207,148.1583172714446
7275,129,28.390740810637904,147.91759656687995
7276,129,28.088680404793504,147.933896665241
7277,129,29.634415780427563,148.20965878452122
7278,129,34.60917965250428,149.0606545502706
7279,129,40.00926945252316,111.16552746098199
7280,129,21.717320421570413,109.72100944743981
7281,129,0.0,192.04178274871703
7282,129,0.0,191.6033611333024
7283,129,0.0,203.4097226427155
7284,129,0.0,203.3892365614655
7285,129,0.0,203.3036049291318
7286,129,0.0,191.92063818686844
7287,129,0.0,204.50059702989597
7288,129,23.192546968802848,118.85032169507525
7289,129,65.23395152226246,168.21114119544478
7290,129,71.72422220792173,167.6532598220778
7291,129,67.28104560159133,166.1630878215277
7292,129,62.8524320217166,165.08510077054027
7293,129,55.20245992953065,150.83340232175166
7294,129,50.373716759337654,147.0548399550558
7295,129,41.95714415742996,111.60447131658054
7296,129,34.94994175158397,149.2556705370722
7297,129,30.83105190448406,148.32172455294372
7298,129,28.90651052394084,147.81525830464392
7299,129,26.56065562071545,147.63641097589408
7300,129,26.93251271833104,147.51052315473424
7301,129,27.931317041419618,147.73034237696535
7302,129,31.271812324627792,148.3166554396781
7303,129,36.53029140161424,114.07976941404904
7304,129,21.800416467132433,149.05037732504806
7305,129,0.0,203.73839178601176
7306,129,0.0,203.52645991197042
7307,129,0.0,203.44382744656536
7308,129,0.0,203.62046327951458
7309,129,0.0,203.7071150007806
7310,129,0.0,204.15640646626207
7311,129,0.0,204.72051360916186
7312,129,41.2474544303198,148.47112691637338
7313,129,77.40829573310754,169.36788320746223
7314,129,64.23398605281113,168.79121897544002
7315,129,59.25836660204666,167.46270758130134
7316,129,65.24782883655733,166.05826276919066
7317,129,59.872912062664774,165.1827430738261
7318,129,51.54274735826547,147.47568780832916
7319,129,41.81444754567898,111.54123220317297
7320,129,34.74512206382503,149.06797928603865
7321,129,30.594830488096164,148.30613236073964
7322,129,28.562510365791944,148.01504018150462
7323,129,26.74828392683737,147.78081096841467
7324,129,27.18590257671716,147.88246893530854
7325,129,28.265298170251366,148.33198490392374
7326,129,35.73210073236842,149.4489794038581
7327,129,68.25865943834806,167.16196645897207
7328,129,47.36910042282431,115.84034460194687
7329,129,13.027379774022618,110.32400040172841
7330,129,0.0,192.27129710488057
7331,129,0.0,191.90771062782792
7332,129,0.0,192.1410630571804
7333,129,0.0,192.24086434102063
7334,129,0.0,204.47045383048817
7335,129,18.283913381856127,114.59036094404566
7336,129,77.93061168181228,170.84715660370452
7337,129,120.72780744549388,179.1112903066261
7338,129,117.24871479298231,177.83985261966637
7339,129,117.82314201581875,176.2843603677639
7340,129,105.93367964997637,173.27260447597286
7341,129,61.65546048443844,166.0495761103373
7342,129,53.95176639859231,151.4149586552364
7343,129,44.073123641379745,112.42131205417324
7344,129,36.83287943125928,109.54935709160995
7345,129,32.433884411189624,148.92940069245938
7346,129,30.07893942855704,148.4006101160791
7347,129,28.662972872608773,148.21150803988783
7348,129,27.840826686561073,148.09357512553484
7349,129,29.95073512733721,148.4376357841704
7350,129,35.67472641070281,149.56306891159994
7351,129,66.54897636673796,167.92961380947762
7352,129,51.68042479109525,151.59041386259375
7353,129,15.77116120997339,110.76487788019323
7354,129,0.0,191.66922638059705
7355,129,0.0,191.30510858488927
7356,129,0.0,191.56988747036257
7357,129,0.0,191.6972994818169
7358,129,0.0,192.19180463487092
7359,129,16.630091666250678,113.88599587324045
7360,129,71.08140062779205,169.95366934775856
7361,129,121.3946959620364,178.90998698413742
7362,129,117.57392561159097,178.64426634713246
7363,129,117.67981203596065,176.1680076907916
7364,129,100.389920930414,174.58505776889805
7365,129,59.210873582465126,163.71459627396658
7366,129,52.66622452113977,115.85879844651747
7367,129,43.835938722025304,112.34354305464247
7368,129,37.23322846447292,109.71904641148171
7369,129,37.35457830453724,111.76233139876543
7370,129,41.303643643731164,110.50158185276916
7371,129,39.90197184102801,109.94532947553448
7372,129,26.06973172213859,147.62350086245058
7373,129,28.64069738518527,148.05657210935325
7374,129,33.725950190348414,149.08200377136032
7375,129,56.455198905899906,150.61679045951118
7376,129,43.47305676858963,149.0888429399697
7377,129,22.080316357706096,114.4014360793808
7378,129,0.0,145.4389555082525
7379,129,0.0,192.0844793486491
7380,129,0.0,192.34746449950484
7381,129,0.0,204.35399948762884
7382,129,0.0,150.34504489600303
7383,129,30.682487334340966,117.5546543306386
7384,129,70.81867742454851,169.56258087796928
7385,129,115.92824657643072,176.4139734453564
7386,129,116.9940514026617,174.7988796573834
7387,129,111.54823923730906,173.21889598239267
7388,129,98.79413689679727,171.4338539291781
7389,129,59.7657346796221,149.12107723245552
7390,129,50.256310104794785,114.91568453806386
7391,129,40.6827911679987,111.09859668631304
7392,129,34.399400518978595,149.24103699916205
7393,129,30.134405627338406,148.57705238039475
7394,129,29.728897055414663,148.40570287828209
7395,129,28.282930962490674,147.92419435645954
7396,129,27.89979827188062,147.74217840397378
7397,129,29.470665335820485,148.0826054009475
7398,129,34.50259236195723,149.11174526550204
7399,129,69.08745378235018,166.78716569072404
7400,129,60.12431229136722,153.56389189192296
7401,129,26.0602359272887,113.68711635211633
7402,129,0.0,145.21132687583477
7403,129,0.0,192.32544226792325
7404,129,0.0,192.270713129629
7405,129,0.0,192.43377511509095
7406,129,0.0,150.45652636473542
7407,129,27.58285371264504,117.00519630222142
7408,129,67.49710349048672,171.3496011055042
7409,129,114.62251625401714,178.39599791912806
7410,129,121.20473122346901,176.92102657789295
7411,129,109.88929749790118,174.94598595468253
7412,129,96.40992511451071,172.61970494450287
7413,129,57.748385310200746,149.33501967321925
7414,129,53.70969264120932,148.13851407243627
7415,129,47.10577302617703,113.6474088880985
7416,129,37.654059238481544,109.90611590898546
7417,129,32.75779486663044,148.82181968979418
7418,129,28.93112547285182,148.27447763965935
7419,129,26.834560890914588,147.94521700825288
7420,129,26.677640427050335,148.13268765009062
7421,129,27.074265960018284,148.12642183239277
7422,129,34.701026437236656,108.757410412285
7423,129,63.71555163113216,166.77892812706614
7424,129,64.95382149214493,166.71808927967732
7425,129,42.030519258897,148.57056412561298
7426,129,10.874448686238372,115.58331544926442
7427,129,0.0,151.09864964682689
7428,129,0.0,206.020354534525
7429,129,0.0,118.48487861233285
7430,129,6.60223761910669,115.29188767611683
7431,129,40.93204331608208,149.04010707323587
7432,129,75.48727774026493,170.28519542356392
7433,129,115.01433778778411,176.1690402320512
7434,129,119.47028774600946,175.17931411146367
7435,129,116.42113190562992,173.8275331147091
7436,129,105.83357317626687,172.98020191129143
7437,129,61.60162900776602,165.76616616688196
7438,129,55.916291357122134,148.2067437065729
7439,129,49.5659639012208,114.61298591982656
7440,129,42.652879262488554,111.86925691500096
7441,129,38.493224792235225,110.22063993535393
7442,129,34.75410927270885,148.9478399689167
7443,129,31.855309863716165,148.5515056814015
7444,129,30.826847746043246,148.56999192721784
7445,129,32.63247155108084,148.72959302118755
7446,129,33.94116920299425,148.9649124670041
7447,129,40.68889117430234,111.11713291931282
7448,129,35.273098723617146,112.77737529453965
7449,129,0.0,149.62031216166486
7450,129,0.0,192.34575867285733
7451,129,0.0,204.1582178919788
7452,129,0.0,204.40103130298627
7453,129,0.0,204.38500697291724
7454,129,0.0,204.77871888144682
7455,129,0.0,146.8348965434809
7456,129,33.34204017279857,149.8307570892748
7457,129,71.19336249151479,169.64136383050229
7458,129,76.31652444966234,168.38780330347976
7459,129,76.80936055956482,167.4176018229257
7460,129,69.98282709057021,166.45079005814307
7461,129,61.8808135362768,149.02797277350106
7462,129,55.40195210088765,148.08966566338222
7463,129,47.85781539534595,113.95039666877882
7464,129,42.12618090861466,111.65633149896145
7465,129,37.650833306206025,109.88754384858315
7466,129,33.31212500830552,148.78643296039567
7467,129,31.326195900746686,148.3584799667147
7468,129,30.2867239114825,148.2921662148627
7469,129,30.921116562153017,148.24171663179396
7470,129,32.448227229364335,148.43995653183393
7471,129,38.53384158889956,110.31354525462042
7472,129,33.653173704200555,111.94978764964347
7473,129,0.0,145.46467899818745
7474,129,0.0,204.54829789796077
7475,129,0.0,204.40082637733755
7476,129,0.0,192.52769537652887
7477,129,0.0,192.56845787125425
7478,129,0.0,204.93932805851261
7479,129,4.970435477136033,114.97093553824378
7480,129,60.495135304876044,153.11616108928436
7481,129,84.77350390638868,169.55798190574544
7482,129,72.24310111641496,168.90125411166912
7483,129,60.35525820721038,150.5452565404039
7484,129,66.9138800212479,165.77209448052702
7485,129,61.40286165169099,148.46039991832933
7486,129,51.67773521238796,146.98599434865247
7487,129,42.343323473688024,111.75722723461267
7488,129,34.786297839938804,148.7505757972879
7489,129,30.233189778872994,148.2757495037854
7490,129,29.25925059200835,147.97797308524537
7491,129,28.506603537585057,147.85777893418998
7492,129,28.10372708236416,147.74680840223627
7493,129,30.074865663426532,148.0465431347497
7494,129,38.59950279425126,114.70690345210005
7495,129,74.31651580562436,163.47217383508806
7496,129,68.55804274731044,162.56529722172536
7497,129,35.92488513981146,116.41643794000878
7498,129,2.4524078952176844,145.22989358582757
7499,129,0.0,192.48358167101085
7500,129,0.0,204.57845590515873
7501,129,0.0,204.5447294343933
7502,129,0.0,193.10700905006544
7503,129,32.29558517960192,116.59852444383776
7504,129,89.82903844817288,170.08164833835133
7505,129,140.84644608554177,167.51028348126397
7506,129,129.88782095412967,171.32667253835592
7507,129,123.9927932292299,174.02249563456206
7508,129,114.07965662316715,173.2228719000329
7509,129,67.13139154780606,149.85907880633056
7510,129,57.24339021759146,148.15644286138013
7511,129,47.336035660266276,113.70960112253435
7512,129,37.259404771222655,109.72132786133801
7513,129,31.61250979449763,148.71576431106968
7514,129,29.124878587084304,148.42244438873644
7515,129,27.248993941571502,148.1112683267328
7516,129,26.332641933152747,148.07547540204214
7517,129,28.472703741220748,148.27554723092064
7518,129,34.98352833180797,108.83566082934216
7519,129,68.19728880196551,167.09884187317545
7520,129,44.87990517740206,149.51220891633054
7521,129,14.56694275480186,112.49981413756632
7522,129,0.0,149.0596051423348
7523,129,0.0,191.78844180115962
7524,129,0.0,192.07232061063368
7525,129,0.0,192.4077503727782
7526,129,0.0,150.76150761851164
7527,129,31.894561002333884,118.23901254240492
7528,129,82.56649161619589,171.31256399857782
7529,129,128.4555444475959,174.11442851664754
7530,129,135.59695113636442,173.34072111619204
7531,129,121.4366282299674,174.34645135170274
7532,129,107.95138947094655,172.47184896786678
7533,129,63.61550969384248,149.4059639502997
7534,129,56.81916746310904,148.44896092173923
7535,129,45.81159068133938,113.13589301295633
7536,129,39.28718595201078,110.54346759525562
7537,129,33.31496588808344,148.61917540318282
7538,129,30.422123165578697,148.1882989487226
7539,129,29.469598783955224,148.02157438152716
7540,129,28.428887034798386,147.93229831162841
7541,129,30.56178820013375,148.1632995589432
7542,129,37.408105713702994,149.39781387705278
7543,129,75.88835371228004,167.4102031817929
7544,129,70.3501843284616,153.32300438412636
7545,129,39.46225451397961,116.66882529023502
7546,129,4.615232133235711,145.94545213817509
7547,129,0.0,192.5356374082261
7548,129,0.0,205.13333237201897
7549,129,0.0,151.43463778228082
7550,129,14.930450603694332,116.26134038613557
7551,129,48.22336767156537,150.3243259100332
7552,129,99.35033750279554,172.9288241674588
7553,129,142.64117014297005,152.43299122615673
7554,129,147.15179655343985,166.50081987412742
7555,129,134.4920421817148,172.23661991844358
7556,129,125.66735891095762,174.32227826407293
7557,129,75.44732310608876,150.3613157917595
7558,129,65.96284736061538,149.31458309731565
7559,129,54.44364782083425,116.55334923147956
7560,129,44.83050104625321,112.74819826334301
7561,129,37.3807103871605,114.20443929108245
7562,129,34.19002874289624,148.7502042837594
7563,129,31.582266000551446,148.27519213965792
7564,129,41.97827071017179,147.89234400292418
7565,129,30.407461628783093,148.18632738895647
7566,129,36.28767295217734,149.13950477829985
7567,129,55.56274200478444,150.45518872571813
7568,129,64.28835776459485,149.78014971233767
7569,129,42.63676254878649,147.63506624907825
7570,129,10.817337382483217,146.17398719692204
7571,129,0.0,149.7600886529602
7572,129,0.0,205.4626786171081
7573,129,0.0,150.56885839644553
7574,129,8.517997378450335,114.42319740207404
7575,129,40.319590128128624,148.83610509636554
7576,129,77.72544088753864,167.17453970573231
7577,129,111.54835397356854,176.29172044218905
7578,129,115.58477449990451,174.87219796024007
7579,129,109.26371464064133,173.80593960012513
7580,129,106.36574382386614,172.6206195305627
7581,129,61.757319965963895,162.3446846005267
7582,129,55.0526321910598,116.80657152227495
7583,129,45.998898439145314,113.21909075843753
7584,129,38.71615089093967,110.33268741248528
7585,129,34.695773315305466,108.73335935677024
7586,129,37.33023211117762,111.76989833901126
7587,129,43.42136852765311,111.34999597175785
7588,129,42.36385205012957,110.92745286039751
7589,129,29.68735455553526,111.16833976604725
7590,129,34.9626682082732,108.86528521517084
7591,129,69.52055127242485,167.3332491345924
7592,129,70.2050062394948,167.42319276351228
7593,129,47.88772578917662,149.10117010589926
7594,129,21.971419912039522,115.97863275854665
7595,129,2.7307278339733685,147.07463081237395
7596,129,0.0,147.6128228417766
7597,129,3.601380022422731,116.03946313312605
7598,129,24.88910177406317,118.68749754184327
7599,129,58.432519590026054,153.10118220642335
7600,129,102.89618654418558,170.9454141003428
7601,129,142.46793231888478,162.8241278995677
7602,129,125.84169786800759,167.40221427758968
7603,129,124.53386492676584,172.3951362669337
7604,129,111.98460285694567,171.05554292647517
7605,129,68.56335346443605,151.91173080146044
7606,129,58.18060791169626,150.310855425108
7607,129,49.121834339783774,114.42453791478353
7608,129,41.447283825784694,111.39594934288343
7609,129,37.44472531742108,148.9111923522258
7610,129,33.74371303168495,148.31398372449132
7611,129,31.94590987603614,148.1644352607166
7612,129,30.37668642668948,147.82811431288218
7613,129,31.62974764358796,148.0150994669661
7614,129,35.473533675931336,148.42578284361417
7615,129,38.96961064012902,112.19727968486197
7616,129,33.64471300004657,115.0935802624274
7617,129,20.36125730501241,114.4896605213521
7618,129,0.0,204.9568382415275
7619,129,0.0,204.90825031518955
7620,129,0.0,205.03678240688632
7621,129,0.0,205.06451500098498
7622,129,0.0,205.416961735654
7623,129,7.650037530234738,116.55245565353044
7624,129,42.87541592330776,149.90166679057455
7625,129,68.31216614153448,155.99915416849836
7626,129,79.34276122645065,168.7228372731325
7627,129,73.0620820399975,167.50324582709226
7628,129,67.0932778923501,163.49101805297687
7629,129,61.99452589814827,149.01520372071067
7630,129,55.9700238833573,148.01117906867367
7631,129,48.316333598167056,114.1373510486406
7632,129,41.78337486665733,111.52890733699242
7633,129,37.53851449014425,109.85006500775293
7634,129,31.928223005350628,149.10128608259683
7635,129,31.37622337069764,148.73390048215964
7636,129,30.59095975815194,148.60563256619645
7637,129,33.04451569106362,148.77602209343655
7638,129,34.964059987958315,113.25162287287326
7639,129,40.83137736507277,111.14697785668004
7640,129,39.65323816488671,112.65526739833959
7641,129,15.559459724099604,111.6304067679512
7642,129,0.0,204.8574439374549
7643,129,0.0,204.50480854597131
7644,129,0.0,204.7305339251281
7645,129,0.0,204.7498872270728
7646,129,0.0,205.22361260950697
7647,129,16.80724035826362,113.52299239534203
7648,129,64.6302153860023,153.3189473652819
7649,129,85.4947360771259,170.082258041584
7650,129,68.89654968490409,156.08383531459486
7651,129,77.39400506451696,168.28239710925018
7652,129,71.11566878858814,167.0917096076482
7653,129,63.19708671709209,149.17613400674074
7654,129,56.51671406393442,147.69094794539623
7655,129,42.91262582163756,111.99010583272916
7656,129,36.94606552651175,109.61470338233326
7657,129,32.636188670054786,148.49580039455694
7658,129,29.83791036762841,148.23762579915757
7659,129,29.247159480489,148.19912382266085
7660,129,28.37992515674288,148.156924219463
7661,129,32.53437075317375,148.5565966420358
7662,129,39.48449772944933,110.64783218477154
7663,129,79.45969091529275,165.30333597881824
7664,129,80.60959974751049,169.12636729413384
7665,129,51.94030466564614,149.6286957559407
7666,129,17.351172833371677,114.3226576803329
7667,129,0.0,145.9090832674966
7668,129,0.0,146.68767369205509
7669,129,0.0,146.97741179291427
7670,129,19.218781555916987,116.94863387198583
7671,129,56.22043099405246,150.71599882461194
7672,129,115.90575902317053,174.5386578358415
7673,129,147.7266253530779,160.56781117386288
7674,129,138.48687441266378,175.32844907136118
7675,129,134.3210433621131,176.72908932308036
7676,129,130.4004679348863,176.44579587767012
7677,129,74.15994683177556,151.3229466669864
7678,129,62.02007589894377,149.4207738711735
7679,129,49.711426588952115,114.68762389303468
7680,129,40.120549035526366,110.86831275818008
7681,129,34.37589333532951,148.88646249899355
7682,129,31.761682638627864,148.53689585710165
7683,129,42.45554226589113,110.95113221389295
7684,129,41.81652543658411,110.69971667736495
7685,129,35.609587960559615,148.10496165242697
7686,129,38.67592957237264,110.30069058182526
7687,129,79.40823569606457,167.0748376346054
7688,129,82.32111554828761,167.44291347698876
7689,129,59.2036862920164,148.74731835981876
7690,129,26.859319071906747,118.021914414626
7691,129,2.3782023237986127,115.79385016477606
7692,129,0.0,117.53560508273891
7693,129,5.816044193573746,118.68297764512991
7694,129,29.756267131430405,121.88184533941815
7695,129,68.62689845684648,164.85196277870114
7696,129,111.43124904044062,172.0805545237737
7697,129,146.85779622154166,165.29468358956564
7698,129,142.55057683107768,165.64304827734577
7699,129,132.06957228352164,168.5262607391113
7700,129,123.38399367174831,173.15437422924074
7701,129,73.52742061982192,149.47268658656452
7702,129,60.03840400802358,147.53751828715653
7703,129,50.91766647980485,115.16423430966056
7704,129,42.363435238819584,111.76959013993718
7705,129,37.89712074224825,148.92439172956884
7706,129,34.906969367473344,148.35078578827105
7707,129,31.455911144416973,147.71934352219085
7708,129,31.35606536819916,147.6196655098396
7709,129,33.14231124302155,147.87014482593673
7710,129,38.621128800644755,110.30431231015787
7711,129,77.43914913181301,166.3376025083908
7712,129,79.0314737340474,167.12344929601258
7713,129,56.22361426659006,149.10611329863
7714,129,23.902402002354936,116.12262284590183
7715,129,0.8856636756351701,146.07789320102663
7716,129,0.0,114.93347078468565
7717,129,6.952915272298429,115.80619018153854
7718,129,28.342738906974787,118.49112948537373
7719,129,67.02467728635092,150.7721335717902
7720,129,111.84267882708328,172.74510623364642
7721,129,141.40828755716086,152.10068994467724
7722,129,135.2894730998903,168.07563041221457
7723,129,136.2794673948966,172.30409293715118
7724,129,129.89581251949872,175.27118964892762
7725,129,75.56157437371489,151.1781423834642
7726,129,66.37116750341055,149.94153526061416
7727,129,54.7204708430623,148.2550702394473
7728,129,43.8365097737978,112.3588960271184
7729,129,37.253410879756665,109.73750235409764
7730,129,40.969119189504205,149.16440601543098
7731,129,46.76790116355461,112.66703678919086
7732,129,45.45823308363954,148.82945980736616
7733,129,34.45137255091574,149.088433001373
7734,129,42.12509218319761,111.6789324689219
7735,129,85.46877749210404,168.67236537771586
7736,129,74.64030573439751,152.3666891566702
7737,129,66.50095332560724,150.62845416550462
7738,129,35.16610521712876,148.25092814148329
7739,129,9.455868586232693,116.71278729705864
7740,129,6.428812400897156,117.96141349229607
7741,129,9.83388937688818,117.75837641739528
7742,129,28.829887731250853,119.51559268809567
7743,129,63.81415426688225,151.2349418330316
7744,129,113.44995719853631,173.2275407031493
7745,129,147.12835777001519,164.69365515522048
7746,129,140.03356580937253,167.11192814900667
7747,129,128.15055352362432,172.56436631980898
7748,129,119.96680267884568,172.5323266232912
7749,129,74.43766568020891,149.55872033005943
7750,129,61.96158442728551,148.06131813613075
7751,129,51.93794475975943,115.58483971343978
7752,129,43.75849199513489,112.33600764797829
7753,129,39.10588093914306,114.90702195947195
7754,129,36.33981638702485,113.81491557801726
7755,129,47.55317666126632,113.00263779952748
7756,129,34.28649103194476,148.64729100400828
7757,129,34.19386655792701,148.5446402079145
7758,129,40.62684178637433,111.11091995723244
7759,129,82.06545860468175,168.41760746440383
7760,129,84.46162915352478,169.19780333868374
7761,129,61.207953513785554,150.48444226819714
7762,129,34.431069936318444,148.18188331547088
7763,129,17.352183108245143,116.99907312184213
7764,129,11.513307169619164,117.09501621174505
7765,129,14.541827747867199,117.11080477087023
7766,129,38.62080375949744,149.67510652646232
7767,129,70.94127272970262,155.31102137141096
7768,129,97.16825992243238,172.9686722473145
7769,129,126.54454341618451,175.42250866948646
7770,129,127.6887897306388,176.40278533523224
7771,129,125.1869104402683,174.2079303619187
7772,129,114.03995880283219,173.04707654222437
7773,129,68.65267713341024,149.9146658649705
7774,129,62.56405326786776,148.73762060138336
7775,129,53.50437963328804,147.36143889381103
7776,129,45.14874397101455,112.87737765836513
7777,129,39.42008844684837,110.60521515805338
7778,129,47.93958497248129,113.15187654000721
7779,129,45.90028267144976,112.33555461104665
7780,129,38.78323484810898,148.95705726308907
7781,129,33.75800800883056,149.0142887782494
7782,129,35.94470041550454,149.50089959498092
7783,129,40.72490086719158,112.92215249433316
7784,129,42.12112425628108,148.04404599543182
7785,129,24.710447716908284,117.04438553082011
7786,129,0.0,115.12495407899306
7787,129,0.0,205.68203999317166
7788,129,0.0,205.81773740163607
7789,129,0.0,205.76610029958252
7790,129,0.0,206.01840767565471
7791,129,30.418443460940818,119.26095831813997
7792,129,62.34077410325274,150.77049559376303
7793,129,81.36951508782073,153.0532571947421
7794,129,87.79664815482408,168.9316554990018
7795,129,86.15671307796507,151.8393709945675
7796,129,79.66922917996158,150.56872396421505
7797,129,70.49227569426496,152.30605924289944
7798,129,63.662593993428025,148.50857913759202
7799,129,52.90978617169524,115.95273649035622
7800,129,46.514861726181934,113.3999929994988
7801,129,39.294541482831455,110.54635481932954
7802,129,35.12466744777092,149.00186484158144
7803,129,33.312521215257625,148.82553011740714
7804,129,32.96038960350275,148.77320880492954
7805,129,33.64660402629568,148.90820738874112
7806,129,36.169249801680536,149.3207647518988
7807,129,42.71160696381438,111.88667096563512
7808,129,48.51628354149819,114.71283853552428
7809,129,37.828464849041204,115.87162699433517
7810,129,0.32657695680415005,147.074949615086
7811,129,0.0,205.42454974713408
7812,129,0.0,205.54616774209353
7813,129,0.0,205.75235343019457
7814,129,0.0,152.30226341231597
7815,129,40.663503152981114,118.6351744808336
7816,129,78.64630128265843,168.59177511021122
7817,129,87.67386829600264,172.04014601674527
7818,129,101.74101806789083,172.2183867784237
7819,129,94.6365216894033,170.7018588670062
7820,129,86.28914644373923,169.33926015983818
7821,129,76.58909632766895,151.2117768501103
7822,129,63.71805510239356,148.9997303125968
7823,129,52.54768680034227,146.88347662648547
7824,129,42.29219510136061,111.72319231048698
7825,129,36.35191812207936,148.9014378398275
7826,129,32.813313820106856,148.36352439227164
7827,129,32.06432315554271,148.34255464533618
7828,129,31.73008838157837,148.25343653440015
7829,129,33.32020513105979,148.4206877386092
7830,129,53.8145582365336,111.06508721938646
7831,129,80.58707374441819,164.59175124354857
7832,129,88.88817856717246,166.5880027991281
7833,129,71.73650183366462,151.9005104498487
7834,129,40.05375649866509,149.54303881656273
7835,129,16.086692515345543,117.19052709738608
7836,129,11.999331790434596,117.58004671734454
7837,129,21.636188212683344,119.72963152385839
7838,129,42.283005689695244,149.77830540091617
7839,129,76.88130448312897,165.82457630625157
7840,129,122.42508888522978,173.91701199745276
7841,129,161.87939282790583,143.6842558961132
7842,129,153.63971915544647,159.13122666807786
7843,129,137.6288423992709,166.49235373450165
7844,129,125.9732721453824,173.42960062418717
7845,129,70.77525726542007,150.1019147758272
7846,129,61.82385073944338,148.6212281662315
7847,129,49.70291756736553,114.70269007251326
7848,129,40.47645896365433,111.01592110625077
7849,129,35.5809536785786,148.8697708179003
7850,129,32.79252264292532,148.3847269218096
7851,129,31.505077337736665,148.12791440988082
7852,129,30.14505350304862,148.0851766889328
7853,129,32.25218699372541,148.47759074307393
7854,129,40.47368613356643,111.02977072872812
7855,129,80.18407634096286,165.0089799264034
7856,129,80.7064874598453,165.46672821313442
7857,129,64.42771665505785,150.37414941820052
7858,129,34.122842870702655,118.06868446962
7859,129,11.28747894847406,116.0256754406829
7860,129,6.732142106246654,117.19307054309586
7861,129,12.098356679148727,118.06162587328119
7862,129,34.090530665461685,149.7217062636738
7863,129,69.5384522672891,168.73097822998102
7864,129,106.62525722688487,173.88600420828544
7865,129,132.67397922850193,172.7198048003247
7866,129,130.27542069627202,170.8968460501064
7867,129,134.3729604743904,170.10921612476704
7868,129,124.95089088348051,174.5989073854907
7869,129,78.84089560733584,154.2582875565931
7870,129,69.39174483160156,149.852666568504
7871,129,56.97827032202837,148.08053628029623
7872,129,45.79373100832122,113.12664587642519
7873,129,38.44964848318323,110.22289364267827
7874,129,35.10099841741453,149.1040155301074
7875,129,47.83085436573892,113.09746503935106
7876,129,39.47536069709355,148.66398880319605
7877,129,47.77124476164171,113.07155112833765
7878,129,40.83395338535488,111.18122611710183
7879,129,78.27164046396639,151.88890555595384
7880,129,80.98186626853821,156.6900290554819
7881,129,67.33304003358965,152.02706982861002
7882,129,48.00288103688097,149.8206599243836
7883,129,29.73980384380137,118.90249526331174
7884,129,32.9956602488675,119.50941582987879
7885,129,40.740296353583695,120.79522265315984
7886,129,52.897940419139346,150.78776725487737
7887,129,86.06596550285373,166.9130372571141
7888,129,109.4807866745199,175.44208717708491
7889,129,143.01916117892966,158.60843197777297
7890,129,144.76349229479823,159.12801086020832
7891,129,138.35010726978973,178.53128184951964
7892,129,123.38099018680998,177.17375665750967
7893,129,72.95652290860266,152.32319751331428
7894,129,64.82665853791765,150.60039394905777
7895,129,52.42632476477269,115.74120489667803
7896,129,57.5171121733275,112.48373524641886
7897,129,38.30229523834261,110.1382202116793
7898,129,48.27815227695106,108.82767050044409
7899,129,39.32221206933906,149.18527514032078
7900,129,31.85532736722145,148.8371537664967
7901,129,34.21910910682758,149.29568242284697
7902,129,42.096990650378125,111.66903208978674
7903,129,80.85409312461053,169.6616378332003
7904,129,69.66515704342574,156.6807602953011
7905,129,64.20666661617136,150.83322955491414
7906,129,33.04242235911897,115.57005784432445
7907,129,5.9429876192807525,145.8651115453315
7908,129,14.230809278435283,112.423986138648
7909,129,8.510965964510175,113.74996061210943
7910,129,28.71752289805335,116.8192877919473
7911,129,65.82331662368877,153.9187513195823
7912,129,98.18075176069829,172.69740970031174
7913,129,132.51904777940305,152.95444014093684
7914,129,137.04886357844828,152.73787778876004
7915,129,133.5659027669927,170.4338016144608
7916,129,127.4829988254682,172.72710668023555
7917,129,77.18753589785618,150.11784069914927
7918,129,68.50951607367493,148.99487841190384
7919,129,57.435310605797845,147.09871906410405
7920,129,46.64244956549702,113.47240687235255
7921,129,41.85767827148413,111.57671349746082
7922,129,37.92749801216419,110.016484525119
7923,129,34.94848921844683,148.93955321317353
7924,129,33.734728236174774,112.78417045732631
7925,129,34.38913396579636,148.9420351634898
7926,129,40.545310372903494,111.08215174786245
7927,129,80.33358590052616,165.37321376224693
7928,129,87.04237468319398,168.8770756541928
7929,129,70.32900532069642,164.53794003190168
7930,129,47.226094329171126,149.57017707544065
7931,129,27.611694143316676,117.73124753319159
7932,129,21.25404751748915,117.47966597693151
7933,129,23.10755680296773,117.2355159079928
7934,129,44.27300856054643,149.19032905124868
7935,129,78.75381483359087,165.69140963948337
7936,129,114.18748851703243,173.1436824571235
7937,129,145.060739692872,171.1604173665179
7938,129,138.69394578213837,176.90998611272423
7939,129,127.07817791927037,176.8481186115381
7940,129,115.88316859769633,175.0459195426366
7941,129,70.50017367902848,151.01839581531138
7942,129,65.31595416550333,149.78323391550657
7943,129,56.86829262417511,148.24969848126977
7944,129,48.0679962431843,114.03694943664317
7945,129,42.57189039944076,111.86013290654168
7946,129,39.4101140889727,110.33525564671689
7947,129,51.55792964697638,114.58433708530478
7948,129,37.31545096130056,114.20514084073056
7949,129,37.74169046479095,109.95338034527735
7950,129,42.30749958857703,111.75565156400498
7951,129,52.316870044208926,115.71972117533255
7952,129,60.24854987943556,148.94568488639183
7953,129,33.99676381159045,148.67132959794975
7954,129,11.033850684686271,115.12353237522686
7955,129,0.0,205.35952578510353
7956,129,0.0,205.4113452535346
7957,129,0.0,205.4865502160986
7958,129,0.0,205.73794272985862
7959,129,21.035399459497853,117.09008435693256
7960,129,70.72709366940776,167.85083578042804
7961,129,82.64750900737552,169.98088855600332
7962,129,77.64740010269583,168.54795098483385
7963,129,73.68318291297119,167.5973290051919
7964,129,70.97950274162888,150.48303512168712
7965,129,61.200562799964864,149.0275723197178
7966,129,55.88203862544502,148.10714612410558
7967,129,47.919217727567215,113.98497266821701
7968,129,42.377035208272325,111.77843674903136
7969,129,37.678076784559885,109.91555690881846
7970,129,34.43086488299062,108.62875159897294
7971,129,31.686972554668678,148.5571357751087
7972,129,31.065563390338202,148.42485479721083
7973,129,31.34738220848621,148.6855928853038
7974,129,33.15348364600071,148.7500544106605
7975,129,39.99297341760058,110.82365371919016
7976,129,51.992397156576814,147.31045106645234
7977,129,32.106988099994076,147.66947109579715
7978,129,15.965942159280877,116.20042011355135
7979,129,0.0,146.32800017609037
7980,129,0.0,205.7838421907424
7981,129,0.0,116.19281519520905
7982,129,19.853270350819145,118.91484524804402
7983,129,56.926837177238426,149.27086725348977
7984,129,81.3257905291114,167.78873984323891
7985,129,94.37575644355411,170.60209103889682
7986,129,97.56216293451686,170.53944577631626
7987,129,88.34618070381812,169.2208592613091
7988,129,82.78923800405403,165.97896584825986
7989,129,76.67348435808877,151.78009387399624
7990,129,65.62412059198974,149.83912722060552
7991,129,51.08872464578109,115.20787255903284
7992,129,42.137124407859815,111.65731879829985
7993,129,36.396196772515175,149.01828467123713
7994,129,32.89724129714996,148.51347638458418
7995,129,32.25275725932377,148.37671575577582
7996,129,31.181627165836996,148.2085175227635
7997,129,33.52557071790026,148.51063483365874
7998,129,41.062865518058636,111.28898747633033
7999,129,81.27734029085555,165.101258719209
8000,129,91.16070694798066,166.18027509711814
8001,129,93.86635747102984,166.3794754213982
8002,129,74.36221886596863,151.99227804406578
8003,129,54.271453367550215,151.73419534567267
8004,129,50.44729941405798,151.95934956317814
8005,129,54.55742604870852,152.1019494981478
8006,129,68.98089476038372,152.5360889287831
8007,129,98.45009866277078,170.69575521649068
8008,129,130.46751491131658,171.09159638124072
8009,129,169.73444993991765,139.24248927203513
8010,129,148.55817519680193,146.5084952146708
8011,129,139.2062287271075,161.89699045483667
8012,129,134.71130164788275,169.61456712458724
8013,129,75.79996468522936,150.60811265009585
8014,129,64.72993575783038,149.04557552214797
8015,129,52.813631594151516,147.14036483884726
8016,129,43.0011981303692,112.00565775899278
8017,129,37.812961061435914,109.95971825516867
8018,129,35.26115479190592,148.904959572126
8019,129,33.29062521263343,148.54869955338145
8020,129,32.6624005456382,148.56334826236582
8021,129,33.36537240111126,148.84613328097842
8022,129,41.604009283758685,111.47758900261206
8023,129,81.65042755558807,165.67061187926538
8024,129,86.26809279258205,169.74009706432608
8025,129,68.61947492065407,150.94343175134853
8026,129,39.633875054850975,148.60772896358122
8027,129,13.736031022540036,114.1693350777802
8028,129,8.044200838414612,114.76577577993532
8029,129,12.855747109684183,115.56102927927729
8030,129,35.86442738245947,149.46919845024559
8031,129,73.61150208423753,152.3685801280704
8032,129,117.17034240548205,174.0069491857521
8033,129,151.7777588860264,169.00423833233071
8034,129,148.41394032783953,168.39488475467567
8035,129,134.2968809189499,172.2148152177426
8036,129,122.92112392282682,174.16561758829778
8037,129,77.09106134019721,150.88680702132967
8038,129,67.47438435004385,149.7979758144548
8039,129,55.169897829126924,147.84809240687667
8040,129,45.78487167937785,113.1301043728095
8041,129,39.440842784077624,110.61695585187081
8042,129,42.72513132440795,109.47631187052143
8043,129,48.58423774932477,113.38951102418024
8044,129,45.66630684306307,112.22937735186488
8045,129,35.0836503374936,149.28956121834614
8046,129,42.62376951341683,111.89451684667064
8047,129,84.05167354025394,165.59988144699489
8048,129,96.50846236576541,167.60674367037288
8049,129,82.49077773672047,152.5480627526873
8050,129,58.04455494692712,150.98810777932965
8051,129,33.075327888736034,148.95202380379774
8052,129,31.329248056413974,148.95952114922756
8053,129,38.26155980385258,149.67944661168585
8054,129,60.44504413795429,151.05720396531547
8055,129,92.2242891617215,167.3079810481888
8056,129,132.90005897743407,172.60724765212186
8057,129,155.60826210942196,144.7814736682478
8058,129,154.7703132750579,146.96609361783206
8059,129,144.84579768518077,162.716097737948
8060,129,134.51077695092886,171.0986078502818
8061,129,79.88334416486792,151.23928073645996
8062,129,69.3519087948473,149.3995754915784
8063,129,58.81642430616238,147.88275800318968
8064,129,48.65742384748366,114.22959749742678
8065,129,42.33221272990634,111.72394778257929
8066,129,40.56175505145311,111.02079440483114
8067,129,38.99820288773546,114.554659108656
8068,129,50.0005843341649,113.92397853182732
8069,129,39.25553160550646,114.93165897817465
8070,129,47.08745483568437,113.6218124713906
8071,129,94.1984936919386,169.01889270795328
8072,129,100.34075840631373,170.7985369966605
8073,129,86.48730292868335,169.2259022509195
8074,129,57.28645810505994,150.19932304146505
8075,129,29.757908116488682,118.74603012786045
8076,129,25.04259573631682,119.28489871845255
8077,129,30.77196811557971,149.28983615955082
8078,129,51.46393417070601,150.75969608488418
8079,129,80.0536551499998,169.71885553129962
8080,129,115.67680937645574,175.707775453058
8081,129,148.85359809190908,149.49384449971603
8082,129,161.56303761772827,145.52828820650038
8083,129,151.68112545682217,148.3848583435131
8084,129,145.6722866186048,161.81944817987565
8085,129,87.01130364642167,164.94442302454587
8086,129,78.16093785539348,150.18482008127998
8087,129,63.27823352991042,147.79898883530876
8088,129,53.81886468940307,146.46181226421598
8089,129,46.3934211073513,113.33939170676926
8090,129,42.49608002095773,111.79099476455154
8091,129,39.47081865919596,110.59422777675711
8092,129,52.2092568729602,110.37438892734673
8093,129,46.83989563356487,111.08067340267205
8094,129,62.06582938593494,145.84327748930076
8095,129,94.84447695165271,168.92599023968626
8096,129,100.54715509573587,169.9801754642622
8097,129,94.4937689413611,166.2547743894824
8098,129,73.9129344180919,150.72016399398595
8099,129,52.494689817151624,149.4638922491155
8100,129,47.920644862501895,149.06841863314745
8101,129,47.82991742633598,149.04128832457945
8102,129,63.72269617873377,150.20229878990367
8103,129,98.22134235490947,166.41520681651147
8104,129,118.08589200122454,169.11506492794393
8105,129,145.97593954465785,153.64927512977005
8106,129,149.9527462289173,147.5212349935898
8107,129,138.633686452673,164.48307659507765
8108,129,132.0704792404795,166.33122581801695
8109,129,81.15068859455151,149.67657232745324
8110,129,69.94660165659486,148.19305950623396
8111,129,61.29790353853711,146.97006009658324
8112,129,66.33973341688797,145.98437740613872
8113,129,45.61676686867981,113.04393041642342
8114,129,42.432212258846015,111.2324128639982
8115,129,38.9660973806102,110.41769039227518
8116,129,53.40662059851994,115.2941930648768
8117,129,40.887723070871395,115.59854202706451
8118,129,41.928422725909634,111.58619976783714
8119,129,52.323077549208385,146.48247846817975
8120,129,47.974280509682224,148.2790963521209
8121,129,46.727880640517945,148.9072706928388
8122,129,27.019648319047278,118.59409882593178
8123,129,0.0,116.76862886150727
8124,129,0.0,205.86660361149933
8125,129,0.0,118.42309036212507
8126,129,17.396439618005157,120.23824562647431
8127,129,58.64936113671493,149.56876374230328
8128,129,78.64369213603783,154.67217338966546
8129,129,93.6977031794137,157.6089789128031
8130,129,101.19870020592914,170.7651944649217
8131,129,89.49341091585238,169.0905261243822
8132,129,80.81025961150996,151.21824530187277
8133,129,76.77574745940694,150.56973680948232
8134,129,67.43699435402758,148.94060234555084
8135,129,58.68197319869968,147.60852087661496
8136,129,51.39594639282031,115.34188506276595
8137,129,45.62017909412939,113.04989515483848
8138,129,41.02771450604705,115.65272230180521
8139,129,38.818798498885144,114.78087192512857
8140,129,38.38740056796298,114.60690935928804
8141,129,38.83484076807742,114.7860778242269
8142,129,41.19515182871271,115.72236556267562
8143,129,47.85743809505298,113.94333346139265
8144,129,57.9235055627922,148.7490983770768
8145,129,55.53835978283893,149.31620461474122
8146,129,37.059282735790326,118.2813466459694
8147,129,11.663377235372065,116.45687598621241
8148,129,0.0,148.19486431211442
8149,129,3.6918376436625855,118.14914226929055
8150,129,32.25790436456196,120.16147180108338
8151,129,64.84951221055329,151.33403723758624
8152,129,80.2027521267478,169.4302627760731
8153,129,94.68819345231172,172.29318521502574
8154,129,91.39254487165243,171.61839603595075
8155,129,83.38990680478328,169.75268414886725
8156,129,80.1853550258485,165.48949089618617
8157,129,77.23867600131928,151.14332969014643
8158,129,64.76690673283002,148.9795237664519
8159,129,52.272093884582,146.74377256485403
8160,129,43.16837574900913,112.06356629024462
8161,129,37.05668236615458,109.64457420776291
8162,129,33.8766996136895,148.49955926634502
8163,129,41.197366707168406,148.27652250309842
8164,129,33.13685952479851,148.63694418677431
8165,129,35.561332788799916,109.05366850106863
8166,129,45.22524375010588,112.92019909761326
8167,129,91.20730794889057,169.22791731032387
8168,129,101.02901523913762,170.969256604995
8169,129,91.70850956010467,169.98104636178746
8170,129,69.88974679457915,152.13209547074158
8171,129,48.81078228555015,151.20021274463545
8172,129,42.88064844591257,150.46964128603742
8173,129,45.75176478971718,150.00135163512653
8174,129,57.067885097385684,150.32936012444023
8175,129,87.79091514813595,168.20415374710745
8176,129,121.08387232700761,171.664345849027
8177,129,148.47771220824637,139.1657278326533
8178,129,159.9041809096197,140.82269677648017
8179,129,146.4387579732039,162.13177982928522
8180,129,134.04590693080075,165.3780570671547
8181,129,82.15539062205693,150.42962211987881
8182,129,71.00635529624955,148.79687360009933
8183,129,58.15888854244192,147.10257604075073
8184,129,48.028352949257666,145.7723208076739
8185,129,53.456032008930194,110.88891291150982
8186,129,43.43963706116469,109.7505174160227
8187,129,48.148694850195575,113.21953010057966
8188,129,34.87679326604135,108.26933629395295
8189,129,36.40636055661516,108.8658312194498
8190,129,45.53516966952755,113.0254647599106
8191,129,89.65751519929898,169.50777312798843
8192,129,96.22585825353701,170.99294907153532
8193,129,80.5940004271443,165.41882664227907
8194,129,51.794105873994674,149.2542095789208
8195,129,24.883434775425545,116.82400063502065
8196,129,17.11795917651225,116.70539594128535
8197,129,23.034047893601382,118.12216105384407
8198,129,46.661884196968295,148.84599344529732
8199,129,82.06850431869212,168.15831304130862
8200,129,113.99699890994135,172.33006098711817
8201,129,140.8986210573771,148.98239160408394
8202,129,141.81253645612563,153.81007572409342
8203,129,130.25253283460657,171.1705399637028
8204,129,120.20891669370704,172.87576032569962
8205,129,71.27887716869503,149.66805767241846
8206,129,64.85608287637648,148.45801591507328
8207,129,54.02808907793183,146.9226544589197
8208,129,47.320938026977,113.7324697713754
8209,129,42.11098466039118,111.65952087386962
8210,129,38.70635454003896,110.30929742391744
8211,129,36.9550811342853,109.61486838095225
8212,129,34.98996175172967,148.65260792114958
8213,129,38.196844109858795,110.10331523318402
8214,129,47.23376603941737,146.02274321981983
8215,129,93.36846806467643,169.6431648564783
8216,129,92.66435251329166,171.87114964919218
8217,129,79.66294796101879,153.53968485882427
8218,129,65.20700994775653,151.09877699870393
8219,129,38.36524549485271,149.05114536219727
8220,129,34.613659557189166,149.3353023087951
8221,129,39.08152224510666,149.32505161083682
8222,129,58.4563481035779,150.52143432380495
8223,129,88.49563773569758,169.1230546490421
8224,129,125.07748605011155,174.77787734036187
8225,129,160.53826402688136,149.8029007668723
8226,129,152.4914896735461,156.16298117178835
8227,129,140.12659470463439,175.89215483296738
8228,129,130.6150005858845,176.55755688715655
8229,129,78.08936945689875,152.19397077832846
8230,129,70.69893952637153,150.77142376583163
8231,129,54.202013696756254,148.8682821458079
8232,129,45.214500069777415,112.87125957869382
8233,129,45.12124310390236,110.39804313458478
8234,129,49.714322898552254,109.38833573445233
8235,129,49.81801454084041,109.42701816078572
8236,129,36.29403195489494,113.75317166194529
8237,129,37.99341376055409,149.74648806441485
8238,129,44.401002617834855,112.55097187146804
8239,129,87.65225332436516,166.56474006631268
8240,129,95.60156812244877,170.616253799509
8241,129,89.4650683787514,170.76268069615801
8242,129,64.49162164045839,151.51042414359117
8243,129,37.765764744118314,149.55217347398755
8244,129,30.700475880512613,120.3709333636917
8245,129,33.29863503790484,149.5850693380109
8246,129,51.956295628849375,151.00293142247452
8247,129,81.97754488247644,167.12863622892428
8248,129,113.4925805439194,175.5063776086131
8249,129,143.71272921720177,165.57458424377975
8250,129,145.12398743175675,163.21006702941136
8251,129,138.33280730507508,164.67062971069373
8252,129,127.45637167703705,177.4003948969963
8253,129,79.943830457072,152.79343730361637
8254,129,67.90081538175343,150.83100638934854
8255,129,55.94907215672984,148.3869844390602
8256,129,45.920764833383686,113.14797650990013
8257,129,39.07700336125955,110.43850278727685
8258,129,34.271192924300834,108.53797998664808
8259,129,33.71903209321846,108.32204651450722
8260,129,34.52043521421644,148.6728792091675
8261,129,34.6925369929693,108.69993183301399
8262,129,42.2765611201326,111.7065555224508
8263,129,86.04476710857693,164.90767258059
8264,129,97.06529191688941,169.92513031155121
8265,129,96.47589150063318,169.76768738591346
8266,129,77.34728620789,165.1465405752403
8267,129,59.29520857134341,151.3443506321176
8268,129,54.346044642091584,151.39188312106268
8269,129,52.50797549151584,151.35140251936906
8270,129,66.97804872346455,152.57241928379577
8271,129,98.7899653496811,172.43033055011887
8272,129,124.175237537802,176.96295094461453
8273,129,153.52841362093235,173.33507524463178
8274,129,148.67475376924116,175.67302784444865
8275,129,131.85932910889167,178.00303184416848
8276,129,123.74154380241038,176.08048508184515
8277,129,75.39101702252815,151.3430863395299
8278,129,68.62937879367553,149.706763733146
8279,129,59.00584573385521,148.20722301601094
8280,129,51.20385037664791,115.24407634107824
8281,129,45.054173831682974,112.81583855199288
8282,129,40.78231460580735,111.1321006558445
8283,129,37.55463287239146,109.8495549989216
8284,129,35.57468662738327,109.07043875216081
8285,129,36.03934903941139,109.25181218152713
8286,129,39.432902796603656,110.59309761288789
8287,129,49.159813957951826,114.44205135685215
8288,129,55.10710931877394,149.2325808318454
8289,129,62.33172991615985,149.8621781535303
8290,129,36.777867577064626,118.0529143465346
8291,129,9.059624998418506,117.90272668185554
8292,129,0.0,118.03060009188651
8293,129,0.0,119.25329289745632
8294,129,23.99546050925073,121.39300740788136
8295,129,65.1771442109458,151.62191751423825
8296,129,75.13212558654627,153.0239831338004
8297,129,89.66662741171297,158.50428915616968
8298,129,96.79077887580837,171.08877359967215
8299,129,93.00818819007704,170.21218591735825
8300,129,83.56888747119491,165.88133855257368
8301,129,77.75519420250025,151.41122480164526
8302,129,70.89909639803012,150.35586320724906
8303,129,62.20257989799446,148.5346110777775
8304,129,51.172294296673684,115.23858603418749
8305,129,44.823402126487316,112.71665940243807
8306,129,38.63517131984808,110.26167987414904
8307,129,38.33082240190358,114.56503827521261
8308,129,34.522561763502424,148.95793773561036
8309,129,36.27819695214911,109.33477968380272
8310,129,39.61784655334679,110.654715166142
8311,129,45.02017831170907,112.80021135279354
8312,129,57.2373278653325,148.19492309944008
8313,129,55.66955949763483,149.20346576470968
8314,129,41.450959442352,117.21027970922883
8315,129,18.97015605357006,116.18403008726527
8316,129,1.4018954406060606,116.71454292183346
8317,129,6.368310058845507,117.14121541744157
8318,129,32.13859479079461,118.67012559518878
8319,129,58.73775427638367,148.75225369138232
8320,129,76.94134932529576,153.83704595449532
8321,129,96.98912912977727,170.5550155025811
8322,129,96.29757763784906,169.79405370559536
8323,129,90.76946240394157,168.58933475488374
8324,129,84.62504892998702,164.443989336746
8325,129,76.17288059623118,150.17583907043655
8326,129,66.72795853885891,149.13163185955958
8327,129,52.075034374315614,115.61835772233067
8328,129,43.5331206514087,112.20674184272292
8329,129,38.75399508761306,149.25801694384
8330,129,36.164207321209155,148.82820643221513
8331,129,34.93203041593764,148.779588815548
8332,129,34.78105884821398,148.694381679152
8333,129,34.82144064591367,148.6483788448167
8334,129,42.36953757170297,111.76638330032827
8335,129,83.83454110963496,165.27068305296206
8336,129,94.94313143025622,166.38020634087198
8337,129,88.62795332828256,166.55750667468632
8338,129,68.4138329970409,151.19602722194412
8339,129,47.46040697601858,150.09316616416982
8340,129,40.13556617478839,149.4142221947794
8341,129,40.35795078401717,149.36045675366023
8342,129,54.87932024375323,150.56242183389998
8343,129,86.90451289830483,166.23961076711444
8344,129,129.01988619376664,170.8658174986628
8345,129,166.21302887595894,142.4226860256897
8346,129,161.29309166546648,142.05267836706776
8347,129,157.5255575189638,141.72088494489202
8348,129,143.14225794445582,166.86448722588958
8349,129,83.83868528076205,152.07467113282502
8350,129,72.5723193462958,150.17883618617842
8351,129,58.37319610514686,147.97769986050596
8352,129,48.53510681541169,114.19050521020971
8353,129,41.61867804748058,111.46040339562794
8354,129,45.035298657298554,110.37553179620471
8355,129,49.38923719679045,113.70301068837094
8356,129,48.51317356227659,113.36018730736718
8357,129,38.126633938530496,110.07905704166316
8358,129,47.25805974507013,113.70643594997443
8359,129,94.05884981418681,167.13262319284672
8360,129,104.17684385197873,171.85256847973528
8361,129,92.24947787456708,167.42524528326848
8362,129,65.06295929310568,151.41903617409625
8363,129,41.75858041577382,149.8340842384985
8364,129,36.4098933549173,150.33102973367593
8365,129,41.01188807491892,150.5852661926106
8366,129,61.289876538806034,152.03700584385348
8367,129,96.23297273688416,167.47671104294244
8368,129,126.18870850640137,174.78777737647255
8369,129,152.96352656031493,154.26363016365508
8370,129,145.03097673948707,157.0299004398214
8371,129,142.94708499887383,169.66502321522196
8372,129,138.04268921474548,172.5475256006655
8373,129,80.20094746081003,151.81334077008756
8374,129,69.83562931588617,149.73986118525673
8375,129,59.59946401187066,148.29497218579075
8376,129,47.31498644897355,113.71631810451892
8377,129,41.26136532136638,111.30997994549693
8378,129,38.824934558751266,114.7695217208754
8379,129,37.71595522302494,114.32201452069873
8380,129,36.104311048693226,148.716470993855
8381,129,38.00389648518147,114.44041784815818
8382,129,46.44782343767721,113.37472281481197
8383,129,93.07960099410268,166.40092428531455
8384,129,102.89183425773896,171.22417833146494
8385,129,96.64160277583689,167.6476742542473
8386,129,69.88999217033836,152.07541935918462
8387,129,47.23161943725633,150.59689016709663
8388,129,42.39348386130167,150.59150396766518
8389,129,44.517799806082934,150.60333969509378
8390,129,59.270886449025916,151.22064910843662
8391,129,87.93620538976003,170.34860448332967
8392,129,103.66419348939901,174.28989129821457
8393,129,139.2088481527995,160.00185277246666
8394,129,135.88411541909252,167.03647948544298
8395,129,128.05714660520965,177.79982745054753
8396,129,118.44669296915258,175.9045359786415
8397,129,74.88697143554096,164.91520621502775
8398,129,63.092556398666986,149.29227755074376
8399,129,55.47709748627218,147.89515933712508
8400,129,45.773921757381785,113.09125506190573
8401,129,39.708439512736554,110.68705570620209
8402,129,35.45129231414649,148.69770795531625
8403,129,45.944988328102475,112.32680472167156
8404,129,32.43756818746491,147.8843478561382
8405,129,34.86268840020174,148.2908412515075
8406,129,42.66619495054452,111.88237463205903
8407,129,85.84766639851006,167.04590845928067
8408,129,76.3955105241975,151.23771595549587
8409,129,87.70939170903841,168.27219443502227
8410,129,67.68378474153266,149.82963184049868
8411,129,42.113294273732805,148.4882080063518
8412,129,33.040553109861406,148.5920107691112
8413,129,33.75918130940435,148.39613685511515
8414,129,50.290725871132146,149.5823215866174
8415,129,81.52176551180335,168.55056075786757
8416,129,120.94424485104841,173.39070143807754
8417,129,148.52635917513902,144.28122939708982
8418,129,141.78904726470495,148.6592238622687
8419,129,130.6934721985986,171.54774630247078
8420,129,119.84108216458908,174.11710302034066
8421,129,75.16801911598458,150.69466408853378
8422,129,66.065728047493,149.4449085679105
8423,129,55.33312310661072,147.51037769126418
8424,129,48.278707628466705,114.08463798791415
8425,129,42.02294775083339,111.61099703671475
8426,129,38.10145741696375,110.05765573724508
8427,129,50.23141400523486,114.03132902945315
8428,129,49.6457965739561,113.7895189277918
8429,129,42.92724712835032,109.54007059824538
8430,129,44.58065922965871,112.62534211660346
8431,129,84.83751186304237,166.1811953901119
8432,129,97.83656095739457,171.96356878363864
8433,129,91.77989716888419,172.89805857128957
8434,129,79.0167410346324,167.769790214719
8435,129,48.8083084574315,153.18996591300385
8436,129,57.877405259047535,153.5724156274246
8437,129,60.893966438398984,154.23027388879203
8438,129,76.10691381010578,168.3532119286761
8439,129,87.84268019695612,157.11654156405694
8440,129,118.94879283927679,176.53607586417047
8441,129,151.30930548266988,176.67099277711304
8442,129,146.61631199578596,160.84417340048776
8443,129,134.33020655568015,178.2058661534071
8444,129,123.83295425498997,176.40146773915725
8445,129,73.93791212027165,151.66016269717204
8446,129,67.34582234475856,150.0142495701453
8447,129,58.04500739765759,148.43689313629008
8448,129,47.40119195284891,146.8784554572674
8449,129,40.64643424295954,111.0819139686467
8450,129,43.46899373535442,109.76914375079663
8451,129,47.602758884779014,108.57679024999253
8452,129,46.8153915617216,112.69037321664882
8453,129,32.42855721602346,107.29376948823563
8454,129,36.64257505052944,109.49604564119065
8455,129,43.76439379849881,112.31080723506928
8456,129,52.038496574186105,148.6468062236505
8457,129,61.52082996223618,149.20117060261032
8458,129,43.8736268444635,149.05733168779517
8459,129,12.46638122168356,117.36260397140296
8460,129,0.0,117.26341200929538
8461,129,0.0,117.99624327025113
8462,129,19.53296553947195,119.73492610191938
8463,129,53.54016685738476,150.22659297914143
8464,129,78.04485421774841,168.3970633357699
8465,129,99.75512162620524,171.8421619142343
8466,129,93.65560839095747,171.000896384362
8467,129,86.0667481243325,168.82852791871716
8468,129,82.26230003801348,167.57027430447158
8469,129,77.3638173199806,150.85322906207307
8470,129,66.94872834765962,149.02674457694877
8471,129,58.82335110962715,147.69391833335615
8472,129,53.83485107648491,146.6791077120549
8473,129,46.47376245022815,113.3574197930691
8474,129,42.038073360935805,111.60206057763332
8475,129,38.32715090525303,110.13538936977355
8476,129,38.25479372248839,110.10450265560337
8477,129,39.68296765579369,110.66437061363466
8478,129,43.6785829836429,112.25163992069159
8479,129,49.59908179409675,146.41936609923866
8480,129,62.73281340308047,148.24341936656765
8481,129,63.72200972125858,149.04742507348433
8482,129,56.61663736554884,148.6297108458057
8483,129,36.142679060499546,148.56334726005264
8484,129,17.229334622373745,121.81523399896362
8485,129,19.365243027270356,148.50086543296757
8486,129,45.875214408451505,149.28179717358805
8487,129,71.926857794266,149.99270925495728
8488,129,77.25361854226556,151.5841399530125
8489,129,94.53346073783712,170.7411572071362
8490,129,100.53618568187414,170.64462195303315
8491,129,98.12427204326568,169.73733058342728
8492,129,90.12316064636563,165.32700296242118
8493,129,80.67192951944682,150.46650430868357
8494,129,72.55041850157326,149.4902627713458
8495,129,58.22509967961983,147.584221907736
8496,129,48.261482765775526,114.07317088225811
8497,129,40.05666058094944,115.25516689755293
8498,129,37.134503218643,148.65699558252416
8499,129,36.10520081604262,148.54626928645413
8500,129,34.66487498439049,148.31334461319005
8501,129,36.32354386560949,148.38380763592875
8502,129,43.65807593636528,112.27558699815062
8503,129,86.30538249743947,151.39817113832427
8504,129,97.93713867927092,169.8319068212614
8505,129,95.36104799200196,169.3821694697288
8506,129,74.9559306560869,151.6337643681596
8507,129,52.334719382985405,150.87480522826917
8508,129,40.34514112035449,150.27145797571777
8509,129,38.53396453622827,150.11081927445605
8510,129,52.22598183310858,150.85645034494692
8511,129,79.16516544937794,166.1571353115911
8512,129,108.5173182364742,173.83960866945375
8513,129,143.056865870265,160.64593896345016
8514,129,136.81718559964284,174.48895052601765
8515,129,127.03731597332748,175.42298081077504
8516,129,115.96361936099176,174.36930571123764
8517,129,69.63391136899708,150.58390660104274
8518,129,59.241801443431285,148.91985549775126
8519,129,48.962366268137764,114.40318258062425
8520,129,43.107595117424914,112.05121599233257
8521,129,37.50657158620506,109.84096710908543
8522,129,34.72017156717129,148.81501210945206
8523,129,31.327468143356352,148.2796364141994
8524,129,32.26321594936495,148.43214796241185
8525,129,34.578545249427144,148.75634217791844
8526,129,41.30338609390965,111.35650043225945
8527,129,83.14558410067583,151.64781188714466
8528,129,93.08721663593083,166.27810730175634
8529,129,94.11722889808537,166.6365720396211
8530,129,79.26504029388026,152.75274215147536
8531,129,55.54038368720115,151.97123846000693
8532,129,48.46144112185665,152.14104457021782
8533,129,48.978380384197095,152.2321793447579
8534,129,66.78421724092219,153.75651393893727
8535,129,95.34823415815363,171.36424246826599
8536,129,130.85067087098656,175.7332515583209
8537,129,159.7839903872288,152.23526980193637
8538,129,153.06484151455618,155.7137458826518
8539,129,141.1165140164796,173.11590088980725
8540,129,129.13551148243388,176.90521839698056
8541,129,76.86600571795726,150.91302154215546
8542,129,68.97325385541284,149.50063896015953
8543,129,58.06826344997977,147.7349536490514
8544,129,45.8307895934317,113.1354967178493
8545,129,39.237577998519946,110.51702178107752
8546,129,36.63428814221793,113.91292194521631
8547,129,35.01674753986412,113.2598255010533
8548,129,34.12824133092011,148.85894623593532
8549,129,35.036609374206236,113.27686438320897
8550,129,41.654193501677085,111.4766896969733
8551,129,81.48201010589803,151.57776770408893
8552,129,93.86337861153194,169.73657111922367
8553,129,99.65411537183316,171.31700571540324
8554,129,79.50842431426909,166.80163205860947
8555,129,59.128974539590914,151.89456310741974
8556,129,55.732543143175626,152.42782360664935
8557,129,57.24349364908682,152.3975534756311
8558,129,69.33081818696438,152.85806153974565
8559,129,97.74524613578895,168.75323347344028
8560,129,129.89759358346635,174.28297714814377
8561,129,160.2902794730767,162.2375823315635
8562,129,152.74331277635636,163.90262142624303
8563,129,142.31795360236788,167.39003431452562
8564,129,124.67766100671052,175.00927721031616
8565,129,74.21545245226395,150.89888113143067
8566,129,68.43984540422302,149.72848724906507
8567,129,56.353006647327156,147.8651986689257
8568,129,46.29127217319811,113.30253354169514
8569,129,39.05323261886813,114.85971667023468
8570,129,34.46193153161725,148.89917846682405
8571,129,33.661091904466126,148.6387761363075
8572,129,33.62090061470463,148.52884392729598
8573,129,33.83783731427424,148.70533416407366
8574,129,41.5448158137928,111.44839512105644
8575,129,83.51208241918197,151.82623248876956
8576,129,94.35063400854568,169.62935197216328
8577,129,95.4938894756255,170.14456195526117
8578,129,81.43184797907172,152.93682591811992
8579,129,56.62589586326051,151.24630690291718
8580,129,45.074483867293445,150.3009171740071
8581,129,48.31649546822408,150.72141967066267
8582,129,66.83031152779932,152.42701583649483
8583,129,95.41484064867919,167.88165969688473
8584,129,130.70717671725373,170.41310102261198
8585,129,159.7691891315945,155.45075328308818
8586,129,151.2211272746408,160.30387747166898
8587,129,136.4209958898411,169.25542647824312
8588,129,117.99394720635516,172.40269623920173
8589,129,72.56330722389526,149.197932238789
8590,129,65.24958065149058,147.4950890099017
8591,129,54.611275651529304,145.90298860319822
8592,129,47.03791129961286,113.60447699145759
8593,129,41.884467442099854,111.5481282602041
8594,129,39.33755494431337,110.54267818217409
8595,129,38.47794742920016,114.62426331084608
8596,129,38.21812149576404,114.51810087668198
8597,129,39.597134730898,115.05855046458313
8598,129,43.02948454791144,112.00070563581599
8599,129,48.43253817041981,114.14189993452165
8600,129,59.35762729096567,147.93111155170442
8601,129,65.30078555646844,149.44960853890836
8602,129,56.68963503491518,149.37458445069097
8603,129,49.98072988702528,149.16199168115014
8604,129,20.606920596335698,121.2021831903668
8605,129,31.53746697328596,149.158705322855
8606,129,38.77943538492566,149.50568218592971
8607,129,68.81479826104163,150.5288516703062
8608,129,86.54346933060538,169.51898481042548
8609,129,100.20507563109196,171.57894772699078
8610,129,93.27263567467675,170.46151671134183
8611,129,88.12040218803982,169.72690339244767
8612,129,79.35567009986119,168.45072476840295
8613,129,68.4909182228683,150.3815454542368
8614,129,58.120715341583676,148.70516650397093
8615,129,49.400006006487445,114.53706209079178
8616,129,43.591636901061456,112.24251015997896
8617,129,38.4891133434793,110.20631725398387
8618,129,34.00559420467349,149.50492252807334
8619,129,33.771825197231884,149.06679140638605
8620,129,32.59467447026366,148.85057148474874
8621,129,34.25007460634673,148.92885572312284
8622,129,37.7209034996098,149.38098233899535
8623,129,44.05124420823023,112.41041154351782
8624,129,54.824141069609354,147.06477506549183
8625,129,61.76122860788035,148.4710181232653
8626,129,53.68815594190097,148.5762089432003
8627,129,34.13634708223416,121.01885880640852
8628,129,13.965380908970898,121.00562686546307
8629,129,13.956031833429098,120.0735560612912
8630,129,39.62464342714497,148.91539046010325
8631,129,72.12743785437486,152.6652293874196
8632,129,90.0000028631329,167.6095334288799
8633,129,95.77850468111619,170.71081324973292
8634,129,102.27624688626825,170.7110955993022
8635,129,100.04655943878508,170.0248724703569
8636,129,91.29327612575807,168.61756385430687
8637,129,81.18502676615495,153.17506477374167
8638,129,70.41133313534408,148.73282362805065
8639,129,59.24075722500993,147.11986697986282
8640,129,48.79415562572327,145.88373707276327
8641,129,41.88461027748115,111.55059833089356
8642,129,37.13553295995709,109.67932968516605
8643,129,35.861079282843754,148.54821699643367
8644,129,33.3807089288541,148.34785668123206
8645,129,34.2324791892488,148.4084077248206
8646,129,35.95689874150442,109.21233732548627
8647,129,42.47974323765759,111.79495589580901
8648,129,55.98312623537058,147.15809405542265
8649,129,66.89077574188785,149.30614530222226
8650,129,55.30388921594216,149.62209730465503
8651,129,38.325455575474486,150.1313260782685
8652,129,16.260553773890205,122.396258598129
8653,129,16.337536805969457,121.40768150184483
8654,129,36.5154772623373,149.83021072855422
8655,129,66.06694746629928,149.9392658142916
8656,129,83.70831751116545,164.93864825850773
8657,129,95.80188833452468,169.60849781687455
8658,129,94.10110181415831,169.56693634354536
8659,129,88.45922106392872,169.16203604183283
8660,129,78.52006291207765,151.44482815154979
8661,129,70.4893345113915,149.9677894216078
8662,129,62.909327818877436,148.83496181409657
8663,129,55.728805460793424,147.8815677543481
8664,129,46.56895973664631,113.4203899916591
8665,129,40.93037439755514,111.19183083740836
8666,129,36.16489400654895,149.15396606611867
8667,129,35.35047466484315,148.8871210576388
8668,129,34.48416031232203,149.00433567127754
8669,129,37.53306268498057,149.4959145789737
8670,129,41.312228244143974,111.34043661802417
8671,129,78.46508272025856,151.30648430286197
8672,129,94.60205411753577,166.90626496130216
8673,129,100.06819540412894,170.63545545557486
8674,129,75.97698670106057,152.3508840740395
8675,129,55.93506149397071,151.5704095265723
8676,129,52.045604681719624,151.72393790982824
8677,129,58.15486960721517,152.1994128166002
8678,129,73.83111050342445,166.76570917214622
8679,129,107.37342891302792,172.00465564350307
8680,129,140.87055722609264,167.04810407080456
8681,129,159.55508267410912,143.58624363131844
8682,129,132.14443258770535,169.51636435468325
8683,129,133.892726848175,174.33725340621214
8684,129,130.7046624921841,175.1052980573935
8685,129,80.46306450384951,151.50537776915573
8686,129,69.39906734857465,149.58294198118674
8687,129,57.47551221714257,148.01837793756602
8688,129,49.767280107637724,146.73333838800895
8689,129,42.38287244300929,111.76583843346066
8690,129,39.57081442144481,110.6406523394228
8691,129,37.37855302436079,114.21159320068261
8692,129,36.603771869926746,113.88584190993623
8693,129,39.01621665376386,110.41685506285285
8694,129,45.32315720321877,112.96698149630325
8695,129,81.96147888008964,151.17255880758236
8696,129,100.8209300796925,170.26341650340467
8697,129,103.34652506528079,171.5643302565706
8698,129,85.287493494553,153.43542569644487
8699,129,60.85896592074742,152.05717375860738
8700,129,60.6484276119576,153.1797145465722
8701,129,60.83579935304908,153.22647634233772
8702,129,84.30838936379844,155.42672802546772
8703,129,117.94745825740779,174.4914640650617
8704,129,156.36746869308098,161.1117501068852
8705,129,182.18077050365903,95.00926280395234
8706,129,167.44321093545176,158.004673401548
8707,129,147.70569591116188,169.75390397205254
8708,129,133.35042176419762,173.89168839345604
8709,129,74.90877809554493,151.1690399971088
8710,129,70.24268953184362,150.39232691244624
8711,129,57.744696877852945,148.53494486553814
8712,129,47.01647996713275,113.59042709949908
8713,129,38.821308737082035,110.3365068605927
8714,129,35.61521207751672,149.36907711649965
8715,129,35.27228442815489,149.23885957788312
8716,129,34.14807638698437,149.13699697114595
8717,129,35.646344840698085,149.18384014916896
8718,129,39.780119033645825,110.71768102949143
8719,129,71.02545230616398,150.10241388774793
8720,129,86.73802342725276,152.05171875796208
8721,129,99.22732167320072,170.30427935324593
8722,129,86.98718382374878,167.19184809069063
8723,129,69.79007109211585,152.82377152161104
8724,129,67.00807114788378,153.4627756711197
8725,129,59.20651945139953,152.42880791797995
8726,129,71.30571756816347,152.65825705444973
8727,129,94.33931590666452,170.3447590880043
8728,129,124.90527900981026,174.10549855595121
8729,129,155.821643711561,164.03699478496614
8730,129,152.43269110511596,165.9010997081738
8731,129,137.03595667908115,172.17496781208982
8732,129,123.15969979206092,174.9235867921654
8733,129,74.39386356792065,150.7534281945822
8734,129,68.26123395972246,149.1850773754674
8735,129,55.29457309075996,147.4340254085261
8736,129,43.51710638772732,112.20263036196147
8737,129,35.49494055192108,148.96373000592618
8738,129,33.05372143218205,148.58762338789853
8739,129,31.33684954609245,148.25317731472805
8740,129,30.156826233553204,148.20082003746978
8741,129,31.04368061589747,148.3777170643066
8742,129,35.40060304611037,148.94270294484897
8743,129,67.49022883234974,149.4596996303571
8744,129,81.07146043226282,154.20008162659224
8745,129,85.9542104440044,168.64071199274107
8746,129,68.96401015705649,151.0244466713113
8747,129,38.84377737073223,149.17539933758263
8748,129,31.95091878485576,149.3311296235486
8749,129,35.55937924716319,149.30764331225913
8750,129,54.265671805062986,150.40668675723967
8751,129,83.78658654975254,169.28431125846691
8752,129,120.6574513012084,174.3719314705558
8753,129,149.18985842823773,157.25470143700485
8754,129,142.78331518232176,160.20271979210352
8755,129,127.85751510964272,176.19481183114598
8756,129,115.79136901758666,174.34084576262052
8757,129,72.436335719789,150.74704957449765
8758,129,67.2204411117848,149.72216942849437
8759,129,57.10142187109615,148.06400555616355
