time,bus,P_sub_kW,Q_sub_kVar
0,129,45.69109664359103,276.68938647034713
1,129,43.218940569707165,130.6897565743394
2,129,39.348610647084385,130.09065565001177
3,129,33.207908477384805,129.22752388206328
4,129,30.3149198483851,146.4384795658116
5,129,29.049882386536396,128.35297913035242
6,129,30.35039475941538,128.69287937248254
7,129,32.95927892493793,129.1262341070822
8,129,38.409770750084434,130.05987473469628
9,129,39.6850609449804,130.7445819880863
10,129,9.59170286183528,148.113116007039
11,129,0.0,194.0466701514039
12,129,0.0,193.95766335265506
13,129,0.0,194.07844051422464
14,129,0.0,194.72208246894127
15,129,39.275088724866116,150.3501396992083
16,129,68.92330676861236,134.69791325087695
17,129,86.68038230311001,154.97369226718973
18,129,63.502667599279974,155.6021118048249
19,129,58.957177576321484,154.0299910733266
20,129,71.00009315014327,153.64338789962756
21,129,60.69766781724873,152.01760635079071
22,129,75.79690896681592,132.9206322813791
23,129,66.33701107778964,131.22846090493726
24,129,39.86269699890015,148.03881937785997
25,129,35.652433328000235,147.14268493320768
26,129,31.862364503240446,146.55807380490987
27,129,30.187311606267752,146.36899140963538
28,129,29.66611579047684,146.42566056778847
29,129,31.390405394622864,146.57962655457155
30,129,35.88828042539233,147.27659951448666
31,129,47.71813288950325,152.85867837864373
32,129,61.17717974041928,154.9018667370003
33,129,81.27543701521483,156.00470122667443
34,129,59.54171348658209,153.38792923483098
35,129,27.867946352540606,133.66375333505474
36,129,43.758775242285594,133.66352084344658
37,129,27.18372332435398,134.15727807677413
38,129,48.396493584637405,134.99122155695852
39,129,81.2833035606621,155.15464400158606
40,129,112.24798944081387,141.29720575864417
41,129,130.3220779829008,152.61718137728909
42,129,140.53148260015223,141.07190323465753
43,129,131.08715576215644,144.9565102164675
44,129,119.93356495696591,143.36823682498462
45,129,69.40163905099661,135.18160306025842
46,129,60.67362666697085,151.37082666769288
47,129,52.177777395880334,149.84617770829033
48,129,44.56251846309571,148.92435649109905
49,129,37.992445513564384,147.85526489519958
50,129,32.61469092016823,146.89189125709103
51,129,29.482651785909336,146.41229484547637
52,129,29.117631738289727,146.20494171735743
53,129,30.52613653867845,146.08634867984722
54,129,54.78905806795878,128.930107559757
55,129,38.44210331845932,147.47931577919883
56,129,46.67944311172792,148.9293912865256
57,129,23.93333036283423,149.80587286335216
58,129,6.196713693973966,148.81735986273353
59,129,0.0,194.78385052789483
60,129,0.0,194.99642087430723
61,129,0.0,195.04829077021859
62,129,0.0,262.205096183633
63,129,33.155552555250196,150.95242941193072
64,129,76.28403667669679,153.6150947282937
65,129,99.71288279344336,156.75257544190418
66,129,95.9666142218647,156.34398919573297
67,129,86.31423929668183,137.0079597240417
68,129,78.03069604207442,135.83967084547893
69,129,47.04171883688685,152.04903102538384
70,129,61.10738077855917,150.63616677824007
71,129,31.69354289128115,149.6303841972157
72,129,45.307978210742085,148.0878990483317
73,129,38.43809271339797,147.1009595734073
74,129,35.22804872742695,128.7439444141582
75,129,33.0865951497976,128.2574062264314
76,129,31.433032633039648,128.03724934633394
77,129,31.215050969520313,127.87010036410886
78,129,33.14771895989647,145.87898037068922
79,129,37.62432726430421,146.63194543699578
80,129,47.64605827736266,147.92001293746173
81,129,48.110249817282245,149.13039685461922
82,129,18.186695826941158,149.15064893192016
83,129,0.0,195.42604797997893
84,129,0.0,195.15801856988605
85,129,0.0,195.16357920384826
86,129,0.0,148.99536017866305
87,129,38.81852350686663,150.1713219471031
88,129,67.39707035157848,153.6434701837473
89,129,75.68379167927291,157.63248605373948
90,129,73.4224540758837,157.0774939000358
91,129,90.05769686770468,155.9639126652787
92,129,82.66520993956117,154.66902950123864
93,129,71.78578556859345,153.3352277491979
94,129,63.46959021576695,152.15419104551913
95,129,50.00331697338106,150.02342130400191
96,129,39.101154524743066,148.37535365162003
97,129,33.5071524417987,147.20205462857734
98,129,31.577621901279898,128.94440958896553
99,129,31.74773404945184,146.4273157465749
100,129,32.28838512387172,128.82296692962004
101,129,35.97530354048274,129.3677603306897
102,129,41.85650829503273,130.42170102195533
103,129,78.54032922725506,136.61846385956105
104,129,88.70306011167665,138.6294291881944
105,129,90.752283009263,139.32765831862727
106,129,60.49490135121696,155.2854142701053
107,129,25.133189794282305,152.84902571617295
108,129,16.09541840424067,152.6422323744584
109,129,19.133078965268645,152.4556274575954
110,129,32.23113456150915,152.20930087232688
111,129,71.83918238718326,137.17402630670705
112,129,110.10598820410128,142.0805408968839
113,129,151.9043484494141,139.05771393948413
114,129,140.9357151713141,142.5719643803571
115,129,131.82214602542933,146.0875906707859
116,129,119.20247944627948,143.0218233863384
117,129,68.2789087110672,152.64974113845622
118,129,60.044030736593406,133.85314257013079
119,129,48.94862193959986,131.98071469572076
120,129,40.19623593196196,148.13046542124957
121,129,35.23415719991093,129.68003250460725
122,129,33.62097514252843,129.32058264330777
123,129,55.44461713528327,129.1832914092212
124,129,56.080582681204916,129.3558706049139
125,129,45.948530229165485,129.6449241965733
126,129,42.11582721642125,130.74144348231147
127,129,79.17497775873514,154.8008799763019
128,129,86.14123229297552,156.2017458935219
129,129,74.9785447457327,155.1878781949208
130,129,46.58423038088507,153.2786468241629
131,129,17.41680667611948,134.28250920577997
132,129,9.290158808711478,134.55222919655048
133,129,9.53330256774187,134.20350523699975
134,129,28.015875548712426,152.48073328105545
135,129,70.8527368274452,155.18338894470105
136,129,119.73957635761579,143.5935065147665
137,129,153.9047165694655,138.054206939196
138,129,128.50961228852842,145.86087329832787
139,129,120.00726140140267,147.16322362417034
140,129,131.33878120355644,145.54225831614448
141,129,76.67821755801332,154.25692464904157
142,129,67.80184491983255,152.89779947285328
143,129,57.23315569404531,150.95079481964
144,129,47.384427394322046,131.3670888732198
145,129,40.3407301548564,130.1220138297945
146,129,37.12396330631146,129.70174143236076
147,129,58.02484202426344,129.17585365843163
148,129,56.73921497691203,128.79295073756464
149,129,45.45459478010091,129.23501063757908
150,129,40.44924686387823,147.83515043884597
151,129,76.52536697768387,153.51303095033347
152,129,65.38206267196303,154.84840921518634
153,129,61.85669990201184,154.34951357934224
154,129,52.85271617207518,152.60109514553247
155,129,23.256386291281135,151.03578509713554
156,129,38.58340954516504,133.2693056965988
157,129,40.0485804312064,133.150651158403
158,129,37.964713492205206,133.75397282515996
159,129,72.91830532034946,136.2252912035128
160,129,117.2222441734313,159.27155311248777
161,129,135.12111804061996,130.79138372140784
162,129,125.32934021485318,151.2433172142416
163,129,128.78679512730378,138.9097213517487
164,129,123.23839369948153,143.02230342103843
165,129,73.78141945060602,152.58611903324118
166,129,66.01263849030057,133.6986119990849
167,129,54.47931387894496,149.20204083126043
168,129,43.84063539668695,130.2405414840432
169,129,37.27139109842464,129.28535118288337
170,129,55.135342447583014,128.87461246982673
171,129,53.64733111071471,128.91646662087314
172,129,40.28463945522432,128.8331473341658
173,129,31.765291697630772,146.84293197686924
174,129,38.44939689998789,130.46005600810807
175,129,71.78064069046036,153.70789805749294
176,129,82.16490796558878,155.56101771152998
177,129,63.17278329924099,154.08781604041044
178,129,41.72782573820548,151.28204915658893
179,129,6.31875450912093,262.20461245110164
180,129,0.0,262.32792031619977
181,129,3.441453355207628,262.2849763780434
182,129,24.011651210014296,150.56668536245638
183,129,60.182709558101834,153.15125867843284
184,129,100.95823765026564,140.0485960133953
185,129,119.24098335595572,161.0839955998604
186,129,115.40415084047403,163.70944647399403
187,129,124.61466881171476,160.83414660968998
188,129,117.56685679165629,141.26730014327646
189,129,68.31285313150006,152.13443122001345
190,129,59.627750200752544,150.99639403180126
191,129,47.88860621253995,131.28099985914073
192,129,40.01259060738409,130.16926869178337
193,129,35.7623600150475,146.97251182016674
194,129,33.378351792228855,128.77656678165022
195,129,53.738498686950415,128.48310348032604
196,129,52.882654494124445,128.39949893164626
197,129,43.27376155047705,128.69079154653778
198,129,40.68617275693532,147.52555639250065
199,129,71.94814032097746,153.19996138588047
200,129,71.35618097602851,155.03429398039225
201,129,67.22293851343922,154.97480611891663
202,129,59.46513786801393,153.42659608945593
203,129,33.6535961013286,152.47273103928222
204,129,26.02409271092234,152.85867886528175
205,129,30.616135740246566,135.4369649950476
206,129,47.59737036052439,135.77774233879427
207,129,80.5406433928871,137.35844814397794
208,129,109.71139509704966,140.2919430116404
209,129,138.5690306021991,137.44562378502619
210,129,128.74228932420553,141.47530127439362
211,129,118.18825459268761,141.41815432344714
212,129,107.73385861005202,140.1454392275333
213,129,65.6953751352744,151.29803805433988
214,129,57.78096302269991,149.91132752218329
215,129,49.13267030989324,131.03451231370335
216,129,42.65122015811832,147.74756803519557
217,129,36.52479360593154,129.1505499516177
218,129,42.74659550820398,128.72711299116847
219,129,51.88457867217422,128.33544428687554
220,129,52.01058646044323,128.18375108100258
221,129,30.321673198647368,146.10330053819948
222,129,33.96138440332347,146.7897460521877
223,129,31.824019964628636,147.76992227237014
224,129,27.246598366785648,149.64616574078013
225,129,29.868969522873982,151.38147759261827
226,129,8.248549459379099,151.39683925127363
227,129,0.0,196.6409089346363
228,129,0.0,196.7287051864953
229,129,0.0,196.80979227425044
230,129,0.0,263.5917915161077
231,129,37.047107537969886,152.29484569001553
232,129,77.67711059984592,153.84015236618876
233,129,74.60976626784314,156.96829390523092
234,129,70.95584353817777,156.2473153129053
235,129,82.96835262271448,154.58128452935992
236,129,72.61844457318885,153.24347826258622
237,129,65.29151234601281,151.8285437011687
238,129,58.62588351288756,150.24696817950542
239,129,52.441957259030204,149.84413832144773
240,129,44.06326233350878,148.54785114750092
241,129,37.810278866623136,130.03279109179323
242,129,34.399961336687504,129.36733325623666
243,129,33.425840414261735,129.16391557761386
244,129,31.55370090124266,129.0254570516355
245,129,31.274241608923585,146.82631107177397
246,129,33.091118960543625,147.14007171125476
247,129,39.28653129993774,148.21431051721402
248,129,47.52326345832932,149.575302942658
249,129,40.373635632323506,150.71076304079892
250,129,10.960012012137929,150.7722733138679
251,129,0.0,195.99056322515216
252,129,0.0,195.8406039355827
253,129,0.0,195.73862671727838
254,129,0.0,265.73174318506227
255,129,36.37621735356367,150.77902283154555
256,129,73.1582959543167,152.94276454667389
257,129,95.53631027773257,139.11175717407204
258,129,95.6685087892997,139.09389567643603
259,129,90.94474530164449,155.6019795096063
260,129,82.38966473096909,154.49893377923576
261,129,73.88229323967063,153.09167048197318
262,129,63.67459109776509,152.0225893785308
263,129,51.674770587655125,132.30429967672737
264,129,19.48096335207312,148.0773503882343
265,129,36.2512512559814,147.23552403942287
266,129,33.24435907779806,146.78767572955005
267,129,33.7494537475255,129.092298940286
268,129,55.94364262395034,128.7490201604888
269,129,37.84248552465109,129.30907855339714
270,129,44.76604404430104,130.60747355761998
271,129,89.6380414069203,137.6831048495466
272,129,95.88920513142263,156.97390469940342
273,129,91.1581581407855,156.65585117728003
274,129,56.74136264435881,154.4097929767737
275,129,17.633954237899516,151.70167146449376
276,129,8.604669273267813,133.5154839462721
277,129,9.453177225217177,132.767405109837
278,129,24.789207533781806,133.29518868627554
279,129,64.49584075745166,136.40137959740102
280,129,115.36955114550184,142.6325888766311
281,129,154.0402083948266,136.52863088567997
282,129,153.60592290579848,132.3383209091133
283,129,141.72077839731716,136.15360618307926
284,129,131.45226860243832,143.2813180851996
285,129,75.95802162097067,153.94921252624374
286,129,67.81971592660749,134.81284576072227
287,129,55.16013965052015,132.74300783304233
288,129,44.411461905848604,130.91881497342575
289,129,38.564552806030164,129.73595934177862
290,129,35.29908830956737,129.25543902138077
291,129,35.2752322369102,129.22112190211627
292,129,34.73394038987512,129.04102136557765
293,129,36.80723887140718,147.13945146577652
294,129,42.89927055347125,148.1303944728221
295,129,60.043435907630695,154.08879169235976
296,129,64.13342336548558,154.8891465086561
297,129,57.774244736274156,152.36603474510184
298,129,29.258355701869412,150.04403907730935
299,129,0.0,261.5127108681111
300,129,0.0,194.12842465272627
301,129,0.0,193.98756789835207
302,129,0.7872550594831403,130.45352108718063
303,129,41.90372618930582,150.44679419278833
304,129,73.93246226471348,156.64174271741473
305,129,127.2022543563813,136.0425715255497
306,129,140.58076213213795,134.11514512443168
307,129,141.4644033476067,133.67000369268507
308,129,130.3461314394015,139.07459553126128
309,129,78.46932588203109,152.79386422927809
310,129,68.89299074956915,151.24908939738475
311,129,56.616983775482105,131.97289813171025
312,129,45.750371662248476,130.6569830315162
313,129,52.43249697093465,129.9696962535392
314,129,62.262672186916554,129.59099542007303
315,129,60.734615780557554,129.51385073368897
316,129,36.80781492014325,129.44250227627506
317,129,39.64089923059283,147.55721055113702
318,129,48.42419310300162,148.84605124562225
319,129,68.82478804334633,155.22416433341817
320,129,77.39564431514837,156.5764941714769
321,129,83.02795513881442,155.86382892079027
322,129,71.11423185790535,135.64238042450208
323,129,13.118853384625199,151.33458158853074
324,129,24.88969830450593,133.23227032523755
325,129,5.573735142406166,263.0133793660991
326,129,26.779281579976825,151.27211270829187
327,129,61.769312846473206,152.94589762610283
328,129,108.92984249737675,140.52123563128544
329,129,131.84611481845906,134.7624559936785
330,129,130.06245690347035,134.56610168253283
331,129,140.32915880963913,137.94976231862336
332,129,123.62967673161896,142.97337036897457
333,129,70.32289969984525,135.2249497567076
334,129,64.00134554335236,133.81790258476423
335,129,52.54773224121915,149.86223141973548
336,129,65.33271434446897,130.65371744288572
337,129,59.715748469837756,129.87851565547732
338,129,45.36475824676795,129.4081403040417
339,129,34.31136644846308,129.31827546673395
340,129,33.872799459230805,129.27280663727302
341,129,36.78150002895194,129.65030830501183
342,129,43.283756617040225,148.92604530061254
343,129,86.00307962730281,156.085268624823
344,129,71.33916668642438,157.09470810912768
345,129,59.38855708752631,155.40622887226002
346,129,44.13136483619163,153.02298162018943
347,129,5.0002988370053965,150.7992419526844
348,129,9.964578751872658,150.1931239039503
349,129,17.913298022986712,149.65837138805793
350,129,18.711312968873305,150.57612854349784
351,129,57.2080256383205,152.88990071573647
352,129,104.07162716685272,157.3706071285707
353,129,126.7808495633051,151.54451175107897
354,129,119.37403822537028,155.44719528707083
355,129,134.55836242336892,136.4999955713331
356,129,127.9725104585608,138.34294259116163
357,129,76.056223312395,134.910530843867
358,129,67.11048596146185,133.3698047144996
359,129,55.07072809428352,131.62394642378806
360,129,45.579619656820604,130.13639649991268
361,129,39.10330611410177,129.54847135735386
362,129,46.86190218781354,129.35429537245392
363,129,57.54321379287752,129.11823527291602
364,129,58.37741956965122,129.32125134446287
365,129,35.45133171493731,129.40903833900938
366,129,41.453735345975225,148.40490810865177
367,129,82.42600459615201,155.2499882840352
368,129,72.53703531090339,157.4156060775068
369,129,87.13706466601039,156.34745770829056
370,129,51.510086424936354,153.46978718742554
371,129,25.698658263277974,152.98789496015408
372,129,17.62575199091651,135.51607293527135
373,129,43.65959107433537,135.96164181449933
374,129,42.20641932618629,136.46698524068006
375,129,75.8243134228109,139.07683925204873
376,129,112.98115557152825,161.0701168340567
377,129,134.59322138156378,143.8532849415372
378,129,131.46012043476895,142.9443325513321
379,129,140.87659073281904,159.22980648389995
380,129,138.08832758507958,141.60445834145995
381,129,80.71200242824982,154.24478790148288
382,129,71.9859339233,152.72331987612512
383,129,60.33390556868058,133.09829859293862
384,129,72.43686592785446,131.47645645596225
385,129,43.32830332135021,130.3504023410522
386,129,39.3245054898049,129.90018391681411
387,129,59.445521706802786,129.63197308457714
388,129,46.690098590766326,129.48258231599982
389,129,36.992149266286965,129.69664312101904
390,129,39.70268417758859,148.23660011208162
391,129,40.45083461400859,149.5596878230598
392,129,38.23910059805722,151.75514280588297
393,129,33.52428969583395,152.93833030594695
394,129,5.966712093913443,152.69016412139905
395,129,0.0,196.95043533519234
396,129,0.0,196.60552391799382
397,129,0.0,196.23800434019438
398,129,0.0,196.44046034577488
399,129,22.088978019401907,152.0274219515377
400,129,73.20878581102473,154.10347266848538
401,129,77.55043990847136,157.5141506239759
402,129,72.20728545488514,156.82974012036837
403,129,78.60454013109715,155.2266689345006
404,129,77.48410859343632,153.76922160284082
405,129,72.42534416484001,153.05644958961082
406,129,65.74327971674289,151.82252485345356
407,129,55.89031150237866,132.5717462384081
408,129,45.99626305012727,148.80308012143468
409,129,40.3091001310871,130.0140504092544
410,129,37.17130667264549,147.2303079275199
411,129,35.377465139352665,129.22427230307844
412,129,33.626059376785086,128.9751028997257
413,129,36.07708900712305,147.01036745682492
414,129,37.63792774960502,147.05501932928095
415,129,42.031236144770496,147.36780099899545
416,129,54.30617681774817,149.067899586944
417,129,52.02993950948266,150.89094082638772
418,129,5.075020080678368,150.44038277526522
419,129,0.0,196.27248840073565
420,129,0.0,196.57386270180194
421,129,0.0,196.60389004435748
422,129,0.0,245.703556500213
423,129,32.18776175671653,150.771785748959
424,129,76.1011952538712,152.5569964984805
425,129,97.37383599283793,155.59456620400744
426,129,74.56833277054548,155.2799998565188
427,129,65.58975507449294,153.87856471223103
428,129,80.63744955547759,153.0604065021173
429,129,73.19180788352833,152.53435703109244
430,129,64.40880931109824,150.60879629470796
431,129,54.64757247122,149.11176400179008
432,129,44.28098772487152,147.40790450313435
433,129,37.64731760027458,146.4846442666751
434,129,34.9499358359234,146.49484656031407
435,129,34.69077780823403,146.3705581588224
436,129,34.48945652135356,146.33156120592412
437,129,36.32348979398562,146.6771003262687
438,129,44.01007678241865,147.66637860914912
439,129,85.24906039077337,135.5786429029097
440,129,92.00471641402308,137.15492552128345
441,129,84.00866418437847,136.8762566402472
442,129,51.37679326075155,153.5773294849388
443,129,11.870160661946587,151.3067175080108
444,129,21.876376744868615,133.88142702079276
445,129,23.808398179642595,133.52190539004772
446,129,14.072676298182364,133.53860343988663
447,129,51.946609824758,135.48676676370164
448,129,100.74441086809584,140.47144432237232
449,129,151.10972864128124,135.75030596467624
450,129,144.4998501695694,135.13008265651146
451,129,133.51185709694113,140.30484685485
452,129,121.25319548919502,142.61719425358845
453,129,67.71396755368417,152.40097021204716
454,129,61.250927678033406,133.20928283172552
455,129,50.080644139907456,131.74079203676055
456,129,41.61903392486379,130.42426811828526
457,129,34.84742008116327,129.47695685235635
458,129,31.641477345748278,128.87617543545863
459,129,33.04546270871204,128.53503775193224
460,129,30.242707013998977,128.3731040096485
461,129,33.43493116677568,128.82424472411225
462,129,40.85678496193364,147.6091642866159
463,129,71.39841658553799,153.8084511277152
464,129,63.83301113541738,154.95498728784094
465,129,47.275160973755675,152.82791589215245
466,129,31.351742573127797,150.61674310065814
467,129,5.233294497936143,262.2568349530899
468,129,1.8523381321037604,262.03253426986635
469,129,3.2904536202911836,149.0084981429356
470,129,7.090851483223316,262.6146622145972
471,129,51.74289380497367,152.99707921854045
472,129,96.31315222976461,140.5398409299074
473,129,133.31139239667374,151.20742605495852
474,129,125.79506177044736,154.33645449983524
475,129,134.74069351594363,140.1055458531308
476,129,128.88888237008038,158.63828981123285
477,129,76.34203864692047,152.95999026105744
478,129,67.06216666290074,151.607611779002
479,129,55.68674792676279,132.23840384947593
480,129,46.78507696874387,130.79222137754417
481,129,62.20856798105086,129.82211130733984
482,129,58.776905223931216,129.32776887080908
483,129,45.51890905755943,129.10676844007062
484,129,34.59231680429164,128.96610076497214
485,129,37.211560486772754,129.0895766007189
486,129,43.125253074001336,147.8060449689019
487,129,86.20976939714356,154.5060372243091
488,129,77.01707514957485,156.17945467213383
489,129,68.02385385843326,155.68525179236212
490,129,53.96034103874707,153.8287283108109
491,129,21.615192538998485,152.73827392373215
492,129,35.256330684478336,134.94617122636703
493,129,39.466393298866436,135.0155932493442
494,129,41.304534086909705,135.9914937503531
495,129,74.47977917694385,155.39343275230158
496,129,115.33023637027513,160.7501444664611
497,129,144.70035288306403,130.90470439607864
498,129,137.654552241067,154.18380972016817
499,129,146.92781410001118,153.63487547755332
500,129,135.23361590767294,141.46625090453148
501,129,78.45447345731901,154.1146229760444
502,129,67.05985675837553,134.41852742270427
503,129,53.48485471637168,132.7246965533976
504,129,44.31874935691268,131.3574317611747
505,129,38.512642909555105,130.3950534931856
506,129,45.156914425954135,129.87500194902742
507,129,56.57072476983971,129.821024674969
508,129,54.50124976575469,129.62852035756018
509,129,34.69188193364786,130.06324609866778
510,129,41.81529967080654,148.804401606804
511,129,76.66144782008766,156.41869462844664
512,129,70.28641509675111,157.74605486189893
513,129,55.901944681319904,156.1162771581147
514,129,37.84976914768732,153.51809044213286
515,129,0.0,151.7719874542689
516,129,0.0,262.845168848896
517,129,0.0,262.6285572950885
518,129,8.416198214921424,151.28038819330328
519,129,45.06811353750722,153.49502795543782
520,129,102.45470868638698,159.2777658484265
521,129,123.29058118985137,146.32969986060556
522,129,138.60699558608619,145.1649845400281
523,129,133.17900338312873,146.5905626138944
524,129,124.39661460037726,145.01376150100134
525,129,74.03963825334579,135.88435953084743
526,129,66.62664749987161,134.5806520857845
527,129,55.85798606254456,132.76197592318283
528,129,45.06398253093578,131.4460095654859
529,129,39.47122646833583,130.66141772211338
530,129,36.07216339565894,129.82512683497222
531,129,56.41519314780075,129.39510188152886
532,129,55.71632267395554,129.13542084543167
533,129,37.66317490389289,129.41477729137924
534,129,42.17630103730711,148.0988840917847
535,129,84.57699800106033,154.81274161463443
536,129,73.58989269806305,156.3473489270071
537,129,58.02907975630456,154.77701850054393
538,129,39.81664347225955,152.03993560399925
539,129,5.8792907392722205,150.2755042581612
540,129,0.0,245.57795900668705
541,129,0.15981089063238546,245.51335155643906
542,129,21.954454335329107,133.12733079773514
543,129,59.4694560576481,134.95036973446184
544,129,105.40787705622073,139.36296081442214
545,129,151.67042583470013,126.43157761561424
546,129,140.43064324312277,130.57173695259502
547,129,133.04825642160125,138.42143567050792
548,129,118.79868589621472,141.47175770729237
549,129,73.18803016786616,134.614694969747
550,129,67.21139040778607,151.37043856273894
551,129,58.89263440852563,132.6001097440803
552,129,48.49254637047007,149.0406624478816
553,129,40.28005888062096,130.0583263780322
554,129,46.37836295919381,129.34568790252771
555,129,57.64015775824702,129.31450477456974
556,129,57.50621237043426,129.09901493460214
557,129,36.472145500096886,147.14568773841947
558,129,39.54299504847582,147.57841443708145
559,129,25.447863604457723,148.87110869764226
560,129,35.238154015009435,150.24270474304535
561,129,35.644909211455605,150.52285229479833
562,129,0.0,262.8819632848366
563,129,0.0,195.33781312206844
564,129,0.0,194.88033698134404
565,129,0.0,194.56614559567177
566,129,0.0,194.7465220195523
567,129,0.0,195.6870212776433
568,129,48.24405048287128,152.49188491760242
569,129,86.28835789333198,139.52558094672523
570,129,85.50376531414962,139.38805393902268
571,129,54.29496195004627,155.24697263852846
572,129,71.60520940320184,154.19965717297313
573,129,65.30154723343044,135.1567756155673
574,129,51.31180134045465,151.4717172056285
575,129,52.187507754754655,150.49084833668843
576,129,44.45484362462019,131.76868545543218
577,129,38.606808615115604,148.47839384973705
578,129,36.7978012276402,147.84387169896013
579,129,14.409812512843954,147.6790111669358
580,129,35.66355308672061,129.7136324825387
581,129,34.40302265567545,129.80229574874318
582,129,37.44861097903536,130.32391714326673
583,129,44.1857321258564,131.37598482515156
584,129,53.83606489359115,150.6087124476993
585,129,38.15717229836405,151.20548994610832
586,129,0.0,196.16142191857367
587,129,0.0,195.62764091913894
588,129,0.0,195.66140426860338
589,129,0.0,195.73598338059423
590,129,0.0,195.55232778794084
591,129,4.1980322825069685,262.97529526094996
592,129,64.15849678412368,153.95738745449128
593,129,89.34359927763427,158.60360628595137
594,129,74.54641404001939,157.84033919952702
595,129,69.47168397594928,156.90588181815113
596,129,85.55185850584341,155.49284428257414
597,129,76.66652055049788,153.63441803133196
598,129,66.42530417953097,151.83490104278002
599,129,56.494837276207214,150.37359762312678
600,129,45.71687796849385,148.60081246060525
601,129,39.79955656958734,147.62573905365645
602,129,36.21604659434753,129.3823693909185
603,129,34.373155615322375,129.02576054470418
604,129,34.18609496385657,128.91747838145756
605,129,36.098794873464186,129.23900224720654
606,129,44.299556488211586,148.14767793985473
607,129,88.00561432629864,154.32677697086405
608,129,92.86022769280655,154.74212168168475
609,129,75.59371042542418,153.53648686179798
610,129,31.92229658930982,151.2924767407265
611,129,0.0,262.9112501267149
612,129,0.0,262.53710072713403
613,129,0.0,244.39039384925198
614,129,0.0,262.2535303350614
615,129,37.83462704279889,151.2894268358968
616,129,97.17935940899167,156.69502260113592
617,129,129.16467608089275,149.9176632487344
618,129,135.39664573467604,148.43029023855442
619,129,138.8288645757314,132.32588119008255
620,129,124.91368209274651,139.11700507711998
621,129,71.0069916098008,151.55111345411618
622,129,62.78879953132502,132.97462904485377
623,129,51.72014589454036,131.20432483693108
624,129,41.67919189459708,129.79644463848197
625,129,37.09567891681796,129.08134480791387
626,129,36.69952395647839,128.9623685068724
627,129,55.2496786321227,128.61297915191193
628,129,54.90427508356423,128.54759618825003
629,129,34.538526891603304,128.90722144088193
630,129,41.62093684038327,147.83366628978305
631,129,80.00677722724532,153.58045880286545
632,129,66.21295308031874,155.00588841964324
633,129,47.22351282816416,154.15529575918086
634,129,23.295014873229448,152.33198958965073
635,129,0.0,245.0620984626107
636,129,0.0,245.37995157588904
637,129,0.0,245.36939270066648
638,129,0.6301239240299704,246.060901237349
639,129,39.69445137878514,153.40773593658227
640,129,90.71655202979024,140.13262017427184
641,129,111.1691653295499,146.70606910328507
642,129,110.1929816453208,145.86281362572316
643,129,126.38929845122863,144.94783897028228
644,129,114.43371090556096,142.78440020796978
645,129,69.10184333824517,152.68774811245711
646,129,60.77632557831179,151.3290042661179
647,129,51.48064035232226,131.83954291488575
648,129,40.36540348060116,130.25543359687492
649,129,35.509103328629756,129.20141278944405
650,129,52.69551764790757,128.74365321149497
651,129,53.04064736694199,128.79906154315978
652,129,29.960746848772537,128.837377164181
653,129,32.12788223482274,129.10457690138466
654,129,38.64983815813759,148.08641655553302
655,129,76.77299997662972,154.2593723386014
656,129,59.55723543969104,155.14667635768473
657,129,47.271463936564324,153.8093197967337
658,129,20.722113298259842,151.68297672651292
659,129,0.0,262.9682412357224
660,129,0.0,263.11840910130405
661,129,0.0,263.19633672996247
662,129,2.9895190333389294,263.278259483261
663,129,41.60806020062345,151.92363949801126
664,129,73.10691149842306,156.69473000465894
665,129,112.91164544222818,144.4111783515381
666,129,121.87470147873925,144.43566325577984
667,129,118.5796360054335,142.55296171079593
668,129,110.98280866005291,140.5291835457957
669,129,68.51092534460712,133.72382692228717
670,129,58.58741829793362,132.71317362629148
671,129,72.43724201027285,131.33050212821695
672,129,40.47882056607898,147.47507009536292
673,129,34.60920489902289,146.81810765211705
674,129,32.738936584418425,128.93304046806114
675,129,53.551572319301286,128.66501840153535
676,129,40.95665983868464,128.78288121846185
677,129,32.602705365590026,129.07273429478394
678,129,40.32449614875063,147.928676884332
679,129,71.88131330939424,154.10238774187988
680,129,62.69296264840736,154.48843622844896
681,129,43.096888812855326,153.50840172003467
682,129,22.880836053338257,151.68291283672892
683,129,0.0,266.14849467446277
684,129,0.0,196.25953671842078
685,129,0.0,196.06788094521107
686,129,0.0,245.12845708115194
687,129,34.17974392681969,135.45743736796422
688,129,89.05439469828694,140.1513149006856
689,129,116.94689386312508,146.65960727602837
690,129,114.0940950071708,147.143900091656
691,129,131.24067966090718,145.74835596130464
692,129,119.86350454890491,144.8038067413961
693,129,69.77865922605505,136.15075955155535
694,129,58.942924228362635,152.13818267054603
695,129,72.59561075725979,132.43371816366755
696,129,39.65452662338266,148.00551784520434
697,129,34.12352014479664,146.86460707794646
698,129,31.54236723273165,146.30671976028555
699,129,31.331964867112706,146.27701512150765
700,129,53.60304388725139,128.54386475785267
701,129,33.77368235980412,146.5566068045664
702,129,38.69161554452288,147.77794425046864
703,129,71.32707819595812,154.39026645093847
704,129,65.96482399870635,155.75174710105816
705,129,47.37329158264454,154.84795673642867
706,129,26.628515838990104,152.380290140614
707,129,0.0,262.2286925912712
708,129,0.0,195.5031479244327
709,129,0.0,244.72470391352357
710,129,0.0,262.8299303284956
711,129,39.458346034191436,152.63927643714587
712,129,86.64282885071955,138.87628576441378
713,129,109.10987882302028,163.3659751578912
714,129,111.62149118509402,163.58632956267294
715,129,115.75253444041665,162.12914233518484
716,129,110.9197591145373,142.50963891268478
717,129,66.06392542216607,134.77090019493087
718,129,57.95482178837006,133.56997235866262
719,129,51.116840179770996,132.43748561834997
720,129,42.4698319313556,131.06206468186488
721,129,35.04990465283244,130.02043307273112
722,129,31.975997186453572,129.32147446408933
723,129,51.74054633934684,128.74125987683524
724,129,28.807744199505358,146.43624513395636
725,129,29.30809668543089,146.59525934416752
726,129,33.19884331051695,147.30580548852845
727,129,42.150208957017675,148.53112089272486
728,129,27.060635588925543,149.78712480930145
729,129,16.134215034038895,149.12502298644492
730,129,0.0,194.92987023963653
731,129,0.0,194.10453332621685
732,129,0.0,193.96913876133377
733,129,0.0,193.66863211727116
734,129,0.0,193.84032319318254
735,129,0.0,194.63277759613695
736,129,24.34717978441133,150.00422379031522
737,129,67.09084707850491,154.16593866563534
738,129,52.53338308966433,153.92817229934653
739,129,47.33223822417323,152.67429597089918
740,129,64.1738446848113,151.78065068870936
741,129,59.78923415357358,151.08641968620339
742,129,55.26534696856909,150.85572247036868
743,129,47.9558756561184,131.9402000082384
744,129,40.999588678347074,148.5976302019669
745,129,36.58454635251961,147.53702902883356
746,129,32.78370626588826,146.74064950576798
747,129,30.437213404822415,128.74600924527408
748,129,30.636834779614595,128.74643927112953
749,129,31.974818036284354,128.93703015981035
750,129,34.01389661193953,146.85124118519627
751,129,38.024308508455235,147.5047530134698
752,129,46.01636776870834,148.86382851777708
753,129,17.63898844742639,149.2621822549855
754,129,0.0,195.44442162771782
755,129,0.0,194.98428324634315
756,129,0.0,195.17156659668197
757,129,0.0,194.76399944122252
758,129,0.0,194.55090363634804
759,129,0.0,194.86427135524437
760,129,43.26146479748153,151.0118346492707
761,129,64.71115074867917,155.98249265664384
762,129,63.937280885077854,155.9238042402979
763,129,74.53164055916805,154.91481661642928
764,129,74.38028109450973,153.78682862378764
765,129,66.53101748793183,152.2113207401607
766,129,55.89486452589974,150.44956317063884
767,129,47.218406495896375,131.4492504316312
768,129,37.64264183722924,147.61377185975488
769,129,33.108543146650774,146.85179114050345
770,129,30.951198934237432,128.7303596116189
771,129,30.790597664376737,128.83340811315392
772,129,30.55493563108219,146.30464552181198
773,129,33.00395074850989,146.5806550921828
774,129,40.008863200523336,147.44331007553592
775,129,75.73518339911043,153.53386327313567
776,129,78.42200460151926,154.01785230756315
777,129,47.393928641596915,151.73367966245692
778,129,0.0,262.3570160885178
779,129,0.0,195.0204336887961
780,129,0.0,194.84310612830873
781,129,0.0,194.65427209896728
782,129,0.0,194.79804998178062
783,129,14.007487686598049,132.0214476310463
784,129,73.43349282663064,136.53437452510906
785,129,137.35249613575004,137.01529684501045
786,129,139.9602487055445,133.22260310868523
787,129,105.68776368288918,142.11242008957046
788,129,121.01552431692485,158.86499366869307
789,129,71.49420024109571,151.86144719290004
790,129,61.55318473845753,150.0820086796384
791,129,51.22788808033171,130.78063271434405
792,129,41.45687532997687,129.39962008344162
793,129,36.11962186260604,128.53690197823477
794,129,33.86123308864996,128.22103267602498
795,129,55.16590710415012,145.88459668303355
796,129,31.981320746604556,145.67725312880404
797,129,33.24760792940147,146.2139928349969
798,129,41.06852793045779,147.39531036253024
799,129,61.91345497149859,154.11756269089048
800,129,61.527805030592795,154.29366598350262
801,129,46.6763636257069,152.44433239389193
802,129,5.339217911299201,150.27902010504417
803,129,0.0,195.39071773411246
804,129,0.0,195.32977096144157
805,129,0.0,195.39357013091055
806,129,0.0,195.58345022883492
807,129,21.03128589227997,134.07931480551767
808,129,78.5316148465057,138.3633948762065
809,129,115.4845902780876,142.21532344700472
810,129,124.80179041794185,144.70696168225075
811,129,101.8526320790434,143.5636122472323
812,129,114.06335350157778,142.03443590150036
813,129,69.56711696308791,152.80475379007768
814,129,62.8871252486435,134.13597627597883
815,129,51.38352514621915,132.12351291653712
816,129,43.3230392277568,130.71566153697947
817,129,37.39104614728419,129.71260505646293
818,129,56.33060217617079,129.13821185643815
819,129,34.52510776764858,129.11763908504008
820,129,35.44658412547202,129.0330306014963
821,129,35.509210456283846,147.1206721069593
822,129,42.506729310942845,148.1570082327368
823,129,83.37062581898155,154.25178537137464
824,129,63.9003498825224,155.25659827360062
825,129,56.71300004073756,153.1109479676851
826,129,5.06117137480009,150.47622926013955
827,129,0.0,194.9964550092064
828,129,0.0,194.9748343247794
829,129,0.0,194.79419259020182
830,129,0.0,194.78413352741518
831,129,16.555354922790123,149.96975396063644
832,129,81.87452044580547,137.6571976584934
833,129,120.1382437584306,157.03740922459312
834,129,121.42776027791653,158.08028463553114
835,129,131.6692068609416,138.72716909324222
836,129,119.24565891367064,142.26930982459655
837,129,69.32928355997873,152.37678866066727
838,129,59.652168930638034,132.86494225838348
839,129,72.98380245265264,131.30482092748923
840,129,62.3156126538205,129.55557497735495
841,129,37.33230306446615,128.80759532793743
842,129,31.76888827461405,128.54106258157063
843,129,30.788256425456087,128.4914980323091
844,129,30.067800925782436,146.02335797673902
845,129,31.08569222717704,146.34899403577063
846,129,38.34598479449033,147.65323079530674
847,129,49.912177001680675,153.2856089660976
848,129,51.45417941931954,153.9452901249283
849,129,38.2819082533462,152.73384780225052
850,129,4.434046827214544,150.9942892941994
851,129,0.0,195.00815954971083
852,129,0.0,195.05020222552002
853,129,0.0,195.14681940865347
854,129,0.0,195.06598437386202
855,129,16.995288653355285,152.0114579211047
856,129,80.38860525429646,139.2967188926573
857,129,130.4737937778061,145.9227531772353
858,129,109.18057709819152,146.06325496127204
859,129,95.67274747820149,161.48567208688704
860,129,106.81242545995266,142.0280967555032
861,129,65.10989029730777,151.83946854704408
862,129,57.509507296746946,150.41790062852525
863,129,48.50943037591621,131.15415006594935
864,129,41.10431924293076,147.79767394874565
865,129,34.839345697322315,129.185823002308
866,129,40.879091384867124,128.85895720475418
867,129,51.40242573717262,128.64254267281143
868,129,27.656575137356025,146.07122312425685
869,129,52.089118203845636,128.5267768767977
870,129,35.39513285230798,147.31271024334185
871,129,48.49105703683241,153.18433715462638
872,129,50.48959448816307,154.15504299157186
873,129,39.86049380364728,152.24907095824742
874,129,0.0,262.35999696809085
875,129,0.0,194.59543317549856
876,129,0.0,194.51398084208964
877,129,0.0,194.60652287888547
878,129,0.0,194.9130566218024
879,129,14.594122302869081,132.7673837102991
880,129,69.07619694093287,136.49615361776395
881,129,101.64737157101003,161.09042241903418
882,129,105.41172692994964,160.35467782443703
883,129,111.96652781788502,159.53477609889174
884,129,112.07239898075126,140.02247497459746
885,129,67.33651448620226,133.64861256292753
886,129,60.329002722400716,150.77990636919515
887,129,51.3408098611107,149.17969034405763
888,129,40.675536931469416,147.8028886295696
889,129,32.78966330922963,146.70417757253756
890,129,30.209838732593777,146.51297278695813
891,129,29.760657304294682,146.13346209915807
892,129,50.551366867426296,145.9981985873322
893,129,28.756355294361445,145.81429144646208
894,129,33.29226339171636,146.4212321703872
895,129,41.323934345061886,147.8097144911323
896,129,20.65699024920441,148.7529456199747
897,129,0.0,148.05974082202664
898,129,0.0,193.98772414656236
899,129,0.0,193.448053612688
900,129,0.0,193.42898265120252
901,129,0.0,193.10589718139883
902,129,0.0,193.16619300128724
903,129,0.0,193.69265291299345
904,129,5.330589289709834,149.35134861085038
905,129,51.282610659841005,153.14846760175902
906,129,55.29480815651424,153.52238012339188
907,129,64.94379998194745,152.22966723592373
908,129,66.41888790352225,151.79111995074058
909,129,57.86496271136141,150.7211545545386
910,129,52.188656299883995,131.9179352136941
911,129,45.45187048575231,148.68024153735814
912,129,38.3367226332497,129.8027159724618
913,129,55.31828577417319,128.8108153298015
914,129,30.074997725838205,146.11684851542864
915,129,28.612349686919842,145.726964911144
916,129,27.484476546655937,145.73257404214147
917,129,29.169064005189192,145.89307095467188
918,129,32.180479786880255,146.27917905805276
919,129,38.63726291663134,147.242203397966
920,129,22.04232168328784,148.6945269409495
921,129,0.0,265.1577114643949
922,129,0.0,195.0663881853372
923,129,0.0,194.68952672065058
924,129,0.0,194.63426640606232
925,129,0.0,194.48680355463364
926,129,0.0,194.4327492013719
927,129,0.0,194.60014600391568
928,129,19.05255949704881,150.76050439338493
929,129,84.04532318168737,155.42619573479072
930,129,82.0019591403204,138.7541179248502
931,129,59.788053692143514,155.04498842951585
932,129,52.699400853209475,153.7627413800726
933,129,69.18018049390507,152.6710336799913
934,129,59.63518003508439,150.74352817475744
935,129,47.90833420866472,148.91660899607848
936,129,40.476035985300626,147.61164155713627
937,129,33.546520054667276,146.83528354728014
938,129,31.300965276093475,146.46553060628136
939,129,31.01395404230656,128.68202691024993
940,129,30.57536755864816,128.66451667363515
941,129,33.171872342845376,129.0267701395162
942,129,39.7611664438467,130.37539308181172
943,129,78.65221283901225,154.0909519348767
944,129,75.36538476025058,154.6706551700989
945,129,34.3127393523761,151.6973228990306
946,129,0.0,148.4630290950751
947,129,0.0,193.78914443289798
948,129,0.0,193.5303601622189
949,129,0.0,193.06697925670497
950,129,0.0,193.22690411183524
951,129,0.0,150.88390908353
952,129,47.10344726370915,152.03713836564145
953,129,106.36645402931961,143.058273023631
954,129,111.40663237139874,144.50268355997622
955,129,124.10384979145181,142.79007824508042
956,129,104.81228922734218,158.71512508540815
957,129,66.80840983733067,151.72679615104553
958,129,55.109907975873945,149.86036927902046
959,129,45.973779394935725,148.09444180949694
960,129,39.786540993037065,147.1044520456235
961,129,56.49215000617773,128.6468386248677
962,129,54.222066917427206,128.1997265589909
963,129,31.002030038738685,128.47718643768647
964,129,40.28726671657938,128.31156925176248
965,129,31.969107989965202,128.5539399781071
966,129,37.338137460763335,147.37093651519234
967,129,66.71282692180549,152.8775058035219
968,129,46.32201611255683,152.16727745229608
969,129,5.84239659558256,149.88822912330525
970,129,0.0,194.38722693331277
971,129,0.0,193.23224142548412
972,129,0.0,192.9699558239014
973,129,0.0,192.77384503514716
974,129,0.0,193.19380210699455
975,129,0.0,194.52023847504813
976,129,45.814109981228775,152.32160276552642
977,129,110.6043202305956,143.84259294096557
978,129,119.46382885840646,141.39037743999273
979,129,125.66920569588873,143.9317498320823
980,129,115.14885681891664,141.97981547693374
981,129,70.01666791228136,134.69723195970417
982,129,63.11878356187413,133.61749088089326
983,129,50.738335564561886,149.5600328092022
984,129,64.80218206739235,130.4202762971153
985,129,59.182175918835256,129.73645989419714
986,129,42.69950749634929,129.1984961992403
987,129,31.98269681745882,146.7818473703316
988,129,31.6023050801619,146.58369384854458
989,129,34.63874702990854,129.1089791877698
990,129,42.08786701689734,148.02568666163702
991,129,72.81504848302438,153.81755856956698
992,129,55.46349768144376,153.65124118074263
993,129,18.45071515370311,151.65413207718154
994,129,0.0,262.15912200397713
995,129,0.0,194.5583938065357
996,129,0.0,194.5654413986239
997,129,0.0,194.51389776792143
998,129,0.0,194.68776532237587
999,129,0.0,262.1329883649312
1000,129,60.0788584269984,135.83075932303595
1001,129,128.51787576903183,143.94493157075001
1002,129,107.49647445477838,144.94059494822022
1003,129,121.91912842705501,143.43187271144953
1004,129,111.45711158486424,141.49106569605198
1005,129,64.26862499098982,133.9356944491055
1006,129,58.23496670288752,150.56726705943586
1007,129,48.51555093747531,131.42621794293774
1008,129,39.98362819295505,130.0196807982437
1009,129,36.52259250615756,129.23848597044088
1010,129,35.20823381657331,129.13189020930247
1011,129,34.17911936972629,128.77376105119896
1012,129,31.60776508309579,128.3059309788373
1013,129,34.110794979784394,128.60950087223935
1014,129,42.09240209127829,147.6177491312117
1015,129,83.59549931983406,153.44995152055094
1016,129,55.628100245744704,153.65000076082816
1017,129,29.194273936651307,151.2807286793228
1018,129,0.0,149.70176349990277
1019,129,0.0,194.52611527947306
1020,129,0.0,194.30959698144517
1021,129,0.0,194.12201730632594
1022,129,0.0,194.05382506319305
1023,129,0.0,149.86565035758747
1024,129,58.458855366096365,153.95649614082902
1025,129,128.70940841423098,161.7293068247451
1026,129,111.7514112167635,145.65862824458205
1027,129,102.41548142574506,161.49237112385055
1028,129,113.06434918573385,141.56958586652627
1029,129,67.34438026661631,134.04840005849368
1030,129,61.0440676327661,133.25752331743743
1031,129,51.62963994568259,131.75539545701713
1032,129,42.81245689162431,130.54738821230578
1033,129,40.403237085702436,129.65990311643807
1034,129,34.210359605494844,129.1646765692364
1035,129,55.35605301322232,128.81429898870934
1036,129,32.27849745863738,146.37881504592693
1037,129,55.99406000577745,128.90717187244692
1038,129,38.97187366585062,147.9107325401988
1039,129,66.63554934785861,153.9445940419719
1040,129,54.941127545399674,154.4482085930905
1041,129,18.51513801636254,152.85577863326995
1042,129,0.0,150.76008273229402
1043,129,0.0,195.04759065726023
1044,129,0.0,195.08958473258988
1045,129,0.0,194.94471059991375
1046,129,0.0,195.06213448267306
1047,129,0.0,195.36303049858364
1048,129,51.06551881728055,152.8366210352572
1049,129,106.47413839755795,143.88853878120312
1050,129,117.31526831949701,143.6594476805928
1051,129,120.26786027114004,161.41115084661823
1052,129,111.63823731512626,159.1146961872434
1053,129,68.72759406865153,152.3407764767744
1054,129,60.26203708646038,151.48692976540357
1055,129,51.5881698160762,132.43136502546906
1056,129,43.096954808665224,148.82388685408444
1057,129,36.65145720855128,147.7139570391525
1058,129,35.82639158002703,147.08628644905443
1059,129,52.967034603009125,146.56231419769173
1060,129,52.87334012478028,146.68761325177644
1061,129,30.789097500411806,146.7257188639201
1062,129,33.60333251636259,147.151076945814
1063,129,19.88717617961761,148.174975161178
1064,129,12.060422004861252,149.19298834242673
1065,129,0.0,194.85342682521585
1066,129,0.0,193.9748729845614
1067,129,0.0,193.48234804676696
1068,129,0.0,193.2898675961164
1069,129,0.0,192.9703773767384
1070,129,0.0,192.96005730834568
1071,129,0.0,193.6422231804011
1072,129,0.0,148.69031961404625
1073,129,50.24268704020024,152.8904030654173
1074,129,60.65147261849817,153.63911922092538
1075,129,69.53565565118166,152.4497909671449
1076,129,68.41395829433938,151.54545142972802
1077,129,62.152902837224424,150.8602841988853
1078,129,54.305767645811535,150.12583251530697
1079,129,46.21664778001515,148.49740414494957
1080,129,39.46550827217435,147.56756038331952
1081,129,33.17244220946651,146.67328274514531
1082,129,30.60581728631099,146.28075806540076
1083,129,29.02218611481763,145.87298970152634
1084,129,28.018623184877836,145.7927487762385
1085,129,29.28772140455503,145.8259643890892
1086,129,31.841738628448205,146.133996152385
1087,129,37.89838536637979,147.0726132739993
1088,129,31.331875652932606,148.53748281983835
1089,129,0.0,195.02153403703403
1090,129,0.0,194.72322125486838
1091,129,0.0,194.47919294160798
1092,129,0.0,194.36329996377123
1093,129,0.0,194.32639345100787
1094,129,0.0,194.41257507430956
1095,129,0.0,194.62273921098088
1096,129,0.0,262.57269471633134
1097,129,68.10391212120287,153.69256879055197
1098,129,62.249095048471354,154.15618217016777
1099,129,53.50355998499111,153.62157655814428
1100,129,66.10341759550711,151.84793685361723
1101,129,59.24404742241869,133.1998802713512
1102,129,52.00786464058825,149.77684101433977
1103,129,42.253859361499096,130.54345832596076
1104,129,35.84252818568704,147.17120192464307
1105,129,30.346680652393538,146.25511496219517
1106,129,27.194094585024914,145.75065144890232
1107,129,27.273682921290817,145.75002332901366
1108,129,26.9601832065835,145.66810401011892
1109,129,28.58462821065184,145.85739483166014
1110,129,35.235226857673084,129.23896701893943
1111,129,65.3911469944895,152.3027970558726
1112,129,56.720231881351154,152.17427645852706
1113,129,16.152703267193022,150.0152041698647
1114,129,0.0,195.72444937758337
1115,129,0.0,195.15650330144163
1116,129,0.0,195.35447713895138
1117,129,0.0,194.9243837019811
1118,129,0.0,194.78001523024653
1119,129,0.0,194.919612239014
1120,129,33.46236339885122,151.70389199185226
1121,129,107.85381958147471,141.5716671621812
1122,129,125.09852947303307,144.1899143607276
1123,129,114.09745157985445,142.75828252153337
1124,129,104.31332379296597,141.92284651149217
1125,129,61.43168735155555,134.21536755811331
1126,129,52.943347104297004,150.6437867653609
1127,129,44.711147033475406,131.28751435144122
1128,129,35.83754558980914,129.90003905460665
1129,129,31.796757574694745,129.2039658495648
1130,129,31.23108209424372,128.96256998809542
1131,129,29.11711829308415,128.40355527716207
1132,129,29.03689630447041,145.94199121405595
1133,129,32.03564512555631,146.0879770267007
1134,129,39.78814175224577,147.0067395168767
1135,129,55.31274086556874,152.47241885335717
1136,129,40.59060192998142,152.03470453043184
1137,129,6.49669573051846,149.03733339368353
1138,129,0.0,193.79917516754264
1139,129,0.0,193.29162928083434
1140,129,0.0,193.2906084766588
1141,129,0.0,193.10503336289142
1142,129,0.0,193.52946468020136
1143,129,0.0,194.80524887595237
1144,129,43.43387006119653,152.31620620556617
1145,129,118.83824071752261,138.62507408122966
1146,129,110.72449802746556,156.22052213937687
1147,129,99.75132197937874,140.98399383701388
1148,129,111.77320197621049,139.4800075744682
1149,129,67.31894831852715,150.77497358475296
1150,129,60.62155923943666,132.21262211267475
1151,129,51.70812488824265,130.9224965628502
1152,129,42.26036339820324,147.4657345524554
1153,129,35.944951839510324,128.91966272452953
1154,129,33.04825357341195,128.7174486773979
1155,129,53.99059190659398,128.66401371640492
1156,129,52.069578769714504,128.59651437478715
1157,129,32.61161505286843,146.41126796832293
1158,129,34.5788069910279,146.9994064780365
1159,129,42.72763902914454,151.95213006096287
1160,129,29.443295046130924,151.0020679435165
1161,129,6.93930365245531,149.1143100426664
1162,129,0.0,194.408530336789
1163,129,0.0,193.83057282466322
1164,129,0.0,193.91489421268153
1165,129,0.0,194.06035476650507
1166,129,0.0,194.483806855268
1167,129,0.0,195.25023612210018
1168,129,42.8824564906172,153.20496699195817
1169,129,96.712040037995,143.32798870195606
1170,129,105.06336360299332,144.0323901525838
1171,129,110.49664256361157,142.1070712448621
1172,129,108.59785731327558,158.80077007192466
1173,129,63.76945572629231,151.8860291075332
1174,129,55.909170106041216,151.04896793529824
1175,129,45.83044708026006,149.0504389489033
1176,129,35.53919370282705,129.7317860109173
1177,129,30.792590889216154,128.85370676856607
1178,129,28.523003580744536,146.1473369712672
1179,129,49.98307284506423,128.2036431040216
1180,129,48.75000044239851,128.25173350114048
1181,129,29.603977351856727,146.0405085434955
1182,129,33.33183985020263,147.11345418588027
1183,129,43.62462137634475,152.67846695317976
1184,129,30.979223545012374,152.59217475621662
1185,129,6.466615145907699,149.726220658467
1186,129,0.0,194.38222339043293
1187,129,0.0,193.75917468317672
1188,129,0.0,193.8276480149719
1189,129,0.0,193.6102598196725
1190,129,0.0,194.0651271058143
1191,129,0.0,195.21941930767355
1192,129,35.941871588793354,153.03746595745437
1193,129,111.13539876514683,143.6225713456415
1194,129,105.09982299790921,144.40182544133447
1195,129,99.26191218364805,143.5242806330379
1196,129,109.6462987367856,141.7355106137242
1197,129,65.52900576453762,152.1045581769858
1198,129,56.51314817324437,150.82164203510482
1199,129,48.63600642676957,131.82118964308378
1200,129,39.99890463588648,130.27584914854856
1201,129,34.44265411100996,129.44157185456882
1202,129,31.666653185359156,129.13380895797764
1203,129,30.291914461565003,129.08012424522715
1204,129,51.879531869113606,128.9461221141797
1205,129,29.59792559548336,129.1031691394028
1206,129,35.97050962065505,147.57701035236465
1207,129,70.012564061108,153.38581901310758
1208,129,41.45014521966655,153.638302737524
1209,129,23.589690026494708,152.35673278490125
1210,129,0.0,196.1907784815328
1211,129,0.0,195.97479949852175
1212,129,0.0,196.1622476764233
1213,129,0.0,195.93911914696363
1214,129,0.0,195.89000541408637
1215,129,0.0,262.72235741176905
1216,129,37.7225788772727,153.6263365668876
1217,129,117.02926385364565,144.59111837202445
1218,129,132.76367147066654,146.56257989400453
1219,129,104.56518358977998,145.81325364044073
1220,129,116.8577759866094,144.0636901997736
1221,129,70.6358096209757,153.72186994665606
1222,129,61.40052674454244,152.2814672456809
1223,129,53.35903558601228,150.76962478807397
1224,129,44.90871772610495,131.4927067089071
1225,129,46.58535984989384,148.1492118959434
1226,129,33.407927099479025,147.6028232734095
1227,129,30.71811138096724,147.10394217159006
1228,129,29.12508869622895,146.84943876306212
1229,129,30.04679470017999,146.91378776152965
1230,129,34.24543288458297,147.35262660795095
1231,129,17.867227680324387,148.1882253755062
1232,129,0.0,148.55911562721366
1233,129,0.0,194.20469770023013
1234,129,0.0,193.5331291240673
1235,129,0.0,193.3172537654016
1236,129,0.0,193.30196384310403
1237,129,0.0,192.88516867290406
1238,129,0.0,192.63019506300174
1239,129,0.0,193.14973664996612
1240,129,0.0,194.59985452238578
1241,129,30.595507170632324,153.03388404285639
1242,129,54.295650041772255,154.56301382652975
1243,129,66.2687732269233,136.32621457804953
1244,129,66.50962037820717,152.55973789018086
1245,129,57.9771377249689,151.66874931146427
1246,129,51.68430175164032,150.68782368942706
1247,129,44.4778166954862,149.50278881765777
1248,129,36.72789439899527,148.36254930688605
1249,129,32.04178689415556,147.3409565593031
1250,129,30.178426358070638,146.7143178666932
1251,129,28.672417359983843,146.30069451499762
1252,129,27.55171422270131,145.98420491389123
1253,129,27.6005649098275,146.0338225181274
1254,129,30.482304492987154,146.52650975264982
1255,129,34.702839997104,147.20779138644295
1256,129,9.118988128049562,147.5702943086864
1257,129,0.0,194.26731834394357
1258,129,0.0,193.79681525898698
1259,129,0.0,193.5099845316484
1260,129,0.0,193.59115933366184
1261,129,0.0,178.48062489212307
1262,129,0.0,193.48093009185757
1263,129,0.0,193.80962021913066
1264,129,0.0,194.93599199750722
1265,129,47.909800253086786,134.23756184930386
1266,129,62.527237877421285,135.4028054873106
1267,129,47.286891209450026,135.18552622600924
1268,129,41.22928294942927,134.31354220543776
1269,129,56.991542591312225,133.35575001171475
1270,129,50.53349815672216,149.7069527932918
1271,129,43.34418571495125,148.39835455823368
1272,129,37.09247630002881,147.5489282931062
1273,129,32.56549385189102,146.73071311512197
1274,129,30.62930352479728,146.410770512031
1275,129,28.991808786153637,146.3560686965932
1276,129,28.591884904003336,146.3157868372966
1277,129,30.94664696031888,146.67810490165726
1278,129,38.02215657774688,147.66033480333414
1279,129,69.13485219164005,152.9764560642462
1280,129,50.39701052426839,152.1006585760369
1281,129,2.2571247650130757,262.79735934361946
1282,129,0.0,195.54050489652
1283,129,0.0,195.38920046853661
1284,129,0.0,195.6140389029936
1285,129,0.0,195.6389478393536
1286,129,0.0,195.42341087834026
1287,129,0.0,195.79010487270898
1288,129,20.117778549528897,152.6675980724092
1289,129,76.58427243100272,142.51993299951772
1290,129,95.95158817760154,143.92351023722458
1291,129,107.82532295911773,143.11486515647465
1292,129,106.70346069987494,141.87153760726667
1293,129,67.43156581480496,152.5366483498888
1294,129,58.42215361994567,151.10522663290496
1295,129,49.00030989260164,149.31205615480175
1296,129,38.327981333152614,129.96646677407225
1297,129,32.34007716194342,129.02623374684174
1298,129,29.8263268994477,128.67178231185193
1299,129,40.833432956556265,128.47080615376626
1300,129,51.86750761509821,145.9456107122254
1301,129,53.56032477904081,128.56913789666297
1302,129,29.997458982824,147.39009205157092
1303,129,47.3035459229114,152.74670110437555
1304,129,21.897126745538134,150.94715944417564
1305,129,0.0,149.35884502999275
1306,129,0.0,194.07788067897496
1307,129,0.0,193.63492746915483
1308,129,0.0,193.3752617685962
1309,129,0.0,193.29460545818245
1310,129,0.0,193.550103044209
1311,129,0.0,194.50964642005945
1312,129,21.897694302324656,152.16701812155765
1313,129,111.90011911201606,143.12824852707882
1314,129,104.21345095498785,144.3365948138117
1315,129,92.64023812969565,141.68881396630428
1316,129,102.96004586740473,140.2176032585788
1317,129,62.425467235219415,151.6989612461289
1318,129,55.66985160234532,150.5532474468503
1319,129,46.88906566586238,149.1066755898866
1320,129,58.75767185773444,129.68262952217125
1321,129,54.058675285631146,128.9407704923458
1322,129,31.412719731304698,128.53553056352806
1323,129,30.837775041632636,128.56277935260317
1324,129,30.714274681987106,128.48645965039302
1325,129,32.10062714627932,146.48899936491833
1326,129,34.12698412698413,147.73179323771978
1327,129,51.03127682824909,153.28958144717996
1328,129,25.538892570679657,151.81917314030434
1329,129,0.0,148.78447637649765
1330,129,0.0,193.28775725468722
1331,129,0.0,192.52121158669127
1332,129,0.0,192.37952653574968
1333,129,0.0,192.58208292220462
1334,129,0.0,192.9879078342381
1335,129,0.0,193.783421516449
1336,129,15.028303703165049,151.32877958137772
1337,129,81.73980399013058,142.12909197278398
1338,129,105.53193346476675,144.87565245842964
1339,129,115.30113115953483,143.65220495567334
1340,129,113.43744983527124,142.48382027952235
1341,129,70.91227224171983,153.0153541031078
1342,129,59.38775171095881,133.41764590610137
1343,129,47.76371587444433,131.4516731429049
1344,129,38.50165208036379,130.20591495117722
1345,129,31.584437551443045,129.1304585483778
1346,129,29.252196275702712,128.7958778639016
1347,129,49.23114531752046,128.4815807351968
1348,129,28.19284850986812,146.10790956033776
1349,129,28.77399603622889,146.4470924653862
1350,129,35.760418177221794,147.3771451974654
1351,129,66.64173435858845,152.07610687393205
1352,129,21.59280817185841,150.68388952601595
1353,129,0.0,148.2862226160407
1354,129,0.0,193.53858225447635
1355,129,0.0,193.18365319888954
1356,129,0.0,193.41353561682183
1357,129,0.0,193.23230097608635
1358,129,0.0,193.95924037336871
1359,129,0.0,194.91249863369936
1360,129,12.321049933305181,151.3622176122483
1361,129,90.83729195243193,140.50606418430016
1362,129,94.4017824846341,141.86249015407697
1363,129,88.2399279984331,141.4049021310098
1364,129,102.97245448249143,140.3818707704155
1365,129,60.007840027927,133.60035628361692
1366,129,52.12050678451226,150.16698058980026
1367,129,45.69679653434995,149.01131000554832
1368,129,39.43311282818594,129.92434245534812
1369,129,35.04071397030139,129.10894381832472
1370,129,32.749728349809374,128.7832469956933
1371,129,54.31451631238407,128.6254792343963
1372,129,47.72198542951387,146.13265212029233
1373,129,31.737815514588902,146.2340437882484
1374,129,38.10554111597895,147.12896379772315
1375,129,46.546186966010595,152.3667934985186
1376,129,26.978763551583757,151.11344928498357
1377,129,0.780032401625122,262.52693229441735
1378,129,0.0,194.41171354180298
1379,129,0.0,193.90748658590906
1380,129,0.0,193.67400984164175
1381,129,0.0,193.90953233185778
1382,129,0.0,193.85631715849954
1383,129,0.0,194.2330479284421
1384,129,8.465575457991848,150.2915244445988
1385,129,90.07039896753992,139.01702428805615
1386,129,98.03931412177579,141.69271400629495
1387,129,91.71644130472744,140.51496920545443
1388,129,107.61321933301744,139.67715364651687
1389,129,62.313458957813204,150.64153957753405
1390,129,56.344297883700385,149.8212010777488
1391,129,48.95939982920983,149.01677888862713
1392,129,59.40992201852668,147.96355103890758
1393,129,36.53100099752529,147.11731031918907
1394,129,33.2348864508287,146.6562676971549
1395,129,33.32736595824743,146.54141972503876
1396,129,31.859132199459342,146.39624537466145
1397,129,31.988981328841078,146.36557489884396
1398,129,37.86356643645013,147.14674547462786
1399,129,19.352407611588767,148.0260097094398
1400,129,0.0,147.82776562931994
1401,129,0.0,193.42929055871647
1402,129,0.0,192.60292250579306
1403,129,0.0,192.43023174603564
1404,129,0.0,192.59444277777794
1405,129,0.0,192.47006974298898
1406,129,0.0,192.38432321232395
1407,129,0.0,192.69551058898108
1408,129,0.0,194.09932531935152
1409,129,28.15457464708271,134.6449272634849
1410,129,58.36581957391536,137.15145521896977
1411,129,55.351162767049104,136.24104413005196
1412,129,70.74041181283025,134.70529292515846
1413,129,66.22095598204473,133.76267600384116
1414,129,58.199707872680804,150.45318645142186
1415,129,52.95337199593331,149.54778524819426
1416,129,42.97561130463791,148.2932018281046
1417,129,39.162629132615024,147.5917433285328
1418,129,35.80584693475189,147.03547571937094
1419,129,33.54190664804175,146.62891047966548
1420,129,32.50233784062178,146.46780858012522
1421,129,32.379317023031454,146.49566375692768
1422,129,35.97230859384539,146.91235263690496
1423,129,38.97824499570146,147.54944743325728
1424,129,0.0,146.88972743393884
1425,129,0.0,193.3053770744502
1426,129,0.0,192.59917151058494
1427,129,0.0,192.31578762076646
1428,129,0.0,192.12906998521993
1429,129,0.0,191.931599239834
1430,129,0.0,177.06635642380542
1431,129,0.0,192.3809395782421
1432,129,0.0,193.76766776902232
1433,129,23.441048673632963,151.2977526720468
1434,129,59.642848516527906,136.22515249826034
1435,129,55.276021360322275,135.42064353310008
1436,129,72.63870071665288,134.73874349504533
1437,129,62.69774535936193,133.27278668924106
1438,129,54.85237211668438,149.4981720537029
1439,129,45.59497444080675,148.33400118977858
1440,129,36.62878028157628,146.86315809785046
1441,129,31.79788951087433,146.4010960232962
1442,129,29.24867966393712,146.06375527883728
1443,129,28.16531206787163,145.9980830896158
1444,129,28.605325727976098,146.1474146910647
1445,129,31.268047230744703,146.52251881481308
1446,129,39.13286702131781,147.67060326332123
1447,129,69.50482231545526,152.76542013244688
1448,129,39.260977029143184,151.0780397746017
1449,129,0.0,148.51161619582993
1450,129,0.0,193.72589117807647
1451,129,0.0,193.20089791441774
1452,129,0.0,193.13308686438495
1453,129,5.663129388039848,128.06653979367297
1454,129,26.507326454353905,128.85271055080537
1455,129,0.0,193.7782804637287
1456,129,0.0,262.83564594226374
1457,129,99.01920384012112,141.90683220093715
1458,129,137.51231876178417,138.99453916596343
1459,129,109.43310690712332,144.2689339655413
1460,129,119.55097659762546,142.69536841239656
1461,129,73.83076548096145,152.87363825708726
1462,129,65.23058425339907,151.39327484442947
1463,129,53.9775540210493,149.55422916521354
1464,129,42.363296005120816,148.00339030284835
1465,129,36.335173112601325,146.82292782876226
1466,129,34.59741489535426,146.33375528985033
1467,129,35.4137919873198,146.30202544551648
1468,129,36.17027420187968,146.58591164789294
1469,129,37.97848851159985,146.7166610590167
1470,129,45.10171602877371,147.93159931530226
1471,129,59.63898379662627,153.40862506412975
1472,129,42.09612529930648,151.2385381157202
1473,129,0.0,148.74090311154936
1474,129,0.0,193.73653954441994
1475,129,0.0,193.10022515907036
1476,129,0.0,192.87990121320735
1477,129,29.8789944595402,128.14296529978986
1478,129,0.0,193.11952271768777
1479,129,0.0,193.88487654112174
1480,129,0.23424748448775823,262.81220832690525
1481,129,103.75380501253021,140.29301425239214
1482,129,115.56788559127162,136.75721565851467
1483,129,111.70034486599995,140.17603790635187
1484,129,118.01756637014756,141.2258771324165
1485,129,76.76477829978695,153.08947042697218
1486,129,65.52516313591829,151.5047602803755
1487,129,54.668226876946946,149.9673825811848
1488,129,44.15570632003678,148.2187700042378
1489,129,38.436779618120454,147.37779176112508
1490,129,34.805073338133674,146.87883543783718
1491,129,33.56391705390302,146.83013842078202
1492,129,55.91548279722647,146.79562559646016
1493,129,36.71211002194214,147.20586904617986
1494,129,44.44064257742792,148.43281747286642
1495,129,53.247395990481024,153.62021701062505
1496,129,42.407330350219816,151.42172408586157
1497,129,0.0,261.92139650202375
1498,129,0.0,193.74602090888555
1499,129,0.0,192.99975014749924
1500,129,5.594403532310409,128.29137214872094
1501,129,0.0,192.93528802953276
1502,129,0.0,193.14143484504655
1503,129,0.0,193.86110281166916
1504,129,0.0,263.1591047537074
1505,129,85.18594324629937,142.0757194266916
1506,129,105.46525745310858,145.22719573391268
1507,129,109.61961891741242,145.5604512326214
1508,129,120.36837256351468,143.10111549610875
1509,129,72.61296428490641,152.8375542907628
1510,129,65.99928398523457,151.3368622450816
1511,129,54.13359852345412,149.65650786566303
1512,129,44.26077803376735,148.19132433475528
1513,129,36.38567066262133,147.0174748441581
1514,129,35.02364019323338,146.58543184960942
1515,129,53.27525850630849,146.51988878163286
1516,129,53.09488490245641,146.5701045453951
1517,129,34.44581651420948,147.00157935163185
1518,129,41.49245953582397,148.23676146230173
1519,129,45.034879838686926,153.12416100509668
1520,129,11.202308423248468,150.7091160578272
1521,129,0.0,194.01672818105973
1522,129,27.488724441449722,127.78554486286933
1523,129,23.54532925170791,126.65105589731817
1524,129,24.2545966219431,127.71377128595144
1525,129,23.130179988488354,126.65620506357823
1526,129,25.785989767511875,127.76006191058828
1527,129,0.0,193.49417270256407
1528,129,0.0,262.7070956011762
1529,129,79.10715578097158,140.37051567640313
1530,129,101.68529876995939,144.90163256180892
1531,129,97.67376453193152,144.53177526324566
1532,129,114.673870596825,143.5887214966466
1533,129,65.36686355078332,153.18974134437804
1534,129,58.565490392367025,151.65176933767142
1535,129,48.45097935169433,149.59088986311582
1536,129,63.20556024324805,130.79362286212938
1537,129,52.357274516366836,129.5751537108215
1538,129,32.159596411088664,146.55254588818755
1539,129,30.377842686891842,146.25994562105242
1540,129,30.273036057276578,146.21476892827206
1541,129,30.536193891171187,146.3726895064358
1542,129,14.382771466385563,147.11162027555469
1543,129,37.662702882625226,151.17030056130224
1544,129,29.58228634072971,148.8856922051949
1545,129,0.0,243.34696548084682
1546,129,0.0,193.2757177068533
1547,129,0.0,192.69297419642479
1548,129,23.554560416771977,126.20374925660643
1549,129,22.285809620274925,127.33679411577769
1550,129,0.0,192.82400704819293
1551,129,0.0,193.57468822145145
1552,129,0.0,262.19066929041463
1553,129,52.36148310874333,136.8949153218213
1554,129,97.34618125796236,140.14336349455476
1555,129,113.35866362769254,140.34239577871682
1556,129,110.22202143988501,138.84445688777942
1557,129,67.35007453753104,132.4553144598835
1558,129,59.72399817321657,131.55810517012776
1559,129,50.05924853483944,148.0298440427577
1560,129,65.00482245467781,129.18171234356106
1561,129,37.52108236876882,146.00700128830707
1562,129,35.20261585477488,145.35232848642846
1563,129,32.59192306186977,145.03647499032633
1564,129,32.504115405309406,145.04638781212623
1565,129,31.848423721553797,145.0864887231178
1566,129,36.00441345702865,145.5533888759992
1567,129,10.483739190625899,145.88367367786745
1568,129,0.0,193.28191895429703
1569,129,0.0,192.4543610195092
1570,129,0.0,191.85303388466468
1571,129,0.0,191.8595797329171
1572,129,0.0,259.44641857034134
1573,129,0.0,259.3777375851791
1574,129,0.0,191.87412250399242
1575,129,0.0,192.31386135295224
1576,129,0.0,193.56467860890695
1577,129,9.875100971113888,132.47206517459676
1578,129,56.2822347882846,134.56869740718594
1579,129,56.356837381199156,133.8680691052018
1580,129,63.15621138508246,133.4772680800109
1581,129,63.001736962237544,132.4110980151196
1582,129,57.70857538428258,131.44238546884625
1583,129,49.21329409863996,130.43571260113774
1584,129,41.080869097902664,129.45963613693564
1585,129,37.346988443847536,146.46848986182198
1586,129,34.62246516473014,146.1425626620199
1587,129,32.86099303550862,145.85046807284758
1588,129,29.995340672681944,145.79157893017458
1589,129,31.059744860087115,146.00181885415282
1590,129,34.62120562315436,146.37204065363244
1591,129,32.17660348768831,146.8968944214349
1592,129,0.0,128.7687514842669
1593,129,0.0,193.32663895879583
1594,129,0.0,192.83305958812815
1595,129,0.0,192.55055204023327
1596,129,20.824071025472236,259.8492000713997
1597,129,12.26804433770051,259.68747996634295
1598,129,0.0,259.0360205164079
1599,129,0.0,192.63918781937534
1600,129,0.0,193.84044712589935
1601,129,0.0,133.99308172655836
1602,129,53.695903886355595,135.61762491373526
1603,129,57.981211703832884,135.29384915545742
1604,129,72.44355206327874,134.5024510727526
1605,129,64.33398493084134,133.9654307668066
1606,129,55.32541468194715,132.93521894291598
1607,129,45.771711929375336,131.3447943509138
1608,129,37.958596888249545,147.65944917298268
1609,129,32.047809508707076,146.78640008721882
1610,129,29.982633439925777,146.43715188687779
1611,129,29.67993928695419,146.3423879016408
1612,129,28.773260558586145,146.2989946276461
1613,129,31.516755183435087,146.7828082926571
1614,129,38.4474267432051,147.863001098668
1615,129,67.47263877370563,152.96166133140733
1616,129,36.97711242798243,151.14503973668897
1617,129,0.0,195.22113182256518
1618,129,0.0,193.85765734708758
1619,129,30.90738467969736,128.4750856232086
1620,129,28.89728558625639,128.22137146869778
1621,129,27.09001173843538,127.80702330386426
1622,129,28.72570532508519,128.37402005743274
1623,129,0.0,193.66749337992263
1624,129,0.0,195.6960784482492
1625,129,78.55687657352314,141.47072131963535
1626,129,127.7035618852126,145.01926645778417
1627,129,120.41369870247551,144.8504612271978
1628,129,116.92861036419025,142.44926897374017
1629,129,68.6591236873974,134.7708964294224
1630,129,60.450659473190534,133.00905527392098
1631,129,49.56510390041263,131.61375935839402
1632,129,38.86267668776426,129.8291381522214
1633,129,34.003875242659,129.18057824343418
1634,129,31.264726354677247,128.81468979335622
1635,129,29.958408798897135,128.69419010736408
1636,129,29.239268537989375,146.21022068754866
1637,129,31.211115692995513,146.58623105575126
1638,129,15.385857028100247,147.74417080684296
1639,129,44.660568036255334,153.28018040233997
1640,129,35.54718484721028,151.96547095241482
1641,129,0.0,262.5513578131934
1642,129,0.0,194.3571673467808
1643,129,0.0,193.64778378210826
1644,129,0.0,193.53485674504432
1645,129,0.0,193.05663456201887
1646,129,0.0,193.19658338448386
1647,129,0.0,194.22512189851196
1648,129,0.0,266.72209742759827
1649,129,84.19544082781871,140.66770822867298
1650,129,101.91987382950396,143.23965549626124
1651,129,104.64653791227929,143.1667989351196
1652,129,118.93853561469871,141.99183389018742
1653,129,72.6438940649789,135.01412959809247
1654,129,63.279518393444604,133.39040269822115
1655,129,53.65220160596016,131.8484839074497
1656,129,43.32140633698474,130.2176888722461
1657,129,37.470742928867594,129.1481471223181
1658,129,34.0906149565007,128.39035292650993
1659,129,32.578545716008115,146.1386592672474
1660,129,31.80686292209593,146.08305452864198
1661,129,34.08310009186214,146.42791042690388
1662,129,40.47744164426875,129.6860893936201
1663,129,59.29912710400481,151.8283887539943
1664,129,31.36545627050077,150.09772983607206
1665,129,0.0,194.7843450575088
1666,129,0.0,193.63866861885003
1667,129,0.0,193.08616744564398
1668,129,0.0,193.2011158383583
1669,129,0.0,193.21080099591367
1670,129,0.0,193.4220665344247
1671,129,0.0,194.033500684397
1672,129,0.0,266.57131055503413
1673,129,74.62439601457909,140.85330087979148
1674,129,92.42519690415209,143.72385588409117
1675,129,90.0715872069333,143.55376329435927
1676,129,92.18009629251242,141.99824958583798
1677,129,62.07933670438587,134.649362464161
1678,129,55.44093856833547,151.47052754014078
1679,129,47.6473581700102,132.13752217013106
1680,129,38.04441732980737,130.35585713276336
1681,129,31.77998542025375,129.43904028530554
1682,129,28.23348746323697,128.35551288433405
1683,129,27.37333524064223,145.758985574642
1684,129,26.18033164244271,145.51091060072827
1685,129,27.78465534928837,146.0613172631379
1686,129,34.71263244540694,148.12043982174174
1687,129,53.844711607940745,152.44459485603755
1688,129,20.283972123426846,150.2454684084609
1689,129,0.0,194.02257017289793
1690,129,0.0,192.79690655762397
1691,129,0.0,192.1256131092046
1692,129,0.0,192.16388259366107
1693,129,0.0,192.04118658676305
1694,129,0.0,192.1734542813066
1695,129,0.0,192.64661926395348
1696,129,0.0,194.76681472284577
1697,129,53.53778155736244,136.68957542447842
1698,129,79.18609809416702,139.82870561965802
1699,129,83.7793536171546,140.45301578279805
1700,129,90.07322569142488,139.6100512809816
1701,129,60.63353732594393,133.4042600574174
1702,129,55.21031742549078,149.8875307904709
1703,129,46.15058188838037,130.7390047691836
1704,129,37.99129750438332,147.1769391395344
1705,129,32.19014634488507,146.18631701742947
1706,129,29.430991120825656,145.85939842752467
1707,129,50.276982426927155,145.56723112129475
1708,129,45.087408227197685,145.50082324217158
1709,129,29.378496226288995,145.75634784407166
1710,129,36.60088621997025,146.80768530391836
1711,129,31.66892841262491,149.9053339778712
1712,129,0.0,147.59255390720665
1713,129,0.0,193.22914289078113
1714,129,0.0,192.48521779016755
1715,129,0.0,192.38516750391543
1716,129,0.0,192.3003649853237
1717,129,0.0,192.33892392498774
1718,129,0.0,192.6505107303403
1719,129,0.0,193.44097857018642
1720,129,0.0,195.42248629743776
1721,129,61.81313332803558,137.57175763911164
1722,129,93.30795685109798,141.78404156822194
1723,129,93.93445043996229,141.6077296708609
1724,129,109.19709102722608,140.2699032334566
1725,129,62.16504500639949,133.19532861989086
1726,129,55.54818405947899,132.07428463962577
1727,129,47.37043724281312,130.99129124658418
1728,129,38.77319075136165,129.68648210941862
1729,129,33.87245724032502,128.7819301876589
1730,129,31.205009718492704,146.1624028973746
1731,129,43.76438018298033,128.33094958909612
1732,129,28.915466828493557,145.94917486324022
1733,129,29.702863581391235,145.93887819276253
1734,129,32.158443742865295,146.39974219778313
1735,129,0.0,146.47459973208328
1736,129,0.0,192.92388452558262
1737,129,0.0,192.45702477656428
1738,129,0.0,192.11041925039237
1739,129,0.0,228.44111884141546
1740,129,0.0,228.09448925453634
1741,129,0.0,227.89601495702067
1742,129,0.0,228.22740302258674
1743,129,0.0,191.96701853992104
1744,129,0.0,193.14815368648698
1745,129,0.0,133.2397847469464
1746,129,47.93005116793676,136.56715124709334
1747,129,55.48250547054159,136.25205476636913
1748,129,62.50606563072406,134.75566232767088
1749,129,64.0506375907473,132.95186779973068
1750,129,55.9807924113968,131.74663501730078
1751,129,48.56608833805059,130.50749194921005
1752,129,39.6193016195017,129.43807023780323
1753,129,33.87782173331431,128.56002217230792
1754,129,30.52192211454995,128.22078737662383
1755,129,28.297428745840463,145.88105280475418
1756,129,27.040747736994412,145.73013481488468
1757,129,27.029192320672898,145.8975371072241
1758,129,29.250909934166188,146.08986871260677
1759,129,18.55900265762879,146.3480942701265
1760,129,0.0,193.53110526849187
1761,129,0.0,193.59666303137803
1762,129,0.0,193.0242521585484
1763,129,0.0,229.43744500711156
1764,129,0.0,229.3346406233038
1765,129,0.0,227.6399108883581
1766,129,0.0,228.32979613088088
1767,129,0.0,192.55008823268162
1768,129,0.0,193.67203795880127
1769,129,0.0,196.70307269253644
1770,129,34.51294200746612,135.51758210592033
1771,129,45.57046622345916,135.333691449848
1772,129,54.17652007004502,134.54711464886947
1773,129,54.45872020406453,133.46250834538415
1774,129,50.11601774814481,132.42160047780575
1775,129,42.2042387983854,131.07042757578745
1776,129,34.33229006791845,129.50248029434857
1777,129,31.147950003814874,128.97241728382738
1778,129,28.54325055200537,128.51912417218963
1779,129,27.487679990021718,145.90611721749485
1780,129,28.129738347775366,146.15487941895154
1781,129,30.094646193596652,146.51941107403022
1782,129,37.979149232082754,147.78753527409583
1783,129,61.405885692637085,134.8870229452876
1784,129,23.613636809876827,150.22972928169852
1785,129,0.0,194.43151650248947
1786,129,0.0,193.4784640014958
1787,129,30.510985850198104,146.34388735807912
1788,129,28.85238161421912,128.51329938014084
1789,129,27.98665073839808,128.1841399645175
1790,129,0.0,193.02436504356683
1791,129,0.0,193.4177104068054
1792,129,0.0,195.185785934324
1793,129,72.45063681698187,140.36879335211188
1794,129,123.71852243154134,143.2309407208655
1795,129,103.78428664424685,142.90317993143907
1796,129,118.41165391697648,141.14804286443973
1797,129,69.21607497161148,133.93022365472905
1798,129,60.85567689324447,132.98886913556754
1799,129,65.0824597638904,131.55262499648117
1800,129,39.640601296854015,147.62858358218372
1801,129,32.48228112510042,146.7106481966881
1802,129,29.08906017302954,146.2159013188334
1803,129,27.450122402638446,145.88903357536898
1804,129,26.293868594857113,145.61417871635592
1805,129,27.73543725699021,146.14760110773915
1806,129,12.229348683542216,147.23775745549582
1807,129,31.013840713177657,151.0098862588612
1808,129,13.989464165834795,131.6168067925024
1809,129,0.0,193.95313677592674
1810,129,0.0,192.90580123706604
1811,129,0.0,192.46411670703048
1812,129,0.0,241.4738232520934
1813,129,0.0,261.9357751117403
1814,129,0.0,192.00658136266327
1815,129,0.0,192.87811756943674
1816,129,0.0,195.13619119806347
1817,129,61.48377952662403,140.0653869511627
1818,129,92.54304234199543,143.0271780400656
1819,129,101.65195899339393,142.97925708674924
1820,129,107.56075343077723,142.05153600991477
1821,129,68.40537195124324,135.041894483353
1822,129,60.65354388790289,133.78163395747737
1823,129,50.11649779405198,132.05598542431815
1824,129,39.77073254965931,130.4035207133532
1825,129,32.420314571134305,129.04468853364776
1826,129,29.013535059166276,146.36183466890265
1827,129,49.88094168909899,146.02121848031823
1828,129,26.85259037000618,145.26626515163383
1829,129,29.396487295483098,146.16448426168733
1830,129,35.53229242777176,147.15706123430766
1831,129,27.301023087291707,150.17751947749974
1832,129,3.6567123154235914,147.30940132453813
1833,129,0.0,192.97421666640028
1834,129,0.0,192.32037781189914
1835,129,20.472097465308966,241.22080443728282
1836,129,21.114131732215984,125.77967962502524
1837,129,22.73662826839744,241.64915092072093
1838,129,0.0,192.84390261065369
1839,129,0.0,193.32094876198354
1840,129,0.0,195.53200322746105
1841,129,53.81521750119414,136.85694522823786
1842,129,81.9453986593262,139.81862154568486
1843,129,87.81489359436434,138.96425809235174
1844,129,97.66997714087236,137.88970613089867
1845,129,58.25121656422083,132.22507784082194
1846,129,50.63255472410085,131.4014141630996
1847,129,41.06469549882651,130.01427561817073
1848,129,32.62772411771285,128.82101172437706
1849,129,51.01348589388768,128.30274392720557
1850,129,42.66406184600449,145.7447590993923
1851,129,25.229784921659203,145.2590203751578
1852,129,25.79387618476283,145.26251445184926
1853,129,26.950448219765462,145.66259661407253
1854,129,9.674212864184966,146.78301684379934
1855,129,21.72646251309444,149.6929286138328
1856,129,4.113073606744858,148.30762373103335
1857,129,0.0,193.6854964028228
1858,129,0.0,192.43976964888614
1859,129,0.0,191.75121758907662
1860,129,15.70688762993536,240.76571143561597
1861,129,13.876745661103548,240.5535743483126
1862,129,0.0,191.51936145139155
1863,129,0.0,191.77883471487806
1864,129,0.0,193.6495849044829
1865,129,36.58325468780195,135.1865005561735
1866,129,74.8490938547066,139.51770012669115
1867,129,87.09690312952927,140.6169271785562
1868,129,96.75502886379367,139.4269298579549
1869,129,62.79000706744847,133.313663492884
1870,129,55.50247454662481,132.34428562318396
1871,129,46.74910012560145,131.00987950290954
1872,129,37.24511065315779,129.51837034635784
1873,129,32.09672344641789,146.6184434535735
1874,129,28.49925736727367,145.77616403076516
1875,129,25.54360107115765,144.9574192603604
1876,129,26.005139258424226,145.13233762753296
1877,129,26.62640767625176,145.36277945031284
1878,129,31.862702640882368,146.26849919719018
1879,129,38.90060025534035,148.61551575014616
1880,129,0.0,146.85649403016387
1881,129,0.0,192.8333743401499
1882,129,0.0,192.1967947074
1883,129,0.0,192.1773814011347
1884,129,0.0,192.1862999055311
1885,129,0.0,192.2365393463109
1886,129,0.0,192.48939053626327
1887,129,0.0,193.04532072971293
1888,129,0.0,194.774984934428
1889,129,36.0709156584881,135.8095925187489
1890,129,74.5215474426418,140.18020802021803
1891,129,84.82289549443537,140.1617766769493
1892,129,90.73392252667564,138.57049501294347
1893,129,60.26399913025215,132.51937133212306
1894,129,54.023009776585674,131.55827616986775
1895,129,46.62853294487775,130.34993052904122
1896,129,39.93137014832302,129.0865935102322
1897,129,33.46750242160528,128.3499138485275
1898,129,29.415485741783527,145.80206751295609
1899,129,26.647486480296696,145.39370785307665
1900,129,26.46989745357258,127.6099556457713
1901,129,27.222458088945654,127.80495023860611
1902,129,29.728958866165772,128.19370858569386
1903,129,5.261220587340484,127.87026346912256
1904,129,0.0,192.59898052346568
1905,129,0.0,192.39940422536128
1906,129,0.0,191.98674421269627
1907,129,0.0,227.83796189349619
1908,129,2.267743724779612,259.59947221270835
1909,129,17.279121001273342,259.55604710429157
1910,129,15.493672996606515,259.33447473322275
1911,129,0.0,258.7479644486468
1912,129,0.0,192.7912096878972
1913,129,0.0,195.25556739572235
1914,129,25.563878726429518,133.5172575109112
1915,129,44.061200769917725,133.86413103755143
1916,129,52.69347275808103,133.01545332509696
1917,129,55.72909629168805,132.42442710576023
1918,129,50.49016254148137,131.59991843154745
1919,129,43.48420139611142,130.74886600862726
1920,129,36.67250179416467,129.71645788423538
1921,129,31.68062776865713,129.01295190397175
1922,129,29.25768324287514,128.59798946464554
1923,129,28.158218583650378,146.09375427199518
1924,129,27.155703477646536,128.10430759075865
1925,129,28.191371286666588,146.07438280845284
1926,129,30.35059734593224,146.68030344025905
1927,129,4.683069148132652,259.9790979903678
1928,129,0.0,193.24390990040385
1929,129,0.0,193.3278192045722
1930,129,29.389647696636207,259.8235973514337
1931,129,28.809152572653925,146.66711665335126
1932,129,37.254405062077986,260.34320408986656
1933,129,23.915045383933446,260.13859716572307
1934,129,20.882629663025128,259.93393343737324
1935,129,23.48223430585296,259.42515842453946
1936,129,0.0,193.81260980031618
1937,129,0.0,196.3035301177017
1938,129,31.399176575176796,135.3803264992102
1939,129,52.252521000641366,135.3143277860855
1940,129,61.18292352630969,134.43133792499026
1941,129,59.605681433306955,132.87522254107375
1942,129,51.16932910616876,131.80009386898797
1943,129,42.31308686000738,130.2525415317953
1944,129,34.537510030359094,129.14483585795764
1945,129,30.32363959295081,128.37179639549547
1946,129,28.406168016973698,145.88059112274485
1947,129,27.338590384761837,145.74019416186812
1948,129,27.29413632860003,145.67176642859
1949,129,31.10944197745193,146.2753900160456
1950,129,35.488505289429916,129.35859985510334
1951,129,36.04361341346444,149.024108758547
1952,129,0.0,260.9149350935549
1953,129,0.0,192.93671775894018
1954,129,0.0,192.27798859606264
1955,129,0.0,191.7750106949787
1956,129,0.0,191.64391067744734
1957,129,0.0,191.55224473649508
1958,129,0.0,191.82387772998905
1959,129,0.0,192.48469499155436
1960,129,0.0,194.92652969654264
1961,129,38.026938082582795,136.39582282508255
1962,129,95.17807528812624,140.51879684970044
1963,129,91.781232388776,140.71565454721753
1964,129,107.95510255705464,139.68916398937213
1965,129,63.614523329047834,133.4658429828666
1966,129,54.53261830133381,149.6344213953176
1967,129,41.74378166119984,130.22407809020103
1968,129,35.1377941324335,146.66817171049524
1969,129,30.508900834592893,146.04864190679947
1970,129,28.780892954237785,145.61737289017643
1971,129,27.979941041257906,145.58023607441774
1972,129,26.96067080007866,145.47654547096616
1973,129,30.249390829684554,145.94891168863353
1974,129,36.557941726181234,146.86163264871328
1975,129,15.79416945038144,148.8107972052613
1976,129,0.0,129.28540295037496
1977,129,0.0,192.9411740681111
1978,129,0.0,192.24746084759036
1979,129,0.0,191.84771326765784
1980,129,0.0,191.6114487481207
1981,129,0.0,191.5248936808087
1982,129,0.0,191.69289273785668
1983,129,0.0,192.35442246894453
1984,129,0.0,195.08881223238728
1985,129,40.92807901835711,135.94615058268758
1986,129,79.04534089231733,139.34742980051175
1987,129,89.82405922774561,140.71544156087435
1988,129,95.14147774129856,138.88052952560946
1989,129,57.47890053862831,150.4048964608466
1990,129,48.94035527282142,148.94908834696628
1991,129,39.09148944788435,147.26963423693246
1992,129,32.11494125618141,146.23654761431865
1993,129,27.635204746045595,145.55116702080352
1994,129,24.672066863125867,145.04704960983682
1995,129,24.42360648959286,144.794433389896
1996,129,26.150735049205654,145.2796440676727
1997,129,29.29573198034696,145.7363140019654
1998,129,33.932173846030466,146.53556851249735
1999,129,37.16708646781265,148.8310868083131
2000,129,0.0,129.21675398214862
2001,129,0.0,192.94771045403755
2002,129,0.0,192.37937732721417
2003,129,0.0,192.16627826218786
2004,129,0.0,191.9959341632403
2005,129,0.0,191.97307418563503
2006,129,0.0,192.26393792378036
2007,129,0.0,193.0287521721495
2008,129,0.0,195.3136391884983
2009,129,31.911909557857456,136.24419982373203
2010,129,69.7918390098251,140.60144292473254
2011,129,83.12506003363289,141.2483183062475
2012,129,92.91783784195634,140.13826889102094
2013,129,59.01513670539469,133.84390807724168
2014,129,51.11163449549316,149.8907973195185
2015,129,43.876647319350255,148.59076633881565
2016,129,35.94202953300645,147.3155616751148
2017,129,30.42451639717881,146.5594195522738
2018,129,28.070672014521826,145.66573670650158
2019,129,26.88823009581011,145.1942620085218
2020,129,26.27991820624443,145.12721706586524
2021,129,28.115538733346202,145.9148899023902
2022,129,32.388654302688444,147.41867515533704
2023,129,36.7512566318511,150.73563359999625
2024,129,0.0,131.66625088900386
2025,129,0.0,193.8403958339031
2026,129,0.0,192.9774504801682
2027,129,0.0,192.36447759024531
2028,129,0.0,192.28358792836428
2029,129,0.0,192.1597609176322
2030,129,0.0,192.3194365544087
2031,129,0.0,192.95336639468695
2032,129,0.0,195.2527668025561
2033,129,28.003796182303233,136.23075796183082
2034,129,64.01364989035822,138.6131504245539
2035,129,81.44299645743266,139.299044963705
2036,129,89.06504234686346,137.20936847650472
2037,129,58.068867913746104,131.84682506150222
2038,129,50.55047534100477,130.70781416177476
2039,129,41.719892975514014,129.60514801749628
2040,129,34.39703793249099,146.3375818140114
2041,129,30.608088684108427,145.71743399475102
2042,129,28.529704778460662,145.42989176389304
2043,129,28.01814651370627,145.55347540324436
2044,129,28.617992129903044,145.72512590587615
2045,129,31.730913999020746,146.36332936080305
2046,129,36.25077128186626,147.38347244009478
2047,129,41.902219511912875,150.3572967396134
2048,129,0.0,131.42175563706667
2049,129,0.0,194.1225097801013
2050,129,0.0,193.58109199064256
2051,129,0.0,193.50262825090903
2052,129,0.0,193.5163157161393
2053,129,0.0,193.3481406531032
2054,129,0.0,193.37532635191042
2055,129,0.0,193.76938815289546
2056,129,0.0,195.92344306354636
2057,129,26.209147011946335,135.4773996268126
2058,129,57.885938934863375,137.64774033054994
2059,129,68.34764074189225,138.19430306717206
2060,129,79.96383007181493,137.67186705038597
2061,129,52.552773423038445,132.0707725611619
2062,129,47.84001707840136,131.68940326733883
2063,129,41.92078317915437,130.33156047320057
2064,129,37.413172519041446,129.61383752757604
2065,129,33.204203533588284,128.8040899445505
2066,129,29.88526547919407,146.00949337255264
2067,129,29.004209444894833,145.85998348109229
2068,129,27.433306567925023,145.4440036880086
2069,129,28.79385301845795,128.24823333954012
2070,129,29.306625458071462,128.72354188536977
2071,129,0.0,128.58886014455464
2072,129,0.0,193.1206120316051
2073,129,0.0,192.76979617196434
2074,129,0.0,228.54639254510022
2075,129,0.10441515675057265,259.994620925746
2076,129,13.833642873926875,260.00517123128856
2077,129,0.0,259.89978524211045
2078,129,0.0,227.70663384285425
2079,129,0.0,229.36109464801945
2080,129,0.0,193.786415931807
2081,129,0.0,195.57705834909515
2082,129,18.157173208931844,134.56352326138276
2083,129,47.54586305743261,135.09729520931535
2084,129,57.61217495599965,134.28581419467415
2085,129,56.5538187958037,133.27393643291632
2086,129,49.79075621230427,132.20845541392302
2087,129,42.01380627954854,130.67686089415082
2088,129,37.0218649144662,129.88626350520826
2089,129,32.68538038995324,129.29303072393014
2090,129,0.0,256.7276491027021
2091,129,30.95871388978421,128.9324950941965
2092,129,29.68386405725862,146.3726366070658
2093,129,30.786958083665837,128.83707252957902
2094,129,32.30103720516534,129.12939629098494
2095,129,32.277772991550655,129.5487811921977
2096,129,0.0,129.3613490064648
2097,129,0.0,193.55249863900883
2098,129,0.0,193.1616031353966
2099,129,0.0,229.38225730331573
2100,129,0.0,229.25526804714195
2101,129,0.0,217.80649983127188
2102,129,0.0,259.7478050475213
2103,129,0.0,227.541347912122
2104,129,0.0,228.88060409274237
2105,129,0.0,194.1560148471762
2106,129,0.0,195.66674584890438
2107,129,11.052743866462158,133.58270662765815
2108,129,41.48368509820099,134.03444522364563
2109,129,53.04283791147046,133.16666602736876
2110,129,52.39802507370185,132.03240690339092
2111,129,43.431418664923996,130.19998950168238
2112,129,36.74151501066596,129.06378054394168
2113,129,32.75312950510562,128.72220867406767
2114,129,29.30794007846736,128.34947110330677
2115,129,30.334821003090845,128.46523129254788
2116,129,30.643937256103957,146.14660833232497
2117,129,31.95526238270154,128.65627753372732
2118,129,36.486055131938976,129.44720857911219
2119,129,65.64102802682359,134.35842765942346
2120,129,49.27516343425858,131.56456278842236
2121,129,33.04646350615692,146.7827364179193
2122,129,23.194675304370403,259.30519640972034
2123,129,30.535150937761053,125.44084799759209
2124,129,42.49192445859195,125.26551313352941
2125,129,41.76976116322448,125.00078874375714
2126,129,19.524989834843527,258.8307136397356
2127,129,21.047651906692654,258.92044142566795
2128,129,0.0,192.8496584372379
2129,129,0.0,195.67860665867028
2130,129,33.73727904511679,136.17259743432118
2131,129,94.1823739024633,139.35406284629642
2132,129,111.74100958242892,139.59866339343455
2133,129,67.91344047189685,133.1879986395444
2134,129,58.80387706995402,132.12151852907206
2135,129,50.20540176820687,130.5290084059763
2136,129,38.63096907735356,129.0978248925867
2137,129,33.43001431900199,128.37459624092094
2138,129,29.441383250779502,127.99962795077921
2139,129,29.332359904452968,145.79270530917583
2140,129,28.343136295448673,145.54464339881494
2141,129,29.437290682714227,127.95195175295731
2142,129,11.347538982196196,128.7726168652225
2143,129,38.24341302479163,133.42865689935206
2144,129,22.147107116220916,131.60328061317156
2145,129,0.0,194.17423259869338
2146,129,0.0,193.24618046691708
2147,129,0.0,192.80945247148904
2148,129,0.19748064039902363,259.2282484946307
2149,129,0.0,258.78992068118026
2150,129,0.0,191.88127368716965
2151,129,0.0,192.18289644536938
2152,129,0.0,193.23246513763502
2153,129,0.0,196.54527990496163
2154,129,15.493331141694194,137.4389506345004
2155,129,70.91326746229412,140.23346463382208
2156,129,110.84393926931396,140.91391903238
2157,129,65.91220825749998,134.03946518926074
2158,129,55.938033283690636,132.4799839523603
2159,129,48.103717306331475,131.1486524697582
2160,129,39.43859775318479,129.97462370897605
2161,129,33.42396965082113,128.88774141838715
2162,129,47.95192944284653,128.5741148151891
2163,129,51.750998598179955,128.42964046762103
2164,129,29.437966487280345,146.1567934088663
2165,129,29.839546718319326,146.27984079146134
2166,129,12.764161808638725,147.17690982597836
2167,129,39.95227357152292,134.23685741019747
2168,129,31.74273573256886,133.09661301544614
2169,129,0.0,194.98413665909433
2170,129,0.0,193.7226088147142
2171,129,0.0,193.0285656820675
2172,129,27.321798690778433,242.0103714132886
2173,129,24.1425546208138,126.8288025770962
2174,129,0.0,259.07437408688645
2175,129,0.0,192.3537370039714
2176,129,0.0,193.7730130269927
2177,129,0.0,196.89870026622586
2178,129,4.621453473548457,137.0454952543369
2179,129,60.87167737176226,139.58106521719853
2180,129,102.92249334374087,140.51421838246048
2181,129,64.43340718277898,133.8620206378258
2182,129,58.58389080584444,132.9279338656662
2183,129,47.213842928076346,131.02074085870754
2184,129,55.04218525080267,129.48740919333173
2185,129,54.29208385182208,128.45426090060275
2186,129,29.488721034494525,145.89964426686396
2187,129,28.43353369184845,145.52699225365532
2188,129,27.303207201174963,145.1980617007949
2189,129,28.168831426199,145.65014138010432
2190,129,10.368988119823584,146.42181905593134
2191,129,37.32548664306333,150.62830271356407
2192,129,38.155565393683155,150.4916866563274
2193,129,0.0,195.26106150447137
2194,129,40.94130477454836,129.922953123887
2195,129,31.900100788276728,128.53515549357732
2196,129,49.15677569769357,127.7754243209186
2197,129,48.79471575783444,127.72185426172578
2198,129,38.516363656983785,127.95489679717845
2199,129,31.927417996064467,128.43553223067798
2200,129,25.12673451058391,148.146101626834
2201,129,0.0,197.0510069367903
2202,129,17.83229117333235,138.0383265868115
2203,129,70.32357712081162,139.759188018411
2204,129,109.56198384312366,140.46335040498906
2205,129,70.32746272957041,134.2846645952604
2206,129,65.02666315398196,133.69027699500134
2207,129,54.558967324610634,132.16248590898593
2208,129,66.73016424641433,130.67198004295892
2209,129,60.22545949907301,129.56562295643408
2210,129,36.07494544317785,146.68797328854328
2211,129,31.00610248984926,146.28668260748594
2212,129,30.607985910359975,146.1864315323447
2213,129,23.658350496804157,146.12284818800217
2214,129,14.884078386570845,147.06788308760665
2215,129,41.60969174801463,133.847823725558
2216,129,40.483272259863746,133.09256619003463
2217,129,0.0,195.92013182814293
2218,129,47.33858213264479,131.13591337058762
2219,129,38.44273825331804,129.81333446954756
2220,129,37.681298118870295,129.5432517554811
2221,129,36.468962914495584,129.42881017193244
2222,129,32.519519360236515,128.9318918822274
2223,129,0.0,193.5582544485731
2224,129,0.0,194.1772632438143
2225,129,0.0,197.25733955499942
2226,129,5.218617270321952,137.23475595507531
2227,129,62.62778788326366,140.37642908109112
2228,129,101.66848934249606,140.92848573884876
2229,129,63.189581969112034,133.97716194219186
2230,129,56.39681665216919,132.46014197780258
2231,129,49.63558973319324,131.6437968359389
2232,129,40.889568172546674,130.3802311886784
2233,129,51.201828772619045,129.56180949350636
2234,129,30.815003979120405,128.6039172583949
2235,129,29.16618516639302,128.26428794743728
2236,129,29.670998480545695,128.29371258263183
2237,129,28.82059265365165,145.8870177237334
2238,129,9.141547502032298,146.3820135147088
2239,129,26.343490471894167,129.16009245076006
2240,129,0.0,193.5569136149707
2241,129,0.0,193.3827988678084
2242,129,0.0,192.83343816287018
2243,129,0.0,229.2813266127069
2244,129,21.767074639854687,260.14841467425526
2245,129,17.432128333090816,259.8414980089204
2246,129,0.0,259.6998309277734
2247,129,0.0,227.27626533619076
2248,129,0.0,228.433205527429
2249,129,0.0,194.16823780714833
2250,129,0.0,195.39463562972617
2251,129,0.0,132.71503502861984
2252,129,36.825286450943786,134.0503195755637
2253,129,57.18649365552526,132.96529620390544
2254,129,50.498252416793036,131.73918765947045
2255,129,32.93538491852451,130.6532970089563
2256,129,35.62298825338424,129.4095874682349
2257,129,30.67527515239741,128.6317990865888
2258,129,28.435773638726356,128.18996656037328
2259,129,26.920499616756697,127.67440109379355
2260,129,26.509617366243113,127.48813087796046
2261,129,27.693309128554787,145.7135664001752
2262,129,30.139372734426658,128.40934389241642
2263,129,23.544965413042704,128.59351049524003
2264,129,0.0,193.0676303316722
2265,129,0.0,192.73318013458422
2266,129,21.78471947593219,259.02135144518246
2267,129,40.36247974234554,259.4378466147609
2268,129,38.93471033119557,259.300456288685
2269,129,15.180311727993722,259.1885720897242
2270,129,14.113566752455304,259.0294724542402
2271,129,0.0,259.0199595556092
2272,129,0.0,259.5219902572826
2273,129,0.0,193.775436272116
2274,129,0.0,194.93207624421643
2275,129,0.0,132.24085618983827
2276,129,38.97363869565006,133.00317590237725
2277,129,47.7732516691393,132.47193999374363
2278,129,51.84372145092907,131.37457404165553
2279,129,42.52116111553445,129.83724789514173
2280,129,36.892269056156884,129.20373819509769
2281,129,31.33196317047524,128.5764155133139
2282,129,28.05776168491727,128.14422569239503
2283,129,26.395243780141104,127.8353685256055
2284,129,25.84114192468153,127.68817934188131
2285,129,25.59654131980513,127.52738422564447
2286,129,27.615524299643965,128.28276065824883
2287,129,15.889143719573454,146.33463061041212
2288,129,0.0,192.9310868805439
2289,129,25.481802558080723,259.4576586666521
2290,129,21.937193037480288,259.02319179304953
2291,129,17.812092690380933,259.4388140587765
2292,129,38.955789522490754,144.92712014816166
2293,129,37.63986198338091,144.67494417744481
2294,129,13.316723615358574,258.97839354413605
2295,129,0.0,259.0321054877494
2296,129,0.0,217.23812770975232
2297,129,0.0,193.78090827468566
2298,129,0.0,194.91050858495026
2299,129,0.0,132.6168748535199
2300,129,59.888194800624596,133.99414072212954
2301,129,58.77383565644095,133.41162020693142
2302,129,51.680333909473816,132.03751390494955
2303,129,44.14902238142352,131.09709205869623
2304,129,38.34066254618307,129.9935022211921
2305,129,36.88008410862993,129.1366687821347
2306,129,29.42675681361204,128.5506103522991
2307,129,29.308658853218915,146.10806624946377
2308,129,29.19645589690058,128.45395739176863
2309,129,30.684831978706043,146.26938197940115
2310,129,15.735054119777946,147.45474595552355
2311,129,36.89271109473647,133.5398757194678
2312,129,14.171319117990366,130.88871248918187
2313,129,0.0,193.52035905543735
2314,129,0.0,192.6591037096361
2315,129,0.0,192.23243517042977
2316,129,0.0,261.99567470537175
2317,129,0.0,258.63163637837556
2318,129,0.0,191.79179886131985
2319,129,0.0,191.95366331673034
2320,129,0.0,193.03693250474663
2321,129,0.0,196.2930136077471
2322,129,0.0,134.83882476549292
2323,129,54.543834223625836,137.8564389474214
2324,129,88.4480937876937,139.43307746753266
2325,129,63.0266373973056,133.32238291333303
2326,129,56.29961807457592,131.92401641566542
2327,129,57.14435684668786,130.48317089813648
2328,129,38.010667512098166,129.19920432429862
2329,129,55.57369307673632,128.555784361928
2330,129,51.60372121392473,128.02142145290523
2331,129,27.962068805027272,145.55553887624657
2332,129,28.251383780170272,145.6034522449724
2333,129,20.76706145912921,145.68666323973594
2334,129,11.496487731482517,146.288956647262
2335,129,32.085563644182045,132.07256090054955
2336,129,14.438774505469182,130.2224947729826
2337,129,0.0,193.8389978268958
2338,129,0.0,192.88633667700142
2339,129,0.0,192.39048059643315
2340,129,0.0,192.5761800806265
2341,129,0.0,192.68931626317408
2342,129,0.0,192.32435312355787
2343,129,0.0,192.3099505989024
2344,129,0.0,193.49725812198386
2345,129,0.0,196.51941182554145
2346,129,0.0,134.36259383030915
2347,129,41.52405939341413,137.31320799166545
2348,129,69.0445076727464,138.89819161755943
2349,129,59.61937881195251,133.42524609191742
2350,129,54.45393628577588,132.4936208647406
2351,129,45.34999518660103,131.10578043721094
2352,129,36.20540952982957,129.4882268036628
2353,129,29.23552519730713,128.50808876276693
2354,129,47.812153310799395,128.17764241548835
2355,129,25.10917147225561,127.42902300207831
2356,129,25.035767869402896,145.0084260593525
2357,129,26.26171896389341,145.33241818904978
2358,129,9.664234703149685,129.1341764975741
2359,129,54.236311784534806,133.36719928674256
2360,129,15.116282590647563,149.73998972044487
2361,129,0.0,194.4442104133552
2362,129,0.0,193.22205440905483
2363,129,0.0,192.4527667056592
2364,129,0.0,259.06972687906995
2365,129,0.09646439242323376,258.95418585543564
2366,129,0.0,192.21324731532684
2367,129,0.0,192.53598637406552
2368,129,0.0,193.8190949654969
2369,129,0.0,196.88390022095712
2370,129,14.638954147125682,135.3272955142577
2371,129,61.44654972453895,137.5722578763926
2372,129,94.71414039087767,138.11328080983407
2373,129,59.59731530745895,132.5854200611614
2374,129,55.461096724407604,131.54940457841883
2375,129,45.938546765138256,130.12542731875965
2376,129,36.75849893457921,128.89543467368728
2377,129,30.868058396849264,128.17185606465787
2378,129,28.81531958383514,127.76984901006894
2379,129,28.25776413934371,127.77414586493754
2380,129,28.059464753079222,145.46500598241758
2381,129,29.933780413182454,145.82692191995167
2382,129,12.841080450910582,128.94102179932312
2383,129,31.11932628829965,132.07786761836456
2384,129,13.23896342452822,130.6878191128666
2385,129,0.0,194.15860365968135
2386,129,0.0,193.48673488187748
2387,129,0.0,192.93084913633925
2388,129,0.0,192.76245836538178
2389,129,0.0,192.45547671790655
2390,129,0.0,192.22306728544217
2391,129,0.0,192.213303557315
2392,129,0.0,193.0798449650337
2393,129,0.0,195.8371187159932
2394,129,0.0,134.48931281438774
2395,129,46.872606092845416,137.72407171714178
2396,129,96.76183721267134,139.583350514063
2397,129,62.20001644845706,133.732474767416
2398,129,56.88153586270554,132.86649400080816
2399,129,50.23117839149539,131.6850287255566
2400,129,43.091331456364365,130.43705656361786
2401,129,35.62844884488713,129.40924560362194
2402,129,31.786271596284028,146.33190096972191
2403,129,28.72584596186249,145.72555628713374
2404,129,27.44769308244164,127.69930719263684
2405,129,27.700959159362057,127.72132991222301
2406,129,16.857915020112348,128.47948371813362
2407,129,0.0,128.03055840315488
2408,129,0.0,192.55604524539146
2409,129,0.0,192.15903322253877
2410,129,15.857405692100055,259.1969672156458
2411,129,14.369540459102197,258.9465752333057
2412,129,12.185506783187101,258.7979440976081
2413,129,9.721766080329347,258.5347290024679
2414,129,0.0,258.52265196688205
2415,129,0.0,258.6546001819784
2416,129,0.0,226.19167713040747
2417,129,0.0,192.82888728672486
2418,129,0.0,193.78787858258627
2419,129,0.0,131.5546669103541
2420,129,32.75385236007795,133.27971263643155
2421,129,32.356382197154694,132.5760612618428
2422,129,50.586933114919496,131.70675567644864
2423,129,39.46514283090516,130.6121833276008
2424,129,36.014748387301495,129.0339368028376
2425,129,31.284551357393198,128.28075158993244
2426,129,28.312582028107713,127.64478177633667
2427,129,25.902979263984154,126.92359387856541
2428,129,25.174510161460848,126.84328500146546
2429,129,24.864407338245602,126.835953529336
2430,129,26.83478231397527,127.32981053076786
2431,129,8.497956450396112,127.06337473600354
2432,129,0.0,192.74909496185367
2433,129,0.0,192.6143038980018
2434,129,0.0,228.77432775259743
2435,129,18.11021421559169,259.44022943774127
2436,129,16.12060285135034,259.2130835811469
2437,129,35.74855637388219,258.93738701900816
2438,129,12.074396441460433,258.7874901928841
2439,129,0.0,216.59893070858527
2440,129,0.0,227.36419301165225
2441,129,0.0,193.35191480772875
2442,129,0.0,194.54676568631436
2443,129,0.0,131.87090177287186
2444,129,36.39751114512077,133.25349625783286
2445,129,35.41196768854118,132.88185125745403
2446,129,45.94181098450544,131.76424422349547
2447,129,40.8488335240884,130.32877567350798
2448,129,33.37902248791973,128.88161080324323
2449,129,29.355180718647336,127.66386134958391
2450,129,27.22676285003933,127.13618292430343
2451,129,26.110655345567807,144.47943118694462
2452,129,25.162233579261308,145.1101291230692
2453,129,26.521724300893236,144.59648209953758
2454,129,31.56251388387975,146.3728268534944
2455,129,44.554206498138825,149.27852228095588
2456,129,0.0,194.3446785779997
2457,129,0.0,193.3031585396226
2458,129,21.25816124798689,259.1838414137495
2459,129,16.753969851349083,258.60320972451
2460,129,16.01665695203813,258.54087774129243
2461,129,33.83157038311565,258.38515172642605
2462,129,14.680154819031785,258.37904068268733
2463,129,16.0647025208882,258.39052399003293
2464,129,0.0,192.14693548395553
2465,129,0.0,194.51742121552695
2466,129,0.0,131.3473704182156
2467,129,53.02121469556956,134.5365437527465
2468,129,92.8410834251128,136.95259910560594
2469,129,61.931746242376626,132.24236632625343
2470,129,57.64861992097696,131.57056187455183
2471,129,46.3987083665002,130.22026937069703
2472,129,36.273219079746866,128.9426631232508
2473,129,30.618081372841125,128.32214291742045
2474,129,28.199687061878045,145.49974623566234
2475,129,26.630317311922404,145.3252640059099
2476,129,27.18068268241021,145.5083753924138
2477,129,21.00723438275795,128.01197899797492
2478,129,12.763020436953099,129.14328704980497
2479,129,22.839118759365213,132.1489655190569
2480,129,0.0,129.60471308016182
2481,129,0.0,192.76389973279527
2482,129,0.0,191.91661905527482
2483,129,0.0,191.57191324873725
2484,129,0.0,191.57377505337251
2485,129,0.0,191.5683155371482
2486,129,0.0,191.45346053539748
2487,129,0.0,191.63473071326916
2488,129,0.0,192.6954882193806
2489,129,0.0,195.46375116232204
2490,129,0.0,245.79682448813452
2491,129,32.31890826537408,135.7870775531957
2492,129,68.12036179686591,138.60537298098814
2493,129,58.42862408558239,132.96059142422345
2494,129,51.8433294688594,132.4390966594678
2495,129,44.84847041613676,130.97289610686389
2496,129,35.754751670155045,129.53796234539416
2497,129,29.92578712048785,128.4915899762331
2498,129,26.282929795479625,127.72485397594153
2499,129,24.790318967801337,127.23101990605346
2500,129,25.021673089961595,127.27125503449138
2501,129,26.237769635541497,127.79294996581866
2502,129,30.666353235563133,128.4831559086864
2503,129,32.53211502424507,131.06338172662535
2504,129,0.0,243.06631018377976
2505,129,0.0,192.79090393636264
2506,129,0.0,192.04996014363977
2507,129,0.0,258.35768478556554
2508,129,0.0,261.5949484427189
2509,129,0.0,191.67441814080397
2510,129,0.0,191.64808801041283
2511,129,0.0,191.8551028848712
2512,129,0.0,192.95136098384907
2513,129,0.0,195.39342519284426
2514,129,0.0,245.44744088504876
2515,129,25.20888191780664,134.74138096592833
2516,129,84.63500004733483,136.89816432856873
2517,129,54.5759869029259,132.11424140304894
2518,129,49.874688124353526,131.71208234653318
2519,129,42.160873211064086,130.58140718544445
2520,129,34.19043803736496,129.4725374502015
2521,129,29.53312166064969,128.82265243750845
2522,129,26.62190290062741,145.37461256848403
2523,129,25.36903508556717,127.23407820221314
2524,129,24.86228077340231,127.15433685677141
2525,129,26.199621872095264,127.6654048979487
2526,129,9.353687567517428,129.28467259409
2527,129,33.71185448629481,132.7291620443628
2528,129,0.0,243.40151019082828
2529,129,0.0,192.98099730946228
2530,129,0.0,192.38428550686604
2531,129,0.0,191.97474578633293
2532,129,0.0,261.9333452400503
2533,129,0.0,191.67822665170775
2534,129,0.0,191.64553251178737
2535,129,0.0,191.7946710464982
2536,129,0.0,192.69114714439144
2537,129,0.0,195.0717549628973
2538,129,0.0,132.7694684300497
2539,129,26.590262593231675,134.7736885399062
2540,129,87.22283094827007,137.75750829065393
2541,129,58.741352403421196,132.83031440772757
2542,129,53.302001621461,132.18887963201607
2543,129,45.46978997823729,130.83698389126954
2544,129,37.08446269053795,129.56650489066465
2545,129,30.96028304947389,128.7027816094999
2546,129,29.123569196565004,128.08080559507744
2547,129,27.818487898687817,145.57867695748192
2548,129,25.735287545487992,144.94664481057805
2549,129,25.59117730941765,144.91529980162397
2550,129,22.681825141752835,128.67453195335378
2551,129,18.150634543186,131.48833891132188
2552,129,0.0,150.80801797813157
2553,129,0.0,193.19490246229532
2554,129,0.0,192.33847226078183
2555,129,0.0,191.85863958150355
2556,129,0.0,191.80411710838686
2557,129,0.0,191.57652797756572
2558,129,0.0,191.46606383702917
2559,129,0.0,191.50584922293746
2560,129,0.0,192.39814598232408
2561,129,0.0,194.99222948025047
2562,129,0.0,132.59257107958388
2563,129,17.595240338883322,134.7077708172693
2564,129,51.36086987623566,137.26915570376218
2565,129,52.052371178929306,132.85677795897456
2566,129,48.8118013762006,132.0329992381246
2567,129,34.68685380481873,130.86886318851072
2568,129,36.59595831535262,129.95347655498074
2569,129,32.71437772339985,129.0818528647084
2570,129,28.738912750668273,128.18517069021723
2571,129,26.660598245387508,127.42042329664666
2572,129,26.06609584053632,127.3189738031906
2573,129,25.446929507500922,127.35770107696572
2574,129,25.782477467964597,127.91066660171552
2575,129,0.0,241.86975018629866
2576,129,0.0,192.35252683220386
2577,129,0.0,191.94968445437257
2578,129,0.0,228.038175823505
2579,129,0.0,227.73749928624449
2580,129,0.0,227.84125131479027
2581,129,0.0,216.71127610680156
2582,129,0.0,258.86506857200334
2583,129,0.0,227.8903358434079
2584,129,0.0,227.3430703539545
2585,129,0.0,193.11324621852594
2586,129,0.0,193.86685322272044
2587,129,0.0,130.5187172278572
2588,129,23.410318984701583,132.14587463118292
2589,129,28.8368393999205,131.96330845331286
2590,129,38.731450813259926,131.27677899340947
2591,129,41.19057493921868,130.59640329517
2592,129,34.44187180701428,129.55801905091607
2593,129,29.292554283714313,128.60057087333072
2594,129,26.922298355035394,145.40275767258203
2595,129,24.365241818259292,126.93162332160574
2596,129,23.95039945145154,126.7890829263711
2597,129,24.37133580980763,126.9322678904698
2598,129,24.936721626657633,127.3864952528621
2599,129,0.0,241.82393619876106
2600,129,0.0,192.70206113349104
2601,129,0.0,192.59166217464724
2602,129,0.0,228.12575073801483
2603,129,0.0,259.39912139353703
2604,129,15.545977996526824,259.3239907698053
2605,129,13.993591695073016,259.096938502041
2606,129,13.746356959205157,259.03053836771994
2607,129,0.0,228.1920830913427
2608,129,0.0,227.49040479771827
2609,129,0.0,193.7399491102789
2610,129,0.0,194.5644211791301
2611,129,0.0,131.8942367483896
2612,129,41.71118568489752,133.2145659376644
2613,129,56.19651101555889,133.1691932266161
2614,129,48.94307574484453,132.12996853449488
2615,129,39.41919576824985,130.32753764387178
2616,129,32.01101911438033,128.77816543763595
2617,129,27.71068562313508,128.25548070029492
2618,129,25.781594596712296,127.74088097184433
2619,129,24.704635287920496,127.36732796264383
2620,129,3.3735064386180795,127.68327184615896
2621,129,5.471926076056278,128.27297616310352
2622,129,30.242082986205155,128.84633129164015
2623,129,35.23092575454226,131.26806903079782
2624,129,0.0,194.4555354566798
2625,129,36.27338940488833,147.0431083244046
2626,129,31.051690538909998,260.26270733301953
2627,129,29.054736962581384,259.9783924073956
2628,129,51.30822798789626,128.16395893296027
2629,129,26.625791899134654,259.60072036363437
2630,129,23.580182550481087,259.30566013416336
2631,129,0.0,192.70552354554792
2632,129,0.0,193.2087967937267
2633,129,0.0,195.48850992915763
2634,129,0.0,133.79816472274192
2635,129,30.244484641635566,135.99478318894637
2636,129,70.02384626912053,138.33675221577892
2637,129,53.43425756326284,133.1628139420251
2638,129,52.331116340023506,132.05562097953216
2639,129,40.924799274117674,130.2630227925583
2640,129,33.04956190823288,129.09696784823745
2641,129,29.07354502236943,128.4103276101939
2642,129,27.192471468250638,127.92269847291513
2643,129,27.58547374615066,128.0378930409365
2644,129,27.368076146759037,128.087151418078
2645,129,28.821687338902056,128.3840346519498
2646,129,33.12280822314219,129.0798774183331
2647,129,35.92691013193393,131.24730163092985
2648,129,0.0,242.75135505709775
2649,129,0.0,192.72840415309395
2650,129,0.0,191.87914231489773
2651,129,0.0,191.6877967215432
2652,129,0.0,258.4121301988289
2653,129,0.0,261.5063219069232
2654,129,0.0,191.3706478804293
2655,129,0.0,191.54710712206227
2656,129,0.0,192.49851045457027
2657,129,0.0,194.76203087070462
2658,129,0.0,244.88805620726458
2659,129,24.751105135104623,135.09186652423594
2660,129,82.13655169173272,138.5787502684121
2661,129,60.81834993569381,133.65807773507666
2662,129,56.62674222121847,132.62826913640225
2663,129,46.901234074773875,131.08956792743297
2664,129,38.11938285417328,129.80377667005376
2665,129,32.85430963907013,129.07679190161687
2666,129,30.06650459810541,128.59933473825913
2667,129,51.395864246601406,128.52232214315
2668,129,27.87324877034405,128.17054083531846
2669,129,30.195664925677317,128.7632981607722
2670,129,9.180225341566192,129.29586146191576
2671,129,11.627138652348291,131.44581196057396
2672,129,0.0,242.6694187680155
2673,129,0.0,192.550810877972
2674,129,0.0,191.91720922444694
2675,129,0.0,191.5625183682336
2676,129,0.0,191.41476326951445
2677,129,0.0,191.28054653572195
2678,129,0.0,191.44230499872657
2679,129,0.0,191.6299069429744
2680,129,0.0,192.7005995248595
2681,129,0.0,194.8746425462182
2682,129,0.0,133.24195265297223
2683,129,25.211202395721827,136.21554178562147
2684,129,68.51774075445276,138.972307190589
2685,129,61.315592619862855,133.88349349791085
2686,129,56.33288332232894,132.8719708367056
2687,129,46.37335142984525,131.31860695706115
2688,129,37.776999724792724,130.2045332283723
2689,129,32.76799433991589,129.2355403025827
2690,129,45.2459303706147,128.6186176601553
2691,129,28.681963102486353,128.38228163424807
2692,129,27.634182101064955,128.2164282676474
2693,129,29.53544566044621,128.47341117893833
2694,129,8.246826408002278,146.8546261548893
2695,129,34.391487688322,131.38101008337168
2696,129,0.0,193.75742098359328
2697,129,0.0,192.58492246750856
2698,129,0.0,192.1320698343496
2699,129,0.0,191.85945612992606
2700,129,0.0,191.97518476600078
2701,129,0.0,191.7215896106029
2702,129,0.0,191.52763377697255
2703,129,0.0,191.7565621504277
2704,129,0.0,192.61428805677392
2705,129,0.0,195.17582694361667
2706,129,0.0,132.84641987006677
2707,129,21.101404757296624,135.0071035595754
2708,129,65.01537420666426,138.47407318384631
2709,129,59.40168423305026,133.17958011298018
2710,129,56.14801866103973,132.64157289471223
2711,129,48.6251142401146,131.46002055871745
2712,129,39.99730223667287,129.90929786374343
2713,129,34.205052181107526,128.91498987924922
2714,129,30.2294630056915,128.15300999310904
2715,129,28.709350922351028,127.87173176759376
2716,129,26.99004552684744,127.64795139921281
2717,129,27.95589979883704,145.58553356999653
2718,129,30.757328541757943,128.74613852429582
2719,129,28.84441830584647,149.23639647126097
2720,129,0.0,130.18287204960757
2721,129,0.0,193.5132628521125
2722,129,0.0,192.70096019523754
2723,129,0.0,192.401276495947
2724,129,0.0,192.3994551506231
2725,129,0.0,192.10176068740265
2726,129,0.0,191.85083718814911
2727,129,0.0,191.82334251955663
2728,129,0.0,192.63159650530972
2729,129,0.0,195.11820002792325
2730,129,0.0,196.24660517149118
2731,129,16.439803868956748,135.13998910751894
2732,129,55.400067446260046,137.49208091778192
2733,129,51.736672936626334,132.7480238779025
2734,129,47.73713704434177,131.80784750223413
2735,129,43.03588499661605,130.85549508597572
2736,129,36.88187022499818,129.93672569013415
2737,129,31.444783777132884,128.93082466734944
2738,129,28.084616876371452,128.3071047785275
2739,129,27.090107013360377,128.24124850256928
2740,129,27.9724689415113,128.288096358519
2741,129,26.522625987179982,127.95800522803363
2742,129,17.5867666829551,128.31214909534987
2743,129,0.0,128.05749055776275
2744,129,0.0,192.5390905886524
2745,129,0.0,192.23269221351725
2746,129,0.0,227.72959141193033
2747,129,0.0,226.16823427549824
2748,129,0.0,259.1571047469309
2749,129,0.0,259.2551044076214
2750,129,0.0,259.22461559466313
2751,129,0.0,225.87400961016291
2752,129,0.0,227.7309204083175
2753,129,0.0,193.87607617673933
2754,129,0.0,194.46766891173783
2755,129,0.0,131.67397286502842
2756,129,21.269609955249628,133.04491211825027
2757,129,33.017010975835774,133.14596443600658
2758,129,51.569543995135774,132.54310682675904
2759,129,37.840686788773944,131.4836548753018
2760,129,37.3184596491611,130.05583825843118
2761,129,33.0099710246349,129.50582176314353
2762,129,28.80823551350117,128.63520023155488
2763,129,27.275722223538995,127.75211889089555
2764,129,26.20994130144872,127.37751856217227
2765,129,27.186834232311796,127.62142279995334
2766,129,23.801076883828305,144.92486395244748
2767,129,0.0,259.0212893438555
2768,129,0.0,192.00573807751792
2769,129,0.0,191.7995325239436
2770,129,0.0,258.99632813598976
2771,129,13.530225547332277,259.01284739267106
2772,129,13.211745057016767,258.96543006947
2773,129,11.04290719444162,258.8002758493274
2774,129,11.64724883496864,258.8988293340494
2775,129,8.752419360299566,258.9602366640193
2776,129,0.0,227.25734468061248
2777,129,0.0,193.2546265917255
2778,129,0.0,193.9469332637569
2779,129,0.0,194.70528503728156
2780,129,25.22059836227294,133.32540127999465
2781,129,60.29060764047179,133.80226184303467
2782,129,44.688884524954304,132.293690465749
2783,129,19.424318816030812,130.4504853108306
2784,129,36.8877310647919,129.4899963512858
2785,129,32.817237162835184,128.91920208536763
2786,129,29.096897928717112,128.3004636410833
2787,129,26.823467520397525,127.35624040244195
2788,129,26.138244947246058,144.8755883626007
2789,129,25.152032949459468,144.44657334992468
2790,129,21.16952710358471,144.18834037590378
2791,129,0.0,192.0123113186925
2792,129,0.0,191.85328226119913
2793,129,16.743915861228253,258.52028730167484
2794,129,13.430638762663042,259.015850874853
2795,129,23.701999811467704,258.9894863452851
2796,129,35.131624339605686,144.20117309957564
2797,129,33.133051665192134,258.7530478857537
2798,129,0.0,258.8915800716354
2799,129,0.0,258.93124244432494
2800,129,0.0,259.3678438783006
2801,129,0.0,192.90245791717206
2802,129,0.0,193.57211188042243
2803,129,0.0,194.40287938194828
2804,129,34.07342748147503,132.70652845382367
2805,129,59.24674952793215,133.63169024590107
2806,129,52.927067429119596,132.57647024776682
2807,129,43.364476252003946,130.92067653095773
2808,129,35.608139801466706,129.7247087406674
2809,129,30.849667776358565,128.88120932989898
2810,129,27.463850212490954,128.21145141800312
2811,129,26.49841947332234,127.93934380515509
2812,129,25.87515907543524,127.82615567070333
2813,129,5.035751424495798,145.6615303486379
2814,129,5.352253361890498,146.24660022612224
2815,129,22.454877224178986,129.8868213966073
2816,129,0.0,192.76555934572488
2817,129,0.0,192.00281301402805
2818,129,0.0,258.25219561913906
2819,129,13.897583594386306,258.03109224552867
2820,129,12.751308117794014,257.9685953733387
2821,129,12.74822608732682,257.97179353065667
2822,129,5.8551537094658315,257.8412260004335
2823,129,0.0,191.16424054991592
2824,129,0.0,191.9050530066767
2825,129,0.0,193.95626195463404
2826,129,0.0,194.9199722707342
2827,129,15.648073266555956,134.19472467886263
2828,129,61.3249467155772,137.15541800543932
2829,129,62.53975985335741,133.2016200449358
2830,129,55.92731288461756,132.16008642911925
2831,129,45.81967076301397,130.5795420938009
2832,129,35.531129835978895,129.01792974066507
2833,129,29.973561433068717,128.3692476984134
2834,129,27.498827869017365,127.65332515023414
2835,129,26.07851348410854,127.0755268004104
2836,129,25.115809064800747,126.62903138792464
2837,129,26.946701706087318,127.19625277280272
2838,129,17.9321830642959,127.77866060899429
2839,129,15.056695977730065,128.817242281494
2840,129,0.0,192.65759565379653
2841,129,0.0,191.92298501686253
2842,129,0.0,258.13757679667236
2843,129,10.724837846669095,257.8291131425139
2844,129,10.65530994628873,257.8260976616425
2845,129,8.82984183930557,257.7027854926511
2846,129,2.2268033415047763,257.8594675984459
2847,129,0.0,191.1973499029293
2848,129,0.0,192.03213274787853
2849,129,0.0,194.21619160648362
2850,129,0.0,195.30772208707717
2851,129,10.266197911820493,133.09113749807273
2852,129,54.091297841962316,135.5346050049319
2853,129,55.673292568437226,131.95491443283603
2854,129,51.34829720979813,131.4259792240451
2855,129,43.829558797737384,130.37656014955786
2856,129,35.173213203957445,129.09633689065524
2857,129,30.276322027588904,145.8703692258451
2858,129,26.858286711730965,127.22888141144534
2859,129,24.859910761715188,126.65184302367058
2860,129,24.274271514519054,126.55153379683681
2861,129,26.145377612918125,127.20937093001902
2862,129,15.811887265165806,127.5874460645156
2863,129,14.83776634316628,128.90097613581025
2864,129,0.0,192.69211431427127
2865,129,0.0,192.02911301053825
2866,129,0.0,258.2134715011972
2867,129,11.267915401835575,257.932530741011
2868,129,11.596797887835224,257.9727003896441
2869,129,10.167169278335384,257.81501307585677
2870,129,1.1391614098948348,257.6781756463515
2871,129,0.0,191.0979530683567
2872,129,0.0,192.18758790981
2873,129,0.0,194.94785182866374
2874,129,0.0,196.11376811201424
2875,129,15.27457645034933,134.6671281112775
2876,129,53.988634492037214,136.69238991934012
2877,129,46.778651289286195,132.45714889338868
2878,129,49.26760874178665,131.97443423510023
2879,129,43.39043060044166,130.731666346501
2880,129,37.09694179694984,129.6977406460495
2881,129,31.762578981498688,128.8697202963345
2882,129,28.341086918532536,128.4362986503484
2883,129,26.09835514442826,127.7404948326236
2884,129,24.51309955892962,127.41373391772451
2885,129,25.119709158461728,127.68912194082604
2886,129,24.442354829178427,146.02357410558875
2887,129,23.423059489250527,130.55775595229332
2888,129,15.615229712788345,194.04936378687276
2889,129,30.097445393960317,146.70748624735165
2890,129,25.10585020894162,128.09299755844341
2891,129,34.32788167481898,126.49371412721212
2892,129,47.85243982900153,127.91680244992156
2893,129,45.52608820813157,127.39277515278175
2894,129,19.31697465616604,258.9973273546706
2895,129,0.0,258.99091205262806
2896,129,0.0,192.79025519359905
2897,129,0.0,195.137772117221
2898,129,0.0,196.02421899320998
2899,129,7.557416472363503,133.40516146784333
2900,129,54.80701817151512,136.67038268829955
2901,129,48.43015713195038,132.7850312304193
2902,129,50.34157874553453,132.13149942855236
2903,129,43.31755015306723,131.0537825440996
2904,129,37.218470695282754,129.9983091697072
2905,129,31.654775308026906,128.82316883104693
2906,129,28.039219406079347,146.02817558328226
2907,129,26.785292378076253,127.702887649694
2908,129,27.221627285028724,127.59354137898468
2909,129,26.183434581598082,127.28072080036587
2910,129,20.248019503092358,126.75611639808216
2911,129,0.0,191.79496862257054
2912,129,0.0,191.71513043695353
2913,129,0.0,191.6374587711443
2914,129,0.0,258.99422007129175
2915,129,12.63039419643801,258.8121958055115
2916,129,12.504283039194267,258.8220982973347
2917,129,12.079306976549342,258.8043510756116
2918,129,0.0,258.8589631472662
2919,129,0.0,259.1183921773054
2920,129,0.0,227.98313479106642
2921,129,0.0,194.0530115117163
2922,129,0.0,194.5150152698252
2923,129,0.0,195.12794969532857
2924,129,18.91204798068627,132.21809932121943
2925,129,29.88656584999767,132.24903450611674
2926,129,46.80770071673633,131.37901805779617
2927,129,40.96515421430559,130.21365007216068
2928,129,33.341179308602676,129.09769213063552
2929,129,29.83174174743361,128.37456425504294
2930,129,27.981802877536644,127.96402877157298
2931,129,26.42380934664837,127.49294584949739
2932,129,25.02508626244678,127.01045043297803
2933,129,17.156996958835954,126.91415257854058
2934,129,19.666454529586026,126.54480947464577
2935,129,0.0,191.8526026832867
2936,129,0.0,191.80697799256046
2937,129,0.0,191.7790091407562
2938,129,9.902577958629802,216.83569866572248
2939,129,13.602667167048589,258.9949826351028
2940,129,12.625629417441212,258.8917833970211
2941,129,11.41183403625693,258.7642244692859
2942,129,11.853984711755007,258.83708776727383
2943,129,0.0,258.80213618424006
2944,129,0.0,226.68219351698616
2945,129,0.0,192.5290270599999
2946,129,0.0,193.2335974448204
2947,129,0.0,193.93049195829275
2948,129,26.445371762251156,131.17282460304213
2949,129,28.994512816760153,131.4604776182279
2950,129,24.508762285253944,130.6470378343919
2951,129,39.35496745856234,129.86665323478425
2952,129,33.25764285590901,128.75036284564086
2953,129,28.44049559251463,145.7791320820001
2954,129,25.24466035140755,145.31732386557283
2955,129,23.97058783866589,259.3840439306144
2956,129,23.487585568651678,259.40263095498227
2957,129,24.860884417586643,259.48624988773855
2958,129,21.604807399263674,259.56039013384583
2959,129,12.481538019779544,260.309873805469
2960,129,0.0,192.8771618911906
2961,129,20.22753937678166,259.01992013459414
2962,129,14.56855867490943,258.3816789367513
2963,129,12.318177460034828,258.11050666124476
2964,129,12.375861561149012,258.0320827532506
2965,129,11.588287193618664,257.96061608955887
2966,129,10.99644313988669,257.91484033392703
2967,129,12.171448820111099,258.05727159408275
2968,129,0.0,192.2547831501604
2969,129,0.0,194.7996537955684
2970,129,0.0,195.5824906566334
2971,129,25.219054534187407,132.6185936031436
2972,129,45.440799361676206,134.96432781241327
2973,129,52.29918818186182,131.3833864057079
2974,129,47.37086522911666,130.75747467577642
2975,129,38.67633060911802,129.62049940315305
2976,129,29.264341722323685,128.34487461670165
2977,129,23.49412301307188,126.55963860748226
2978,129,22.12490989838468,126.05769640659362
2979,129,21.024956814800046,125.90064594998532
2980,129,20.845523329607566,125.86614062499146
2981,129,0.0,145.05454216615226
2982,129,10.652459824373516,126.76282928104196
2983,129,8.331822633292054,128.34649715537162
2984,129,0.0,192.48832302966412
2985,129,0.0,192.04904995530268
2986,129,0.0,191.58642125487174
2987,129,0.0,191.32278989670039
2988,129,0.0,261.23024461002296
2989,129,0.0,258.0743171582889
2990,129,0.0,258.0482006693579
2991,129,0.0,258.1833517525464
2992,129,0.0,192.36361713563844
2993,129,0.0,194.90684859522153
2994,129,0.0,195.6055346340637
2995,129,22.180576575071722,132.84541964923295
2996,129,42.30178613970799,135.24924875133775
2997,129,48.712344131890234,132.0368743896269
2998,129,46.14878284499462,131.44164762563207
2999,129,38.88115842883063,130.22505953563328
3000,129,31.147586628867263,128.75773443882088
3001,129,25.874991061518585,127.66278307898754
3002,129,23.142802638048007,126.66610973345021
3003,129,22.27221137763389,126.38606488666554
3004,129,22.90015656762772,126.43942490619666
3005,129,13.45559255336968,126.67876377712336
3006,129,0.0,145.55514169246163
3007,129,8.879277327518315,146.21899105306997
3008,129,0.0,192.74060900654806
3009,129,0.0,192.02757878800347
3010,129,0.0,191.5771850187784
3011,129,0.0,191.30191246909106
3012,129,0.0,261.2360725826984
3013,129,0.0,191.08727819815488
3014,129,0.0,191.09808936903838
3015,129,0.0,191.2025253657408
3016,129,0.0,192.01872751439535
3017,129,0.0,194.13599459017706
3018,129,0.0,195.0210021388922
3019,129,0.0,133.21108717917053
3020,129,46.36178126812026,135.97166462757784
3021,129,54.018173953980174,132.38123075107387
3022,129,50.65725135545844,131.96115986687337
3023,129,42.06797012776299,130.44732710546293
3024,129,51.63349366522472,129.0433236234921
3025,129,51.38161388816691,128.46717291001033
3026,129,27.603838866457338,127.70462729680581
3027,129,25.443882418998353,126.90560143968949
3028,129,23.530568329018116,126.46373910691253
3029,129,1.482071113837106,144.38386154520992
3030,129,0.0,144.0903255774461
3031,129,0.0,145.53620495815318
3032,129,0.0,192.25103908311675
3033,129,0.0,191.86507335819812
3034,129,0.0,191.3464322179526
3035,129,0.0,191.02640103693415
3036,129,0.0,260.9483651936973
3037,129,0.0,190.86466245461273
3038,129,0.0,190.84315214933378
3039,129,0.0,191.11696020943515
3040,129,0.0,192.09526820134062
3041,129,0.0,194.43889584378067
3042,129,0.0,195.41384616023007
3043,129,7.192768955009954,132.3269265572986
3044,129,66.63125177125598,133.54584264806016
3045,129,51.98369963568692,130.7519456773546
3046,129,49.081688081388585,130.24418742466588
3047,129,42.37528801054051,129.53777803901383
3048,129,34.61754785186773,128.38974911715988
3049,129,28.61770431040385,127.68251362885566
3050,129,25.07776592995362,127.35334819223817
3051,129,23.755237625409766,127.04273944826106
3052,129,22.981921894346982,126.80879825836818
3053,129,23.40926656156359,126.9329978385047
3054,129,0.0,144.2116505220925
3055,129,0.0,128.35615255131526
3056,129,0.0,193.01302867553596
3057,129,0.0,192.35838435552435
3058,129,0.0,191.91777283379358
3059,129,0.0,191.7228928384378
3060,129,0.0,191.9161878685871
3061,129,0.0,191.8191610023691
3062,129,0.0,191.60492346291426
3063,129,0.0,191.60963905454534
3064,129,0.0,192.00099185198914
3065,129,0.0,193.87350312641416
3066,129,0.0,194.75224044257484
3067,129,0.0,244.72731815342038
3068,129,36.97504858873907,133.9443284979428
3069,129,48.29202342621129,131.495655095932
3070,129,46.65066289462337,130.96222946653066
3071,129,42.27373725945459,130.19306725772722
3072,129,35.56283302483547,129.19694879411674
3073,129,52.171106111941974,128.3312919458188
3074,129,27.493306013479586,128.00266308408152
3075,129,25.803482849337687,127.54352504973626
3076,129,23.66090468423502,126.76810636746838
3077,129,1.6092193258660965,144.56141570284626
3078,129,0.0,144.5436110351198
3079,129,0.0,191.44457495252522
3080,129,0.0,191.44273629599195
3081,129,0.0,191.29811999779795
3082,129,0.0,216.45008772371463
3083,129,0.0,258.47626333396954
3084,129,0.0,258.49799328512137
3085,129,0.0,258.4665758521721
3086,129,0.0,258.48876937400934
3087,129,0.0,227.663601638129
3088,129,0.0,227.03148823600958
3089,129,0.0,193.13069637038805
3090,129,0.0,193.68343419056265
3091,129,0.0,194.1362839274637
3092,129,6.455244323148944,130.9810174857366
3093,129,40.91182201892826,131.85917977366887
3094,129,43.87831766068409,130.93731430072185
3095,129,16.231696500374216,130.11177136443317
3096,129,32.59478091667251,129.24323270319368
3097,129,27.737731438621633,127.6671481300943
3098,129,24.44341812207231,126.70121261136019
3099,129,22.486475878103274,126.12061940794933
3100,129,21.670222895037533,125.71798659305949
3101,129,20.78016428903947,125.40997851880475
3102,129,10.5101179776367,144.51366485806994
3103,129,0.0,191.49044802114884
3104,129,0.0,191.54856739937378
3105,129,0.0,261.5473007570007
3106,129,10.822226343190522,258.8489958219079
3107,129,8.652294890733721,258.5436550157861
3108,129,30.56356772896061,258.4979760656617
3109,129,29.055738238681286,143.6494103858918
3110,129,0.0,258.5447385454216
3111,129,0.0,258.626419659194
3112,129,0.0,258.92892783766814
3113,129,0.0,192.41200777179975
3114,129,0.0,193.28970051939
3115,129,0.0,194.1383027177536
3116,129,6.0747822635096815,244.49290792410196
3117,129,26.237992410375977,131.08653830647646
3118,129,43.30281697519791,130.3522959820441
3119,129,29.7052439749834,129.23226081699391
3120,129,30.013494248446342,128.13532273607373
3121,129,24.68714242625418,126.90869390602505
3122,129,22.38977236622202,126.23184781296801
3123,129,21.9620668262454,126.06150293488582
3124,129,21.810868275057306,125.98557317226988
3125,129,21.73057494611094,125.88456057818712
3126,129,13.831629343356488,144.43487080874166
3127,129,3.823864971478422,259.84137983648554
3128,129,24.562062644318683,259.4197031399887
3129,129,19.532574666475274,258.8487398647362
3130,129,14.295229168434634,258.2637122139031
3131,129,35.71970403044916,125.73361406095674
3132,129,37.10483979452528,125.92031575648188
3133,129,24.676215788158665,125.85262480123227
3134,129,14.128885598609925,141.21327754183702
3135,129,0.0,258.4039030463993
3136,129,3.862538757300745,259.6098181765587
3137,129,0.0,195.38137283071825
3138,129,0.0,195.6660960572093
3139,129,0.0,133.36120994467123
3140,129,62.94389803666591,135.6729147992997
3141,129,52.104078078653814,132.0504689134542
3142,129,49.39969865795874,131.5379936001492
3143,129,41.38348813921177,130.27359205248612
3144,129,33.862874279013276,129.26056442240397
3145,129,27.946269558065453,127.86627571036155
3146,129,25.401224518633693,127.02361640183251
3147,129,24.068573794264058,126.71281038345755
3148,129,23.79264473632669,126.62403469804833
3149,129,7.012010434004661,126.97348850963519
3150,129,0.0,126.23349260845588
3151,129,2.011742634567143,128.01818412983792
3152,129,0.0,192.44587827160487
3153,129,0.0,258.8407137993438
3154,129,13.234219294203584,258.3061741580944
3155,129,12.400988350649992,258.0401523314761
3156,129,34.74204622819449,240.30786247059336
3157,129,11.784223190946216,257.9272962842038
3158,129,5.498629957329349,258.0430242669819
3159,129,0.0,258.25976702079095
3160,129,0.0,192.5812308071367
3161,129,0.0,195.27354081025254
3162,129,0.0,196.37254907020153
3163,129,4.843776387569675,134.29931371155192
3164,129,64.02825531976104,135.6461892478607
3165,129,46.571676209414576,131.50212166014765
3166,129,43.84573947968211,130.63992220678756
3167,129,37.589314236889265,129.76668416814357
3168,129,30.152871194766387,128.76066211068817
3169,129,25.27562172271955,127.39193887762477
3170,129,22.938788710901612,126.5615013725489
3171,129,23.085758502341452,126.47828760632152
3172,129,22.37632027907089,126.18710190244158
3173,129,1.0052454934592665,144.27400349667218
3174,129,6.221517257064183,125.71490319463851
3175,129,4.519547542619514,145.80364992849255
3176,129,0.0,192.4510304069698
3177,129,0.0,192.01124201197874
3178,129,9.738026152909395,258.43314105024064
3179,129,14.222552070491973,258.2323809285437
3180,129,14.10375414914028,258.2081761124687
3181,129,13.05957443483566,258.0786401849488
3182,129,13.45480652316835,258.17588718841995
3183,129,0.0,258.2638700068787
3184,129,0.0,192.58132301683764
3185,129,0.0,194.7376417658484
3186,129,0.0,195.40656293525228
3187,129,0.0,262.7417648495444
3188,129,37.27883259344829,135.39391254930496
3189,129,50.123856601882636,132.64828123286878
3190,129,50.69911954972377,132.34889907921098
3191,129,43.24943046744313,131.00919072578384
3192,129,33.54810915125129,129.45690644821445
3193,129,29.456203038887207,128.59936337308582
3194,129,26.00047799739807,127.13829119732195
3195,129,24.167651915750586,126.55500394179755
3196,129,22.955382222909158,126.28761225826118
3197,129,6.633803466206906,126.58422723533197
3198,129,9.855414793545288,125.00284858465912
3199,129,0.0,191.42725193857535
3200,129,0.0,191.45820281691405
3201,129,0.0,258.2405990354833
3202,129,0.0,258.7789266936956
3203,129,8.98879577510229,258.48920737013157
3204,129,8.598240142694895,258.429439562465
3205,129,8.540113907241162,258.40439061775555
3206,129,1.1139923779534726,258.43251380803065
3207,129,0.0,258.53615043353693
3208,129,0.0,227.86942858460324
3209,129,0.0,228.75267419219364
3210,129,0.0,192.89193001356776
3211,129,0.0,193.55785758275
3212,129,5.561201129432968,131.45930948372126
3213,129,53.37474575311355,132.83683628977653
3214,129,47.61253213759183,131.91513857635235
3215,129,39.62605034208991,130.52125510059378
3216,129,34.23944700177295,129.59014756751742
3217,129,28.691059971547823,128.74060097159767
3218,129,26.343790536155105,127.7351666211885
3219,129,23.67106224296168,126.9567417515352
3220,129,21.607610708899486,126.41500018037824
3221,129,0.14968124405310285,143.87664231052992
3222,129,0.0,144.55516908226448
3223,129,0.0,127.48046017106086
3224,129,0.0,192.36622609883142
3225,129,0.0,192.14825219085046
3226,129,15.05169724256391,258.450238734117
3227,129,11.456858849047533,258.0530188736927
3228,129,11.55446758973698,258.0778548384894
3229,129,12.525655373759772,258.2069182125385
3230,129,14.48166651686797,258.379986721156
3231,129,15.556507352142322,258.46858481803224
3232,129,0.0,192.37904885933617
3233,129,0.0,194.07207717234087
3234,129,0.0,195.15286493262883
3235,129,0.0,245.29982503550073
3236,129,42.19894137033818,134.96104500177972
3237,129,50.71776602589412,131.86998522543126
3238,129,48.87271079087064,131.58190447745656
3239,129,41.54386471272336,130.46862173455338
3240,129,35.59384404512418,129.3932399302052
3241,129,31.019083863455513,128.5896665149468
3242,129,27.15406421744491,127.82792219955572
3243,129,25.03021671406967,144.88975021820988
3244,129,23.464348272263095,126.72009070481901
3245,129,16.866049514563276,126.38736268533398
3246,129,0.0,258.7283509274284
3247,129,0.0,191.51603163188466
3248,129,0.0,191.54620780249175
3249,129,0.0,258.18873524758976
3250,129,0.0,258.7619062477409
3251,129,0.0,258.524625728579
3252,129,6.573018319983587,258.4906204563414
3253,129,7.48048424539278,258.39011526127115
3254,129,7.330248120830452,258.35119410950256
3255,129,0.0,258.4704839426357
3256,129,0.0,227.87343835595408
3257,129,0.0,192.41138887532372
3258,129,0.0,192.92309974782745
3259,129,0.0,193.49958524433129
3260,129,0.0,261.3385656576097
3261,129,25.518566461941013,131.87735787619465
3262,129,37.72262934422911,131.33690877194238
3263,129,42.572937079586715,130.75887415033083
3264,129,36.313929285234586,129.7456541258909
3265,129,30.868064866480132,128.8154086526112
3266,129,28.69661883155264,128.42165898654525
3267,129,26.49405969759654,145.20703667848764
3268,129,25.589991314568564,144.95514944372044
3269,129,25.214559708661184,144.94305187393337
3270,129,9.099571195736136,144.5509175387738
3271,129,0.0,191.32098402040623
3272,129,0.0,191.43303753545558
3273,129,0.0,261.39124653689726
3274,129,11.286702017146068,258.73714753659937
3275,129,8.486179905140428,258.4175900880753
3276,129,7.334449712147265,258.3113319469462
3277,129,7.161893895824025,258.3123938495855
3278,129,7.387664457947101,258.31347606664184
3279,129,8.295014058413267,258.4028570732983
3280,129,0.0,227.85098476786737
3281,129,0.0,228.8150573729062
3282,129,0.0,192.9264021247912
3283,129,0.0,193.60007085248128
3284,129,1.1014674822740889,130.22990413029865
3285,129,27.670648159717626,131.57702210260126
3286,129,49.119259787853515,131.40536083216733
3287,129,33.38240261188173,130.01177045765877
3288,129,34.10309380838581,128.89434481238877
3289,129,28.513456173106672,128.07214899527054
3290,129,25.07882603247424,127.19664572840908
3291,129,23.79238832432394,126.76733287319242
3292,129,23.394183073807948,126.56763466367507
3293,129,24.08824088278237,126.77114696170452
3294,129,11.303270515865291,142.95630139976544
3295,129,0.335712969576174,259.45788777657793
3296,129,0.0,192.31465075696514
3297,129,0.0,191.9047817228846
3298,129,14.272423431145764,258.14726905215866
3299,129,12.452995716516522,257.9801151017366
3300,129,13.003482107049244,258.0963746871238
3301,129,13.510021416057487,258.1182310597506
3302,129,16.419057164394886,258.4732289725712
3303,129,16.84568678143306,258.58788402386494
3304,129,0.0,192.81116415494253
3305,129,0.0,195.20847845307495
3306,129,0.0,195.7841761867133
3307,129,16.477352137212556,132.94759886787097
3308,129,38.04451162222727,134.88598928267913
3309,129,50.203863475791564,131.85903236005055
3310,129,48.8736295810909,131.74215031057116
3311,129,42.40593919199494,130.95684376039767
3312,129,35.03916707080266,129.68223437899934
3313,129,29.81124624245398,128.7676017865254
3314,129,26.65280316276918,127.33744580352113
3315,129,24.74306854996073,126.92797970442327
3316,129,25.18027718350763,127.09149924275174
3317,129,8.23790861482741,127.31743895447923
3318,129,0.0,126.4121708030735
3319,129,1.9293944438167794,129.1023380036338
3320,129,0.0,192.56335739370425
3321,129,0.0,192.03511712412677
3322,129,0.0,191.53044444951598
3323,129,0.0,257.9797317778559
3324,129,0.0,257.87204529897366
3325,129,0.0,257.75788338530214
3326,129,0.0,191.07685598807456
3327,129,0.0,191.43247222069746
3328,129,0.0,192.6176735967906
3329,129,0.0,195.21041139582388
3330,129,0.0,195.83159580570833
3331,129,0.0,245.57077943865173
3332,129,40.38911065752345,135.51650921716154
3333,129,52.963685944023446,132.26023171258663
3334,129,52.08009790507594,131.66718629259296
3335,129,44.37101882872211,130.7010354023552
3336,129,35.85134839503389,129.59179404939724
3337,129,29.230301876398567,128.41261680453303
3338,129,27.30088267154681,127.7955766551278
3339,129,25.627869415377297,127.2386370403531
3340,129,24.15383705306866,126.72502576715722
3341,129,15.826029264262555,126.73091804159766
3342,129,10.967730394068257,125.64611286488179
3343,129,0.0,241.76503986094193
3344,129,0.0,192.15588176346955
3345,129,0.0,191.95738392862955
3346,129,0.0,191.5903837299636
3347,129,0.0,258.2242251572033
3348,129,0.0,258.307435749286
3349,129,0.0,261.4368425151458
3350,129,0.0,191.60277582670108
3351,129,0.0,191.479143754913
3352,129,0.0,192.54380369897407
3353,129,0.0,195.16968499683682
3354,129,0.0,195.66513020664632
3355,129,0.0,245.19471246167552
3356,129,41.4626844239486,134.9248653110411
3357,129,51.8713628281551,132.14070864322554
3358,129,52.81217344492222,131.9635049899455
3359,129,45.480891207301205,131.07390541789107
3360,129,37.6542761314452,129.93826366637612
3361,129,30.58615413324792,146.4945615716578
3362,129,27.33393609708159,128.2324372010281
3363,129,25.205305083419542,127.48174868708185
3364,129,24.49339267839287,127.32007052421557
3365,129,24.14051871347655,127.30289452354523
3366,129,0.0,259.1039004260183
3367,129,2.131761408933536,242.1941137277336
3368,129,0.0,192.5106053176818
3369,129,0.0,191.84580961903225
3370,129,0.0,261.26414089907644
3371,129,11.620873220230457,257.926929925488
3372,129,13.727393936283887,258.1709159983757
3373,129,20.610481538073593,258.900009166119
3374,129,21.202502944581855,259.0353456951966
3375,129,0.0,258.4197760211671
3376,129,0.0,192.23123403389118
3377,129,0.0,193.808597510103
3378,129,0.0,194.19960645665296
3379,129,1.786521947924875,130.5440826175177
3380,129,28.33683979226224,132.83042721681895
3381,129,24.116504688562717,130.98971080143446
3382,129,48.956002869772895,131.12292937003673
3383,129,35.594891867867666,130.30291813428607
3384,129,33.69036379790702,128.94962164877415
3385,129,29.345729589763327,146.17363692084328
3386,129,25.38884054788445,127.11848388248886
3387,129,24.23193957882218,126.70672562192875
3388,129,22.77005869984034,126.55927564696049
3389,129,22.16938746936639,126.2576623458308
3390,129,8.250197049768639,144.31855273067498
3391,129,0.0,241.73476467491724
3392,129,0.0,192.47384076022297
3393,129,19.92465763344995,258.8805305617604
3394,129,16.77440486662974,258.5936757050966
3395,129,14.84977144449141,258.4008595589821
3396,129,15.396804685791066,258.4399510791793
3397,129,17.825597395534214,258.6746857187294
3398,129,21.500104196830314,259.1182104776659
3399,129,20.541394792800233,259.00161831383633
3400,129,14.262920922047842,259.9376570453528
3401,129,0.0,195.28722217313165
3402,129,0.0,195.9270369010864
3403,129,11.734434668130374,132.678945960122
3404,129,30.11666949618524,133.5850916103246
3405,129,23.718002954359992,131.47432984529414
3406,129,46.21572453825833,131.02848729686926
3407,129,40.346193039306314,130.0845146968566
3408,129,33.957089258395634,129.11682661761353
3409,129,29.28252280565061,128.53111166190072
3410,129,26.07770652836031,127.3702088662349
3411,129,24.648744842468115,126.87714538318623
3412,129,24.06144457490963,126.77788773675003
3413,129,22.454818077920095,126.33348892840363
3414,129,0.0,144.3699284179407
3415,129,0.0,191.53130084365543
3416,129,0.0,191.56996628756457
3417,129,0.0,191.55166124000792
3418,129,0.0,227.91661428192248
3419,129,0.0,258.72132418526553
3420,129,0.0,258.6533914970298
3421,129,0.0,258.59732335137164
3422,129,0.0,258.4987865060838
3423,129,0.0,258.59703795822907
3424,129,0.0,227.89698010115248
3425,129,0.0,192.32135898823964
3426,129,0.0,192.74311469481933
3427,129,0.0,193.2103923640442
3428,129,0.0,129.7742288157065
3429,129,20.912508714337022,131.23112804117028
3430,129,27.46945346059764,131.12922840454561
3431,129,40.813934759840286,130.95866560361958
3432,129,35.194885217275875,129.85310654431433
3433,129,30.418184130061846,128.85007344171004
3434,129,26.43671770586287,127.36977581383202
3435,129,23.355373908318473,144.07523772733828
3436,129,22.434328131154082,143.82284558818168
3437,129,22.402688654170742,143.77806473074205
3438,129,4.622145746548009,258.57050156103014
3439,129,0.0,191.235777289504
3440,129,0.0,191.35131668042973
3441,129,0.0,258.27805271713646
3442,129,4.967489865276459,258.9148855615077
3443,129,11.183488627663511,258.7921878609472
3444,129,10.921803284291318,258.7794022842133
3445,129,0.0,227.68014809956605
3446,129,0.0,227.59020450362883
3447,129,0.0,227.70860505749397
3448,129,0.0,226.38185418256987
3449,129,0.0,229.45361577915375
3450,129,0.0,193.21167308134793
3451,129,0.0,193.41746566812068
3452,129,0.0,147.81609374702214
3453,129,25.734825438719252,131.1670344271519
3454,129,35.20669858786214,131.15633558172053
3455,129,41.20765877255476,130.12638486309424
3456,129,35.958265504509406,147.07919679269472
3457,129,31.01492640738631,146.16697231192947
3458,129,27.197181007531082,145.60183079765358
3459,129,24.66316406230163,259.5417915189191
3460,129,23.35069050590491,259.401521242251
3461,129,23.011678258777103,259.3224278237808
3462,129,3.6388928996326446,258.6298034636064
3463,129,0.0,191.34404536911197
3464,129,13.926689598330801,258.1777688689092
3465,129,15.244653313781948,258.25867526589633
3466,129,13.352404074435148,258.90388939392335
3467,129,12.777019546986255,258.8702208645042
3468,129,13.04002605574904,258.89028036033676
3469,129,22.512909718214672,258.80662541004654
3470,129,11.700570759871843,258.7511228109044
3471,129,12.108655532769625,258.82722040394384
3472,129,15.108256790314519,259.14388571040683
3473,129,0.0,229.6448782196442
3474,129,0.0,193.22390480352365
3475,129,0.0,193.5522700442718
3476,129,0.0,130.473542213548
3477,129,43.41139996848804,131.58214496613755
3478,129,48.68275183774173,131.576150982367
3479,129,41.74259799891912,130.25931155091283
3480,129,36.58716837982257,129.45787900571585
3481,129,30.194735280994575,128.5388900872418
3482,129,27.11112159542306,127.59850359654199
3483,129,25.618337235429866,127.12649917275928
3484,129,24.389114665164268,126.7820899663333
3485,129,1.666492022971049,144.34829286050487
3486,129,0.0,259.11681124602563
3487,129,0.0,128.1969655951091
3488,129,0.0,192.60860655477862
3489,129,0.0,191.95508115405272
3490,129,0.0,258.17157508685256
3491,129,9.94241717217108,257.88769828644246
3492,129,10.980948412574406,257.96810333601024
3493,129,10.736799258446183,257.9354881729699
3494,129,11.268514154425324,258.0313181770501
3495,129,13.333426313972657,258.4532339523887
3496,129,0.0,192.91638675432145
3497,129,0.0,195.1373359367283
3498,129,0.0,195.91759309657962
3499,129,0.0,245.69144928355468
3500,129,36.304585394154486,134.76318977158397
3501,129,35.18963855983198,131.69420359207442
3502,129,49.00115999035905,131.31483611732057
3503,129,41.158058616433806,130.11904226923596
3504,129,32.57231529192935,128.9229152039775
3505,129,27.789579387925375,127.65096906880905
3506,129,24.586030909269486,127.4740467099752
3507,129,30.740977089356477,126.04988772836145
3508,129,22.110252492131924,144.94928229808664
3509,129,22.145643058145165,126.14773754973174
3510,129,0.0,259.2454908509134
3511,129,0.0,242.26404389283252
3512,129,0.0,192.45859117457675
3513,129,0.0,191.95409818351723
3514,129,0.0,191.50645960575298
3515,129,0.0,258.15993510420464
3516,129,0.0,258.38096255417435
3517,129,12.353102357123726,258.34617360701884
3518,129,0.0,191.3977013820775
3519,129,0.0,191.29855256225088
3520,129,0.0,192.06712403207476
3521,129,0.0,194.37991256481075
3522,129,0.0,194.7308353250733
3523,129,0.0,131.36906878088206
3524,129,24.41705779867788,132.99544881807608
3525,129,22.51773459674159,131.35663705229433
3526,129,47.692391082242075,131.14474334252697
3527,129,39.86281931131113,129.90705332056623
3528,129,34.6001493998642,128.84014992703092
3529,129,29.793248454758587,128.19085933010874
3530,129,26.853045453531713,127.78124840713271
3531,129,24.13808971885465,126.9526700902806
3532,129,24.370249474572898,127.04744644754987
3533,129,22.56391632369089,126.67925292643187
3534,129,0.0,258.78402141482803
3535,129,0.0,127.55504344294502
3536,129,0.0,192.1425555275017
3537,129,0.0,191.66670026556943
3538,129,0.0,191.22935613235194
3539,129,0.0,191.09468198441618
3540,129,0.0,191.13660742602312
3541,129,0.0,191.0675301722697
3542,129,0.0,260.9931699176178
3543,129,0.0,191.04450775342684
3544,129,0.0,191.5633069590583
3545,129,0.0,193.12017093562935
3546,129,0.0,194.04364580038748
3547,129,0.0,131.13760862202224
3548,129,25.649237456201224,132.9739533250572
3549,129,23.661092514802714,131.2641879818413
3550,129,45.852367959464395,131.21552588986796
3551,129,32.751965557927555,130.3140708473658
3552,129,32.87506019770808,128.9814841887258
3553,129,27.68058945955637,146.11035707290148
3554,129,24.881380243308598,127.17793798698231
3555,129,23.884475670445145,126.8574199058593
3556,129,22.42911732954692,126.42038390582219
3557,129,21.856814668471877,126.34919941226613
3558,129,6.774502671965962,126.90521568941071
3559,129,0.0,242.21485493669059
3560,129,0.0,192.8318567669056
3561,129,0.0,192.49054926047125
3562,129,0.0,192.14344424559886
3563,129,0.0,258.60345098230255
3564,129,14.98063780697671,258.4999886347659
3565,129,12.495076890906647,258.2169166168525
3566,129,11.979572881828906,258.14474637416316
3567,129,12.981428838957136,258.3120711355414
3568,129,0.0,192.25927214361013
3569,129,0.0,194.25474454909994
3570,129,0.0,195.00084533523454
3571,129,0.0,244.69113104756303
3572,129,27.96232703376843,133.48203089596484
3573,129,23.838153257717078,131.19398846525894
3574,129,46.83579538144503,131.2669735438927
3575,129,40.900289843238944,130.16102382175808
3576,129,33.47833689015664,129.08656125322392
3577,129,29.51345204877523,128.28142159764167
3578,129,26.903542085724812,145.50711413396834
3579,129,23.957040793658482,144.5082834562563
3580,129,23.11985424554366,144.20787757281224
3581,129,21.18180057261432,144.14841603894612
3582,129,0.0,258.7616674322517
3583,129,0.0,191.74116928575603
3584,129,0.0,191.82917350849152
3585,129,0.0,191.91590040019224
3586,129,5.246863631685161,259.25739001222
3587,129,14.035194533781901,259.0310712533259
3588,129,13.283833671075236,259.00492003019593
3589,129,13.147060148318655,258.8981294766088
3590,129,11.233316433806301,258.6785237538226
3591,129,0.0,258.6201528085771
3592,129,0.0,227.8702118800152
3593,129,0.0,228.49160144601058
3594,129,0.0,192.63027898142647
3595,129,0.0,193.12080770963522
3596,129,0.0,260.6533404854588
3597,129,23.85011592317565,130.8210616128926
3598,129,29.574223446327448,131.04292173094825
3599,129,43.66066993050898,130.38867775727593
3600,129,37.50206137540058,129.4464560572834
3601,129,31.31104834420221,128.45183007057108
3602,129,27.878931193712507,127.88554192354617
3603,129,24.898755237260904,126.87696251343012
3604,129,22.96977786645623,126.2519912644297
3605,129,22.14234600741487,126.17030705646565
3606,129,2.122816641803223,258.6335829408971
3607,129,0.0,191.42478793149587
3608,129,0.0,191.48980210073236
3609,129,0.0,258.30398951664586
3610,129,13.720392870648707,258.96453974471535
3611,129,14.275288568196887,259.0724639170534
3612,129,15.505927912753819,259.13389377835176
3613,129,14.110634219244242,258.9763666148283
3614,129,13.877465737846709,258.9432134632977
3615,129,8.629273137770706,258.9525538373372
3616,129,0.0,226.3522106943155
3617,129,0.0,230.08085434053214
3618,129,0.0,193.3011136903563
3619,129,0.0,193.4518976292756
3620,129,0.0,261.08346339789625
3621,129,28.95294126673187,131.50499499582614
3622,129,36.316666717071,131.14006031120303
3623,129,40.80484147376118,129.9021281086527
3624,129,33.71502571336988,128.73680822901102
3625,129,28.509939549176742,145.69094349265683
3626,129,25.507525076722672,126.79445072116668
3627,129,23.470505294950677,126.22577514196404
3628,129,23.36535461722585,126.19545156046355
3629,129,22.815483561199436,143.77093713299556
3630,129,5.7291098472920545,258.75878008903885
3631,129,0.0,192.76118881165306
3632,129,19.802539781890026,259.0989235949562
3633,129,16.18645232032801,258.6811870370253
3634,129,13.558302945904385,258.3413466816578
3635,129,11.520747955775809,258.0336034807634
3636,129,11.46953948862572,258.04415586846915
3637,129,33.3673922340807,257.94954988448666
3638,129,10.028186908560357,257.88651445961654
3639,129,11.089145684521633,258.0087852011249
3640,129,20.02817099564811,258.96890735275116
3641,129,0.0,194.4967311168647
3642,129,0.0,194.98282661076428
3643,129,4.193259875401457,244.58885454734647
3644,129,33.1625018722953,134.79286615912062
3645,129,46.1259807816255,132.31971938924565
3646,129,48.39334549995382,132.29421347480175
3647,129,42.99070524043902,131.4006946248032
3648,129,32.89508312326427,129.609557912234
3649,129,28.44629482435975,128.42072340515276
3650,129,25.167164443069343,127.28617138784679
3651,129,23.391594853959468,126.70590771975232
3652,129,24.014469778385585,126.86685909716732
3653,129,1.4289969517600667,145.29456592560277
3654,129,0.0,126.894101177746
3655,129,0.0,241.9262058606114
3656,129,0.0,192.27716991496715
3657,129,0.0,191.69009157378508
3658,129,0.0,191.06843770214587
3659,129,0.0,190.80788345848305
3660,129,0.0,260.9075351144171
3661,129,0.0,257.7904625288568
3662,129,0.0,257.83206492227356
3663,129,0.0,191.36734053868688
3664,129,0.0,192.2611997732163
3665,129,0.0,194.31280426269672
3666,129,0.0,195.21791864763387
3667,129,0.0,244.98046990799065
3668,129,34.52804998172944,134.64780335324156
3669,129,26.465658842587256,131.36067665066147
3670,129,48.894787452501056,131.53027562751777
3671,129,40.801880660035856,130.05355632525104
3672,129,33.68358528993944,128.8845701274604
3673,129,28.30956883473644,127.66543387876922
3674,129,25.3954550923933,126.9101170500666
3675,129,22.92520150766568,126.29042045293895
3676,129,23.27993283438219,126.33849022115781
3677,129,22.57993270465287,126.15799140468398
3678,129,5.841948407384796,241.03995301239547
3679,129,0.0,241.71634174710078
3680,129,0.0,192.15758862743098
3681,129,6.272410296250814,191.65583970334865
3682,129,13.406338615216278,258.14948274216135
3683,129,12.95542002549295,258.1105748732888
3684,129,16.17255007663783,258.41537275494403
3685,129,15.10279830483067,258.3387796637863
3686,129,13.884142983057307,258.16399951184724
3687,129,13.403574648786668,258.1351515970677
3688,129,0.0,192.0812946360792
3689,129,0.0,193.86367830594463
3690,129,0.0,194.26375918241493
3691,129,0.0,130.96713977824515
3692,129,24.492311283958614,132.93221145723945
3693,129,47.319725356228275,131.44147569713948
3694,129,52.20210163733806,131.48071341407916
3695,129,43.612602143434486,130.01158774130093
3696,129,35.82197105976967,128.94052219900377
3697,129,30.970640730369567,128.24917378856782
3698,129,28.02060833106257,127.75527769312816
3699,129,26.84840138665964,127.561282173629
3700,129,26.249309404751582,127.31122458810964
3701,129,1.6821092185399529,259.46403510713156
3702,129,0.0,258.7962343729056
3703,129,0.0,241.69673989620938
3704,129,0.0,192.12396312762104
3705,129,0.0,191.67688928066605
3706,129,0.0,191.20548431648993
3707,129,0.0,257.82035141874104
3708,129,0.0,257.9001039877406
3709,129,0.0,257.8949950423546
3710,129,0.0,191.0140175333746
3711,129,0.0,191.01254043324252
3712,129,0.0,191.60344434581447
3713,129,0.0,193.16871537795808
3714,129,0.0,194.10732454265087
3715,129,0.0,130.62703627404267
3716,129,26.677989367328014,132.75020120932015
3717,129,27.57587648666718,131.4668645996618
3718,129,52.18338813878105,131.72387124369016
3719,129,45.735355115478114,131.0199991942045
3720,129,37.18328855348729,129.57162178253853
3721,129,31.68523355256423,128.71471705467567
3722,129,27.20571793855521,145.81645915054065
3723,129,25.039580958535424,127.30148551592954
3724,129,23.476995214692565,126.72344444817007
3725,129,22.878029794431967,126.63836029611966
3726,129,0.0,144.47145859560672
3727,129,0.0,127.94393597988918
3728,129,0.0,192.4220830783713
3729,129,0.0,191.96517517921393
3730,129,0.0,191.4878012465206
3731,129,0.0,257.9022261797371
3732,129,0.0,257.8820629375136
3733,129,0.0,257.81623770218357
3734,129,0.0,257.8894604591649
3735,129,0.0,191.24403534094824
3736,129,0.0,191.8565633085282
3737,129,0.0,193.65736855943808
3738,129,0.0,194.3031149798515
3739,129,0.0,131.36126897192585
3740,129,22.12227740048237,133.05809173530565
3741,129,24.107360126671058,131.34990856931327
3742,129,40.038897013189676,131.25476664120995
3743,129,43.272928627388715,130.4667586887657
3744,129,37.15213865036772,129.49142056073407
3745,129,32.15621192665679,128.884275863047
3746,129,28.33243444554053,128.12650712036947
3747,129,26.58658216110833,145.45740046042246
3748,129,25.750906678316856,145.18823863995314
3749,129,24.024659845461223,144.6723165068532
3750,129,4.147634381426203,258.5936630550368
3751,129,0.0,191.4894601104401
3752,129,0.0,191.60013922169423
3753,129,0.0,258.4321403499255
3754,129,13.679499036601332,258.92910436469015
3755,129,11.579898090486678,258.68233317021924
3756,129,11.8328495898497,258.68901907740764
3757,129,10.638850326036158,258.5872872320472
3758,129,9.614529820719975,258.48036001902085
3759,129,5.330782397700631,258.5099398717247
3760,129,0.0,227.805569911536
3761,129,0.0,228.61597212481084
3762,129,0.0,192.6056331581416
3763,129,0.0,193.14699654738328
3764,129,0.0,243.07763495411186
3765,129,21.81052246296538,130.32001104171422
3766,129,24.4060883206691,130.33718421710697
3767,129,41.47546961222148,129.71909999738517
3768,129,36.47274665141895,129.01213771338644
3769,129,32.03342213019732,128.46514701086124
3770,129,28.557254408855425,145.97633944576455
3771,129,25.709026234635296,127.6675802495429
3772,129,24.37202176572121,127.22997081761542
3773,129,22.843424951407176,126.73979358595105
3774,129,1.5301233875412212,258.6064392357017
3775,129,0.0,191.4287832435554
3776,129,0.0,191.43039011357166
3777,129,0.0,191.4474213893198
3778,129,0.0,227.81885430399467
3779,129,0.0,227.81982968144675
3780,129,0.0,258.8313186156073
3781,129,0.0,258.75271804283267
3782,129,0.0,258.82528182059104
3783,129,1.6469856575923054,258.9157169578916
3784,129,0.0,228.1567527208131
3785,129,0.0,228.49130267536225
3786,129,0.0,193.07538137295066
3787,129,0.0,193.70732015652044
3788,129,0.0,130.29750705558342
3789,129,23.53925251325816,131.88724370583432
3790,129,46.50307264257584,131.7908246212578
3791,129,17.242444636448052,130.32502417427102
3792,129,31.258861958945484,129.202028649278
3793,129,26.800323603128305,145.3696445738912
3794,129,24.953160338125905,127.03801247628896
3795,129,23.07475458391685,126.51461757435717
3796,129,22.51611323910997,144.11252011984206
3797,129,22.39314578371669,144.00332332700037
3798,129,5.663324660862909,258.85434960330923
3799,129,6.325327284439951,192.75385709078967
3800,129,22.611004218149805,259.208474693887
3801,129,17.94859551628198,258.76614173542134
3802,129,15.492619601570494,258.46747437730664
3803,129,14.05172650808733,258.286705433007
3804,129,11.942887214260956,258.11322365948365
3805,129,32.645793996181524,240.17191092561455
3806,129,32.66070404564245,240.16928441182833
3807,129,11.147498407341578,257.93304736340576
3808,129,18.920283735313188,258.7689624251447
3809,129,0.0,194.0536018075974
3810,129,0.0,194.5929133414836
3811,129,1.2371013178091153,244.37201813628923
3812,129,54.69354871256609,134.199970918536
3813,129,25.902587009639724,132.01591980087352
3814,129,27.077055945828363,132.03386244025833
3815,129,32.80705657295049,130.62392611261592
3816,129,35.10001126791223,129.37884360390217
3817,129,31.21292416006243,128.6154254683799
3818,129,29.0706491621474,128.2656329710836
3819,129,27.362601166337367,127.72229554441789
3820,129,25.837507983383034,127.2122111565068
3821,129,25.171328913099625,127.10662696039857
3822,129,5.160883258870923,258.8593515294172
3823,129,0.0,192.67101581111905
3824,129,0.0,192.15770846226133
3825,129,14.722161962219637,258.3310896427125
3826,129,10.613941450233442,257.9019715203436
3827,129,8.337455135297894,257.6595647901471
3828,129,15.14844666886198,257.63136762071684
3829,129,7.669565738353337,257.58843540268396
3830,129,8.124047818618532,257.61738013921644
3831,129,8.864332385023646,257.7216054323712
3832,129,0.0,191.71923256809256
3833,129,0.0,193.80742871285622
3834,129,0.0,194.71009883427843
3835,129,0.0,244.58760169499743
3836,129,23.91086961863187,132.7857560469293
3837,129,23.098559624583434,131.24585044589415
3838,129,38.4880605867625,131.3434447263088
3839,129,41.08702323200334,130.3677060621775
3840,129,32.40893600137293,129.17866858485877
3841,129,28.23849656507569,128.33134817218286
3842,129,26.045466086705872,127.51801546877894
3843,129,25.08907751890971,127.24447017106915
3844,129,24.634789116918252,127.25547608822733
3845,129,24.103406439417302,127.06109457623995
3846,129,4.999197785142885,258.7869315239455
3847,129,0.0,241.68184970722004
3848,129,0.0,192.1548877797488
3849,129,0.0,191.71929636590093
3850,129,0.0,191.32489842542373
3851,129,0.0,257.9270502418765
3852,129,0.0,191.4084984454356
3853,129,0.0,191.38361875103027
3854,129,0.0,261.2327973933496
3855,129,0.0,191.29114428185085
3856,129,0.0,192.01207845184098
3857,129,0.0,193.81062173793617
3858,129,0.0,194.29942540116605
3859,129,0.0,131.55173867726288
3860,129,26.673627149356957,133.906171050708
3861,129,45.42191093138833,132.30934253665026
3862,129,52.549687035779826,132.63844409535346
3863,129,22.803782499438892,131.1955634990811
3864,129,37.2834976960506,129.63738173693343
3865,129,31.854939111278416,128.8201231086811
3866,129,27.679936206592092,128.11298995174127
3867,129,26.605795217412158,127.70886554734389
3868,129,25.922495228902445,127.53616727605743
3869,129,24.241212930922547,127.05250574755483
3870,129,0.0,241.03948482140135
3871,129,0.0,241.57770362436221
3872,129,0.0,192.03032843334108
3873,129,0.0,191.50190396326602
3874,129,0.0,257.8620322332788
3875,129,0.0,257.7768638431511
3876,129,0.0,257.87460333303005
3877,129,9.835326918894314,257.81684963388324
3878,129,8.239395116356071,257.6893784508727
3879,129,0.0,190.9753561137281
3880,129,0.0,191.6009331723143
3881,129,0.0,193.24014919816983
3882,129,0.0,194.23494076004096
3883,129,0.0,244.0075938832803
3884,129,27.970547513920454,133.09830297581465
3885,129,29.497523730011007,131.76846406896982
3886,129,52.46564080429085,131.82653940546035
3887,129,44.53057595506518,130.694533374495
3888,129,36.188688573801834,129.65349940901805
3889,129,30.137449428304965,128.53664289726183
3890,129,27.898240747868698,128.03398770685533
3891,129,25.999168696884414,127.61998622863793
3892,129,24.080738495357902,126.98963690532139
3893,129,15.674722338922184,126.64089272514798
3894,129,5.556460316158283,144.48495941112088
3895,129,0.0,241.84368974803306
3896,129,0.0,192.50201791244208
3897,129,5.4417756973780085,191.96423724150878
3898,129,14.604621162019688,258.27234916092254
3899,129,12.02033861133461,257.9553242341952
3900,129,11.458965868984487,257.9309009787116
3901,129,10.175523198200786,257.8241939487351
3902,129,11.180695439913453,257.9450326189171
3903,129,12.478838348402057,258.06983439536145
3904,129,0.0,191.84690382953144
3905,129,0.0,193.4617454897142
3906,129,0.0,194.08105111905132
3907,129,0.0,131.31755693107243
3908,129,26.704670235319533,133.41401826753113
3909,129,43.13544819304226,131.85755065055838
3910,129,53.13217681074762,132.18800507383753
3911,129,47.98799871791676,131.29054120185526
3912,129,39.729746281211305,129.7538963333185
3913,129,32.963642616126634,128.65466231444566
3914,129,30.388100450252345,128.1522182472416
3915,129,27.638515966386265,127.91126361535827
3916,129,26.606051461393374,127.66073708657744
3917,129,1.2980906314458696,144.5592251030323
3918,129,0.0,258.49583086727387
3919,129,0.0,191.34025365056135
3920,129,0.0,191.3310326774496
3921,129,0.0,191.3113199574368
3922,129,0.0,258.59448522534814
3923,129,0.0,258.4351899288573
3924,129,0.0,258.4412736488478
3925,129,6.4562660430857655,258.39780642547504
3926,129,0.0,258.4820574149601
3927,129,0.0,258.5075062576177
3928,129,0.0,227.74637381030502
3929,129,0.0,228.96549914510078
3930,129,0.0,192.86855743097502
3931,129,0.0,193.5235502239253
3932,129,0.0,130.0589229605025
3933,129,23.34868724415985,131.07642078520618
3934,129,47.4605743951112,131.34799134071946
3935,129,41.26267756714035,130.31220398776287
3936,129,34.14099597921903,128.98542255871556
3937,129,29.07576580435586,128.22709066817174
3938,129,25.541096341420523,127.25868162231421
3939,129,23.24852320587539,144.47431189040643
3940,129,3.2740540514553143,145.49920412120537
3941,129,22.45245518689919,144.42274392751685
3942,129,0.0,258.33821334674195
3943,129,0.0,191.19122669294143
3944,129,0.0,191.46675532948916
3945,129,14.727758933869229,258.3662004394457
3946,129,13.971912048152433,259.04179019580494
3947,129,11.943774237026588,258.8708940581292
3948,129,11.578050422713195,258.8180650737484
3949,129,11.26526367603913,258.75023445576767
3950,129,10.428728565076852,258.70024937822694
3951,129,11.934916141039514,258.8553415634989
3952,129,0.0,226.2449476187318
3953,129,0.0,228.46204661969253
3954,129,0.0,193.00920290780266
3955,129,0.0,193.64677132543125
3956,129,0.0,130.53757380490472
3957,129,27.222888176770937,132.09357908959458
3958,129,32.682246322490684,132.1938279713251
3959,129,42.95829429154871,130.83938289124066
3960,129,33.3418816007007,129.5151527606073
3961,129,29.061081922166384,128.70619710909102
3962,129,27.16517803858241,128.11328834373185
3963,129,24.8970328518502,127.26787875366308
3964,129,25.179467008659707,127.2579340265938
3965,129,24.276660221048893,126.96061595099589
3966,129,8.086365467764505,144.8513293331997
3967,129,0.0,242.30479263872513
3968,129,0.0,192.75978072560167
3969,129,7.2449478883223755,192.12976276877987
3970,129,15.118786983040605,258.50099581753886
3971,129,13.295389512785267,258.2912201275502
3972,129,12.154207490820038,258.1009509792731
3973,129,10.68707493475752,257.9036910812989
3974,129,10.318411321700381,257.88186314278335
3975,129,11.234933388161025,257.9410624297989
3976,129,0.0,191.88692874157786
3977,129,0.0,193.9548636167183
3978,129,0.0,194.77823595984927
3979,129,0.0,244.6011461237467
3980,129,26.23841804564742,132.93164396476965
3981,129,27.972266468310586,131.41904383423642
3982,129,51.981971972616016,131.4176093636073
3983,129,40.62709550106264,130.12070311740698
3984,129,36.181429911644074,129.00264424323282
3985,129,31.740175091109684,128.3597140101204
3986,129,27.889231969794896,127.82074758838691
3987,129,25.032448869731166,127.01030241791358
3988,129,24.61136256107283,126.8420128474231
3989,129,23.929135902623347,126.70237215608998
3990,129,0.0,241.08279258288425
3991,129,0.0,241.74280956006893
3992,129,0.0,192.13075003622347
3993,129,0.0,191.63164962815412
3994,129,0.0,191.2224211141702
3995,129,0.0,257.9170874075157
3996,129,0.0,257.93468073752257
3997,129,0.0,257.76827634981754
3998,129,0.0,261.0498188639404
3999,129,0.0,191.35640921770076
4000,129,0.0,192.6992582088502
4001,129,0.0,195.27331651206416
4002,129,0.0,195.99549178341425
4003,129,0.0,245.41019359868687
4004,129,33.30313217241556,135.30217392511915
4005,129,29.197525537328413,132.4785993508453
4006,129,51.64107537975332,132.42704356148178
4007,129,45.030514374654956,131.23936206085003
4008,129,37.29714486064964,130.10260894199237
4009,129,31.949596475525624,129.22339939897267
4010,129,28.952927589999774,146.3501185484956
4011,129,27.88586393932326,128.0440823892325
4012,129,27.115669181284627,127.90822642196487
4013,129,24.40253517814371,127.5540250461829
4014,129,6.080045189223742,241.09514562596138
4015,129,0.0,241.74273903598532
4016,129,0.0,192.2600274637541
4017,129,0.0,191.86446329003326
4018,129,0.0,258.0727462595517
4019,129,0.0,257.78155801255565
4020,129,9.20417166275311,257.8020722775269
4021,129,8.380541484705835,257.70892921993914
4022,129,1.2300105882078427,257.6531898472085
4023,129,0.0,190.9722830196455
4024,129,0.0,191.57971244776706
4025,129,0.0,193.32264183972487
4026,129,0.0,194.16945418799554
4027,129,0.0,244.38561707834182
4028,129,26.623804654220066,133.11937940486632
4029,129,27.767054732152932,131.13403384313324
4030,129,44.589985879357336,131.6668888866959
4031,129,45.626328447912734,130.7291682754657
4032,129,37.42114180030542,129.57244989963135
4033,129,32.297439194347724,128.71174874740572
4034,129,28.72345476247807,145.86259614954983
4035,129,26.72375101373154,127.63149800575097
4036,129,25.089280508991287,127.07254589733525
4037,129,23.970790226619332,126.77946813712127
4038,129,3.312998243944872,240.87752197500492
4039,129,0.0,241.44067497075443
4040,129,0.0,191.9199119582292
4041,129,0.0,191.394568850949
4042,129,0.0,190.98243344120587
4043,129,0.0,257.83372524472554
4044,129,5.858091739996244,258.1818018013235
4045,129,13.677968386462204,258.2131028498425
4046,129,0.0,258.08652040862944
4047,129,0.0,191.456704292872
4048,129,0.0,192.53510457635312
4049,129,0.0,194.7114005481527
4050,129,0.0,195.33722448403216
4051,129,0.0,132.41488675127582
4052,129,29.564585640765294,133.47104347518155
4053,129,25.16601242206805,131.67371632478657
4054,129,44.93295250818688,131.62191188359205
4055,129,42.71499798667521,131.0063480181771
4056,129,36.73948404105376,129.81156578645536
4057,129,29.966596261511587,146.41586380903965
4058,129,27.467813271925404,128.02530371698015
4059,129,24.02513248911093,126.85868959378291
4060,129,22.92877081036976,126.51851703750825
4061,129,22.439222206379824,126.44870268156872
4062,129,5.131943644971887,258.8730260964216
4063,129,0.0,242.1043594051779
4064,129,0.0,192.68634988991226
4065,129,13.123728491603941,258.9591723733983
4066,129,15.779290240112584,258.55064392190764
4067,129,13.712450535244505,258.25566767978546
4068,129,15.272854336822544,258.4255317130189
4069,129,13.474871024039647,258.2781116860723
4070,129,13.68532402230378,258.2493247206597
4071,129,14.817725313916428,258.4069032647517
4072,129,0.0,192.2231071325643
4073,129,0.0,193.4818002232832
4074,129,0.0,194.20705930937362
4075,129,0.0,130.44249610078262
4076,129,17.080406296359715,131.86272565622443
4077,129,17.997142529567235,130.13051503065097
4078,129,45.20536676897859,130.675920427449
4079,129,43.1442411091795,130.39752641905562
4080,129,36.95291731291209,129.4444836439659
4081,129,31.7397359448136,128.43920696225229
4082,129,27.814603682413345,145.83245589186689
4083,129,24.646048511811273,126.81029880361034
4084,129,23.148138203423382,126.36728669556061
4085,129,13.878040864168948,125.80084846530585
4086,129,0.0,258.39684062420406
4087,129,0.0,191.324920712083
4088,129,0.0,191.33538263646324
4089,129,0.0,191.35223380634193
4090,129,0.0,216.4376287666589
4091,129,0.0,258.5328219940394
4092,129,0.0,258.45618154113595
4093,129,0.0,258.3798532879907
4094,129,0.0,258.4225747675508
4095,129,0.0,227.53826926406865
4096,129,0.0,227.9316474348702
4097,129,0.0,228.67587172061462
4098,129,0.0,193.00786625758306
4099,129,0.0,193.50812487680784
4100,129,0.0,260.8032255764003
4101,129,23.1391698148984,131.2280884734957
4102,129,26.503700341133698,131.30564767617125
4103,129,41.4442361790311,130.44588872155722
4104,129,38.374765765134065,129.802549993625
4105,129,34.16742899315007,129.0987140883756
4106,129,30.881045545315782,128.707606770661
4107,129,28.676890597513662,128.45187224850523
4108,129,27.342898357531425,127.75120715456103
4109,129,24.35021258728902,126.94078598563621
4110,129,0.0,258.38939522776593
4111,129,0.0,191.20991232944795
4112,129,0.0,191.46663229813424
4113,129,0.0,191.669976540235
4114,129,14.57099798602638,259.12213275029507
4115,129,13.578683769723128,259.0558162323678
4116,129,13.37067225922468,259.03075015210027
4117,129,12.314740646478032,258.9014007169362
4118,129,11.985245085213407,258.8547616968923
4119,129,0.0,258.8810280742254
4120,129,0.0,226.2598864679494
4121,129,0.0,229.0415982132106
4122,129,0.0,192.97452890095948
4123,129,0.0,193.54519057900757
4124,129,0.0,243.83031956794343
4125,129,29.228547706627346,131.91086504861417
4126,129,30.732031902630805,131.74799108736752
4127,129,39.865141791889506,130.31357396938142
4128,129,33.28621438277773,129.1625244930727
4129,129,29.188548194989682,128.49637119988003
4130,129,27.25277543274201,145.90323344347735
4131,129,25.630836738687435,127.6663258941077
4132,129,24.281143835357973,127.22349589237106
4133,129,23.470450567741942,144.7870198519156
4134,129,6.82211739368678,259.0842249639221
4135,129,8.919709866751255,193.15318561524697
4136,129,24.393392479670283,259.46803891133624
4137,129,18.305105224495993,258.77314548900694
4138,129,23.528820420707113,258.4016833565904
4139,129,13.29152322184619,258.14708060365723
4140,129,12.860380351540652,258.1209984578916
4141,129,12.469775897079792,258.12519211836
4142,129,12.46031088732652,258.1655742428877
4143,129,14.468096902367696,258.40104135481977
4144,129,18.11348470563069,258.84482180268776
4145,129,0.0,194.0750015806185
4146,129,0.0,194.62226431094894
4147,129,0.0,244.69801445623378
4148,129,26.884914275961552,133.2791770452673
4149,129,27.549070584388513,131.2721889666025
4150,129,45.73134071675218,131.39270421320796
4151,129,47.14570095220698,130.40261917901063
4152,129,38.64651127416635,129.26033351082557
4153,129,31.774899085925227,128.56116096752163
4154,129,28.37838872072465,145.74499131952695
4155,129,26.173277958464567,127.25263602698
4156,129,24.51019680743603,126.85413277323381
4157,129,24.397829486594535,126.72273985437485
4158,129,4.8992953066172245,258.94954783218736
4159,129,0.0,241.81807413043782
4160,129,0.0,192.10211579250588
4161,129,0.0,191.59782458438337
4162,129,10.541600418704748,257.9350861836099
4163,129,9.78559288569924,257.8535492600581
4164,129,10.451541178572214,257.91183955426436
4165,129,9.485676059050817,257.7556408971329
4166,129,33.00940890907907,240.2070785851972
4167,129,12.743310361669447,258.16274146755495
4168,129,23.275309949242455,259.28687341049067
4169,129,0.0,194.70994765119966
4170,129,0.0,195.1004684007935
4171,129,0.00722243208243524,244.8409500390266
4172,129,27.91685972667353,132.60750940000773
4173,129,25.34382815876475,130.6634375934104
4174,129,43.08710654911574,131.22593920984218
4175,129,41.931186667807346,130.23870181762493
4176,129,34.67242909804255,129.16737081054114
4177,129,29.723281187746878,128.23611972920784
4178,129,27.026436576932337,127.71427912895017
4179,129,25.89314776423666,127.3843122024494
4180,129,25.18560758307076,127.27312243537092
4181,129,23.591251178333437,126.80304714768282
4182,129,5.8296902528092405,241.18065614005363
4183,129,0.0,242.1124261580925
4184,129,0.0,192.56902512318146
4185,129,0.0,258.76363430863324
4186,129,12.875044496696471,258.22807154185546
4187,129,10.127388747289135,257.90825788756734
4188,129,9.394258148646331,257.80682976773363
4189,129,8.16964456076107,257.66518593222065
4190,129,7.940443034029848,257.6445785381035
4191,129,5.459920701635601,257.7486428664344
4192,129,0.0,191.70470167625322
4193,129,0.0,193.65970662966663
4194,129,0.0,194.51616557513938
4195,129,0.0,244.48350447520738
4196,129,25.1164635140698,132.91744778738928
4197,129,25.727556169867334,131.39229689944898
4198,129,51.2453315726621,131.52149933209006
4199,129,44.67538723093106,130.48211830484897
4200,129,35.77151424830832,129.30921477982866
4201,129,31.17431573071443,128.56526451462614
4202,129,28.13562853295772,128.11720757446278
4203,129,27.069148398856733,127.97682191021265
4204,129,25.717390464439614,127.47967714232306
4205,129,21.400118453778468,127.04281190307285
4206,129,0.0,241.12735632065898
4207,129,0.0,127.64357150752073
4208,129,0.0,192.2793018927085
4209,129,0.0,191.69632751524296
4210,129,0.0,191.22749793673526
4211,129,0.0,191.18354993099118
4212,129,0.0,261.4857033824342
4213,129,0.0,258.42610035980806
4214,129,0.0,258.33642123522816
4215,129,0.0,191.80428526150814
4216,129,0.0,193.1049679174364
4217,129,0.0,196.17432577003427
4218,129,0.0,197.17139781845466
4219,129,0.0,246.44434145320923
4220,129,43.019652132942724,136.04645154849166
4221,129,45.68346112232187,132.677755166909
4222,129,53.38734587363095,132.5142711230952
4223,129,46.07623926502184,131.30081975805751
4224,129,38.680948920880674,130.03821440880398
4225,129,32.746277521449215,129.04205105680597
4226,129,29.219610769911856,128.1529551571249
4227,129,27.651986151742506,145.4453657349114
4228,129,25.378015618508865,127.07446353187702
4229,129,24.864524049439645,126.87945016974939
4230,129,8.070713729704229,143.22139622017647
4231,129,0.0,242.11781608386752
4232,129,0.0,192.6559942816961
4233,129,0.0,192.17305136294283
4234,129,0.0,191.70497898871668
4235,129,0.0,191.43006692795203
4236,129,0.0,191.56923123226133
4237,129,0.0,258.2616653908549
4238,129,0.0,258.2071460398449
4239,129,0.0,191.62414308620416
4240,129,0.0,192.32689805431147
4241,129,0.0,193.7350375329458
4242,129,0.0,194.5285780885393
4243,129,0.0,130.56773365823523
4244,129,39.510517973692956,132.75106213658967
4245,129,21.648561276721725,131.1035842194247
4246,129,47.68119505503144,131.44820254064226
4247,129,45.22573804864893,131.09404997994486
4248,129,37.921338116982426,129.60542462709586
4249,129,33.46523153382135,128.87941878412062
4250,129,30.42216509391091,146.16424498292199
4251,129,28.01398183643761,128.07991888681042
4252,129,26.215516653735417,127.61355038559161
4253,129,1.1276111169675993,144.98653326877306
4254,129,0.0,258.4714127315399
4255,129,0.0,191.42623144894063
4256,129,0.0,191.50692735146725
4257,129,0.0,191.58815540334754
4258,129,0.0,227.89196277761943
4259,129,0.0,227.76895707806375
4260,129,0.0,258.7335265925841
4261,129,0.0,258.6395746129864
4262,129,0.0,258.55040236974736
4263,129,0.0,258.69800512554957
4264,129,0.0,226.34896733818093
4265,129,0.0,229.2367774028733
4266,129,0.0,193.40959925374065
4267,129,0.0,193.8576758328035
4268,129,0.0,129.96805327341548
4269,129,22.80780822081645,131.14343216471326
4270,129,27.056962771231248,130.97745154784977
4271,129,44.11503684221013,130.70634478836632
4272,129,37.78731649321239,129.7852898598366
4273,129,32.50844405959759,128.99090783582497
4274,129,29.400235163625904,128.27728720470859
4275,129,27.770045904144002,127.75056663291961
4276,129,25.017113587311847,144.7618597891199
4277,129,22.83683891611109,144.01418855096998
4278,129,0.191544677048159,258.4734698905073
4279,129,0.0,191.16629826414547
4280,129,0.0,191.25899882178447
4281,129,0.0,191.22452382549494
4282,129,11.31305366916708,258.68508159499254
4283,129,9.951037938947302,258.5952321645669
4284,129,10.468388886854818,258.657154473134
4285,129,10.234843353778851,258.62438394578646
4286,129,9.625038687610118,258.5301719072865
4287,129,8.942170029481357,258.4704394406306
4288,129,0.0,227.70056929237498
4289,129,0.0,228.95649491650656
4290,129,0.0,192.68382830842273
4291,129,0.0,193.43526003024337
4292,129,0.0,130.45180229369083
4293,129,25.745799946770727,131.75097367361832
4294,129,28.55443794939523,131.16605477303577
4295,129,40.521669833060784,130.07819592140785
4296,129,33.24150028172708,129.2652198757816
4297,129,27.5285711716969,127.89726034944093
4298,129,25.478076813632242,127.29090468980137
4299,129,24.27145056290113,126.81805486227432
4300,129,23.583074235486812,126.46886664747298
4301,129,22.79205553042311,126.26417357839622
4302,129,5.4625560272498275,258.76108071753947
4303,129,0.0,259.5049917500733
4304,129,0.0,192.29888720459803
4305,129,3.751953586905973,191.85507878484998
4306,129,13.66519990750421,258.37297899436095
4307,129,12.216897796880584,258.1616689662564
4308,129,12.043036738123792,258.1676805639998
4309,129,11.978126212726027,258.1238987311693
4310,129,13.559549297646589,258.3081046966788
4311,129,15.349739193269784,258.4667550185457
4312,129,0.0,192.14114110834112
4313,129,0.0,193.98138395018935
4314,129,0.0,194.55415784458958
4315,129,0.0,244.43344588936935
4316,129,24.248158397777456,133.7544286942584
4317,129,39.84285398810188,132.01073477605584
4318,129,50.666117081475704,132.03815909990163
4319,129,42.2802203304593,130.7504159690344
4320,129,33.19201644498305,129.47219458972808
4321,129,29.165594507428047,128.62818536483095
4322,129,26.930351357156585,127.88719393820297
4323,129,24.303483865775206,126.95254627346009
4324,129,24.042141203778723,126.76443336686988
4325,129,1.0389636639067599,259.3906718998736
4326,129,5.032695074959106,241.1999819535187
4327,129,0.0,241.68177061280693
4328,129,0.0,191.99948452848852
4329,129,0.0,191.60366061402863
4330,129,0.0,191.28053677698486
4331,129,0.0,257.8626900428882
4332,129,0.0,257.91432127481454
4333,129,0.0,257.7924647382188
4334,129,0.0,191.03645215126255
4335,129,0.0,191.20931120320643
4336,129,0.0,191.86610565155632
4337,129,0.0,193.84715055005128
4338,129,0.0,194.3820370223361
4339,129,0.0,244.155963474832
4340,129,26.190143535873386,133.3515715586611
4341,129,26.347833432982352,131.74758189408902
4342,129,43.1087907479886,131.86693824210448
4343,129,43.392503208662504,130.5171834667813
4344,129,35.89077800679224,129.19624040125893
4345,129,31.363577772689887,128.51865074068857
4346,129,28.554355759315325,128.0197512184314
4347,129,26.064748437940946,127.14821811541485
4348,129,25.10317203066011,126.92844517968958
4349,129,23.286824259323485,126.64417874849899
4350,129,6.532437143491397,126.68520892787282
4351,129,0.0,242.19135682291466
4352,129,0.0,192.82407044399022
4353,129,0.0,192.36438235328268
4354,129,0.0,191.92701135464262
4355,129,0.0,258.4811380224903
4356,129,0.0,258.33655188470004
4357,129,0.0,258.0212326192327
4358,129,0.0,191.0192910092946
4359,129,0.0,191.15799428289944
4360,129,0.0,191.97620722087424
4361,129,0.0,194.29785250735787
4362,129,0.0,194.77147978652258
4363,129,0.0,150.31615901353106
4364,129,35.089702395549736,152.48382627975727
4365,129,27.39559379009318,132.1851215539773
4366,129,47.31487219729348,132.27955190528536
4367,129,43.1042922826475,131.2473577734424
4368,129,34.807854679617854,129.6915391324743
4369,129,30.111006322978596,128.56571951856694
4370,129,26.89135379108689,127.42839858442775
4371,129,25.672590988669274,127.0768703224426
4372,129,25.54111832170941,127.14843284008701
4373,129,25.27205610589093,127.06264679154752
4374,129,9.198612105916201,127.45854385589838
4375,129,0.0,242.0897043896108
4376,129,0.0,192.36480590575422
4377,129,0.0,191.73438005535453
4378,129,0.0,191.31617669528967
4379,129,0.0,257.86684405964434
4380,129,0.0,261.223125978734
4381,129,0.0,191.31030991104805
4382,129,0.0,191.2250442802798
4383,129,0.0,191.26032407157305
4384,129,0.0,191.95408299624157
4385,129,0.0,194.38077872333747
4386,129,0.0,195.4580795739437
4387,129,0.0,262.733238292034
4388,129,27.64684285420004,134.29732319417386
4389,129,26.279689443025354,132.22084639555166
4390,129,47.08987282644161,131.82508632299272
4391,129,40.0831823939237,130.51695043068543
4392,129,34.92814580501952,129.44423183952225
4393,129,30.02985447209064,128.36820252763215
4394,129,26.358091816358986,127.2400077785128
4395,129,23.25762949630559,126.3087445787619
4396,129,22.09881815730863,126.02503773905252
4397,129,21.992742796228352,126.09871622605966
4398,129,0.0,258.71711205321697
4399,129,0.0,241.65313018498455
4400,129,0.0,192.22091011677344
4401,129,0.0,191.77525581463442
4402,129,0.0,191.28511691702866
4403,129,0.0,191.1053077181754
4404,129,0.0,257.9424993885447
4405,129,0.0,257.86866357382445
4406,129,0.0,257.85242660008026
4407,129,0.0,191.2364241392203
4408,129,0.0,191.87712615025004
4409,129,0.0,193.4902157042406
4410,129,0.0,194.1532698725686
4411,129,0.0,130.84381237650894
4412,129,16.396405946570315,132.37299011699585
4413,129,18.160640707949185,131.06925942622334
4414,129,37.395022778870384,131.5884451192037
4415,129,42.65281133386252,131.01338386383387
4416,129,37.05450976114015,129.7535225039572
4417,129,32.02706480318228,129.12061816531792
4418,129,28.105527071617605,128.13418674607817
4419,129,25.50769457859132,127.45214726482345
4420,129,24.3009866412224,127.01978002832723
4421,129,21.500624385580874,126.21727937641175
4422,129,3.500238995761774,144.1946388957952
4423,129,0.0,191.4661420517903
4424,129,0.0,191.565235641279
4425,129,0.0,191.5730662802967
4426,129,0.0,227.9039200989023
4427,129,0.0,216.60925933732975
4428,129,0.0,258.8521840018697
4429,129,0.0,258.59055614268493
4430,129,0.0,258.41648497379566
4431,129,0.0,227.47207447853106
4432,129,0.0,227.78385754922573
4433,129,0.0,228.98530073155146
4434,129,0.0,193.09753364580865
4435,129,0.0,193.41279471661423
4436,129,0.0,243.2130269835179
4437,129,22.077069169796562,131.02589586938677
4438,129,25.01009567672275,130.65021255249383
4439,129,43.35438800397963,130.07594416935925
4440,129,37.60311035507001,129.14656864799426
4441,129,31.04841739399564,128.15263155025758
4442,129,28.238486260629863,145.32906823494403
4443,129,26.275437808022687,127.5265448652173
4444,129,25.348901989273863,127.1450145731616
4445,129,23.728676193755792,144.1564899136139
4446,129,3.8970221040814863,258.59909460579564
4447,129,0.0,191.25659332319748
4448,129,0.0,191.26205426550422
4449,129,0.0,191.18661857878155
4450,129,11.345595676460384,258.7186213467222
4451,129,11.508311197949407,258.67668107748193
4452,129,11.781270823546919,258.7136623295095
4453,129,11.776342781342393,258.7323693376221
4454,129,11.918830356230018,258.8009930815232
4455,129,14.893610322887639,259.147462373275
4456,129,0.0,226.4474989637462
4457,129,0.0,228.9193331872937
4458,129,0.0,192.92381926557135
4459,129,0.0,193.46946286721442
4460,129,0.0,130.66373218841048
4461,129,26.88017224893608,131.84812197848618
4462,129,31.96652036678516,131.3607563663583
4463,129,39.90455791315793,130.3208083951992
4464,129,33.5239279141752,129.06008480768583
4465,129,29.919135108035885,128.43578513348967
4466,129,27.007712358571425,127.41205395086142
4467,129,25.43122400169954,127.16877270135366
4468,129,24.07775011657506,126.79855373669446
4469,129,23.22341693705469,126.57393028383667
4470,129,8.794259085237764,144.6147381378435
4471,129,0.0,259.5830832110273
4472,129,0.0,192.21395666143806
4473,129,0.0,191.92094182701192
4474,129,0.0,191.6559363810879
4475,129,0.0,191.5120595321273
4476,129,0.0,191.43043559347296
4477,129,0.0,191.34748988183404
4478,129,0.0,191.38295951987223
4479,129,0.0,191.43197861393026
4480,129,0.0,192.06672559109688
4481,129,0.0,193.9585272498587
4482,129,0.0,194.54909705721133
4483,129,0.0,244.43433071749882
4484,129,20.7288967950662,133.72882436067212
4485,129,19.20723402123933,131.44136599143542
4486,129,45.00217345865994,131.65358618663012
4487,129,30.06890053809803,130.4629689736579
4488,129,31.050901070487605,128.99834774580526
4489,129,27.80287459087388,127.92146339026137
4490,129,25.990538640144834,127.38731794752856
4491,129,23.704781105291325,126.6627935679458
4492,129,23.698550869069294,126.52043701949889
4493,129,22.89781590237789,126.28356194829615
4494,129,5.710395686416946,126.94072447245802
4495,129,0.0,127.53637729623036
4496,129,0.0,191.92771050797825
4497,129,0.0,191.57062133316157
4498,129,0.0,191.2540183401729
4499,129,0.0,191.01643867787575
4500,129,0.0,191.0738223920117
4501,129,0.0,257.75022552652524
4502,129,0.0,257.7050575210006
4503,129,0.0,257.906825672929
4504,129,0.0,191.918752101672
4505,129,0.0,194.3314555978628
4506,129,0.0,195.13209555418
4507,129,15.028000560879068,133.0015955443239
4508,129,42.830264533509826,134.90951206810306
4509,129,27.064781256539305,131.76565614418405
4510,129,52.1797693418052,131.95009065208808
4511,129,46.12372308601468,130.76042944621292
4512,129,36.60431165570873,129.5681869143107
4513,129,31.32816960545619,128.83249317390488
4514,129,28.661246459267833,128.31536820385796
4515,129,26.384458635568713,127.75344149176004
4516,129,26.170616481288068,127.61264320724524
4517,129,25.76524466179612,127.5335829387337
4518,129,0.0,259.0107595360976
4519,129,0.0,241.90086396995264
4520,129,0.0,192.47920557123066
4521,129,0.0,192.21880786223403
4522,129,0.0,191.80465002577884
4523,129,0.0,191.62865247035066
4524,129,0.0,191.54313166462853
4525,129,0.0,261.10214718919866
4526,129,0.0,191.08148055273054
4527,129,0.0,191.23290591773727
4528,129,0.0,191.84276232408976
4529,129,0.0,193.8690661023395
4530,129,0.0,194.45520648769883
4531,129,0.0,244.1461222463132
4532,129,25.10338089286202,132.64256024173545
4533,129,21.90356931737773,130.47504711840423
4534,129,47.49390501394753,130.57811250505995
4535,129,43.16258228397575,129.92749887607337
4536,129,35.88933488069801,129.17377794898832
4537,129,31.11788812703487,128.59966905484043
4538,129,28.33816515868198,128.03995103916915
4539,129,25.92169799182724,127.19163652634991
4540,129,25.28671540157856,127.08134162843895
4541,129,23.93259529557436,126.71052767192059
4542,129,2.1686522980805725,258.95214440524586
4543,129,0.0,241.71078736414202
4544,129,0.0,192.0403325420844
4545,129,0.0,191.64062032385638
4546,129,0.0,191.26297596759812
4547,129,0.0,191.11175039385478
4548,129,0.0,257.94993948679934
4549,129,0.0,257.86962144124215
4550,129,0.0,257.82395035256667
4551,129,0.0,191.13014414404864
4552,129,0.0,191.73963169354326
4553,129,0.0,193.54520235921387
4554,129,0.0,194.06037033450906
4555,129,0.0,130.7086922426884
4556,129,23.671856013988773,133.03688482219889
4557,129,26.491603722724193,131.47066775051593
4558,129,50.35249679093086,131.7845805503034
4559,129,42.89208569736077,130.34816236228707
4560,129,36.82876861009572,129.26034834387198
4561,129,30.203633184025545,128.3990720942244
4562,129,27.306958150054633,127.89567560136864
4563,129,25.642283131415912,127.32884441954594
4564,129,24.045396443492443,126.69430616280802
4565,129,16.367809467186984,126.6761169532454
4566,129,9.671785886575911,144.4424359588774
4567,129,0.0,242.1929397258532
4568,129,0.0,192.93086782514536
4569,129,0.0,192.76680162251876
4570,129,0.0,192.30474986333397
4571,129,0.0,192.0490357824169
4572,129,0.0,261.90939531940734
4573,129,0.0,258.40760945426655
4574,129,0.0,191.5714987604942
4575,129,0.0,191.5763043621638
4576,129,0.0,192.26183236891868
4577,129,0.0,194.1562961201481
4578,129,0.0,194.60192964892278
4579,129,0.0,131.17079324834114
4580,129,28.126121534135677,133.31072600038488
4581,129,25.022398732619983,131.43087967789887
4582,129,48.425540194128146,131.78611440940412
4583,129,42.49173642108298,131.0053576387098
4584,129,36.66729009113594,130.19188787737363
4585,129,30.297074784271,129.0572202222498
4586,129,28.032926995492787,128.04730686508688
4587,129,26.026290892425326,127.58548233405043
4588,129,24.995040731246302,127.07056870345124
4589,129,16.84724260851494,144.65966212350924
4590,129,7.347698650336634,144.26966500968402
4591,129,0.0,191.4098654768821
4592,129,0.0,191.4989596141039
4593,129,0.0,191.51132725967187
4594,129,0.0,227.90805683954807
4595,129,0.0,227.8905718847465
4596,129,0.0,258.86439807736986
4597,129,0.0,258.6398076509577
4598,129,0.0,258.57035315104605
4599,129,0.0,227.56549899093534
4600,129,0.0,227.82275545075933
4601,129,0.0,228.61173217517305
4602,129,0.0,192.69656922550476
4603,129,0.0,193.1176171589261
4604,129,0.0,129.78802172853807
4605,129,26.882508045399355,131.61371665699392
4606,129,50.48430536717507,131.97710513084576
4607,129,29.148797754638316,131.29326015239056
4608,129,39.23977091252705,130.00864850151925
4609,129,35.15470839364591,129.17351850681197
4610,129,30.912768846523203,128.65602187131918
4611,129,28.749276188238923,128.22480467066467
4612,129,26.937158034855663,127.5521491628579
4613,129,25.89177346111155,127.36484203489945
4614,129,6.33888903269099,258.63594788992657
4615,129,0.0,191.29299665563576
4616,129,0.0,191.28640293240724
4617,129,0.0,191.22943595284096
4618,129,0.0,227.70589282830142
4619,129,0.0,227.70375160773307
4620,129,0.0,216.51871671616715
4621,129,0.0,216.4773116383615
4622,129,0.0,227.72215137651517
4623,129,0.0,240.27050341358586
4624,129,0.0,226.40388015634178
4625,129,0.0,228.36150156225023
4626,129,0.0,192.71940014563106
4627,129,0.0,193.22974102782945
4628,129,0.0,130.04907007084404
4629,129,27.381019067017505,131.53281044460684
4630,129,50.42172996960305,131.42814465699684
4631,129,24.869605236566375,130.11148717222855
4632,129,35.46153266244886,128.97427954374075
4633,129,29.81748114889409,128.31089402768987
4634,129,26.95204368786429,127.75076811516655
4635,129,25.987652553612698,127.46274667003682
4636,129,24.65039801403153,126.96783665485043
4637,129,24.885202796800904,127.22041349520153
4638,129,10.227306791864342,143.0471295301549
4639,129,0.0,241.61016056868505
4640,129,0.0,192.06991684631586
4641,129,0.0,191.66611898701734
4642,129,0.0,191.3907065102909
4643,129,0.0,191.2023605718574
4644,129,0.0,191.1718847795253
4645,129,0.0,191.11331800299877
4646,129,0.0,191.08544651166557
4647,129,0.0,191.23797673789008
4648,129,0.0,191.9532899169753
4649,129,0.0,193.96502990087433
4650,129,0.0,194.79880859592896
4651,129,3.6010135069250366,131.661959555861
4652,129,31.364069764781288,133.66759944635027
4653,129,26.558126601712097,131.2055561838811
4654,129,50.82455759801879,131.5786411619585
4655,129,43.30086172586765,130.38282237303494
4656,129,34.373700141792206,129.08098639267908
4657,129,28.962456284435937,128.29138150058543
4658,129,25.47838524499767,126.62414590291479
4659,129,24.816023245878064,126.4106546999793
4660,129,25.323035676852356,126.74993483939944
4661,129,24.702175411133148,126.64024246308695
4662,129,0.6790666683705775,258.83128562582925
4663,129,0.0,241.46927826616903
4664,129,0.0,191.88755187664788
4665,129,0.0,191.4155970583585
4666,129,0.0,191.06606703599638
4667,129,0.0,190.8715103387732
4668,129,0.0,190.85826951806268
4669,129,0.0,257.5381991940062
4670,129,0.0,257.63042669095114
4671,129,0.0,190.91671396769073
4672,129,0.0,191.73148724439943
4673,129,0.0,194.12555629026204
4674,129,0.0,195.4132176663408
4675,129,3.043265089803769,245.632123260404
4676,129,39.441831128560146,135.52327947143272
4677,129,32.304946718946695,132.69071823712227
4678,129,53.985371242907284,132.52205237477347
4679,129,44.13198776199687,131.09642835675865
4680,129,36.031464420161434,129.9063258870417
4681,129,30.09296346448739,128.94408835473104
4682,129,28.681819287919172,128.37480759171586
4683,129,26.420462430931767,145.3043081127305
4684,129,25.215171602575207,126.99149405912003
4685,129,25.46274053476494,127.05083234911285
4686,129,13.025085098716344,125.80904439955265
4687,129,0.0,241.71034553464042
4688,129,0.0,192.20387118200992
4689,129,0.0,191.78296186266368
4690,129,0.0,191.41687899718596
4691,129,0.0,257.9964618753776
4692,129,0.0,257.89356202520736
4693,129,0.0,257.738151483996
4694,129,0.0,257.8813619560116
4695,129,0.0,191.16556326978028
4696,129,0.0,191.76363260554226
4697,129,0.0,193.42226758461203
4698,129,0.0,193.98605321144467
4699,129,0.0,130.95238095238096
4700,129,28.568374283290126,132.87304309177094
4701,129,26.265400513217685,130.9921164844447
4702,129,48.81230943080611,130.93053537081346
4703,129,41.19481455406407,129.88718653081767
4704,129,34.603734484943146,128.7944298001692
4705,129,29.916407671131097,128.11837003580882
4706,129,26.19027370562829,127.3631963188897
4707,129,25.869738175028182,127.04774683457268
4708,129,24.706665574897027,126.81825270157141
4709,129,24.274891167409034,126.77374800392765
4710,129,3.058775785852844,258.8286806849711
4711,129,0.0,241.50639807600845
4712,129,0.0,192.15866629829785
4713,129,0.0,191.8804380734466
4714,129,0.0,191.65549183514386
4715,129,0.0,191.53828951732118
4716,129,0.0,191.68294733739583
4717,129,0.0,191.52012089390382
4718,129,0.0,191.43701692895723
4719,129,0.0,191.47626465421723
4720,129,0.0,192.15537076064646
4721,129,0.0,194.31630196330323
4722,129,0.0,195.13738342189424
4723,129,0.0,244.95791185989017
4724,129,31.04392921789825,133.21688376861556
4725,129,25.733237483577724,131.15214888252004
4726,129,47.44807341386112,131.33184521420145
4727,129,42.66301806005178,130.3168993697774
4728,129,36.47100281947403,129.2379488777204
4729,129,31.021913493465345,128.34087003268485
4730,129,27.74705120609873,127.42493972644687
4731,129,26.023812739681272,127.01335975890707
4732,129,24.639445890941996,144.26830239356158
4733,129,24.00674902901259,126.63240913206761
4734,129,11.654914410630743,142.92981014313895
4735,129,0.0,262.4213338546082
4736,129,0.0,192.42693642451286
4737,129,0.0,192.4345216535837
4738,129,0.0,192.04848039597832
4739,129,0.0,191.84764697525245
4740,129,0.0,191.7640987007638
4741,129,0.0,258.2359101295365
4742,129,0.0,191.40354751910732
4743,129,0.0,191.53108936358055
4744,129,0.0,191.94504816909296
4745,129,0.0,193.5944112758384
4746,129,0.0,194.13200620605323
4747,129,0.0,129.90485881642016
4748,129,26.40737739824295,132.2537549810936
4749,129,23.880387479070446,130.33603788766018
4750,129,40.314269231791286,130.44944813102302
4751,129,42.252552735997774,129.7804032634024
4752,129,36.10520779549345,129.00975425649187
4753,129,32.0981225548219,128.26076611305785
4754,129,28.149570537815247,127.76848338698493
4755,129,25.939778688516387,127.10411995274646
4756,129,24.635752899259224,126.9673768149061
4757,129,23.259573677708886,126.689598162812
4758,129,8.169352636020852,144.25269832164975
4759,129,0.0,191.4076739019634
4760,129,0.0,191.40299646665733
4761,129,0.0,191.36245821428855
4762,129,0.0,227.8007203656351
4763,129,0.0,227.7001836307741
4764,129,0.0,227.64231866562946
4765,129,0.0,258.6509170796949
4766,129,0.0,227.57121382795594
4767,129,0.0,227.59673552894907
4768,129,0.0,227.89050610100784
4769,129,0.0,228.57369181621274
4770,129,0.0,193.08956252386469
4771,129,0.0,193.409256666332
4772,129,0.0,129.74421594435157
4773,129,20.22669103311834,130.82502499540084
4774,129,23.70112388510024,130.85029655286783
4775,129,42.199214866463734,130.3176077225384
4776,129,36.15084954171811,129.32920068616292
4777,129,30.583422911349235,128.55680500621838
4778,129,28.20786214456263,128.1040561659294
4779,129,27.508654083831324,127.84705471579905
4780,129,25.890222621415848,127.5500664841587
4781,129,24.28766229760131,127.15310007093706
4782,129,8.919512775460053,144.16672229719663
4783,129,0.0,191.35238324417446
4784,129,0.0,191.45090186249425
4785,129,0.0,191.53377982052788
4786,129,0.0,227.9516775845733
4787,129,0.0,216.67542896523736
4788,129,0.0,258.961275359875
4789,129,0.0,258.74601667206707
4790,129,0.0,227.52143698421315
4791,129,0.0,227.4728789688722
4792,129,0.0,227.81589895534665
4793,129,0.0,228.24410192081152
4794,129,0.0,192.6609045811351
4795,129,0.0,193.06614730582828
4796,129,0.0,129.83679983058522
4797,129,26.586089517696983,131.12688286384352
4798,129,49.10623471229821,130.73111725876768
4799,129,42.52408052532509,129.59786767766548
4800,129,35.695303283576436,128.46399335215548
4801,129,30.647860743289076,128.04581254253046
4802,129,28.367417574652208,127.67176126512933
4803,129,11.320273166557607,127.41776960055809
4804,129,24.303981415572768,126.84560086603092
4805,129,24.114257695282035,126.92671986482321
4806,129,11.699762504979349,143.04548650555992
4807,129,0.0,259.0741421700811
4808,129,0.0,191.96175227394983
4809,129,0.0,191.65875325000775
4810,129,0.0,191.26528687244303
4811,129,0.0,257.81244916601577
4812,129,12.186608739418897,257.9768510495727
4813,129,0.0,257.84608593869285
4814,129,0.0,191.04028777572896
4815,129,0.0,191.07789019882247
4816,129,0.0,191.7205329484654
4817,129,0.0,193.6385101077902
4818,129,0.0,194.65027490677755
4819,129,0.31896159594678714,244.67901758198715
4820,129,31.81081123686847,133.99832483365464
4821,129,27.709325125885524,131.56263682461156
4822,129,51.008298595020975,131.47535014319826
4823,129,44.22224717181287,130.4830279588818
4824,129,35.947760237091465,129.01467656581815
4825,129,30.286591402514794,146.1228190303864
4826,129,27.9334487323517,128.1044724110211
4827,129,26.03129251045614,127.65139810397457
4828,129,25.916284666939987,127.62038610526317
4829,129,25.362901997511997,127.37399847422304
4830,129,13.191324707404883,143.92119126776436
4831,129,0.0,192.6534589106003
4832,129,0.0,192.11242353850125
4833,129,0.0,191.72738292986196
4834,129,0.0,191.4676158978343
4835,129,0.0,191.32008620854003
4836,129,0.0,191.25577533787992
4837,129,0.0,191.10858999928473
4838,129,0.0,191.28742475185933
4839,129,0.0,191.3049143385973
4840,129,0.0,191.875378621781
4841,129,0.0,193.47685404158358
4842,129,0.0,194.34268948410627
4843,129,0.0,131.60639340993015
4844,129,25.915585447215236,133.89363133594944
4845,129,23.882175468545206,131.9599034163313
4846,129,46.763069983374876,131.81267234963988
4847,129,38.92397911862485,130.49083946731034
4848,129,32.62741727756756,129.375044069296
4849,129,27.999529030722204,128.06714866180403
4850,129,25.907346420447194,127.41683034666165
4851,129,24.79394434299448,126.94587243783886
4852,129,23.32422204935565,126.65576990664701
4853,129,24.48739219470253,126.9654290043914
4854,129,7.032827725857027,241.2965569760034
4855,129,0.0,241.5021056941683
4856,129,0.0,192.13512540127854
4857,129,0.0,191.87950004367423
4858,129,0.0,191.47463116895216
4859,129,0.0,191.2040868219692
4860,129,0.0,257.8405208373398
4861,129,0.0,257.7914674289652
4862,129,0.0,261.04471429075664
4863,129,0.0,191.08188696595622
4864,129,0.0,191.60862083725615
4865,129,0.0,193.2794565914397
4866,129,0.0,194.1181408459103
4867,129,0.0,244.2391209611645
4868,129,28.635182498853545,134.51024889141536
4869,129,25.587430146021546,132.04517727506897
4870,129,42.7454347468611,131.8454632398362
4871,129,44.20122998100902,130.5396328135582
4872,129,37.56257791080412,129.36761911959078
4873,129,31.885516817948705,128.52066289290192
4874,129,29.003056904146796,128.04311526060053
4875,129,27.128072860764984,127.57811292679582
4876,129,26.86930302198158,127.43543087270021
4877,129,26.431281669520402,127.32698587391026
4878,129,14.38216505251421,143.75214581683989
4879,129,3.2902708238165363,241.810065788678
4880,129,0.0,192.35620104224176
4881,129,0.0,192.153166417932
4882,129,0.0,191.87821072523693
4883,129,0.0,191.7223554613421
4884,129,0.0,191.83939475260314
4885,129,0.0,191.6649145301451
4886,129,0.0,191.57421714188925
4887,129,0.0,191.61239986450173
4888,129,0.0,192.36342531746874
4889,129,0.0,194.66471805331454
4890,129,0.0,195.57651358315118
4891,129,0.0,245.22849841994122
4892,129,31.410877753491516,133.9647709712639
4893,129,25.065777650592526,131.69565268865497
4894,129,46.62159589407698,131.22407113372563
4895,129,40.81278265600223,130.0279183266542
4896,129,35.51838142810969,129.35466158519316
4897,129,31.998274462427617,128.75509885342817
4898,129,28.894375115556663,128.1495736307953
4899,129,27.780340075402414,127.73738812505891
4900,129,27.025449002172582,127.54772105095353
4901,129,27.45386013893021,145.33002723679934
4902,129,17.941796799816995,144.33331211237314
4903,129,4.795756188486066,259.6146598776435
4904,129,0.0,192.49448057713948
4905,129,0.0,192.1902205845482
4906,129,0.0,191.6149620957313
4907,129,0.0,191.39417646836753
4908,129,0.0,191.2811107276989
4909,129,0.0,191.26442207789495
4910,129,0.0,191.26530058221255
4911,129,0.0,191.44312739963715
4912,129,0.0,191.81592538572764
4913,129,0.0,193.2127984876339
4914,129,0.0,193.91828043565067
4915,129,0.0,130.9332206811979
4916,129,26.93709432678336,133.23020920523734
4917,129,25.469694407627088,131.53319739586755
4918,129,48.855427107255665,131.93437616416406
4919,129,35.59934207394762,130.91124882076628
4920,129,37.566451754376466,129.99089865455673
4921,129,32.704142492902086,129.06407489904083
4922,129,29.88440531867472,145.99800287278552
4923,129,27.25886764925329,145.1815239652665
4924,129,26.880985489867104,127.36650291448096
4925,129,25.70882929018982,126.87096895227576
4926,129,13.789154893364415,143.09480686345793
4927,129,0.0,191.44443899316718
4928,129,0.0,191.3929548463501
4929,129,0.0,191.3116374037153
4930,129,0.0,227.6712949186203
4931,129,0.0,227.52098111033868
4932,129,0.0,227.57254645417166
4933,129,0.0,227.60815691937037
4934,129,0.0,227.70378272065471
4935,129,0.0,227.64058277420452
4936,129,0.0,227.88879317213522
4937,129,0.0,228.66557822163966
4938,129,0.0,193.1939389369728
4939,129,0.0,193.5685689849964
4940,129,0.0,130.03683297387607
4941,129,23.71014558138073,131.11564867673678
4942,129,34.37223886854621,130.8828394737141
4943,129,45.09540703350659,130.2681565994227
4944,129,38.36246481775905,129.50594052299718
4945,129,33.5721561296604,128.84154024789336
4946,129,30.087271150470634,128.4520793559837
4947,129,27.973019702389816,145.84445912342844
4948,129,26.615310943764342,127.36157788196128
4949,129,26.199241362417624,127.29247150278836
4950,129,15.0964166653942,143.7705764848282
4951,129,0.0,191.60962901075152
4952,129,0.0,191.58574044060867
4953,129,0.0,191.67843650778158
4954,129,0.0,227.1154934776967
4955,129,0.0,225.9267379365166
4956,129,0.0,228.11695927594423
4957,129,0.0,216.60586398786572
4958,129,0.0,227.6772603186278
4959,129,0.0,227.6187501643963
4960,129,0.0,227.88084031065867
4961,129,0.0,228.88185641872437
4962,129,0.0,192.93987111194747
4963,129,0.0,193.4082587719474
4964,129,0.0,129.84503012216555
4965,129,25.403801153943864,130.75199591298704
4966,129,36.66200598647306,130.60674073076203
4967,129,40.059534755628356,129.83508096159713
4968,129,33.98373017652527,128.93696829450818
4969,129,28.87895276551145,128.01132102107354
4970,129,26.18903066186414,126.97639463405166
4971,129,23.343282025010375,126.19126916711309
4972,129,23.84224971140219,126.39148331954686
4973,129,23.952901025406668,126.29863898953155
4974,129,15.577368584182826,143.40400376118623
4975,129,2.6390897079084077,259.42403070126215
4976,129,0.0,192.41645249759094
4977,129,0.0,192.12004671794594
4978,129,0.0,191.75577845072502
4979,129,0.0,191.4626334407413
4980,129,0.0,258.3892836791876
4981,129,0.0,258.2835813379346
4982,129,0.0,258.228100937746
4983,129,0.0,191.51168644896825
4984,129,0.0,192.19746235809308
4985,129,0.0,194.339923943408
4986,129,0.0,195.07782333542033
4987,129,0.0,244.99274884767064
4988,129,35.280674774209565,133.78583914732468
4989,129,48.1594990102363,131.21126927387036
4990,129,47.75949674531013,130.80454153344158
4991,129,39.702791519995515,129.64368545458387
4992,129,32.25655904751582,128.62462271979416
4993,129,28.393621650350916,127.96310987283526
4994,129,25.441965317644083,127.16669251840612
4995,129,23.479708527960796,126.53620518247968
4996,129,23.652920758677087,126.58553185557939
4997,129,23.82626585702415,126.51753682804512
4998,129,0.0,259.1955354082313
4999,129,0.0,241.77805592866247
5000,129,0.0,192.12611431319345
5001,129,0.0,191.74393574563354
5002,129,0.0,191.46710972044096
5003,129,0.0,191.23608235576063
5004,129,0.0,191.20356366957273
5005,129,0.0,191.0914292776604
5006,129,0.0,191.153788632685
5007,129,0.0,191.27616271200904
5008,129,0.0,191.73542261422782
5009,129,0.0,193.25005817669384
5010,129,0.0,194.32107961675558
5011,129,0.0,131.3209279205463
5012,129,29.323877756134177,133.99250658675336
5013,129,34.00731885552275,131.3745281939265
5014,129,43.437154799361934,131.06035474184037
5015,129,36.069044289602786,129.72810374685267
5016,129,30.553507375045896,128.58448342355445
5017,129,26.200536047776307,144.96521568266883
5018,129,23.767316718165823,126.46489644617864
5019,129,22.746278554968434,126.14526881596474
5020,129,21.91126497064577,125.94652907685958
5021,129,21.38024507761819,125.71683926747704
5022,129,0.0,259.14039973724164
5023,129,2.0497250226970114,241.81511074857283
5024,129,0.0,192.4194062025754
5025,129,0.0,192.02860843448937
5026,129,0.0,191.61351152970315
5027,129,0.0,191.26478352929627
5028,129,0.0,258.0944509517491
5029,129,0.0,258.07786249429563
5030,129,0.0,257.85619690512533
5031,129,0.0,191.0084279298672
5032,129,0.0,191.51747458550696
5033,129,0.0,193.13466620975305
5034,129,0.0,194.04317431591704
5035,129,0.0,131.5079286545745
5036,129,32.573740277939606,134.10141217531853
5037,129,27.11361933438184,131.95236774496564
5038,129,43.63774211540338,131.61186707322003
5039,129,41.82370964732151,130.5539265290478
5040,129,36.30136599567197,129.528736743421
5041,129,29.33094997285523,128.17718195003692
5042,129,27.79535619605796,127.81484264433706
5043,129,26.2519426430723,127.30145052792338
5044,129,25.481789149799653,127.03958130975317
5045,129,26.366386212772777,127.32222169047752
5046,129,17.715589125075777,126.38611705200941
5047,129,9.793972064109795,128.281455849061
5048,129,0.0,192.92149284947928
5049,129,0.0,192.67239800975648
5050,129,0.0,192.07351908067233
5051,129,0.0,191.89980940785122
5052,129,0.0,258.8085107753529
5053,129,0.0,258.4915052011903
5054,129,0.0,191.6639142303663
5055,129,0.0,191.6778624296342
5056,129,0.0,192.31593912056016
5057,129,0.0,194.18513896443247
5058,129,0.0,195.0291994282804
5059,129,0.0,245.0275930099224
5060,129,37.740816765023084,134.5336182490212
5061,129,29.882912788333282,131.81786857680743
5062,129,48.0131578962362,131.50842115881693
5063,129,41.517557177462436,130.72314640617228
5064,129,37.39714072361695,129.85478919153724
5065,129,32.61145549563492,128.93439534952023
5066,129,28.188428337284194,128.28791634355014
5067,129,26.928483281446507,127.85173691069085
5068,129,26.036117840482294,127.69224654668531
5069,129,25.066254009516378,127.50093224594772
5070,129,20.042362083422766,145.19590934362992
5071,129,10.565331476610497,146.14657198484917
5072,129,0.0,192.77044602901242
5073,129,0.0,192.37457931151081
5074,129,0.0,191.76926669575778
5075,129,0.0,191.4961018821067
5076,129,0.0,191.34962513622312
5077,129,0.0,261.11698689990294
5078,129,0.0,191.13114608316195
5079,129,0.0,191.25532340030438
5080,129,0.0,191.73573900980992
5081,129,0.0,193.20345029705229
5082,129,0.0,193.8316627204853
5083,129,0.0,130.83333833864683
5084,129,26.359866122594074,132.62295492230427
5085,129,22.44354380927808,130.93230437352605
5086,129,45.96527881981823,130.88389488840895
5087,129,40.686324710861264,130.3565104959183
5088,129,34.922198196175316,129.53284304674617
5089,129,29.784776533611332,146.43334566012706
5090,129,25.874921579132174,128.00803793746238
5091,129,24.78425087624088,127.44435089024981
5092,129,23.41160729353309,127.1207524362904
5093,129,22.880674152409657,126.76510631570103
5094,129,8.66722729100983,143.72785495559094
5095,129,0.0,191.6046761585242
5096,129,0.0,191.37705348426414
5097,129,0.0,191.32338524848723
5098,129,0.0,227.68780516920484
5099,129,0.0,227.6210302380356
5100,129,0.0,258.73783259246585
5101,129,0.0,258.85074963635145
5102,129,0.0,258.9688855350207
5103,129,0.0,227.85274250906937
5104,129,0.0,226.47756644654837
5105,129,0.0,228.91656188188625
5106,129,0.0,192.9676363716415
5107,129,0.0,193.36256591198654
5108,129,0.0,130.35347583068778
5109,129,22.667846300740557,131.22072082083108
5110,129,44.92297945823582,131.081503863529
5111,129,27.95011393867809,130.3394672441075
5112,129,34.92427946397354,129.52028298427632
5113,129,29.65131031948387,128.84066728362183
5114,129,26.482559766896728,127.73587116030366
5115,129,24.914924903059134,127.38030440547348
5116,129,25.296714333844015,127.59772968745305
5117,129,24.356361956736926,127.20207715955667
5118,129,15.451648789637396,143.76404761400363
5119,129,0.0,191.46952331129978
5120,129,0.0,191.4012134647984
5121,129,0.0,191.4391803636696
5122,129,0.0,227.85552582714666
5123,129,0.0,227.75812025189555
5124,129,0.0,216.58575228448174
5125,129,0.0,258.7267931630056
5126,129,0.0,258.5843685399775
5127,129,0.0,227.59867962554068
5128,129,0.0,227.88812341683624
5129,129,0.0,228.71369779760786
5130,129,0.0,193.1228186748108
5131,129,0.0,193.57818186525094
5132,129,0.0,130.3313973850035
5133,129,23.96181366204938,131.23769990355382
5134,129,33.83461953964507,130.6438890538626
5135,129,35.835000079850964,129.57090280435028
5136,129,32.665606966134,128.80315123107064
5137,129,28.16162958318423,128.26699583628908
5138,129,24.95547033189111,127.47832450844152
5139,129,23.747150558941183,126.98161216483628
5140,129,23.76747227877955,126.92531158572262
5141,129,24.547261613268407,144.88435730659728
5142,129,18.60467955230713,259.1320228382412
5143,129,8.539722495470992,259.6534506726508
5144,129,0.0,192.47476002248584
5145,129,17.898520162518174,258.7280195786755
5146,129,14.190718703564281,258.3242792514792
5147,129,11.652454034109224,258.0435543048912
5148,129,12.123984153648136,258.0720407718963
5149,129,21.672571406955978,258.02580066970853
5150,129,10.374381356379956,258.02445794014767
5151,129,11.314401183715296,258.15625666121224
5152,129,0.0,192.09951270856965
5153,129,0.0,194.20453955496265
5154,129,0.0,195.12542109647967
5155,129,0.0,245.1351554056541
5156,129,55.74711541355076,133.8308250452016
5157,129,46.99406921561574,131.12928653225418
5158,129,46.212199973869055,130.92911940121832
5159,129,41.927700998808675,129.97600039666264
5160,129,36.16469474109884,129.01424141423885
5161,129,31.25232490022267,128.16344545797557
5162,129,28.35266713399473,127.83273401534453
5163,129,26.50412649853266,127.60113745194556
5164,129,26.08724507374144,127.41134310597918
5165,129,8.809666899660115,127.26106891058781
5166,129,0.0,145.0683000383453
5167,129,0.0,127.62803006221054
5168,129,0.0,191.99564018968323
5169,129,0.0,191.64108473841097
5170,129,0.0,191.23859400314305
5171,129,0.0,191.02461070347653
5172,129,0.0,257.8044978246397
5173,129,0.0,257.7416094949405
5174,129,0.0,260.84046308244103
5175,129,0.0,190.8693890272814
5176,129,0.0,191.50463747220203
5177,129,0.0,193.4468233534269
5178,129,0.0,194.75206117094672
5179,129,0.0,245.05575730297318
5180,129,37.706657179894805,135.5007596860712
5181,129,34.6645151037186,132.50755049741292
5182,129,49.992088233233204,131.9651386060204
5183,129,52.44299842487038,130.7633410331888
5184,129,55.88444583019582,129.53482458038675
5185,129,50.23552080757959,128.0798405464424
5186,129,25.64480485217805,127.91714204178444
5187,129,24.68056918847823,127.15582309937726
5188,129,13.072286269976683,126.87319313948156
5189,129,1.5392838569453626,259.43250242487153
5190,129,0.0,259.34783352378804
5191,129,9.150470293923682,145.40939841827773
5192,129,0.0,192.71694413018625
5193,129,21.040442067773338,241.38923253100361
5194,129,17.26865607689437,258.6207056453631
5195,129,14.890749884060858,258.305092311409
5196,129,35.361158720528735,240.38430534388004
5197,129,22.64578401030482,257.9925908265741
5198,129,9.81222845580795,257.73584801955104
5199,129,10.125213293035364,257.7469904162605
5200,129,14.997206531659723,258.28156144182066
5201,129,0.0,193.26175639396615
5202,129,0.0,194.3390511782645
5203,129,10.233678826048749,131.7549738947334
5204,129,41.29530173420778,134.8669377952498
5205,129,53.44479956673287,132.45589066729863
5206,129,49.23841277526759,131.23401435667697
5207,129,41.76734165090128,129.97582181309642
5208,129,46.17679427546879,128.84543874608062
5209,129,29.237786189489142,128.1683047536777
5210,129,26.67723043821798,127.69259629483345
5211,129,26.72185717990988,127.76356041966935
5212,129,25.161282212879577,127.37461200133247
5213,129,1.3147173875716587,144.74300852252088
5214,129,0.0,259.41010523705825
5215,129,10.560864836304185,128.1209980253179
5216,129,0.0,192.7648325180742
5217,129,20.45609071521122,241.32207765453677
5218,129,16.478855140664994,258.5449788214302
5219,129,15.01179824279137,258.3653295651286
5220,129,15.786681442040127,258.48269696642006
5221,129,12.676485899762522,258.20141194602166
5222,129,12.103504541105021,258.1305022523998
5223,129,0.0,191.3617113826058
5224,129,0.0,191.92260435842744
5225,129,0.0,193.65885088878576
5226,129,0.0,194.59811082881467
5227,129,0.0,244.64569924978457
5228,129,38.10558434818971,134.50167425037972
5229,129,29.021205138424587,131.59934129337165
5230,129,48.746960950291935,131.28903950874138
5231,129,44.20977969693065,130.27981019506876
5232,129,38.34717146214826,129.3114218205375
5233,129,33.06992531228576,128.56145820028448
5234,129,29.214640414536742,127.93480061589513
5235,129,26.84463326756536,127.5630130372513
5236,129,25.30819945250512,127.2311368595569
5237,129,26.034311034328944,127.43124989052698
5238,129,22.22029551817155,127.19361329421896
5239,129,14.326925554269597,128.61716282686274
5240,129,0.0,192.66161877868282
5241,129,0.0,192.16191155338748
5242,129,0.0,258.47264315176534
5243,129,14.817807601174886,258.2524848992896
5244,129,13.99984871525933,258.16555733188505
5245,129,12.101351135676275,257.97503119983935
5246,129,6.382576936287552,257.8249616523028
5247,129,0.0,191.16590848626316
5248,129,0.0,191.58413321964758
5249,129,0.0,193.08087165378043
5250,129,0.0,194.3282646327191
5251,129,0.0,132.07145292569976
5252,129,37.3817115494456,134.62883896449694
5253,129,30.31901584681963,131.94669520367037
5254,129,47.861823063282934,131.94482164282965
5255,129,43.60025098336345,131.0596880814967
5256,129,37.16789024262293,130.06328300571863
5257,129,32.96682302016512,129.25847573628823
5258,129,28.802194637268723,128.31285370604473
5259,129,26.68612711107958,127.61796262300994
5260,129,26.191055760379786,127.41225749171062
5261,129,25.895947108097108,127.42229165399849
5262,129,21.29778899924127,126.98374710843684
5263,129,0.0,191.8885127634195
5264,129,0.0,191.6802433811161
5265,129,0.0,191.50111453727763
5266,129,0.0,258.72664752164377
5267,129,0.0,258.52353600294913
5268,129,0.0,258.54117358786465
5269,129,0.0,258.5499785591234
5270,129,0.0,216.27771934481942
5271,129,0.0,227.51281226501857
5272,129,0.0,227.78444160343923
5273,129,0.0,192.12808194610466
5274,129,0.0,192.81123052791523
5275,129,0.0,193.3944067413275
5276,129,2.8248636512046845,130.5682151612125
5277,129,23.10979478516983,131.11204954126498
5278,129,37.67614065043206,130.85495859593664
5279,129,41.415962124443986,130.19089599167694
5280,129,36.0736660644938,129.1963617280126
5281,129,32.07111398099643,146.32374517675788
5282,129,28.612380277111203,127.94570340862371
5283,129,27.091475769036386,127.46045649904391
5284,129,25.775145597065407,126.93120215407896
5285,129,25.709092523775425,126.95227779817253
5286,129,20.703052884934245,144.06786833181295
5287,129,0.0,191.59496473640885
5288,129,0.0,191.4904820579177
5289,129,0.0,258.2248657511146
5290,129,12.179623010790586,258.8606346935104
5291,129,10.137264480551016,258.65997965194043
5292,129,10.184632645424266,258.6702241305946
5293,129,9.773996908359319,258.6460864246428
5294,129,8.929773307530077,258.56597685554493
5295,129,2.0707980132881887,258.5885528321279
5296,129,0.0,227.8737012025762
5297,129,0.0,192.39279277886436
5298,129,0.0,193.01814575538248
5299,129,0.0,193.84431341374983
5300,129,9.716877353207533,130.64500744423074
5301,129,29.169767996195823,131.0586954808661
5302,129,40.561647223601874,130.7874544180303
5303,129,42.48667808689163,129.99956473766966
5304,129,35.41627152136881,128.98001179340076
5305,129,31.32923802333304,128.3702607915144
5306,129,28.423382902531205,128.02709839101723
5307,129,26.665932882874127,127.39063382180588
5308,129,26.88223971108593,127.47859635507052
5309,129,26.205442045286752,127.41354699553062
5310,129,22.815065537242234,144.96084374845725
5311,129,14.308795321141584,259.8051179445153
5312,129,24.260573956494433,259.2671889272685
5313,129,18.597596108038086,258.6495885405079
5314,129,14.244480407044499,258.2156764126879
5315,129,28.832488790326092,240.20730336043715
5316,129,34.0424956374123,240.16679859834372
5317,129,10.239926905437981,257.76029604602775
5318,129,9.930658613238476,257.74441959516037
5319,129,0.0,257.81219974625157
5320,129,0.0,258.4215766852306
5321,129,0.0,193.59043438188945
5322,129,0.0,195.0419001230384
5323,129,24.279333773802307,132.81981681618748
5324,129,65.2535850583952,136.1929669244243
5325,129,55.33014005313532,132.70246850037609
5326,129,52.7090089185732,132.46118618099996
5327,129,43.54271666058033,131.15584736859327
5328,129,37.0797197738749,129.90800497074926
5329,129,32.79721722483679,129.06772496326303
5330,129,30.29865016733644,128.60888378585827
5331,129,28.549996842533933,128.21493788632043
5332,129,27.32185452608529,127.93167447442244
5333,129,5.860547119423755,127.81944163093401
5334,129,1.960634067955408,127.74437860696469
5335,129,14.330731971828644,128.2285160180372
5336,129,0.0,192.25133078170404
5337,129,0.0,191.7533104508269
5338,129,0.0,191.32135459537108
5339,129,0.0,261.0899314810367
5340,129,0.0,257.83703822591184
5341,129,0.0,257.90740873828787
5342,129,0.0,191.06442924677657
5343,129,0.0,191.10777617702695
5344,129,0.0,191.87303435590266
5345,129,0.0,194.18344328050551
5346,129,0.0,195.44373455798993
5347,129,7.467721003811873,134.55009857123648
5348,129,48.339033637181416,136.43939887018857
5349,129,44.777052052944924,132.40970459431225
5350,129,51.120662753027396,131.99155285294378
5351,129,43.17440332415467,130.7340159232872
5352,129,35.745898522827794,129.44906380004116
5353,129,29.350437322426412,128.54944188478962
5354,129,26.221066925442653,145.29271565932305
5355,129,25.493136487882275,127.13657855497951
5356,129,24.662361734163753,127.07476500139569
5357,129,24.875879463282953,127.16390930278692
5358,129,21.08256476992723,126.76919301133805
5359,129,13.013290473102737,128.2803160591023
5360,129,0.0,192.72934183691123
5361,129,0.0,192.40800087838167
5362,129,0.0,192.0499552466322
5363,129,0.0,192.01757194619583
5364,129,0.0,262.0365997448595
5365,129,0.0,258.70105473578315
5366,129,0.0,191.9300970537117
5367,129,0.0,191.73292268699976
5368,129,0.0,192.2145339009958
5369,129,0.0,193.9890089643317
5370,129,0.0,194.7649500346399
5371,129,0.0,132.13269478182337
5372,129,44.21331441090122,134.6465177360353
5373,129,39.56451338631458,131.84983305755748
5374,129,46.61639298255326,131.23744677412796
5375,129,39.19740412509171,129.97336420509328
5376,129,32.43076062653969,129.02837906125012
5377,129,27.560426814128412,127.77087962492124
5378,129,26.04179681120953,127.27184079541209
5379,129,25.050723953238055,126.8773014062739
5380,129,23.476826978025755,126.3278232478335
5381,129,22.7747550717884,126.23455323329677
5382,129,20.131069877761497,126.1354594803806
5383,129,11.328636842257739,127.14689230100868
5384,129,0.0,192.38010179199696
5385,129,0.0,191.91220685422115
5386,129,0.0,191.44880491592656
5387,129,0.0,257.9625085225976
5388,129,0.0,257.91677996513454
5389,129,0.0,257.8895744904606
5390,129,0.0,191.10442299857172
5391,129,0.0,191.1174465783687
5392,129,0.0,191.73356160509087
5393,129,0.0,193.5426258548551
5394,129,0.0,194.4789122810905
5395,129,0.0,244.8608882706726
5396,129,41.95118363980483,135.15486263716124
5397,129,39.251490040896456,132.05248840928684
5398,129,50.6274285666692,131.9997910895426
5399,129,43.57925174952553,130.69170577348285
5400,129,38.42479347793502,129.77274071964496
5401,129,32.26603976259046,128.98710657884652
5402,129,29.114543425618457,146.05187468450998
5403,129,27.677341608099017,128.08955549206613
5404,129,26.51904462111389,127.76579522750053
5405,129,26.803488662822453,127.6828213704827
5406,129,25.189998343853656,145.34909191957806
5407,129,20.123867067687254,128.7632958084293
5408,129,0.0,192.90729420985622
5409,129,0.0,192.52971756720487
5410,129,0.0,192.0591333662856
5411,129,0.0,191.74626514094254
5412,129,0.0,258.4522091752298
5413,129,0.0,191.44979321539634
5414,129,0.0,191.19753175613792
5415,129,0.0,191.3189336987006
5416,129,0.0,191.93523673475377
5417,129,0.0,193.84149865466742
5418,129,0.0,194.9030747391087
5419,129,2.0451349978525823,262.96339694778726
5420,129,44.65526199112254,135.29654477035095
5421,129,41.176133163030634,131.28891874113253
5422,129,48.511309711687325,131.0555507327954
5423,129,43.376195711847416,129.9260760043473
5424,129,36.7598569164514,129.0081758553984
5425,129,31.552954384769773,128.0840491344345
5426,129,28.151991825238834,127.79547936276428
5427,129,26.967301839937978,127.67549937016523
5428,129,25.985075225324994,127.73823036339587
5429,129,24.528903519593605,127.5880046155669
5430,129,23.029659523599697,127.7747693536836
5431,129,0.0,241.14597260544005
5432,129,0.0,191.7943677263074
5433,129,0.0,191.65285786199738
5434,129,0.0,227.9581128930992
5435,129,0.0,216.49738900620272
5436,129,0.0,258.63026481096455
5437,129,0.0,258.6990399785226
5438,129,0.0,258.70611412906896
5439,129,0.0,227.6790443089253
5440,129,0.0,227.74277968723763
5441,129,0.0,192.02864993467406
5442,129,0.0,192.87894611090402
5443,129,0.0,193.70898279852878
5444,129,11.48596560516931,131.3517019671827
5445,129,26.991870614911782,132.04204413652803
5446,129,46.548168315888056,131.394427454671
5447,129,36.371421963663636,130.72184897461992
5448,129,38.364446345811665,129.85688407242517
5449,129,33.746980022690295,129.03335487776135
5450,129,29.695543857096432,128.47901689446928
5451,129,27.57836369290881,128.2196472006817
5452,129,25.906267304163773,127.67045194157944
5453,129,25.566563329750096,127.6026001805354
5454,129,23.280815463167364,127.12385605769202
5455,129,0.0,258.56383500737286
5456,129,0.0,191.50515898039922
5457,129,0.0,191.34714464776252
5458,129,0.0,227.6731486393481
5459,129,0.0,258.46857840772606
5460,129,0.0,258.3937147517736
5461,129,0.0,258.3887703738058
5462,129,0.0,216.20558441690952
5463,129,0.0,227.47324124575775
5464,129,0.0,227.749646777174
5465,129,0.0,192.19672776959916
5466,129,0.0,193.02536463146004
5467,129,0.0,194.1280690959664
5468,129,14.491630810340311,131.4776346931605
5469,129,29.618962252165872,132.2697261409761
5470,129,48.92418878335451,132.04077424870644
5471,129,33.98998789610998,130.63917386490837
5472,129,35.12198314433947,129.4749485141073
5473,129,30.18069199471833,128.55415930956644
5474,129,27.15381824506443,127.69353972306786
5475,129,25.202535592491966,127.28931996023773
5476,129,24.163705779506163,127.09066968959509
5477,129,24.549374565513926,127.28428739414316
5478,129,24.27100294217964,127.3833886249629
5479,129,19.83042814834414,128.79386919913878
5480,129,0.0,192.74098897298174
5481,129,0.0,192.0960890024036
5482,129,0.0,191.64292588841573
5483,129,0.0,191.32127292879755
5484,129,0.0,261.1335350734912
5485,129,0.0,191.03498112751916
5486,129,0.0,260.91372096209324
5487,129,0.0,191.05808892313445
5488,129,0.0,191.81569105903174
5489,129,0.0,193.80993897954372
5490,129,0.0,194.9769101834977
5491,129,26.614170392397877,133.76384475563466
5492,129,79.04487536132368,137.25495523689617
5493,129,56.42882153097287,133.3785718173116
5494,129,52.731603659402424,132.7249367725791
5495,129,45.78919498300418,131.4281799147347
5496,129,38.02714610863557,130.14938800701432
5497,129,33.08265480557756,129.30626082926378
5498,129,31.53168383591589,128.92998796703532
5499,129,29.48505590953106,128.51040503421495
5500,129,27.096595054636765,128.22502972696714
5501,129,4.284029184563811,145.91308359358842
5502,129,3.799702010976387,128.27476398131503
5503,129,18.71562390620982,128.85880443003597
5504,129,0.0,192.34121039757147
5505,129,0.0,191.73343736618614
5506,129,0.0,191.32133810567544
5507,129,0.0,257.81016511641604
5508,129,0.0,257.7607337953572
5509,129,0.0,257.84866270909464
5510,129,0.0,191.2053038726572
5511,129,0.0,191.334705233344
5512,129,0.0,192.25078146658547
5513,129,0.0,194.36868422874346
5514,129,0.0,195.846019292499
5515,129,13.716322437025218,134.17045005580013
5516,129,54.27939330737186,136.830629584046
5517,129,55.27025202995984,132.46081091535942
5518,129,50.72843445007068,131.5778303649904
5519,129,42.70576036289231,130.11321718889604
5520,129,34.838146566054135,128.95855236069568
5521,129,30.547884962381413,128.235670641431
5522,129,28.11095518051914,127.99279019045693
5523,129,25.567050805838758,127.1700470708088
5524,129,25.3498147536894,127.11041934594638
5525,129,25.281737878299825,127.14315278358751
5526,129,17.53421006425086,127.49688774029694
5527,129,19.406411793242594,128.30561159101285
5528,129,0.0,192.51567528223478
5529,129,0.0,191.8846275571695
5530,129,0.0,191.53653053019784
5531,129,0.0,191.52572620427586
5532,129,0.0,258.6512722706491
5533,129,0.0,261.68649207016034
5534,129,0.0,191.7075631242861
5535,129,0.0,191.5163000696412
5536,129,0.0,192.21122197831133
5537,129,0.0,194.02360300679956
5538,129,0.0,194.9247639853793
5539,129,11.482623470258865,132.99997684703692
5540,129,52.920604972155864,135.56713645435383
5541,129,55.098595668090425,132.10671470159807
5542,129,49.72754981420527,131.3535118556819
5543,129,41.07872206729371,130.3423282153552
5544,129,35.13909011984708,129.1882469155857
5545,129,30.016930306600084,128.6696052884543
5546,129,26.685992938186292,127.74870227564561
5547,129,25.790855527966734,145.1501834366731
5548,129,25.577983025422693,127.54052290558035
5549,129,26.013871736900654,127.65444125692338
5550,129,25.765618563480114,127.89528257208072
5551,129,14.886019000349396,129.41515987263253
5552,129,0.0,262.74054025460805
5553,129,0.0,192.0937913335424
5554,129,0.0,191.6006986794349
5555,129,0.0,191.46198470039897
5556,129,0.0,258.54396978807017
5557,129,0.0,258.4813348071364
5558,129,0.0,191.42217280912828
5559,129,0.0,191.6269246783081
5560,129,0.0,192.50556924858736
5561,129,0.0,194.73354769721698
5562,129,0.0,195.7730102984801
5563,129,12.127461622826651,134.3648585578996
5564,129,52.84270614514955,136.81959063891452
5565,129,53.55916855010437,132.1573610058595
5566,129,50.54146941508096,131.65989147760186
5567,129,43.23975945764339,130.666342495885
5568,129,39.72321251334828,130.10754425582846
5569,129,34.868267934537506,129.2590210820929
5570,129,30.564957308002782,128.72697745002247
5571,129,27.900896615521294,127.84598601183772
5572,129,26.881041428282646,145.47245730644508
5573,129,26.61012889451864,127.62330062750651
5574,129,19.6236310231541,145.49333260437498
5575,129,28.02266304807309,129.29849676723435
5576,129,0.0,242.4280274596066
5577,129,0.0,193.1519357755019
5578,129,0.0,192.67696981479352
5579,129,0.0,192.72539444544842
5580,129,0.0,192.53209531946064
5581,129,0.0,192.2084425781231
5582,129,0.0,192.01932986425453
5583,129,0.0,192.1804596006068
5584,129,0.0,192.79855443740846
5585,129,0.0,194.86293322606764
5586,129,0.0,244.74473713842752
5587,129,15.38460396607173,133.20421136741373
5588,129,51.361462817044114,135.31045904082117
5589,129,43.46116955004173,131.64234159320364
5590,129,49.2612289529299,131.22971330503208
5591,129,44.69196384384396,130.5799575334743
5592,129,39.051835749275405,129.66656346128602
5593,129,33.936669933031,128.78660668196636
5594,129,31.440560383990068,145.9195964677962
5595,129,28.71169179911691,127.9588715377745
5596,129,28.38945640338513,127.76135671693706
5597,129,27.212949915178314,127.43194706581295
5598,129,26.049670816180747,127.39814798254143
5599,129,0.0,259.10500072500514
5600,129,0.0,191.901626319192
5601,129,0.0,191.78833829587367
5602,129,0.0,227.94200983521912
5603,129,0.0,226.6700486967775
5604,129,0.0,227.89029281096057
5605,129,0.0,258.9710085006738
5606,129,0.0,258.9345601289323
5607,129,0.0,227.93593607453786
5608,129,0.0,227.33117657784666
5609,129,0.0,192.70898624920846
5610,129,0.0,193.69333469580536
5611,129,0.0,194.37142211306846
5612,129,14.76234292390183,131.0591479691865
5613,129,24.122784899780008,131.18692319287618
5614,129,43.85578934312752,130.7748999942457
5615,129,32.028333471132726,130.05276011279142
5616,129,34.354154540887436,129.35482298119993
5617,129,30.763031346721938,128.7328382123039
5618,129,28.01421187432071,127.80393723306119
5619,129,26.011840253062655,127.21681901727865
5620,129,24.914981968034404,126.82019688605567
5621,129,24.18391290360252,126.74845291328118
5622,129,22.658831222233644,126.5455266550835
5623,129,0.0,258.6992516954545
5624,129,0.0,191.59634259535056
5625,129,0.0,191.51474628276665
5626,129,0.0,227.85281998247243
5627,129,0.0,187.2427038654114
5628,129,0.0,216.45863473558532
5629,129,0.0,258.7257812332084
5630,129,0.0,227.66366124599134
5631,129,0.0,227.65162861629986
5632,129,0.0,227.8739063014923
5633,129,0.0,192.46691106381525
5634,129,0.0,193.35541629419131
5635,129,0.0,129.537175785412
5636,129,24.635565640465405,131.1966022236529
5637,129,31.804820953404597,131.47106100243317
5638,129,42.28877812696814,130.82589673785142
5639,129,41.95236334239442,129.72628973803572
5640,129,34.65150404954852,128.82821192624283
5641,129,30.099979124647223,145.6755568528934
5642,129,28.133017772714748,127.87330871530631
5643,129,26.3264242160195,127.7085512179584
5644,129,25.878376088239076,127.52753654840254
5645,129,26.532417472209175,127.61966060767452
5646,129,29.13919141880339,127.9675515888839
5647,129,27.80239369739621,129.11580518859614
5648,129,0.0,192.40881476200968
5649,129,18.35339267441534,258.67278008248405
5650,129,13.49405162959362,258.2425471252669
5651,129,11.134991825591168,257.9459600443387
5652,129,10.022904206443213,257.81739664862
5653,129,9.217632108483333,257.7366856355744
5654,129,9.52877508605247,257.7843757831758
5655,129,0.0,191.11552956332017
5656,129,0.0,191.87036134736186
5657,129,0.0,194.22225700853966
5658,129,0.0,195.25805183683792
5659,129,16.23738807857928,134.04669493724026
5660,129,78.16941307584467,137.2986256543428
5661,129,53.5576715884041,132.8683600476583
5662,129,48.330485205023784,132.15220855110795
5663,129,40.47909653235295,130.70026611945258
5664,129,33.27431523045071,129.38556953590276
5665,129,29.40230035549415,128.48247532733242
5666,129,27.598028307346247,145.78064780973824
5667,129,26.055124261004686,127.44701434949727
5668,129,25.01465703490345,127.16499889484109
5669,129,18.063052072791116,127.31044125746116
5670,129,5.510041688510808,145.81572531751814
5671,129,27.973975864794088,129.3308212486008
5672,129,0.0,262.55218964089295
5673,129,0.0,191.8256800502106
5674,129,0.0,191.34344270316774
5675,129,0.0,257.81184903592805
5676,129,0.0,257.7053038662968
5677,129,0.0,257.693834253565
5678,129,0.0,257.9105579353306
5679,129,0.0,191.314003556039
5680,129,0.0,192.29741274186415
5681,129,0.0,194.93819750377568
5682,129,0.0,132.09000549148152
5683,129,22.14834414376467,134.20380222474648
5684,129,58.7661999187289,137.0125378567621
5685,129,47.97327903961958,132.2784569494481
5686,129,50.684283368230844,131.81182136494704
5687,129,43.05832530957096,130.30040079306863
5688,129,36.83333139818965,129.24644457021452
5689,129,31.051669205777433,128.32636149898238
5690,129,28.87823436225406,127.95830840072975
5691,129,26.436341158164712,127.22240345403429
5692,129,25.796300043190076,126.97518875038352
5693,129,26.668512335292917,127.32696380165926
5694,129,28.10184320451537,127.85456445036588
5695,129,31.332101176264686,129.41669122500028
5696,129,0.0,263.1421507270679
5697,129,0.0,192.41303931597014
5698,129,0.0,191.75905572722073
5699,129,0.0,191.4066903262443
5700,129,0.0,140.75075564381373
5701,129,0.0,257.998793485787
5702,129,0.0,191.09921023159697
5703,129,0.0,191.137993599757
5704,129,0.0,191.981524732465
5705,129,0.0,194.13836506607788
5706,129,0.0,131.34062642665796
5707,129,19.514631762907126,133.59092006653256
5708,129,57.88435271012264,136.62702401705977
5709,129,52.913587848380025,131.97248364228915
5710,129,47.70602170258223,131.0979196794621
5711,129,40.61311741903045,130.09881894799983
5712,129,32.43688179242725,128.89335725807115
5713,129,26.35440042048249,127.61501337904258
5714,129,24.930481230766663,127.17525626174996
5715,129,23.637053597983886,126.85722826251211
5716,129,23.31012193097196,126.61294933495584
5717,129,23.033336152494137,144.15151377989264
5718,129,25.13892230297519,127.28269666286025
5719,129,19.509181534019003,129.18201225688944
5720,129,0.0,241.80710383419824
5721,129,0.0,191.84963437974827
5722,129,0.0,191.251385272023
5723,129,0.0,191.059465966179
5724,129,0.0,261.27526334105045
5725,129,0.0,191.25715753156555
5726,129,0.0,191.08482324264958
5727,129,0.0,191.40584014890004
5728,129,0.0,192.31387184878847
5729,129,0.0,194.58292316700724
5730,129,0.0,131.60326884892646
5731,129,24.01368466464414,133.87861470178862
5732,129,84.06541227477327,137.50433638138892
5733,129,56.27004466925846,133.14561981187407
5734,129,50.71029159149089,132.03056168895003
5735,129,42.13464082004844,130.50789621545076
5736,129,36.31732616222191,129.49057790162877
5737,129,30.259091094909042,128.64025896044384
5738,129,27.35952590147952,128.173983162338
5739,129,26.046659625636746,127.89355787902312
5740,129,24.935571824619746,145.1409586818222
5741,129,25.514027233186937,145.07670694965077
5742,129,20.14961348311686,145.64700164708773
5743,129,13.169101642171837,130.0162960432802
5744,129,0.0,129.153474129309
5745,129,0.0,193.76044922623024
5746,129,0.0,193.33420104215676
5747,129,0.0,193.1748885010088
5748,129,0.0,192.9646791585998
5749,129,0.0,192.47597473333704
5750,129,0.0,191.99776099595957
5751,129,0.0,191.95269208787755
5752,129,0.0,192.44764803218945
5753,129,0.0,194.52871800382934
5754,129,0.0,152.976382612225
5755,129,29.59133842432079,134.0783334033938
5756,129,63.98995416888903,136.4060238560599
5757,129,56.88684186821517,132.17978103671382
5758,129,50.78300181264444,131.82564155892544
5759,129,44.81658761940428,130.61185576634642
5760,129,38.674690234648644,129.58187031640733
5761,129,33.25649657429801,128.8592147051447
5762,129,29.58376843334946,128.2222371267334
5763,129,27.381291104877977,127.60474746608796
5764,129,25.60344570389531,127.00838967661815
5765,129,26.00544942718354,127.19450109656485
5766,129,24.485031677989753,127.43686389482198
5767,129,0.0,259.1762856231044
5768,129,0.0,192.06693438760934
5769,129,0.0,191.78408977002474
5770,129,0.0,191.47339820904662
5771,129,0.0,227.8703947939038
5772,129,0.0,258.79433256735365
5773,129,0.0,258.7091097912381
5774,129,0.0,227.66643418254193
5775,129,0.0,227.74775356854997
5776,129,0.0,227.7076065792612
5777,129,0.0,193.10800957766378
5778,129,0.0,194.34856868858614
5779,129,0.0,131.38467334663358
5780,129,25.094370568990822,132.23473404600188
5781,129,27.381251806046198,131.95341239075114
5782,129,46.05084456814989,131.29792046280932
5783,129,39.66464487155717,130.260663904269
5784,129,35.15769439704984,129.16409149650303
5785,129,30.529810942852613,128.6438623671006
5786,129,27.200717423214684,127.70118706719525
5787,129,24.024817858263933,126.75087351183464
5788,129,23.195786298759987,126.5904184055873
5789,129,23.035197953703655,126.54136639284303
5790,129,15.434473399292274,126.57657658693903
5791,129,1.7845815045367668,258.97389687436936
5792,129,0.0,191.75595678233233
5793,129,0.0,191.61027629427164
5794,129,0.0,191.2942943237835
5795,129,0.0,258.6696753443682
5796,129,0.0,258.74398526059076
5797,129,9.449088798765365,258.8221147156194
5798,129,9.983408628462433,258.7354127456673
5799,129,0.0,227.62679849629424
5800,129,0.0,226.3204809421987
5801,129,0.0,192.63372115316304
5802,129,0.0,193.60704185336138
5803,129,0.0,130.64924865035306
5804,129,32.10039858936494,133.15299497645518
5805,129,32.67385819037156,132.982363235352
5806,129,42.30259525973976,131.79880403266125
5807,129,40.74634080966588,130.45385522578871
5808,129,33.8998025037015,129.36002087368917
5809,129,27.99061214116379,128.0649377426108
5810,129,25.78759038264171,127.07981876498279
5811,129,24.559602371801823,144.36868446536994
5812,129,24.096733471570143,144.33815133944407
5813,129,24.347262907308487,144.55727918584722
5814,129,25.963117762968718,145.0016448151757
5815,129,29.127956255105516,147.38760182029026
5816,129,0.0,192.65700880745177
5817,129,0.0,191.9569594647163
5818,129,0.0,191.46903572089064
5819,129,0.0,191.14601531065225
5820,129,9.219759212179943,257.83194650500053
5821,129,8.180693990914536,257.71522176919774
5822,129,0.0,191.056641712956
5823,129,0.0,191.36144470347693
5824,129,0.0,192.60952574225527
5825,129,0.0,195.7000646814518
5826,129,0.0,133.7499720246993
5827,129,29.282393016755996,135.48561727462604
5828,129,81.01586756168668,137.35813539101733
5829,129,52.94673150075139,132.34166292078308
5830,129,47.402447118787485,131.6159214917749
5831,129,41.069287176975344,130.34079932374772
5832,129,32.89979538767769,129.24153690279923
5833,129,28.275885954955143,128.18482097065308
5834,129,26.774714500579194,145.41354816466287
5835,129,25.04193042734088,127.21802429971335
5836,129,24.861115971294478,144.7395283391653
5837,129,26.00623511007477,127.36308772207452
5838,129,5.8334362869716125,145.96003550611206
5839,129,27.046404337139805,130.19461304725425
5840,129,0.0,262.8671243160924
5841,129,0.0,191.86370094492028
5842,129,0.0,191.2987063293414
5843,129,0.0,191.04146128196348
5844,129,0.0,257.7206583977417
5845,129,0.0,257.6702514578815
5846,129,0.0,190.97420096229519
5847,129,0.0,191.22731074845214
5848,129,0.0,192.19462866538137
5849,129,0.0,195.0984475892051
5850,129,0.0,133.7237235738651
5851,129,38.263475760699585,135.61395817617023
5852,129,66.75085342870261,137.51511813137603
5853,129,57.438527455947,132.89954868683145
5854,129,52.65735323395056,131.95276447978253
5855,129,43.98559506578345,130.53831855867813
5856,129,35.83472339296807,129.3911779990821
5857,129,30.305408644039066,128.556971169517
5858,129,28.01655996400388,127.79304784347734
5859,129,25.797093503180662,127.04878258402455
5860,129,24.963800841787357,144.36667325271188
5861,129,24.951907002734877,126.72306816522935
5862,129,27.353146498094695,128.0282905347056
5863,129,36.6861517999888,130.71006227204956
5864,129,0.0,263.6317855428312
5865,129,0.0,192.78237455824907
5866,129,0.0,191.9337356234353
5867,129,0.0,191.43791330814545
5868,129,0.0,191.2687325480239
5869,129,0.0,191.13600211158445
5870,129,0.0,191.06477613363649
5871,129,0.0,191.28114783156892
5872,129,0.0,192.3217475430871
5873,129,0.0,195.08831908621895
5874,129,0.0,133.161963820194
5875,129,33.91457395178043,135.92446747574877
5876,129,85.48240975263886,138.10117030011565
5877,129,56.41156868441092,132.8402906759309
5878,129,51.77336896056513,132.0924851867363
5879,129,43.27247231164522,130.57730958109028
5880,129,35.039627457856675,129.71474522615915
5881,129,28.468186363933278,128.12313087633376
5882,129,25.708182420477904,144.965057039536
5883,129,24.002915759147168,126.63983303586262
5884,129,23.546090187440477,126.54838229262042
5885,129,24.036765734781618,126.56684934160612
5886,129,19.415109032174705,127.55557772142318
5887,129,13.725213924166264,130.91515964354298
5888,129,0.0,263.67149092989507
5889,129,0.0,192.67084263223646
5890,129,0.0,191.82093127214569
5891,129,12.786424917253859,258.15435658418386
5892,129,11.511646680817144,257.9991726538197
5893,129,9.701605321711243,257.7430784517169
5894,129,0.0,190.92070466641798
5895,129,0.0,191.20585132535334
5896,129,0.0,192.1370698218892
5897,129,0.0,194.84984583724602
5898,129,0.0,132.40143407084892
5899,129,40.712773682951145,135.95571446369348
5900,129,72.01269672635992,138.30468490723754
5901,129,57.69733839379763,133.2234457175456
5902,129,54.97091189703294,132.09782525648683
5903,129,58.03749045616603,131.26221787892862
5904,129,62.732736355132445,130.1097257068397
5905,129,56.013907519491866,129.17621667624672
5906,129,30.44756224364648,146.44486368239617
5907,129,27.713673692995005,145.7407102634504
5908,129,26.544601069879736,145.31063179718552
5909,129,17.92949637827126,127.34401884174518
5910,129,5.736809357396278,145.85024187480647
5911,129,20.543522174170626,131.32709517764346
5912,129,4.521316455030731,129.4691970687973
5913,129,0.0,193.16407981674342
5914,129,0.0,192.71508403400588
5915,129,0.0,192.46497557610616
5916,129,0.0,192.35876158837738
5917,129,0.0,192.0411455231071
5918,129,0.0,191.6757111396326
5919,129,0.0,191.74768660924403
5920,129,0.0,192.49051718265983
5921,129,0.0,194.62150565717945
5922,129,0.0,133.65679472959818
5923,129,37.45299820490031,135.87939940542225
5924,129,75.28104583184289,136.66527527885802
5925,129,48.3018896618379,131.70123434330233
5926,129,45.820724100682206,131.39609864947772
5927,129,39.79639021338235,130.6641125315785
5928,129,34.03854195963815,129.52632089660804
5929,129,29.852479577320025,128.78320853390602
5930,129,27.036593827573437,146.02648659411727
5931,129,25.823935957096783,145.6859431744685
5932,129,24.211245590011238,127.43955628891635
5933,129,24.087447411621056,127.38368296479555
5934,129,2.428313620227867,145.2551123647494
5935,129,12.118132107824463,127.18385438374277
5936,129,0.0,192.4182958218415
5937,129,0.0,192.15965658624202
5938,129,0.0,191.67929254667067
5939,129,0.0,227.89728596896856
5940,129,0.0,227.8525081459336
5941,129,0.0,227.65930050504815
5942,129,0.0,227.6065545549872
5943,129,0.0,227.68301934083058
5944,129,0.0,227.79467989554564
5945,129,0.0,192.74310292025075
5946,129,0.0,193.9204528589405
5947,129,0.0,131.12433562824157
5948,129,28.547226170466065,132.26693006930842
5949,129,33.44437157934255,131.74022718227067
5950,129,47.47891605521841,131.147211293004
5951,129,41.215246175633894,130.07462132307666
5952,129,37.33923486656253,129.40462777162287
5953,129,32.904744961249754,128.72992453245305
5954,129,30.339302585865834,128.58916088956119
5955,129,28.686863731812284,128.206998636741
5956,129,27.44434885038963,127.80023129375645
5957,129,27.009463093718583,127.71560083067662
5958,129,25.581185499103018,127.3768928044495
5959,129,12.605862913526634,126.79951876372752
5960,129,0.0,192.03494645322127
5961,129,0.0,191.76751587241398
5962,129,0.0,258.0655756905285
5963,129,9.06675052355418,258.5968394207356
5964,129,9.786545516455899,258.61156227838325
5965,129,9.273919288734584,258.53394342594135
5966,129,0.0,258.47707589588714
5967,129,0.0,227.49184701356847
5968,129,0.0,227.61240018471318
5969,129,0.0,192.9045785963369
5970,129,0.0,193.94279196867438
5971,129,0.0,132.00790795247772
5972,129,35.16914570183541,133.81471602777407
5973,129,45.62511639455883,133.650136793715
5974,129,49.75779657790547,132.140530057326
5975,129,43.79993027615262,130.95939402309168
5976,129,36.26489128527239,129.7640151583127
5977,129,31.574892642950754,128.88051594444923
5978,129,29.27090155443033,128.44422428167232
5979,129,26.987356222928238,127.69837224443448
5980,129,26.64257317226653,127.6051707691636
5981,129,26.710757913709962,145.07602263858914
5982,129,29.276607319728498,146.13195765302638
5983,129,44.844661293166446,194.99611169661972
5984,129,32.783409947442294,146.40984687235948
5985,129,22.577684027028287,259.18251654148725
5986,129,14.576123681597014,258.3744734509433
5987,129,10.50902979063469,257.9095624202713
5988,129,32.41294830663167,240.13941641491286
5989,129,31.37057948438756,125.09535769678742
5990,129,9.897673700625617,257.811873823104
5991,129,1.4239467378710235,258.16820500915645
5992,129,0.0,192.8448894555362
5993,129,0.0,195.90979518771545
5994,129,8.636172180496118,134.12505308529188
5995,129,69.5103248854762,136.4133626099753
5996,129,87.74253977291201,137.3502369628904
5997,129,56.42704123312311,132.36203118151255
5998,129,49.43840076501986,131.30081121930488
5999,129,41.68952609788087,130.4317753634498
6000,129,33.92529052448776,129.1806131389879
6001,129,29.485038487477347,128.34363489405146
6002,129,27.765580402395095,145.5560678454988
6003,129,26.018383435705157,127.1659486666604
6004,129,24.793053158995075,144.56043460653976
6005,129,24.67985376292329,126.86318461199089
6006,129,5.772886905867504,145.81174636810823
6007,129,20.645517053894434,149.14743041037428
6008,129,1.3998169081688858,129.13938232124394
6009,129,0.0,192.19807541668212
6010,129,0.0,191.42236007597302
6011,129,0.0,191.17117862049543
6012,129,0.0,191.2462242407723
6013,129,0.0,191.2808443249427
6014,129,0.0,191.41975509399737
6015,129,0.0,191.76722943234552
6016,129,0.0,193.26129153954767
6017,129,0.0,181.91367414849782
6018,129,0.8027180937410835,265.47167371337184
6019,129,49.763073921875076,137.69452771900146
6020,129,92.23568715582265,138.9095978501095
6021,129,57.00837247813296,133.11022857659188
6022,129,50.77016288318657,132.22626394292388
6023,129,43.479609309878974,130.69183719740533
6024,129,35.832348807975066,129.4961235472479
6025,129,32.84673103414566,128.68563223236475
6026,129,49.162373604203644,128.26133617945177
6027,129,47.44384860153256,145.64182728436975
6028,129,24.08672692112281,127.15848655191361
6029,129,16.661298938063478,127.10442976945946
6030,129,6.031912416537933,260.1797844218648
6031,129,22.263074393689006,131.38545994475572
6032,129,12.431926505146409,129.97924620186973
6033,129,0.0,193.80959859158006
6034,129,0.0,192.81697762057968
6035,129,0.0,192.18035575576653
6036,129,0.0,192.01015893247896
6037,129,0.0,191.81166085063546
6038,129,0.0,191.74068494733714
6039,129,0.0,192.0218479794938
6040,129,0.0,193.05615429157774
6041,129,0.0,180.87435951976988
6042,129,0.0,263.66916049618874
6043,129,47.019071824865115,136.82746059122886
6044,129,89.0606580115006,138.15186932455092
6045,129,55.51907190623238,132.5649421125688
6046,129,49.33434812949096,131.8239971072272
6047,129,41.728639219092436,130.48775073584028
6048,129,33.98992059427116,129.2491823994393
6049,129,51.76586888015586,128.60068213609267
6050,129,35.186027031854664,146.03899368912712
6051,129,25.99493309609991,127.89114976642412
6052,129,23.93845759963368,144.873919628784
6053,129,23.426053956082598,126.94447324405408
6054,129,3.6423210054087347,145.6447516572521
6055,129,19.403609831903605,131.19903821654333
6056,129,6.1670878238050575,129.31406765378404
6057,129,0.0,192.70766020390107
6058,129,0.0,191.9707082027091
6059,129,0.0,191.66738579009626
6060,129,0.0,191.54774567610778
6061,129,0.0,191.29911619243228
6062,129,0.0,191.20849230864283
6063,129,0.0,191.54130876438555
6064,129,0.0,192.46956403968642
6065,129,0.0,195.32155080110857
6066,129,0.0,245.82882700759797
6067,129,48.50470249785168,137.3447147426789
6068,129,86.10787304642467,138.1277787754829
6069,129,52.95702729373783,132.6960410398896
6070,129,49.95193413136083,131.8335056586323
6071,129,41.4306589131456,130.49266288472785
6072,129,35.068115647965655,129.51784032975522
6073,129,30.80907750598476,128.80617831894347
6074,129,42.45309518308549,128.4205743128148
6075,129,48.379060671197934,128.16213343568668
6076,129,24.722187510542245,144.85251909100043
6077,129,24.71162584329379,144.90740876472336
6078,129,4.494952458193207,145.63686510451473
6079,129,19.463710651369336,130.73981698879814
6080,129,5.884278217376691,146.12867300733018
6081,129,0.0,192.64906561395688
6082,129,0.0,192.02014742930257
6083,129,17.84673847806347,258.71486209324047
6084,129,18.81926041990762,258.8601755158871
6085,129,17.87323770731244,258.78411048506973
6086,129,5.7386125589363095,258.70467092953965
6087,129,0.0,192.0830641107946
6088,129,0.0,192.97245724009255
6089,129,0.0,195.53527149526815
6090,129,0.0,134.79184109569044
6091,129,47.151251963636405,137.5535937328179
6092,129,72.74032746475051,138.5411392586407
6093,129,52.541065256954084,132.9732441731873
6094,129,49.270421454679536,132.29643985718832
6095,129,43.134951303056425,130.9817597108269
6096,129,36.56595400182167,130.0616687394412
6097,129,53.42577745445919,129.04328631179723
6098,129,51.165334974442416,128.7090056859724
6099,129,36.49163407806478,127.74839558802107
6100,129,26.980697550062974,145.73702698714234
6101,129,16.72556078222412,127.8597460633846
6102,129,5.335374959352993,145.5732864961818
6103,129,0.0,145.3279419624568
6104,129,0.0,192.45616636067692
6105,129,0.0,258.8217044974622
6106,129,14.874742595529712,258.32962798335234
6107,129,12.741070400260533,258.9209229196401
6108,129,13.138168684441379,258.9653119932082
6109,129,11.048584000524414,258.74091241967756
6110,129,10.507927680434996,258.6541557112549
6111,129,9.213813677187204,258.7047778595517
6112,129,0.0,228.2226797463135
6113,129,0.0,193.09390872871052
6114,129,0.0,194.35563640550035
6115,129,7.949344790727128,131.08977069774573
6116,129,30.61820780303744,131.67990746973297
6117,129,44.300088153643884,131.24855924216476
6118,129,46.54332636462102,130.47379736666846
6119,129,41.583770804808424,129.41885218947715
6120,129,36.594612796209965,128.83414044027492
6121,129,31.889387908972722,128.31116410992135
6122,129,27.97038511707277,145.46539539767207
6123,129,25.659313500455568,127.09732430661543
6124,129,25.230924338628498,127.01488933125033
6125,129,25.75263643855829,126.99631464174071
6126,129,26.28938309511842,127.05237241752174
6127,129,21.846950386501607,145.29935189223963
6128,129,0.0,192.5837307028336
6129,129,0.0,192.43966339470452
6130,129,0.0,192.12376399033732
6131,129,0.0,259.46625560910775
6132,129,11.468236054005228,259.3879046153604
6133,129,14.958625752075301,259.2507578274632
6134,129,14.140307890885172,259.10686601308777
6135,129,0.0,227.30932823334118
6136,129,0.0,228.78826505760705
6137,129,0.0,193.79089701774433
6138,129,0.0,194.8289958745848
6139,129,16.974989781821076,133.16663137707502
6140,129,40.820977917877414,133.78671775319194
6141,129,60.0814239292675,133.35548625197046
6142,129,52.701857924805545,132.1658049099999
6143,129,43.28282993089555,130.5061445802508
6144,129,37.08555179275849,129.53312349528912
6145,129,31.452449712602455,128.63174249673997
6146,129,27.601206710256747,128.11400997887804
6147,129,26.745514299862176,127.82891613265052
6148,129,26.529250007116087,127.64994821954758
6149,129,26.520722025414674,127.79613552477512
6150,129,30.368377044584623,128.7317001802725
6151,129,41.432030241968064,132.33096581724573
6152,129,12.434719672979234,129.83321346234536
6153,129,0.0,192.6827233331887
6154,129,0.0,191.8801265311413
6155,129,0.0,191.4191052285587
6156,129,0.0,191.47622676319477
6157,129,12.13755750024131,258.0318436641845
6158,129,4.524286915980977,191.18283821555664
6159,129,0.0,191.4136425733902
6160,129,0.0,192.84950264475788
6161,129,0.0,195.80178512066027
6162,129,4.065444239413825,135.29569149306857
6163,129,52.04320526151962,137.5034626798351
6164,129,75.93579611713135,137.90477473440816
6165,129,50.94051533066937,132.49423175482713
6166,129,47.56659886431696,131.88679872471704
6167,129,39.607044890616216,130.65065232081065
6168,129,31.893552446697093,129.44594640569701
6169,129,28.286651015143985,145.99747416906706
6170,129,27.620758202537267,127.72406691682444
6171,129,46.089120386387634,126.79113179007689
6172,129,22.508467731094335,126.4282106464325
6173,129,22.25329763132652,145.22733200441428
6174,129,3.0757980833408474,145.13555241669107
6175,129,44.51282340384846,149.2977250687685
6176,129,8.693561235382685,260.2521850622573
6177,129,20.968882265114836,258.9330190658539
6178,129,14.496632624159757,258.2479197819871
6179,129,12.446016887189122,258.05398271247094
6180,129,36.14034649051144,126.06492587809568
6181,129,14.515195344091593,258.31760663031054
6182,129,25.63246683541643,258.3381257791026
6183,129,17.02161698110902,258.4787720474566
6184,129,0.0,192.92700065355172
6185,129,0.0,196.00831282955792
6186,129,20.407985902642103,136.27383735305722
6187,129,61.667923402077776,137.8568756869459
6188,129,88.4573563496266,137.77412969665477
6189,129,53.24207214529559,132.61865748584745
6190,129,48.75086373809676,132.1329291936646
6191,129,40.55552174490965,130.59214047922094
6192,129,33.973839646151674,129.2294129815488
6193,129,29.068641824020606,128.29761074449675
6194,129,24.56870893965124,126.97790109730536
6195,129,23.579263678441848,126.60011495282863
6196,129,23.147873927346208,126.51533669666021
6197,129,22.88345519447781,145.11038188593776
6198,129,26.440792389145265,145.42221903035932
6199,129,47.01515313932046,149.50643630185843
6200,129,15.412878662239397,260.9597888100477
6201,129,30.029921112800345,128.50342097709523
6202,129,23.295806659662833,259.24849731197884
6203,129,20.39141607412346,258.7299867429589
6204,129,17.58128599052604,258.6650978820685
6205,129,16.10941151723511,258.4253672750391
6206,129,15.514600394447479,258.4132142557064
6207,129,16.91894540730133,258.56457113393594
6208,129,0.0,192.87071629879674
6209,129,0.0,195.8494313749818
6210,129,5.418773867998212,134.73624883177038
6211,129,54.172923850375554,137.87376858393463
6212,129,84.33589453148663,137.72729614322006
6213,129,51.38514568371984,132.22770116048142
6214,129,47.005439643450664,131.33066440375023
6215,129,40.71322421873548,130.37314439697568
6216,129,33.19360389984031,129.0142060071934
6217,129,51.684937409727354,128.51670271277774
6218,129,47.95541059011356,145.81689368338124
6219,129,23.667204741517352,144.17570813000168
6220,129,22.989362747896173,144.0379063723347
6221,129,24.70242263181376,144.61879813795497
6222,129,5.154196045955661,145.49935996847628
6223,129,23.78353037324809,149.64347588894233
6224,129,5.02582128592766,129.4584601533128
6225,129,0.0,192.9894639671322
6226,129,0.0,192.20523819845025
6227,129,0.0,191.8443758375829
6228,129,0.0,240.96173178402702
6229,129,0.0,240.72694296308535
6230,129,0.0,191.66515447052961
6231,129,0.0,191.98488217457285
6232,129,0.0,193.13465314069117
6233,129,0.0,196.36766945620064
6234,129,13.243215792664577,136.55154146791992
6235,129,58.772908849164395,139.24831084989015
6236,129,80.28489942867357,139.34079036734414
6237,129,53.998989050017535,133.2388852824554
6238,129,47.48291456488206,132.0870413952282
6239,129,41.38279851636709,131.02998440993107
6240,129,34.92643190934684,129.86662776597802
6241,129,52.873636121636096,128.9385463899673
6242,129,49.09203418377364,127.84608063107811
6243,129,35.96558124166906,145.23413544865815
6244,129,24.108734762550878,144.83489078060197
6245,129,16.386283310215642,144.68647187859142
6246,129,5.596194363817807,145.89796372482004
6247,129,25.312340702756696,132.22048944030715
6248,129,15.596875725192785,129.9171727150865
6249,129,0.0,192.96755622425482
6250,129,0.0,191.98336998482696
6251,129,0.0,191.66528902134982
6252,129,0.0,191.75226533797192
6253,129,0.0,191.64848564347568
6254,129,0.0,191.87126645632935
6255,129,0.0,192.21204014451993
6256,129,0.0,193.39098605363898
6257,129,0.0,196.33792329432313
6258,129,11.694846910019356,135.30507613283066
6259,129,55.97727736225469,137.8194759581606
6260,129,85.21525618363633,138.22912440380796
6261,129,51.69718948519168,132.35342345596234
6262,129,45.550433758447376,131.86876263406202
6263,129,54.27030943122649,130.86510172548466
6264,129,33.736653902429936,129.93040931826445
6265,129,29.868119836471028,128.88314944343776
6266,129,27.042369520875873,127.8750469869325
6267,129,25.38302405456052,127.22958537282553
6268,129,24.258373662663864,127.00030185433376
6269,129,23.550576374950595,126.72293122666906
6270,129,2.118305769046765,127.10793318096574
6271,129,23.460559944509892,128.0077217830632
6272,129,0.0,192.54127684546094
6273,129,0.0,192.13781157182552
6274,129,0.0,191.67186810729459
6275,129,0.0,259.0788008687821
6276,129,0.0,258.98797043464606
6277,129,0.0,258.8941739556334
6278,129,0.0,227.8596399052772
6279,129,0.0,227.30479184351503
6280,129,0.0,191.9378828512739
6281,129,0.0,193.6570091478559
6282,129,0.0,194.80799851066462
6283,129,24.744334758851586,132.3270374244798
6284,129,33.59011337821883,131.7502366135872
6285,129,51.149116392750706,130.9297270592087
6286,129,46.78467607390287,130.19759771337303
6287,129,39.627185779606705,129.72726435545718
6288,129,34.51780163184958,129.08888716791145
6289,129,30.490202158448184,128.47328313712143
6290,129,27.72370062937467,145.76810903811813
6291,129,25.79829631302532,127.40017658226945
6292,129,24.32131105271918,126.98792108562435
6293,129,15.597382065074514,126.53207406617977
6294,129,23.700132599423632,126.88746640930079
6295,129,21.341200339377078,127.04972951630042
6296,129,0.0,192.62435271797096
6297,129,0.0,192.35210915089328
6298,129,0.0,191.89037088047328
6299,129,13.52234828735873,259.2094255678298
6300,129,13.812840335522447,259.1867154240127
6301,129,13.43729639118236,259.1974385643508
6302,129,0.0,227.05576836974745
6303,129,0.0,227.72945279886565
6304,129,0.0,192.36103843815056
6305,129,0.0,193.9714905708751
6306,129,0.0,195.30396278028803
6307,129,24.603860194284564,132.69613282749094
6308,129,32.186445964105715,132.4454322482611
6309,129,42.171124265726654,131.7324583399201
6310,129,45.80207676753861,130.6514023237447
6311,129,36.82855629819962,129.0972109339699
6312,129,29.807259139527037,128.17226483574174
6313,129,25.03019852904287,145.3035276526229
6314,129,23.840978016967703,145.20288719026522
6315,129,23.356729928303466,259.31774704394115
6316,129,22.518796625487372,259.3054822621357
6317,129,23.342029124988017,259.2629216064578
6318,129,27.63447244227093,145.85813276609878
6319,129,51.426768245616856,132.24991888004578
6320,129,24.288322353738295,148.2495599461661
6321,129,0.0,193.11469853517215
6322,129,21.12196321072442,259.1388919559616
6323,129,17.466230009247038,258.7183377360518
6324,129,0.0,192.02994643625652
6325,129,0.0,191.9370165393956
6326,129,0.0,191.76739977502515
6327,129,0.0,191.9298856732356
6328,129,0.0,193.35866708063324
6329,129,0.0,133.6108207386727
6330,129,43.7639577064204,136.0262859134647
6331,129,89.16012545042686,138.04615994152576
6332,129,92.00805096593308,137.80622985189794
6333,129,52.746385386193886,132.33080814519474
6334,129,49.69349786701527,131.5761421539042
6335,129,41.70120069401911,130.23708439480504
6336,129,33.13711080537059,146.56083053111985
6337,129,27.622178696900885,145.84586581033025
6338,129,25.577058690529718,145.46995699275755
6339,129,23.940692564982758,144.97979020156365
6340,129,23.031867186289052,144.47502396638043
6341,129,23.356235751575017,144.5919900483236
6342,129,5.124483713105227,145.91304836236128
6343,129,29.98133905896796,149.70949729466557
6344,129,21.739077552089544,130.08585784124983
6345,129,0.0,192.8472508481536
6346,129,0.0,192.2187816582204
6347,129,0.0,192.01085409852314
6348,129,0.0,191.8353657560391
6349,129,0.0,191.72285967856612
6350,129,0.0,191.6276288878615
6351,129,0.0,191.9490026645385
6352,129,0.0,193.38867948309291
6353,129,0.0,133.77824125619782
6354,129,33.35447044073925,136.33215940998937
6355,129,88.5888561479389,137.8585117625786
6356,129,93.85794542387345,138.2711187948892
6357,129,56.03891078382666,150.0980611072989
6358,129,51.59432791783464,131.72815297439348
6359,129,42.38896575333895,130.3487097882121
6360,129,49.34027046827813,129.18393383831486
6361,129,29.364668841033794,145.99925118917196
6362,129,26.855725324673863,145.42827829166671
6363,129,24.55350719102812,144.88945073211872
6364,129,23.806256926083034,144.60373628212696
6365,129,24.080834579885746,144.64398624140944
6366,129,6.774583097940811,145.9893006877626
6367,129,29.84620147915091,132.11584526468454
6368,129,24.83937623298234,130.2957361971274
6369,129,0.0,193.41585888673885
6370,129,0.0,192.4393970147994
6371,129,0.0,191.88368502467648
6372,129,0.0,191.8192577980465
6373,129,0.0,191.62918630181125
6374,129,0.0,191.46470632119906
6375,129,0.0,191.76452085543949
6376,129,0.0,193.23545158553145
6377,129,0.0,133.7958072326176
6378,129,20.846408470607834,135.80713631072842
6379,129,69.71271748113553,137.39936865041398
6380,129,83.22488500060248,137.7284123565053
6381,129,50.19784372280085,132.27426123459543
6382,129,44.879262768547136,131.37339825814388
6383,129,38.63440004187411,130.40313627097203
6384,129,32.454047116753806,129.22754385314585
6385,129,28.459418014016865,145.99258476693845
6386,129,25.248176771196178,144.87049315341756
6387,129,23.782351026687138,144.3225966985678
6388,129,24.061306162546536,144.41822969906053
6389,129,24.872040572928572,144.61321318157485
6390,129,28.948856170701127,145.76027178008772
6391,129,29.2516597241753,149.55577310150375
6392,129,23.98413397638866,147.65844979649737
6393,129,0.0,193.18219347843808
6394,129,0.0,192.30967017218848
6395,129,0.0,191.8856935968518
6396,129,0.0,258.4351190799914
6397,129,0.0,261.4882554132393
6398,129,0.0,191.52234018256635
6399,129,0.0,191.8133594500529
6400,129,0.0,193.1301004493623
6401,129,0.0,133.476181773847
6402,129,47.80275899980694,135.32581591919237
6403,129,68.84342593727408,136.83316665633745
6404,129,91.59841158997195,136.3834620126756
6405,129,55.232005717242345,131.10964665828885
6406,129,49.19943710499679,130.25606650573047
6407,129,41.57266275727474,129.38158764910207
6408,129,34.50202833271218,128.4752880659175
6409,129,31.150079095039157,128.1101730948705
6410,129,26.934521029869433,144.97923746138895
6411,129,25.686895974968795,144.54124667499784
6412,129,23.92442796660861,143.92246664132895
6413,129,23.75815579111843,143.85104117503528
6414,129,26.75497097246266,145.11837378378195
6415,129,28.566604912773148,148.6218256569589
6416,129,25.211678010606345,129.38802529687626
6417,129,0.0,193.2319859586275
6418,129,0.0,192.14790956302363
6419,129,3.79906221731069,258.4751528785117
6420,129,0.0,191.8367152095638
6421,129,0.0,191.91262183457584
6422,129,0.0,192.2273714660489
6423,129,0.0,192.87322733311424
6424,129,0.0,194.38309139836522
6425,129,1.7835142918523361,133.7243734472478
6426,129,40.45148973579933,136.18861142350295
6427,129,72.4205488415152,138.36069493181026
6428,129,92.10226964986616,137.35429548395672
6429,129,55.32732373428047,131.9687261852656
6430,129,47.792147628316556,131.00025564151719
6431,129,41.66507366652662,130.2344119145894
6432,129,34.643536926577305,129.11210526387046
6433,129,30.459063187710402,128.7206951627426
6434,129,43.505395014050485,127.91444440272228
6435,129,25.50947059882562,145.07617781390996
6436,129,25.26074572743608,144.9453237536734
6437,129,26.167973919749844,145.2853690598915
6438,129,27.44815765386813,145.76658750320337
6439,129,9.190604126940984,146.4995084786481
6440,129,0.0,128.4012889916371
6441,129,0.0,192.88980456271813
6442,129,0.0,192.38025760633627
6443,129,0.0,191.89524906461253
6444,129,0.0,227.78234941507696
6445,129,0.0,227.36924727954218
6446,129,0.0,227.438052355485
6447,129,0.0,227.95921867242205
6448,129,0.0,192.52856586613754
6449,129,0.0,194.57723759243268
6450,129,0.0,131.45600809896237
6451,129,30.833899073519653,132.47536173770663
6452,129,47.98091602024858,132.1981957620151
6453,129,48.0225141501134,131.29185129074466
6454,129,44.09835537984716,130.52808596797598
6455,129,38.596751171919465,129.44687479318813
6456,129,33.72690713761623,128.65398936076772
6457,129,29.103660990165416,128.0850512740877
6458,129,26.395285193229984,145.16312012278894
6459,129,25.278506100272025,144.9195453997687
6460,129,25.455254296331024,144.89736603970644
6461,129,24.78706932784239,144.67785468915787
6462,129,26.61540131287364,145.26094664379616
6463,129,6.196274718526424,145.84907782628747
6464,129,0.0,145.0096728345557
6465,129,0.0,192.38465487416033
6466,129,0.0,191.69687755689662
6467,129,0.0,191.3784367036804
6468,129,0.0,216.70763828807767
6469,129,0.0,227.95286468101526
6470,129,0.0,227.43324212289522
6471,129,0.0,228.08822558867843
6472,129,0.0,192.14554046996412
6473,129,0.0,193.90650546950593
6474,129,0.0,132.25645905256516
6475,129,40.04402516439097,133.66791341682566
6476,129,42.25715171410247,133.36899883807317
6477,129,51.59647001792673,132.08215091779329
6478,129,49.0589983756134,131.1764694224172
6479,129,40.00007976220581,129.92851984692746
6480,129,32.61360212262836,128.7979700263011
6481,129,29.847828225291337,145.8667860924846
6482,129,27.461426916981566,145.4636220979507
6483,129,25.595777458097253,145.15233890079088
6484,129,26.451820446050096,145.18167301649393
6485,129,27.003512869268306,145.17488822913108
6486,129,31.556974615140863,145.7723601714331
6487,129,60.48986535577041,132.18567560767968
6488,129,38.366696828955824,148.4081950713066
6489,129,0.0,260.36551832450164
6490,129,0.0,192.71317030575986
6491,129,0.0,192.36477056590067
6492,129,0.0,192.4432507071148
6493,129,0.0,192.3411732024986
6494,129,0.0,192.35735920773067
6495,129,0.0,192.59354454850515
6496,129,0.0,194.3916552540225
6497,129,4.610554951479001,135.36171948145494
6498,129,48.471373777552714,137.8307120096484
6499,129,96.7193652763173,139.51928275043716
6500,129,91.05432290809121,137.81585975998283
6501,129,54.76348327825788,132.54083428398334
6502,129,48.18245475324058,131.65122635657227
6503,129,40.43015150257541,130.40127973612525
6504,129,33.087829904293486,129.12780883721956
6505,129,29.46145265041194,128.4435820280175
6506,129,49.35600353089539,127.9745373498361
6507,129,25.709442930541652,145.16850489863901
6508,129,24.611922349301594,144.7896347236563
6509,129,24.847760689598037,144.75321437330462
6510,129,8.08241020674223,146.27368523640664
6511,129,36.639231212358624,150.60575068432067
6512,129,40.1493523551623,149.39703565176728
6513,129,0.0,193.88242219909188
6514,129,0.0,192.8950509413092
6515,129,0.0,192.59674586180034
6516,129,0.0,192.3890556496715
6517,129,0.0,192.063121922536
6518,129,0.0,191.80338712915977
6519,129,0.0,192.26865671128755
6520,129,0.0,193.81013307653373
6521,129,0.0,134.8305630247955
6522,129,60.33076476890483,137.87540808208342
6523,129,93.24915740506209,138.85935072797875
6524,129,100.26988987082005,138.0706995956014
6525,129,58.19889567276735,132.24702793847106
6526,129,52.800885480794705,131.38466841360326
6527,129,42.59599605147347,129.82818261794998
6528,129,38.71520070856805,128.61016379494484
6529,129,30.946892833385267,145.62492795541473
6530,129,50.072156860918874,127.55137657373558
6531,129,48.50370055771468,145.0086135408067
6532,129,24.78436225992598,144.5603395336249
6533,129,24.469133614465605,144.46356272271615
6534,129,7.073840110687781,145.8706189204277
6535,129,38.22773447240899,150.41860431810116
6536,129,41.38683503025551,149.33019353574238
6537,129,0.0,264.0692642204577
6538,129,0.0,193.05842354742563
6539,129,0.0,192.51076076749436
6540,129,0.0,192.41847342286673
6541,129,0.0,192.16166432544267
6542,129,0.0,192.21772381557943
6543,129,0.0,192.65316087276796
6544,129,0.0,194.4901717413322
6545,129,0.0,136.13699771791596
6546,129,50.414898506186994,138.7085208531028
6547,129,84.54079679902354,139.85512068011525
6548,129,92.96601918975993,138.7669303710466
6549,129,57.380644760253766,133.42350477737796
6550,129,50.50108919023033,132.2031134274316
6551,129,43.49727772155254,131.00062337558887
6552,129,35.74970514157425,147.27377342925644
6553,129,51.85624415996713,128.65041897799716
6554,129,48.036558249441214,145.6771248924793
6555,129,27.082100720236465,144.84770937563508
6556,129,24.128978770599144,144.7388127981411
6557,129,25.391796509576235,145.57069316950503
6558,129,6.973790383494853,146.3286253952809
6559,129,33.175876793163724,150.92965504097018
6560,129,33.256558854846496,148.52573852893482
6561,129,0.0,193.21296050526314
6562,129,0.0,192.07875910494892
6563,129,0.0,191.80062211130704
6564,129,0.0,191.68312935749933
6565,129,0.0,191.44957521436498
6566,129,0.0,191.41741486588282
6567,129,0.0,191.69252937868848
6568,129,0.0,193.13740914534685
6569,129,0.0,134.10491699458146
6570,129,44.77580358585677,155.6465354685443
6571,129,73.59769833576475,140.27798431327315
6572,129,88.59321225746619,138.81331194341644
6573,129,51.641882380038695,132.76319354701874
6574,129,45.67711822139987,131.55326328958546
6575,129,38.54026441263216,130.16530956141673
6576,129,32.93041630318664,146.60125909965754
6577,129,50.67933923869203,145.88537048447134
6578,129,46.94811139432102,145.43264716750105
6579,129,24.26065480091716,144.73942006656912
6580,129,22.48251398437908,144.21928803544418
6581,129,23.86572709386925,144.60290446146362
6582,129,6.064521968091187,146.09219846709715
6583,129,34.52277665526473,150.36520237205264
6584,129,42.070753833626966,149.38640093204486
6585,129,0.0,263.46528777677537
6586,129,0.0,192.26387953314665
6587,129,0.0,191.73709208164263
6588,129,0.0,191.80558847043454
6589,129,0.0,191.92085310623347
6590,129,0.0,192.01349434528836
6591,129,0.0,192.4929651167459
6592,129,0.0,193.52013193868015
6593,129,0.0,133.75877097517642
6594,129,49.29302306971511,136.93672177017453
6595,129,75.36048048184445,139.10727472986474
6596,129,92.37737204815775,138.5811992216174
6597,129,53.483032185378526,132.3730637110157
6598,129,48.589663594673844,131.43623818667933
6599,129,42.3406882533814,130.3081677088485
6600,129,35.70630212583276,146.7525735443363
6601,129,30.43116226334906,146.16031071117393
6602,129,26.91090115032584,145.47284252921634
6603,129,25.484120009376102,145.107154153015
6604,129,25.43300828700282,144.94952693637998
6605,129,24.969308320294036,144.83419094813266
6606,129,26.161535262209377,145.70106244062083
6607,129,31.54082062964383,146.75635786864356
6608,129,11.311516146669282,147.00799283563086
6609,129,0.0,192.77403846373772
6610,129,0.0,192.01214244029168
6611,129,0.0,191.54130047571292
6612,129,0.0,227.903011216205
6613,129,0.0,227.88779608039385
6614,129,0.0,227.8138512639929
6615,129,0.0,191.47367238810003
6616,129,0.0,191.97995061939815
6617,129,0.0,193.90716993862827
6618,129,4.394414704906025,132.27513398280553
6619,129,37.632121910264125,133.65935100464858
6620,129,45.57510828021535,132.62606975429622
6621,129,47.56704958691248,131.6825349450587
6622,129,44.4662205485739,131.2433227530737
6623,129,38.34505798243839,129.92560141421524
6624,129,34.98586644954556,129.07141847333835
6625,129,29.45905351362254,127.98153440806858
6626,129,37.127274919083575,127.66179725926771
6627,129,25.17188552228623,127.34167433784683
6628,129,24.702196795153313,144.96690292056743
6629,129,25.178274290988366,145.09161501165295
6630,129,26.572919057423555,145.49557441175557
6631,129,31.807849696358506,128.48612177522406
6632,129,13.950182464137098,259.9437526000187
6633,129,0.0,192.64397918883355
6634,129,19.072952060607157,258.7854876704131
6635,129,15.060656684780797,258.36027372404175
6636,129,14.33855250930557,258.27637737967143
6637,129,13.316523789801767,259.0299058050311
6638,129,34.871994583491905,144.2232723740244
6639,129,13.479218787238562,258.224652889986
6640,129,18.392411664308003,258.7424694655726
6641,129,0.0,194.0983598617711
6642,129,26.952044101542576,133.04856639017882
6643,129,65.88208137107581,134.4598190039203
6644,129,61.198489729646575,133.58826782863335
6645,129,55.7335567588829,132.63680384130237
6646,129,47.57710153074587,131.00731664894485
6647,129,37.1632575356491,129.51422421573628
6648,129,29.994100382669338,128.63036379102334
6649,129,25.798166037805995,127.62375071792229
6650,129,23.184667780294564,126.75974472202614
6651,129,45.239661689138444,126.59299642823943
6652,129,23.129618908118292,126.71613904158806
6653,129,24.907387275797458,127.18308833935238
6654,129,30.068634312417817,128.53368420039254
6655,129,60.275995629255945,133.4970996046462
6656,129,52.725272914435465,132.26747760765835
6657,129,36.518239837928625,129.4869416486312
6658,129,23.78900197851036,126.61168753826207
6659,129,19.54947809665327,258.9369111005942
6660,129,20.72850043347075,144.60758696256343
6661,129,17.58546014999406,258.73932538704645
6662,129,19.270347854395233,241.1961627003174
6663,129,23.22236266292392,127.33658710320556
6664,129,0.0,194.38925876247228
6665,129,28.360159877753738,135.23461474449084
6666,129,77.95467383307721,138.2207403190749
6667,129,93.9775415242111,139.33097336903288
6668,129,90.98525337414554,138.13660841745119
6669,129,51.6336451036419,150.00117650743644
6670,129,44.789817927816195,131.02058938129554
6671,129,36.148528442656556,129.59659648613825
6672,129,31.11805326756507,128.7607948965823
6673,129,27.193119601806753,127.7694509823544
6674,129,25.306231499380534,126.89145993396392
6675,129,23.8183264397612,144.21977109945948
6676,129,22.75568911528888,143.9613837412188
6677,129,22.7415552136892,143.91027230156877
6678,129,19.96622964628769,145.5743418171025
6679,129,34.4561548231638,149.59064129400156
6680,129,24.773695729648,148.8424203408384
6681,129,0.0,146.51741105681438
6682,129,0.0,192.59482768232542
6683,129,0.0,192.02358808373
6684,129,0.0,191.89519735505044
6685,129,0.0,191.6547768927208
6686,129,0.0,191.64408648452434
6687,129,0.0,191.88476193984783
6688,129,0.0,193.3493239206388
6689,129,0.0,151.38868267707267
6690,129,58.49147794370801,137.98965177526824
6691,129,100.4518472024973,138.73294643916523
6692,129,97.70009109212927,138.53913776756184
6693,129,55.22822239085422,150.14939579761958
6694,129,49.13678436940688,149.09676509704443
6695,129,39.7911189537708,129.68743535738275
6696,129,33.048214492863686,128.75010012622852
6697,129,50.60117045651033,128.00422459771417
6698,129,49.04720423065853,127.81690986279729
6699,129,25.925422751597186,144.93755338238793
6700,129,24.983318775052112,144.59961724801806
6701,129,26.494959339700753,145.59212512881297
6702,129,9.092807282876393,146.41746024906706
6703,129,40.047064077012934,151.05610066622026
6704,129,43.446321506393915,150.06959758965056
6705,129,5.68817291063786,147.63126535575753
6706,129,0.0,193.24787751027097
6707,129,0.0,192.73911766531208
6708,129,0.0,192.71179380614944
6709,129,0.0,192.54049183044398
6710,129,0.0,192.67840661951234
6711,129,0.0,193.15553207533407
6712,129,0.0,195.19013408076512
6713,129,15.467841772325905,136.86979305269102
6714,129,65.60586908174906,139.83894366679826
6715,129,92.73115417153832,140.70471128590577
6716,129,93.00652406323258,139.32120018745798
6717,129,54.4745051028151,150.2845859816811
6718,129,46.962963301349824,131.0091723900528
6719,129,38.197670928346504,129.4584506970787
6720,129,32.009642564561766,128.54684480627373
6721,129,38.09132971293627,145.5590385388228
6722,129,47.46088831309677,127.48619591982438
6723,129,47.12282338802107,144.99420968564775
6724,129,23.842841072117448,144.06250900161686
6725,129,23.229305440717848,143.8026088084918
6726,129,7.387784506925873,145.93683473700497
6727,129,36.0490662045967,150.18970000887833
6728,129,39.9277413957254,149.44855517273345
6729,129,5.308815613122446,147.25022627170563
6730,129,0.0,192.97768059342562
6731,129,0.0,192.56990208021497
6732,129,0.0,192.6711330653521
6733,129,0.0,192.28051041432195
6734,129,0.0,192.43289896006505
6735,129,0.0,192.82248037374603
6736,129,0.0,194.66878636636514
6737,129,13.69710390499544,136.25936600507362
6738,129,69.44655668494303,139.6549014021786
6739,129,99.89248281901631,140.4632424566178
6740,129,97.57879957159246,138.9652924897587
6741,129,56.98465546279264,150.66736946211546
6742,129,51.966875845793474,149.62694872270754
6743,129,43.229611118340664,148.03933549432568
6744,129,37.76214949004286,147.07684272842175
6745,129,29.856603066621343,146.27861135254255
6746,129,49.10513444839696,145.76680043780323
6747,129,46.30994102638682,144.31285335077766
6748,129,22.85196181988952,144.15286348815982
6749,129,24.546140016917754,144.66065247201246
6750,129,8.39611355897931,146.65037484631395
6751,129,38.63774440037496,151.9352797745553
6752,129,52.096177184595845,151.03632845041528
6753,129,10.178651955818289,148.44046822493362
6754,129,0.0,193.1819096282864
6755,129,0.0,192.59814048342423
6756,129,0.0,192.75987056368615
6757,129,0.0,192.65436908299716
6758,129,0.0,192.41963986797634
6759,129,0.0,192.8569393554066
6760,129,0.0,194.11504663155665
6761,129,21.274787096081536,135.53954929280715
6762,129,61.79551599302524,139.34068952872488
6763,129,97.59861360073101,140.28420597808625
6764,129,93.35793252634024,139.12631137591416
6765,129,55.044318290816,150.10841831198434
6766,129,49.22583373306874,149.11980014689203
6767,129,42.80529593306133,129.8996158942168
6768,129,36.65671662991536,129.11631252128356
6769,129,32.21526219030576,128.55233863561023
6770,129,29.111541840884026,145.89623592250072
6771,129,26.68021455840995,145.5588258916346
6772,129,26.50917285420877,145.39582638563374
6773,129,26.342791211057015,145.36442864020384
6774,129,29.46948753201505,145.76335345542725
6775,129,13.520860522260815,146.80725888883921
6776,129,27.532376733158127,147.17572667087614
6777,129,0.0,193.19805896489356
6778,129,0.0,192.3900563939488
6779,129,0.0,192.08953677137586
6780,129,0.0,192.08147920196964
6781,129,0.0,228.41688598696757
6782,129,0.0,191.89708527282278
6783,129,0.0,191.95281402490113
6784,129,0.0,192.7302899728886
6785,129,0.0,195.0026708640456
6786,129,22.262204914312708,133.38725524847257
6787,129,55.229597709849536,133.85789023948655
6788,129,54.98026479691609,132.93391919374082
6789,129,50.63239681413342,132.3602961548352
6790,129,44.60040579221203,131.39902198425133
6791,129,39.1323394996206,130.44400187232523
6792,129,33.669271117462884,129.16711249080697
6793,129,28.74178356696904,128.57702228858795
6794,129,25.940900728426385,127.06322174624631
6795,129,24.87156600636549,126.90412408173319
6796,129,23.471079336754748,144.210853669054
6797,129,24.372281077470223,144.4876477957
6798,129,25.819415586570063,144.88624073630947
6799,129,30.786443673625616,146.40161956571325
6800,129,2.570230382448819,146.98314513378443
6801,129,0.0,193.1536612258243
6802,129,0.0,192.52105607069333
6803,129,0.0,192.0548524715212
6804,129,0.0,191.89560001761322
6805,129,0.0,191.6564071576569
6806,129,0.0,191.65469248326994
6807,129,0.0,191.7407943064676
6808,129,0.0,192.49139217112673
6809,129,0.0,194.98282485272526
6810,129,30.750860567014737,152.05838067668316
6811,129,49.91395652161962,134.70806228077734
6812,129,59.757726696356215,133.80635054745125
6813,129,62.19576604294596,150.73408409718593
6814,129,54.76742493934032,131.87766658183688
6815,129,43.088620107026394,130.3413458496088
6816,129,34.350906736694014,146.43459304604733
6817,129,29.585582244251142,145.62072213325743
6818,129,28.140891275321767,127.66846375808322
6819,129,26.493383211376347,144.96454215951442
6820,129,26.754181902818626,145.02020494449224
6821,129,28.536673690988835,145.39986487443394
6822,129,34.6108552853786,146.25648741030105
6823,129,67.09436354376356,150.9179442969133
6824,129,59.396309634781886,150.81146227855464
6825,129,14.682430249919276,148.27074027502064
6826,129,0.0,193.52239995861203
6827,129,0.0,193.05273753438084
6828,129,0.0,193.10265258487357
6829,129,0.0,192.94136430205785
6830,129,0.0,192.9537442165157
6831,129,0.0,193.20388401302267
6832,129,0.0,194.80183138829508
6833,129,53.22257182722973,137.01059757658157
6834,129,101.11674249840397,139.6915724198541
6835,129,104.05345854561574,140.1785061196556
6836,129,97.96338497846122,139.89500290346717
6837,129,58.66008876831748,151.36349959408508
6838,129,51.76705004853902,132.409342788914
6839,129,42.18348803489757,130.81746356237022
6840,129,34.575024704333195,129.59733600024464
6841,129,29.11817454577166,128.7303057721073
6842,129,26.37458534543835,127.44362816800681
6843,129,23.82695135109444,126.59170994784719
6844,129,23.571538123761478,144.22957720212426
6845,129,25.417490512690613,144.74207880618437
6846,129,8.03730617380871,146.3294667189084
6847,129,38.59140937707339,150.98076244378822
6848,129,45.32175312205903,150.31874904529002
6849,129,8.352486440976707,147.38294684364288
6850,129,0.0,192.70444398535955
6851,129,0.0,191.7721310696227
6852,129,0.0,191.52961453014896
6853,129,0.0,191.31973027314098
6854,129,0.0,191.36207547946339
6855,129,0.0,191.8071311831569
6856,129,0.0,193.51376656257517
6857,129,16.80703719780237,135.8951932511831
6858,129,76.16118768938455,140.61694574345557
6859,129,100.11559756830806,141.45565053647107
6860,129,93.75166593639844,140.03423021501928
6861,129,56.740184893997004,133.47394948773876
6862,129,49.642556273110856,132.27082152400533
6863,129,41.09516338651332,130.88446708648567
6864,129,32.656620130896094,129.3847348437111
6865,129,27.100139432339116,127.5748982589088
6866,129,46.8881965093264,128.16537380810288
6867,129,45.17194296385662,126.35039466341372
6868,129,32.513867323765005,143.8500178226576
6869,129,23.293087891748545,144.22500069833993
6870,129,5.591069993136341,145.7194372670195
6871,129,34.40677797647298,151.8166441199144
6872,129,42.67359867333306,151.3255077634912
6873,129,10.90141674178724,148.24345654935348
6874,129,0.0,192.96008250127116
6875,129,0.0,192.2638108166869
6876,129,0.0,192.24034918043782
6877,129,0.0,192.29415315429816
6878,129,0.0,192.29346014608274
6879,129,0.0,192.68663001996595
6880,129,0.0,194.76598175402043
6881,129,32.36243205819163,137.5481619188329
6882,129,77.6306020637181,157.22888483165823
6883,129,96.96745572315285,140.5417497466789
6884,129,99.81141713840772,139.24853595104463
6885,129,55.34859698177859,150.32386939066885
6886,129,48.01460492339869,131.75608770418924
6887,129,40.52815523023385,130.39343324974018
6888,129,32.939133627842295,129.21130928268352
6889,129,38.66748729300591,128.3336981840846
6890,129,47.824328247904965,127.84823548061297
6891,129,45.45517023177337,127.58506452590413
6892,129,22.425032057234414,143.82228060712288
6893,129,22.666720742033014,144.0880349380722
6894,129,19.099925189425647,145.39376610996808
6895,129,30.2153341706437,150.76698899827122
6896,129,31.304804710662772,151.28290228131303
6897,129,19.940695752868102,149.14508050555176
6898,129,0.0,193.73735278175607
6899,129,0.0,193.16388106030098
6900,129,0.0,193.48764764381784
6901,129,0.0,193.25580607278457
6902,129,0.0,193.17510849638197
6903,129,0.0,193.51378863842916
6904,129,0.0,195.1743383961575
6905,129,26.09113152370236,136.18704549791175
6906,129,73.24277090211392,138.7910798311405
6907,129,88.96804770714553,138.77692137884262
6908,129,87.61035022142998,137.7551927293041
6909,129,54.00604076176786,150.36304864337725
6910,129,50.49508884422142,131.73818003980276
6911,129,45.46213878051072,130.96407604159228
6912,129,37.86998377117079,129.61615212987402
6913,129,32.9978171221257,146.599615053795
6914,129,28.427847483790245,128.32836174016245
6915,129,48.89981527250155,128.10617148656115
6916,129,27.10130534993761,145.32238832859164
6917,129,27.33474182931734,145.65813164099774
6918,129,32.70564777930051,146.4966569214355
6919,129,43.881473215913196,151.77975782668605
6920,129,67.89276936072827,152.43834857951688
6921,129,35.09749113879108,150.84354729175442
6922,129,0.0,195.4603538215464
6923,129,0.0,194.62249637506147
6924,129,0.0,194.48304196340084
6925,129,0.0,194.12177540263258
6926,129,0.0,194.13325846472367
6927,129,0.0,194.57038383445135
6928,129,0.0,262.6540485362635
6929,129,68.42561137069413,139.9068549693871
6930,129,89.28368847614668,142.24249884624984
6931,129,107.6714995019272,140.54409576956505
6932,129,94.05725567156671,138.41270528463505
6933,129,56.825042484256805,150.45085305931102
6934,129,49.268533553757194,149.01080600518273
6935,129,44.01479921807122,148.37981668419727
6936,129,36.86934039714185,147.31757877896794
6937,129,31.62768579064555,146.48208104339804
6938,129,30.372152580571743,145.99488064871616
6939,129,29.276345410491487,145.7050535771598
6940,129,27.30135607574109,145.6468289429915
6941,129,27.237087185625786,145.4845086053322
6942,129,30.446203315862764,145.81562813115647
6943,129,13.981366663900388,146.67341501888626
6944,129,30.048738519525674,147.62903981853913
6945,129,0.0,149.94306361610126
6946,129,0.0,192.8917802702207
6947,129,0.0,192.6852117661398
6948,129,0.0,192.8613304647336
6949,129,0.0,192.6519291259788
6950,129,0.0,192.57020144222486
6951,129,0.0,192.77538115959047
6952,129,0.0,193.71603369909954
6953,129,0.0,245.50486829939226
6954,129,42.79251991328731,135.76818644317268
6955,129,46.56916213683518,135.13183348954644
6956,129,60.484569907475226,133.93866318655128
6957,129,54.028204104904255,150.25757560226512
6958,129,48.074584184091314,131.561196302037
6959,129,41.76714757650228,130.60526000205186
6960,129,35.95587179816093,129.966658446631
6961,129,30.324623682591163,146.60991982111992
6962,129,28.14522639178438,146.1723811109506
6963,129,26.529554971263227,145.38867338388474
6964,129,25.27332483302753,145.09567632642458
6965,129,23.9526764558756,144.48407817618434
6966,129,25.995743395122727,145.72782466222267
6967,129,23.011643241482485,146.5222031116549
6968,129,32.899313524546365,147.73370311055484
6969,129,0.0,193.72059638123469
6970,129,0.0,193.20537154940345
6971,129,0.0,192.81259350486707
6972,129,0.0,192.65793650170332
6973,129,0.0,192.23172163020953
6974,129,0.0,192.21473237037765
6975,129,0.0,192.31311682179964
6976,129,0.0,193.38766648271366
6977,129,0.0,245.33355597074703
6978,129,29.589858839548455,151.80725223084573
6979,129,37.916926240568884,134.0009320638824
6980,129,55.482337226573144,132.71517628949232
6981,129,43.19865909547064,149.51039140482249
6982,129,43.6387624816,148.45921185000964
6983,129,35.824449433216884,147.3543101830848
6984,129,31.01108560774656,146.6645303145561
6985,129,26.971297777830983,145.93443945584465
6986,129,25.291632752534078,144.96678566776382
6987,129,24.000320813762613,144.58550884788258
6988,129,23.2446955551409,144.40501811694307
6989,129,24.54042095310184,144.70686243096264
6990,129,28.87207298849976,146.4478957900033
6991,129,57.551320805457316,151.1856647805701
6992,129,59.85923458897756,151.61786962719822
6993,129,27.709901161523227,149.89276286816133
6994,129,0.0,194.42735829271547
6995,129,0.0,193.8567788536498
6996,129,0.0,193.88182513519567
6997,129,0.0,193.79915317132537
6998,129,0.0,193.75880006731617
6999,129,0.0,193.98867182027095
7000,129,0.0,262.8512698667946
7001,129,75.0150702595618,140.63061501931833
7002,129,111.23726099534319,142.06672503789133
7003,129,111.16928389661068,141.03173808885177
7004,129,104.60244531820008,139.86174872621885
7005,129,60.907667894148894,150.89182010040363
7006,129,52.145322424243176,132.14646132220426
7007,129,42.96654794633802,130.8682069481892
7008,129,35.48314748091309,129.52857660273085
7009,129,30.128126297196385,128.61677660008013
7010,129,28.199419452905087,128.10471020934227
7011,129,26.185352140917818,127.59240572401745
7012,129,25.07044750796184,144.9151076005382
7013,129,27.071766457973688,145.6078419183236
7014,129,32.06621282522786,146.48206929537238
7015,129,40.78430874371801,151.5455476123867
7016,129,40.390139454460126,151.32588306782188
7017,129,17.943682908969368,148.35988931051952
7018,129,0.0,193.04891287392053
7019,129,0.0,192.3326041365403
7020,129,0.0,192.44743336862044
7021,129,0.0,192.3367463623299
7022,129,0.0,191.98231609282843
7023,129,0.0,192.03161647843248
7024,129,0.0,193.8290023006162
7025,129,32.528786892296864,153.59717103036675
7026,129,83.73466517926639,140.49772986684508
7027,129,98.26479616272523,139.83029350628607
7028,129,99.35849708925664,138.53705713435085
7029,129,62.466931688701486,150.51771977184313
7030,129,54.12102670139341,149.3766140095884
7031,129,46.5914975176311,148.34211226061444
7032,129,37.67839050874673,129.6871188730385
7033,129,42.42867897108218,128.6090159885453
7034,129,52.13838614568543,128.08915002642465
7035,129,50.66704383952443,127.88725592816147
7036,129,27.376156208662913,145.48764666699003
7037,129,28.32367552942907,145.72687184080397
7038,129,26.035316024568154,146.77439904003293
7039,129,43.49004336068282,151.72078933391865
7040,129,44.5435330515081,152.23593409371708
7041,129,33.37505048399869,149.2482522157951
7042,129,0.0,193.41787915307472
7043,129,0.0,192.81705891570496
7044,129,0.0,192.95140376003468
7045,129,0.0,192.92310091698764
7046,129,0.0,192.80688358103154
7047,129,0.0,193.23383290803227
7048,129,0.0,262.29177599005544
7049,129,50.020175506078836,139.48927358394474
7050,129,100.97770376118703,141.9974527542192
7051,129,111.35251934604135,141.58453588610587
7052,129,99.55144439008617,139.74135629060967
7053,129,58.8335781516382,133.27945753235528
7054,129,51.97362014107906,132.18255398158172
7055,129,43.14537446859597,130.8131139341246
7056,129,35.08102000544758,129.5147738787627
7057,129,29.462677186117507,128.5008373141992
7058,129,27.226703238624555,145.8185764249247
7059,129,25.21913282523189,145.10006934367735
7060,129,24.108283355680868,144.6916802880207
7061,129,25.193847808036605,145.03313582024538
7062,129,29.616375042036942,145.77184088870084
7063,129,59.21434739858989,150.1428781377813
7064,129,39.7516462691701,150.90862007258977
7065,129,31.175760485863645,148.8001222817183
7066,129,0.0,193.61874745495007
7067,129,0.0,192.81869820679265
7068,129,0.0,193.04262606202082
7069,129,0.0,193.1147997262736
7070,129,0.0,192.91100085299266
7071,129,0.0,193.16014250778625
7072,129,0.0,148.20326146461593
7073,129,47.63135865916675,137.03380554654206
7074,129,89.2421485251854,140.85206974634292
7075,129,99.54676017199101,139.75485211343243
7076,129,95.73295429337864,138.0750750789247
7077,129,57.297405833170124,150.07854409464719
7078,129,52.263807368212056,149.22801171719777
7079,129,43.87429952840534,147.70355585506024
7080,129,34.46121387577135,146.37153647251694
7081,129,29.286789862830584,145.51538069552677
7082,129,25.8040200904798,127.30802207010997
7083,129,23.423981370666965,126.47135293700862
7084,129,45.59394381356832,127.11982234892194
7085,129,24.367044360014678,144.63039035541564
7086,129,28.32291423476791,145.55848020674838
7087,129,35.82649955463586,149.44391330423014
7088,129,62.568844774441956,150.1916610599524
7089,129,46.6755227316297,150.0328461424359
7090,129,2.747672312348637,262.3961011212901
7091,129,0.0,194.44866275155982
7092,129,0.0,194.11698962315745
7093,129,0.0,193.6576853169983
7094,129,0.0,193.8105789478362
7095,129,0.0,194.13748469029287
7096,129,0.0,262.4021858332525
7097,129,47.99075779746801,136.73804627377345
7098,129,85.2861920065565,139.7231518953931
7099,129,92.53955799277743,138.37205072875642
7100,129,90.86875892256859,137.36355155416717
7101,129,52.92209455504792,149.72685299571114
7102,129,49.308321479651724,149.0212481801595
7103,129,44.112693003707165,130.56593439777575
7104,129,36.43604370108441,129.37269531140194
7105,129,41.58697393292102,146.27102001849556
7106,129,50.948605280784626,128.00880005035316
7107,129,49.14151695637331,127.83245024043511
7108,129,27.118363789601133,127.79523279467514
7109,129,26.884504124638344,145.537504261399
7110,129,19.915513610635116,145.6321865704087
7111,129,12.26794091919811,146.7632358751043
7112,129,15.58458344905395,147.94696526058792
7113,129,1.9748214325984652,147.10673762616014
7114,129,0.0,193.04682501526096
7115,129,0.0,192.563458940123
7116,129,0.0,192.35152392305977
7117,129,0.0,192.00014050446455
7118,129,0.0,191.97381406052025
7119,129,0.0,192.2705949782371
7120,129,0.0,193.21371067019916
7121,129,0.0,149.02008902294077
7122,129,43.345529762022004,151.40443555186738
7123,129,46.010960069648426,151.60142923551058
7124,129,62.53690477603083,151.4471194974894
7125,129,55.91364673000632,150.19691216262976
7126,129,49.83958635808489,131.2936124073083
7127,129,45.1106935990328,130.44794283708978
7128,129,39.24725590521759,129.77960046521127
7129,129,34.46553872985668,129.15798330879028
7130,129,57.57524376035209,132.87923782462747
7131,129,25.1125637933383,126.68018804283123
7132,129,25.513399295648686,126.83373843753232
7133,129,27.149830484872123,144.87660425325444
7134,129,29.9855925505599,146.09707172944942
7135,129,36.154627231822516,147.30287806430758
7136,129,1.8635149399705193,260.2680589119434
7137,129,0.0,193.07965239788356
7138,129,0.0,192.76206228731948
7139,129,0.0,192.62808752006214
7140,129,0.0,192.55592649821537
7141,129,0.0,192.51378325797336
7142,129,0.0,192.73295014520212
7143,129,0.0,193.46976177022762
7144,129,18.602682933564257,150.91434341566716
7145,129,56.299350249116955,154.23253449959577
7146,129,53.8208409264373,153.43768860710543
7147,129,60.50672406732776,134.62346665945051
7148,129,59.76749928485128,151.36684850819947
7149,129,54.80455807275057,150.58634042867254
7150,129,46.93662794524539,131.43903605117274
7151,129,36.58259790606015,129.8584277827295
7152,129,29.495452325793018,128.5535976596268
7153,129,25.407347556501914,127.33655470534133
7154,129,23.382596534970325,126.66326130793992
7155,129,23.25341180432446,126.5138821046611
7156,129,23.05159689050029,126.58622887992377
7157,129,26.88924678128204,145.94550480226155
7158,129,33.50625841278269,129.373519184832
7159,129,57.79634957951632,133.7052554403402
7160,129,33.30489887693419,148.46821915164332
7161,129,0.0,260.7283669661995
7162,129,0.0,193.45974955359128
7163,129,0.0,193.26888117126248
7164,129,0.0,193.25768854820905
7165,129,0.0,193.2051582310006
7166,129,34.500014999612524,128.74704467601126
7167,129,0.0,244.93931755833376
7168,129,74.90603359898792,137.6176251418864
7169,129,113.07863892931138,141.67193999389588
7170,129,95.47689360306825,141.5011323676725
7171,129,82.97554222492806,140.11248778553514
7172,129,93.83968593727671,137.95587175872944
7173,129,54.43561082918614,149.98518588580484
7174,129,46.02567616559157,148.70693947829204
7175,129,39.127040184548,129.82290136891623
7176,129,32.55140196451341,128.8881055482284
7177,129,29.131461962262552,128.12685096723374
7178,129,37.527068622278094,127.84835141237558
7179,129,49.07895670919684,127.83084885316475
7180,129,48.39451248937786,127.74122791828962
7181,129,29.64971852802932,128.3290979059422
7182,129,28.607033870402674,146.99238970180687
7183,129,45.44798233652392,151.91177595544602
7184,129,18.334618599417748,149.03622643845304
7185,129,0.0,146.50393590587043
7186,129,0.0,192.9231052530375
7187,129,0.0,192.97737126041534
7188,129,0.0,193.1800466166886
7189,129,0.0,192.78220631983405
7190,129,0.0,192.89169980281062
7191,129,0.0,194.5192266367254
7192,129,68.88613396344832,155.0770975485305
7193,129,120.55441105881243,144.28561278092224
7194,129,98.94502949789938,143.12902255087766
7195,129,85.51302755762393,158.94844926115647
7196,129,96.87713565152524,157.3169377276692
7197,129,56.39117335831395,150.7750722104614
7198,129,48.234061218404314,149.63260808718633
7199,129,41.1736151108356,148.2337033802431
7200,129,34.292610293661745,147.12850879700946
7201,129,30.451238556936392,128.47409979991878
7202,129,29.67714384808303,128.04751929169439
7203,129,47.737791189127634,127.81730345438419
7204,129,46.98688788974434,127.73392738249925
7205,129,28.325349396561613,128.3218621683383
7206,129,35.27348753461044,147.15554505535167
7207,129,41.41701298727791,151.86555353188746
7208,129,18.693587965941624,149.65213605718293
7209,129,0.0,147.53037991672593
7210,129,0.0,193.44142109811577
7211,129,0.0,193.31599978789848
7212,129,0.0,193.2245528928817
7213,129,0.0,193.291498114976
7214,129,0.0,193.87020501102776
7215,129,6.316575056160483,149.77831106603162
7216,129,82.65035977308735,138.06699449837495
7217,129,118.36989709636208,142.824131764394
7218,129,96.15237090145116,141.5468904693084
7219,129,89.5266897799359,158.0373271830714
7220,129,103.48801389233668,139.2289551910477
7221,129,59.87607500396837,150.33355585809656
7222,129,50.154546859179085,149.26595829465677
7223,129,41.984489389822585,148.0081908477702
7224,129,34.68197124905241,129.14232786320596
7225,129,29.99735945690614,128.5614579003051
7226,129,29.17610154917461,128.32802158548333
7227,129,29.308354065031814,128.14835364475155
7228,129,49.91325401347151,127.86823177628814
7229,129,28.880344050517746,145.93060133692128
7230,129,34.55276301413918,146.6960030839708
7231,129,38.811034975183176,150.81195307498967
7232,129,42.29766053616149,149.6701315017287
7233,129,0.0,150.741748939273
7234,129,0.0,193.16178060079483
7235,129,0.0,192.9411978249458
7236,129,0.0,192.88157890171064
7237,129,0.0,193.0196989808251
7238,129,0.0,193.9679967557503
7239,129,6.6596659941897,149.93591457791072
7240,129,72.5062609615754,155.21615464360326
7241,129,100.62217249365479,141.79018420791317
7242,129,94.95260245219423,140.36895099427818
7243,129,109.02610714643073,156.74605553387215
7244,129,100.17361464256739,137.9402932158902
7245,129,59.583268603695785,150.04434354574093
7246,129,51.969713132184054,149.03936883798215
7247,129,43.97734750690716,148.17245799087374
7248,129,36.96632512486638,129.4537552133417
7249,129,31.558740902294492,128.5834050687189
7250,129,28.683762903440627,128.1976783784963
7251,129,26.612543516195466,127.93183529051575
7252,129,26.019612831795687,127.81365751700449
7253,129,29.409112812614307,128.44283919723193
7254,129,38.2707258686839,147.29482451922428
7255,129,71.69383575067921,152.59439192264912
7256,129,58.397811486163114,151.61215399900692
7257,129,15.617824502918186,148.97272453306059
7258,129,0.0,194.11366289802567
7259,129,0.0,193.8265023166219
7260,129,0.0,193.9944608726721
7261,129,0.0,193.95852607073996
7262,129,0.0,194.11535605282276
7263,129,8.183414779069029,149.9246301598227
7264,129,75.38705404344806,155.24592568769506
7265,129,91.17767163236455,142.50396239810132
7266,129,87.1097065167696,141.64023861364853
7267,129,97.18649532017042,140.6522377998189
7268,129,94.6589400972383,139.50872850330444
7269,129,55.50719256735446,150.74221580546663
7270,129,50.57274287445008,149.77685593366766
7271,129,43.500423448221085,130.7323310321969
7272,129,37.180542375184054,147.69359727940213
7273,129,33.04580121489071,147.0522062512017
7274,129,29.804039107680236,146.25244318367825
7275,129,28.35391791551082,146.0117224791136
7276,129,28.03926020343873,146.02802257747467
7277,129,29.589840696852672,146.30378469675486
7278,129,34.55394530981366,147.1547804625043
7279,129,39.67398730215549,148.14827265951652
7280,129,16.50300466686386,147.59932570541844
7281,129,0.0,193.48146677258754
7282,129,0.0,193.0430451571729
7283,129,0.0,193.0826214927442
7284,129,0.0,193.06213541149415
7285,129,0.0,192.9765037791605
7286,129,0.0,193.36032221073896
7287,129,0.0,194.1734958799247
7288,129,6.025201637199298,151.01567200671394
7289,129,55.599795314815886,154.4221538745168
7290,129,68.4819865060666,136.1697364098131
7291,129,67.20352371711324,152.37410050059955
7292,129,62.78653841991022,151.29611344961205
7293,129,55.12978316283246,150.3153170693256
7294,129,50.254526861952606,149.572599890123
7295,129,41.90094079118335,148.33723912155642
7296,129,34.909242762232985,147.3497964493058
7297,129,30.79907412713685,146.41585046517736
7298,129,28.87550177014961,128.21484812554104
7299,129,26.52673979625629,145.14787509027454
7300,129,26.897627870315908,127.65534847374457
7301,129,27.8877109814007,128.12993219786247
7302,129,31.188476298813868,146.41078135191168
7303,129,36.308385007295755,147.23174555837346
7304,129,16.911692627233794,147.14450323728184
7305,129,0.0,193.41129063604052
7306,129,0.0,193.19935876199918
7307,129,0.0,193.11672629659407
7308,129,0.0,193.29336212954345
7309,129,0.0,193.3800138508093
7310,129,0.0,193.82930531629077
7311,129,0.0,194.3934124591906
7312,129,35.7569669621601,150.98888685144075
7313,129,74.20094487926755,155.5788958865341
7314,129,54.992284385534816,137.30769556317532
7315,129,50.028293217442055,153.67372026037322
7316,129,65.17030695207924,152.26927544826253
7317,129,59.79732822529864,151.39375575289793
7318,129,51.472008638679235,149.99344774339636
7319,129,41.76405832076822,148.37411941433982
7320,129,34.699577956694164,129.46756910693574
7321,129,30.552193451633222,146.40025827297328
7322,129,28.521811376440954,128.41463000240168
7323,129,26.706615913930403,128.18040078931176
7324,129,27.142296516698238,145.97659484754223
7325,129,28.225568204456355,146.42611081615738
7326,129,35.66717615411804,147.54310531609178
7327,129,68.17047829475426,135.67844304670734
7328,129,45.5444290669216,150.64058928241627
7329,129,4.407915243616597,148.2369628823725
7330,129,0.0,193.71098112875103
7331,129,0.0,193.34739465169844
7332,129,0.0,193.58074708105087
7333,129,0.0,193.68054836489114
7334,129,0.0,194.1433526805169
7335,129,7.818458977315937,150.30487599594716
7336,129,74.86268310359246,139.36363319143982
7337,129,111.50645527289308,147.62776689436146
7338,129,108.03511480882929,146.35632920740167
7339,129,117.78535009713568,144.80083695549916
7340,129,105.90073284907318,141.78908106370818
7341,129,61.60216418885976,134.56605269807258
7342,129,53.89943912656961,150.8968734028103
7343,129,44.033393675584726,131.6027612907606
7344,129,36.801870677468045,147.8139883683493
7345,129,32.40093761028644,129.3289905133565
7346,129,30.04599262765386,128.8001999369762
7347,129,28.633902165929495,128.61109786078495
7348,129,27.805941838545934,146.18770103776845
7349,129,29.907129067318294,128.8372256050675
7350,129,35.62336816223609,147.6571948238336
7351,129,63.36294403112942,154.1406264885495
7352,129,49.9623460263499,151.07232861016783
7353,129,7.6943498709139,148.06340414209134
7354,129,0.0,193.10891040446757
7355,129,0.0,192.74479260875975
7356,129,0.0,193.00957149423303
7357,129,0.0,193.13698350568737
7358,129,0.0,193.6314886587414
7359,129,6.2072742981734255,149.88673720954804
7360,129,65.32939391595922,156.16468202683043
7361,129,112.14136601208838,147.4264635718727
7362,129,108.35354246254613,147.16074293486776
7363,129,117.64395816438952,144.68448427852687
7364,129,100.34825291750703,143.10153435663335
7365,129,59.13819681576693,152.96145414053169
7366,129,52.59160970732963,151.42402387062637
7367,129,43.78264242644662,131.885921840677
7368,129,37.19252947512193,130.5337570886913
7369,129,41.55584820944494,129.16787820030007
7370,129,50.4358456491822,146.29924497840946
7371,129,49.036111893590984,128.27572198120012
7372,129,26.0290327327876,128.02309068334768
7373,129,28.59612230161038,146.15069802158686
7374,129,33.66296365920998,147.17612968359396
7375,129,47.216404309291526,153.1345503945784
7376,129,32.60920966860959,151.60660287503714
7377,129,11.429895570414876,149.6443514426833
7378,129,0.0,194.14598322151372
7379,129,0.0,193.52416337251958
7380,129,0.0,193.78714852337532
7381,129,0.0,194.02689833765754
7382,129,0.0,194.7244009779481
7383,129,21.849837621620246,150.70251256563336
7384,129,59.89184379343005,155.77359355704144
7385,129,106.69817319182611,144.9304500330917
7386,129,113.83224465595255,143.31535624511872
7387,129,111.50850927151404,141.73537257012796
7388,129,98.76215911945008,139.9503305169134
7389,129,59.6814296302522,133.94430107618618
7390,129,50.173943102536825,132.72010840648667
7391,129,40.628525848864044,130.88192526857912
7392,129,34.34029008206406,129.64062682005917
7393,129,30.091768590875464,128.97664220129184
7394,129,29.694012207399528,128.8052926991792
7395,129,28.244170020251637,146.01832026869317
7396,129,27.861037329641576,128.1417682248709
7397,129,29.428997322913514,146.17673131318116
7398,129,34.43476071303891,147.2058711777357
7399,129,69.03125041610359,152.9981783697959
7400,129,58.686281334298926,153.04580663949707
7401,129,18.948572049981248,149.7224372725742
7402,129,0.0,194.08880029330783
7403,129,0.0,193.76512629179393
7404,129,0.0,193.7103971534995
7405,129,0.0,193.87345913896146
7406,129,0.0,194.8323333783974
7407,129,18.180418149010457,151.57328444012836
7408,129,56.182660436977876,157.56061378457622
7409,129,105.39147384585658,146.91247450686333
7410,129,121.16112516345011,145.43750316562824
7411,129,109.84666046143825,143.46246254241782
7412,129,96.3701951487157,141.1361815322382
7413,129,57.65632807238304,134.1582435169499
7414,129,53.63895392162308,132.96173791616698
7415,129,47.0427864950386,131.66746016397883
7416,129,37.59591782512299,130.1820475784776
7417,129,32.702560523939816,129.22140951069133
7418,129,28.883643318609,146.368603551893
7419,129,26.789985807339693,128.34480682915
7420,129,26.629189249251542,146.22681356232425
7421,129,27.030659899999357,128.52601165328986
7422,129,34.62738064698249,147.53308444451366
7423,129,60.559559025758894,152.98994080613804
7424,129,63.8152188138732,152.92910195874933
7425,129,35.758029781064714,151.0883240606804
7426,129,0.0,262.7790948951938
7427,129,0.0,195.50597559487676
7428,129,0.0,195.6932533845537
7429,129,0.0,195.68971663751955
7430,129,0.0,265.97725876361403
7431,129,33.31261109544324,151.55786700830325
7432,129,64.68544814786733,156.49620810263593
7433,129,105.80558292141102,144.68551681978653
7434,129,116.32301635263997,143.69579069919897
7435,129,116.39303022250662,142.34400970244442
7436,129,105.80450246958759,141.4966784990267
7437,129,61.50957176994831,134.28264275461729
7438,129,55.84652166109187,133.02996755030355
7439,129,49.508791511418224,131.95913001704292
7440,129,42.60539710824573,130.87253280601723
7441,129,38.44961873221631,129.92508901182015
7442,129,34.717286377581765,147.0419658811503
7443,129,31.813641850809198,146.64563159363516
7444,129,30.787117780248234,146.66411783945154
7445,129,32.593710608841796,146.82371893342122
7446,129,33.897563142975336,147.0590383792378
7447,129,40.62105952538402,148.55714705096995
7448,129,31.999737151530407,148.9416247667111
7449,129,0.0,147.7144380738985
7450,129,0.0,193.78544269672784
7451,129,0.0,193.8311167420075
7452,129,0.0,194.0739301530152
7453,129,0.0,194.05790582294594
7454,129,0.0,194.45161773147555
7455,129,0.0,195.2684909238554
7456,129,18.645704908933677,152.34851702434221
7457,129,61.84991335086101,155.85237650957416
7458,129,73.0733197242512,154.5988159825516
7459,129,76.72021039241504,153.62861450199753
7460,129,69.89852204120031,152.66180273721486
7461,129,61.791663369127015,151.54573270856824
7462,129,55.30601876884604,150.60742559844942
7463,129,47.78998374642765,131.63930239077078
7464,129,42.08257484859573,148.33417957541155
7465,129,37.60722724618712,147.47176410268187
7466,129,33.271426018954536,146.8805588726293
7467,129,31.288403982063624,146.4526058789483
7468,129,30.246024922131518,146.38629212709637
7469,129,30.8775105021341,146.33584254402757
7470,129,32.40365214578945,146.53408244406748
7471,129,38.42531095063026,147.70305809301138
7472,129,30.537762971737894,148.3750083744744
7473,129,0.0,147.98243893325485
7474,129,0.0,194.2211967479895
7475,129,0.0,194.07372522736625
7476,129,0.0,193.96737940039935
7477,129,0.0,194.0081418951247
7478,129,0.0,194.6122269085415
7479,129,0.0,265.41739106435136
7480,129,58.397199306188114,152.5980758368584
7481,129,81.59328571211603,155.76899458481728
7482,129,62.99364726069084,155.11226679074093
7483,129,51.126153846161756,153.0630164754711
7484,129,66.82666790121006,151.98310715959883
7485,129,61.33018488499279,150.97815985339656
7486,129,51.61765575191745,149.5037542837197
7487,129,42.28712010744142,130.44405074158797
7488,129,34.737846662140015,146.84470170952153
7489,129,30.188614695298106,146.369875416019
7490,129,29.215644531989437,146.07209899747903
7491,129,28.463966501122123,145.95190484642362
7492,129,28.060121022345243,145.84093431446993
7493,129,30.0361047211875,146.14066904698333
7494,129,38.53845431022477,147.4654753438079
7495,129,74.26128146293374,135.02449561031662
7496,129,67.54735117842755,151.81215508829067
7497,129,29.799687242487515,149.02246386817342
7498,129,0.0,194.6033080929252
7499,129,0.0,193.92326569488142
7500,129,0.0,194.25135475518763
7501,129,0.0,194.21762828442203
7502,129,0.0,194.54669307393596
7503,129,24.806971139019822,132.44568702631707
7504,129,88.2853839235032,138.59812492608665
7505,129,140.8057470961908,136.0512152403624
7506,129,126.61794021658898,140.30085360886716
7507,129,123.95790838121475,142.5389722222974
7508,129,114.04670982226398,141.7393484877682
7509,129,67.08003329933935,134.68230265006122
7510,129,57.19106294556877,132.97966670511076
7511,129,47.297274718027246,131.23001505699833
7512,129,37.225488946763505,129.80084220948513
7513,129,31.58634615848627,129.1153541319668
7514,129,29.09483885684904,128.82203420963356
7515,129,27.219923234892217,146.20539423896648
7516,129,26.299695132249557,128.47506522293924
7517,129,28.436849869649635,128.67513705181773
7518,129,34.9379842246771,147.60762999103179
7519,129,68.14786860061074,153.3098545522473
7520,129,34.942444596935026,152.02996885139794
7521,129,0.0,149.0900949014525
7522,129,0.0,260.42155998362216
7523,129,0.0,193.22812582503013
7524,129,0.0,193.5120046345042
7525,129,0.0,193.8474343966487
7526,129,0.0,152.03182676576728
7527,129,21.279025063057787,151.2672901600519
7528,129,72.2007226239875,157.52357667764983
7529,129,119.238068369219,143.93882674198565
7530,129,135.55334507634547,141.88339967324498
7531,129,121.39689826417239,142.862927939438
7532,129,107.90584536381567,140.98832555560207
7533,129,63.53701878580842,134.22918779403037
7534,129,56.73486241373914,133.27218476546992
7535,129,45.74860415020094,131.59111466465194
7536,129,39.23582770354406,130.25691246136972
7537,129,33.265545686728665,129.01876522407994
7538,129,30.376579058447827,128.58788876961972
7539,129,29.42114760615642,146.1157002937608
7540,129,28.38043585699959,146.02642422386205
7541,129,30.518182140114835,128.5628893798403
7542,129,37.344150159008585,147.49193978928645
7543,129,75.85540691137685,153.62121586086468
7544,129,69.49550555209083,152.80491913170047
7545,129,34.303173101963694,150.54625499697048
7546,129,0.0,148.4632120732425
7547,129,0.0,193.97532143209662
7548,129,0.0,194.80623122204773
7549,129,0.0,195.07585162224424
7550,129,1.937782765168876,262.5023980452324
7551,129,39.08171656092869,152.84208584510057
7552,129,89.5456331494972,159.13983684653084
7553,129,133.42466308814912,135.5277092540126
7554,129,147.10528342275302,135.04524522913485
7555,129,134.4542502630317,140.7758048795875
7556,129,125.63731918072236,142.8387548518082
7557,129,75.37852243361446,152.87907572682673
7558,129,65.87563524057757,151.83234303238285
7559,129,54.375816171915936,132.50880144489605
7560,129,44.76751451511477,130.6920034171809
7561,129,37.33710432714158,129.55300656115995
7562,129,34.14642268287732,129.14979410465648
7563,129,32.02639132367629,128.674781960555
7564,129,51.11337978629076,128.2919338238213
7565,129,30.360948498096246,128.58591720985356
7566,129,36.22371739748293,147.23363069053352
7567,129,46.35592518552326,152.97294866078536
7568,129,63.70694363100929,152.29790964740502
7569,129,37.975759244542196,150.15282618414562
7570,129,0.0,262.0923379374273
7571,129,0.0,194.75963338788688
7572,129,0.0,195.1355774671368
7573,129,0.0,195.16184209586902
7574,129,0.0,262.27529908273436
7575,129,30.406596266935086,151.3538650314329
7576,129,67.59126852520848,156.42139757229762
7577,129,102.32118765963186,144.80819702992434
7578,129,115.54407551055353,143.38867454797534
7579,129,109.22398467484632,142.32241618786043
7580,129,106.32310678740319,141.13709611829796
7581,129,61.66526272814618,151.59154246709184
7582,129,54.97414128302576,150.77897770404965
7583,129,45.928159719559076,149.15752541960657
7584,129,38.652195336245256,130.42881891014753
7585,129,34.640538972614834,129.56536335487675
7586,129,41.51696666274568,129.05393872132896
7587,129,52.543880297544376,128.78978891433988
7588,129,51.49023991424474,128.61501929950174
7589,129,29.63987240129244,128.64028573260714
7590,129,34.88514632379512,147.3328023821194
7591,129,69.47694521240594,153.54426181366424
7592,129,49.08288105801687,153.63420544258426
7593,129,22.777299087230933,151.61893004096672
7594,129,11.564106920857887,150.16702996600583
7595,129,0.0,262.31643716579055
7596,129,0.0,262.6166162787298
7597,129,0.0,262.6575567694311
7598,129,13.169730888090104,150.79058765840156
7599,129,53.329641544256724,134.88856086266088
7600,129,102.2672902563572,139.46189068807809
7601,129,142.43304747086964,131.3615660627571
7602,129,116.63100495452251,137.22253664103403
7603,129,124.50091812586265,140.9314098981534
7604,129,111.94293484403869,139.5720195142105
7605,129,68.48098646217808,151.39364554903435
7606,129,58.10696212144209,149.7927701726819
7607,129,49.07532120909693,131.03128136932537
7608,129,41.39689460087394,130.07064701206266
7609,129,37.39724316317825,129.31078217312293
7610,129,33.69719990099811,128.7135735453884
7611,129,31.900365768905274,128.56402508161372
7612,129,30.334049390226546,128.2277041337793
7613,129,31.58323451290111,128.4146892878632
7614,129,35.42702054524449,146.51990875584784
7615,129,35.807803893419894,147.89055399655686
7616,129,23.129714380217873,148.91761216271263
7617,129,10.67295979236492,149.03454299231944
7618,129,0.0,194.62973709155622
7619,129,0.0,194.58114916521828
7620,129,0.0,194.70968125691502
7621,129,0.0,194.73741385101374
7622,129,0.0,195.08986058568289
7623,129,0.0,262.77045602460885
7624,129,30.800289378357796,152.4194267256419
7625,129,59.02685841423924,155.48106891607227
7626,129,71.64097829782717,154.93384995220438
7627,129,72.97874601418359,136.01972241482756
7628,129,67.01091089009213,152.73787591954198
7629,129,61.901499636774574,151.5329636557779
7630,129,55.87893566909556,150.5289390037409
7631,129,48.243656831468854,131.82055043195896
7632,129,41.73298564174658,130.6532455450395
7633,129,37.48909428878949,147.9001800705835
7634,129,31.882678898219755,129.50087590349392
7635,129,31.3335863342347,146.8280263943933
7636,129,30.54638467457704,129.00522238709357
7637,129,33.004785725268604,146.87014800567016
7638,129,34.91851588082745,129.57724112255528
7639,129,40.7858332579419,148.43589109293876
7640,129,37.942911588589176,149.07759299635453
7641,129,6.682234927803983,148.6369763835117
7642,129,0.0,194.5303427874837
7643,129,0.0,194.17770739600002
7644,129,0.0,194.40343277515686
7645,129,0.0,194.4227860771014
7646,129,0.0,194.89651145953567
7647,129,6.749744870789296,149.666225352416
7648,129,64.03038980485319,152.80086211285598
7649,129,62.92926042149169,156.29327072065584
7650,129,59.630622428728394,155.56575006216877
7651,129,69.6999743243413,154.49340978832203
7652,129,71.02167350365846,135.6081861953835
7653,129,63.10309143216243,151.69389394180797
7654,129,56.435316085232444,150.2087078804634
7655,129,42.84963929049912,148.22249621715815
7656,129,36.897614348712956,147.2286968318659
7657,129,32.59258261003586,146.58992630679057
7658,129,29.792366260497538,146.3317517113912
7659,129,29.206460491138014,146.2932497348945
7660,129,28.33631909672396,128.55651404036013
7661,129,32.4956098109347,146.65072255426944
7662,129,39.410851939195155,129.97303921305064
7663,129,79.42480606727761,136.85565775404683
7664,129,80.1376852757502,137.64284388186917
7665,129,47.93048519101768,152.14645569100804
7666,129,6.800444355905598,262.16519052507135
7667,129,0.0,194.55020115759353
7668,129,0.0,194.83705937752757
7669,129,0.0,149.4951717279816
7670,129,7.075947375982434,150.43065390904138
7671,129,50.81327955170669,153.2337587596793
7672,129,115.18383647396846,143.0551344235768
7673,129,138.51011829825697,143.66252920171868
7674,129,129.2790885698466,145.14702463685092
7675,129,130.5965030632248,145.80736983271302
7676,129,130.3675211339831,144.96227246540542
7677,129,74.09696030063714,136.1461705107171
7678,129,61.927049637570086,151.93853380624074
7679,129,49.639718845809895,132.2572170152776
7680,129,40.073066881283545,148.01860668378126
7681,129,34.342946534426325,146.9805884112272
7682,129,31.724859743500783,128.93648567799875
7683,129,29.1288612068653,128.66020665680094
7684,129,50.95260353625903,128.47428349009402
7685,129,30.357925752292125,128.50455147332406
7686,129,38.62554034746189,147.2821824876393
7687,129,79.38013401294124,153.2858503136772
7688,129,68.69709253178786,153.65392615606058
7689,129,55.79659946920498,151.26507829488614
7690,129,16.358010795795447,149.99461332631026
7691,129,0.0,244.6756982351191
7692,129,0.0,245.23083457651236
7693,129,0.0,245.4996696991289
7694,129,16.96515619254795,133.99597854234548
7695,129,63.16451267181009,136.40428455392973
7696,129,111.00390965225522,140.597031111509
7697,129,146.82097332641456,133.83328628472475
7698,129,120.28694180990243,138.4279113759186
7699,129,132.0308113412826,137.06602796624
7700,129,123.34232565884132,141.695888254324
7701,129,73.43439435844826,134.29591043029518
7702,129,59.94247067598195,132.36074213088716
7703,129,50.845958736662624,131.1216320824086
7704,129,42.30335577834908,147.58961378106295
7705,129,37.84091737600164,147.01851764180245
7706,129,34.85173502478272,128.75037560916817
7707,129,31.396800707502447,128.11893334308795
7708,129,31.30276907262048,128.0192553307367
7709,129,33.08513885321898,128.26973464683383
7710,129,38.54942105750253,146.9146832917157
7711,129,77.4081403780218,152.54861518746264
7712,129,63.335592128083384,153.3344619750846
7713,129,52.98804461318639,151.62387323369737
7714,129,14.01739270784433,149.42768432304715
7715,129,0.0,244.3380892774778
7716,129,0.0,244.97467473346876
7717,129,0.0,245.33872095077064
7718,129,17.940271033573023,133.1380373806762
7719,129,62.95574737480793,153.28989350685774
7720,129,108.5907528896684,141.2615828213817
7721,129,132.19953269078772,135.1907498446544
7722,129,126.08265628062915,137.89362371171956
7723,129,136.25039668821736,140.83803750443155
7724,129,129.86964888348737,143.80338741825352
7725,129,75.47436225367706,136.0013662271949
7726,129,66.27717221848087,134.76475910434482
7727,129,54.64197993502825,133.078294083178
7728,129,43.770616171991435,131.40421542443917
7729,129,37.20399067840188,130.2619030996348
7730,129,45.16457495307605,129.5639958363281
7731,129,55.89525805122575,129.38806508828839
7732,129,54.58946606553458,129.22904962826328
7733,129,34.395169184669136,129.48802282227012
7734,129,42.06210565205917,148.244875568589
7735,129,85.43679971475683,154.88337805678773
7736,129,65.28038319329214,154.8844490917374
7737,129,63.66849747148956,153.14621410057202
7738,129,26.33636257507596,150.76868807655063
7739,129,0.0,262.16013403901695
7740,129,0.0,244.80052481471128
7741,129,0.0,244.78850627953585
7742,129,17.725846803322515,151.22390842050714
7743,129,58.820775882938214,153.752701768099
7744,129,113.07300703526168,141.74401729088456
7745,129,147.0828136628843,133.23749824424317
7746,129,139.98995974935363,135.6546067060596
7747,129,128.1040403929375,141.10879167481644
7748,129,119.91447540682299,141.0488032110265
7749,129,74.3213828534918,134.38194417379003
7750,129,61.873403283691694,150.57907807119796
7751,129,51.851701663277574,131.67768173633218
7752,129,43.68581522843669,130.59056058026533
7753,129,39.04483245511658,129.85960748173488
7754,129,36.27779887944238,129.37473801534819
7755,129,35.14767002144255,129.08521889635924
7756,129,33.52893440067342,129.04688082490537
7757,129,34.13281807390052,128.94423002881163
7758,129,40.5435057605604,129.881182004636
7759,129,82.02475961533077,154.62862014347562
7760,129,80.79070789536983,155.40881601775575
7761,129,58.26502897428661,153.00220220326452
7762,129,26.616863980928432,150.6996432505382
7763,129,4.544598768911092,150.27969526021704
7764,129,0.0,262.0560653596904
7765,129,0.7032023449747432,262.0923923271047
7766,129,29.315270551460447,152.19286646152966
7767,129,67.62139802692904,154.79293611898504
7768,129,87.80639933421506,159.17968492638633
7769,129,117.33385050269943,145.24283103293072
7770,129,124.53764224304538,144.96853317592078
7771,129,125.14330438024938,160.41894304099046
7772,129,113.98860055436548,141.56355312995967
7773,129,68.55868184848057,134.73788970870112
7774,129,62.47005798293809,133.56084444511401
7775,129,53.431702866589845,132.18466273754174
7776,129,45.08285036920818,130.9115466389491
7777,129,39.36097800993385,130.17180342000455
7778,129,57.048530412588896,129.36710399775131
7779,129,55.01794932356115,129.3030965819189
7780,129,42.96221721122924,129.3566470839862
7781,129,33.693083430580174,147.10841469048307
7782,129,35.881713884366114,147.5950255072146
7783,129,37.5369304844711,148.97663390724367
7784,129,32.588715522211984,150.56180593049916
7785,129,9.572237711518355,150.10896221108186
7786,129,0.0,195.3925954387102
7787,129,0.0,195.3549388432004
7788,129,0.0,195.49063625166482
7789,129,0.0,195.43899914961125
7790,129,0.0,195.69130652568342
7791,129,20.058612624002,150.6100217373321
7792,129,51.70852363315094,153.28825552883023
7793,129,72.11715416142869,155.57101712980932
7794,129,84.61546093699546,155.1426681780736
7795,129,86.09178849971467,154.35713092963476
7796,129,79.5994594839313,153.08648389928229
7797,129,70.41281576267494,151.78797399047338
7798,129,63.567629684942396,133.33180298132265
7799,129,52.83710940499703,132.1473174781292
7800,129,46.463503477715214,148.71899111356885
7801,129,39.243183234364736,147.68603827647908
7802,129,35.08009236419602,147.09599075381504
7803,129,33.2689151552387,146.9196560296408
7804,129,32.920659637707736,129.17279862582663
7805,129,33.60784308405664,129.30779720963824
7806,129,36.126612765217594,129.7203545727959
7807,129,42.668969927351434,148.36425365700921
7808,129,48.02498859861837,149.91238628554842
7809,129,32.79729454641411,150.3420932809332
7810,129,0.0,265.3381901163628
7811,129,0.0,195.0974485971628
7812,129,0.0,195.21906659212223
7813,129,0.0,195.42525228022348
7814,129,0.0,262.82791184954215
7815,129,34.24662916530842,151.85102028470084
7816,129,78.50191677281803,154.8027877892831
7817,129,78.3972817807112,158.2511586958171
7818,129,101.66446520696874,158.42939945749558
7819,129,94.57256613470888,139.21833545474146
7820,129,86.21259358281714,137.8557367475735
7821,129,76.49413201918331,136.03500069384097
7822,129,63.62212177035194,151.517490247664
7823,129,52.48663831631579,149.40123656155268
7824,129,42.247620017785714,147.9575436709937
7825,129,36.31315717984034,146.99556375206114
7826,129,32.770676783643914,146.45765030450528
7827,129,32.02653123685964,128.74214446623327
7828,129,30.9860980800907,128.65302635529724
7829,129,33.2795061417088,146.51481365084285
7830,129,61.0106570189152,129.75982000912285
7831,129,80.55315791995903,136.14407301877716
7832,129,88.73216577466033,138.14032457435673
7833,129,69.3371995090682,136.72373429357935
7834,129,31.914927652023138,134.3662626602934
7835,129,2.6957559953139723,263.10683822766157
7836,129,0.0,263.0654230478453
7837,129,7.953575602303011,133.65709194679
7838,129,32.27008528579582,134.60152924464685
7839,129,72.96935638765409,137.37689808148016
7840,129,122.10531111175774,142.43348858518806
7841,129,161.84256993277876,125.49376065977481
7842,129,153.59998918965147,127.6715761611914
7843,129,137.59880266903562,135.0268805677669
7844,129,125.93451120314333,141.96936785131592
7845,129,70.69967342805394,134.92513861955788
7846,129,61.71628912473006,133.44445200996222
7847,129,49.615705447327684,131.2654224542628
7848,129,40.42316266807566,129.97276982656052
7849,129,35.53540957144773,129.26936063879742
7850,129,32.74600951223847,146.47885283404315
7851,129,31.45856420704982,128.52750423077794
7852,129,30.095633301693844,128.48476650982988
7853,129,32.20082874525869,146.5717166553076
7854,129,40.40779253176007,147.9149321377168
7855,129,80.15306758717162,136.56130170163195
7856,129,80.47295278285512,137.01904998836307
7857,129,62.23481634788428,135.1973732619312
7858,129,10.939837432119644,150.74088725159578
7859,129,0.0,262.82168699443685
7860,129,0.0,263.13970077242055
7861,129,0.0,263.49014254061336
7862,129,23.49135101019681,152.2394661987412
7863,129,65.57320787623556,154.94199090905298
7864,129,103.3965878548134,142.40248079602074
7865,129,123.46231729146088,142.54070942975378
7866,129,121.06375875923096,140.71775067953553
7867,129,134.33032343792746,138.65131241583518
7868,129,124.9111609176855,143.11538397322602
7869,129,78.74883836951813,153.740202304167
7870,129,69.29387345244798,152.37042650357122
7871,129,56.90559355533019,132.9037601240269
7872,129,45.73268252429473,131.31703458036426
7873,129,38.38956902271273,129.99884951229052
7874,129,35.044795051167924,129.50360535100452
7875,129,56.949490041406285,129.19829736299474
7876,129,43.66790938999747,129.0635786240931
7877,129,56.89181848442103,129.10879019458193
7878,129,40.76030759510072,130.11959969234792
7879,129,75.12727614126483,154.40666549102104
7880,129,71.60062520920137,156.1719438030558
7881,129,56.32674647088114,154.5448297636774
7882,129,40.4367451118208,152.33841985945097
7883,129,21.6499789647102,133.0228535080093
7884,129,28.030507561980492,133.32827631494172
7885,129,37.27228506067952,134.00522489205366
7886,129,44.676744570239435,135.61099109860803
7887,129,83.4437877603828,156.1598951236794
7888,129,100.27300083170277,161.65309985615676
7889,129,133.80168510055273,141.70373227161366
7890,129,141.6181589485407,141.3701826692979
7891,129,138.31909851599846,147.0663909487697
7892,129,123.35385752724267,163.3847693365815
7893,129,72.85477543522519,154.8409574483815
7894,129,64.74235348854775,135.42361779278846
7895,129,52.37109042208206,133.15082297938554
7896,129,66.65125222589049,131.46388573243547
7897,129,38.264503319659546,130.46119164159353
7898,129,57.41616842373795,129.93577873771088
7899,129,43.518636856466884,129.58486496121787
7900,129,31.814628377870463,129.2367435873938
7901,129,34.165812811248905,129.69527224374406
7902,129,42.03303509568372,148.78296865687074
7903,129,80.8269604650432,155.87265051227214
7904,129,60.17635436937557,156.16267504287515
7905,129,60.69987781723215,153.3509894899815
7906,129,26.67012345502116,149.85591090166454
7907,129,0.0,148.38287148039888
7908,129,0.0,148.62749852123625
7909,129,0.0,262.4293973006791
7910,129,19.849988337317484,150.23020901595476
7911,129,62.24955774924948,153.40066606715638
7912,129,88.88478477428734,158.90842237938358
7913,129,123.29672658324623,140.10044534802563
7914,129,133.88414976107123,139.0394885008703
7915,129,133.512606471414,138.9823028313621
7916,129,127.42776448277759,141.27677242910653
7917,129,77.08288135381076,134.94106454287996
7918,129,68.41745883585723,133.81810225563453
7919,129,57.34906750931599,131.9219429078347
7920,129,46.572679869466754,130.70460327092536
7921,129,41.79178466967778,130.20926876238434
7922,129,37.86741855169368,129.55865590172237
7923,129,34.88453366375242,129.33914303407064
7924,129,33.67367975214828,129.1063654348308
7925,129,34.32614743465792,129.34162498438693
7926,129,40.45906727642163,130.29318703596758
7927,129,80.29676300539907,154.62007162881204
7928,129,86.54429657542234,155.0880883332648
7929,129,68.27855147625132,153.784797898467
7930,129,41.71428834277996,152.08793701050826
7931,129,17.606525927865054,150.59897536252663
7932,129,9.34184094387687,150.53960979347124
7933,129,12.019020251934998,150.50981921647283
7934,129,37.23208340282523,151.70808898631606
7935,129,76.83224112209058,137.24373141471193
7936,129,114.13419222145377,141.66015904485886
7937,129,145.0258548448569,139.69785552970723
7938,129,138.65809191056724,145.44800654189842
7939,129,127.03263381213947,145.3645951992734
7940,129,115.8356864434535,143.56239613037192
7941,129,70.41102351187868,153.53615575037855
7942,129,65.22389692768562,134.6064577592372
7943,129,56.78398757480521,133.07292232500046
7944,129,47.99725752359806,131.7216361846882
7945,129,42.505027774078414,130.66058502184475
7946,129,39.82516870541828,130.1250092540595
7947,129,60.66493703997204,129.7054023604856
7948,129,37.2495573594942,129.6628285453191
7949,129,37.67288979231666,129.77064219815523
7950,129,42.24063696321469,148.2845219542864
7951,129,52.24322425395476,150.0875369227349
7952,129,59.361893325717574,151.46344482145923
7953,129,20.721017080786282,151.18908953301715
7954,129,0.0,265.54475230178537
7955,129,0.0,195.0324246351323
7956,129,0.0,195.0842441035633
7957,129,0.0,195.1594490661273
7958,129,0.0,195.41084157988735
7959,129,4.633582737115288,150.5594592272623
7960,129,70.03036573266108,154.06184845950006
7961,129,82.5602968873377,138.49736514373865
7962,129,77.56794017110582,137.06442757256914
7963,129,73.61728931116482,153.80834168426372
7964,129,70.90488792781872,135.30625896541778
7965,129,61.11238165637106,133.85079616344845
7966,129,55.76866286939582,150.6249060591728
7967,129,47.842664866645116,131.84048085144906
7968,129,42.31404867713389,148.1962301247328
7969,129,37.61993537120133,147.41112996439003
7970,129,34.37563054029999,146.8083393259559
7971,129,31.63464528264598,146.65126168734233
7972,129,31.016143188983424,146.5189807094445
7973,129,31.300869077799366,146.7797187975375
7974,129,33.106001491757894,146.84418032289415
7975,129,39.94064614557789,147.83871740265948
7976,129,51.17357225177716,149.8282110015197
7977,129,18.791511403394892,150.18723103086467
7978,129,1.7601739451139145,262.5011217729717
7979,129,0.0,195.4034317542568
7980,129,0.0,195.45674104077116
7981,129,0.0,195.92141574782062
7982,129,6.263684001812508,150.7220511158984
7983,129,53.33660490234755,151.78862718855711
7984,129,81.25698985663709,153.99975252231076
7985,129,91.18003387238585,156.81310371796866
7986,129,97.48754812070673,156.7504584553881
7987,129,88.29385343179541,137.73733584904437
7988,129,82.70493295468411,137.53128762348842
7989,129,76.60080759139058,136.6033177177269
7990,129,65.54853675462363,152.35688715567275
7991,129,51.03736639731438,150.13878579132825
7992,129,42.096425418508815,148.47236692477043
7993,129,36.361311924500036,129.41787449213422
7994,129,32.86138742557885,128.9130662054813
7995,129,32.218841434864615,128.77630557667294
7996,129,31.14480427070992,128.6081073436606
7997,129,33.487778799217196,146.60476074589238
7998,129,40.97468437446482,147.8443789208149
7999,129,81.25020763128823,136.6535804944376
8000,129,91.13260526485733,137.73259687234673
8001,129,92.61437903670891,137.9317971966268
8002,129,68.30291457045104,136.81550188779644
8003,129,43.35249593881327,136.55741918940336
8004,129,37.9313911650727,136.7825734069088
8005,129,43.2915581869322,136.9251733418785
8006,129,60.868229549753096,137.3593127725138
8007,129,95.74943001226582,139.21223180422598
8008,129,130.3647984143831,139.66979316336872
8009,129,169.70053411545845,121.05024723774224
8010,129,139.3455442362049,129.60088417858725
8011,129,129.99844288429034,131.7155660203264
8012,129,134.67544777631167,138.1525875537615
8013,129,75.73891620120288,135.43133649382654
8014,129,64.66501117957998,151.56333545721517
8015,129,52.748707015901125,149.6581247739145
8016,129,42.95468499968235,147.9933868982265
8017,129,37.762571836525154,147.28856266779388
8018,129,35.2136726376631,146.99908548435965
8019,129,33.245081105502564,128.94828937427857
8020,129,32.60910425005953,128.9629380832629
8021,129,33.31110708197661,129.24572310187554
8022,129,41.53714665839635,130.46145679380103
8023,129,81.62232587246477,154.9174697458305
8024,129,86.04231030403965,155.95110974339792
8025,129,67.22892611782859,153.4611916864159
8026,129,33.480575474403736,151.12548889864843
8027,129,2.109686397940661,261.8301185092476
8028,129,0.0,261.90786087701423
8029,129,0.0,262.2576531534318
8030,129,27.151936590679753,151.98695838531302
8031,129,70.83621861992242,154.88634006313777
8032,129,117.1354575574669,142.52342577348736
8033,129,151.74481208512321,137.54051196355044
8034,129,148.38002450338035,136.93174065188032
8035,129,134.25618192959897,140.75574697684107
8036,129,122.88042493347585,142.68209417603305
8037,129,77.01353945571915,135.71003086506033
8038,129,67.39007930067395,152.31573574952196
8039,129,55.095283015316774,150.36585234194388
8040,129,45.718009054015525,131.3574527185945
8041,129,39.378825276495164,130.21854419228288
8042,129,40.693689610088015,129.5988357153862
8043,129,57.707718542772014,129.63202639973923
8044,129,54.79560177784617,129.2294594009602
8045,129,35.03423013613884,129.68915103924323
8046,129,42.54527860538277,148.50281255800053
8047,129,84.02163381001867,137.15220322222348
8048,129,96.47163947063832,156.85360153693807
8049,129,81.23104711395173,137.37128659641792
8050,129,52.32440889600111,153.50586771439683
8051,129,22.980040482578637,151.46978373886512
8052,129,19.52266505040307,151.47728108429493
8053,129,27.877503378014364,152.19720654675322
8054,129,54.047550621401115,135.88042780904613
8055,129,90.62443127080522,138.86030282341733
8056,129,132.8651741294189,141.1446858153112
8057,129,146.39563114882492,127.87386263216435
8058,129,154.74414963904653,128.76919345566054
8059,129,144.81963404916942,131.24829550727384
8060,129,134.48655136202945,139.629641087638
8061,129,79.80969837461375,136.0625045801906
8062,129,69.26954179258935,134.22279933530905
8063,129,58.771849222587484,150.40051793825688
8064,129,48.62060095235658,131.01307834791587
8065,129,42.30023495255914,130.15131396300274
8066,129,40.532684344773834,147.51266541842412
8067,129,39.448142352196164,129.5909073766769
8068,129,59.14538364584361,129.1967013830083
8069,129,39.223553828159254,129.4181432195497
8070,129,47.03997268144154,130.17577819905577
8071,129,94.18008224437504,137.5353692956886
8072,129,100.07815302264424,157.00954967573233
8073,129,85.46498307712874,155.43691492999147
8074,129,52.8211975591228,152.71708297653242
8075,129,19.61223148542055,151.27835384474847
8076,129,12.870690849702989,151.66156967723043
8077,129,19.68343156454698,151.80759609461825
8078,129,44.33676591650294,153.2774560199516
8079,129,74.4450639244514,155.92986821037164
8080,129,106.46999255719457,161.91878813212983
8081,129,139.64775029620387,132.5821576017387
8082,129,161.52912179326918,127.3360461722075
8083,129,151.64624060880703,130.19319857520512
8084,129,145.64127786481356,130.35455727912574
8085,129,86.93571980905554,136.49674479977443
8086,129,78.08535401802737,135.00804392501064
8087,129,63.203618716100266,132.62221267903948
8088,129,53.775258629384155,131.28503610794664
8089,129,46.3527221180003,130.35512715170478
8090,129,42.46216419649857,129.60732010896828
8091,129,39.43787185829278,129.45078567756468
8092,129,61.35308716108293,129.45057085336552
8093,129,51.04697967980844,129.49204492295928
8094,129,71.19027920293816,130.66650133303136
8095,129,94.81928233919734,155.1370029187581
8096,129,100.32137260719348,156.19118814333402
8097,129,93.60905043475503,137.807096164711
8098,129,70.15118497379328,135.54338783771658
8099,129,44.632032683962805,151.9816521841829
8100,129,38.17905105427573,133.89164247687813
8101,129,38.776330342852745,133.86451216831014
8102,129,58.32523497194776,135.02552263363452
8103,129,97.18836324423911,137.9675285917401
8104,129,108.86744689929164,156.63458151060345
8105,129,136.77106077250863,123.46610389730535
8106,129,149.92561356934996,129.32491709740307
8107,129,138.60170867532582,133.01876796031254
8108,129,132.03462536890837,134.8692462471912
8109,129,81.09060913408102,134.49979617118396
8110,129,69.8652036778929,133.01628334996465
8111,129,61.233947983842675,131.79328394031393
8112,129,75.46515225744716,130.8076012498694
8113,129,45.566377643769066,130.0022635025389
8114,129,43.34759556466305,129.41409087172445
8115,129,38.91377010858751,129.21738437917006
8116,129,62.53107041552317,129.33888284657758
8117,129,40.837333845960636,147.26626695251866
8118,129,41.87803350099888,147.34490386598347
8119,129,52.271719300741665,149.00023840324698
8120,129,37.979647539412596,150.79685628718826
8121,129,35.301999878071854,151.42503062790618
8122,129,14.479631597602964,150.29672477164408
8123,129,0.0,149.32461044024248
8124,129,0.0,195.53950246152803
8125,129,0.0,195.78654619411628
8126,129,1.871713227714559,150.7324317310841
8127,129,46.033659755737446,152.08652367737062
8128,129,64.00408467137453,154.15408813723957
8129,129,84.43371397034994,157.09089366037708
8130,129,101.11342613300326,156.97620714399346
8131,129,89.41395098426236,137.60700271211755
8132,129,80.74533503325958,136.0414691456035
8133,129,76.69628752781693,135.39296065321298
8134,129,67.33621590420606,151.45836228061805
8135,129,58.60929643200148,150.12628081168216
8136,129,51.33392888523786,148.67958710682458
8137,129,45.56591377499473,147.61919124336836
8138,129,40.978294304692284,147.21743120922542
8139,129,38.7684092739744,129.31755794653762
8140,129,38.33991841372015,129.4086845620615
8141,129,38.78542056672264,129.9101155261451
8142,129,41.14282455669001,130.077423473089
8143,129,47.79542058747052,131.2223413388592
8144,129,57.14344160023156,151.2668583121442
8145,129,52.711718070057096,151.83396454980863
8146,129,29.73927879394804,151.17325454513104
8147,129,0.0,262.4643551001337
8148,129,0.0,195.81795201857915
8149,129,0.0,262.8546832235988
8150,129,21.75175097067078,152.47773532002532
8151,129,62.863982944358575,153.8517971726536
8152,129,80.13782754849741,155.64127545514492
8153,129,94.60970254427767,140.80966180276098
8154,129,91.31017786939448,140.13487262368602
8155,129,83.31529199097315,138.26916073660252
8156,129,80.09911192936663,137.04181267141473
8157,129,77.17084435240098,135.96655353387712
8158,129,64.67581851856826,151.49728370151917
8159,129,52.21007637699954,149.26153249992126
8160,129,43.12864578321411,147.92245282241112
8161,129,37.01985947102749,129.26100802902494
8162,129,33.844721836342295,128.89914908724208
8163,129,32.514416340992256,128.67611232399554
8164,129,33.10197467678338,146.73107009900792
8165,129,35.524509893672835,129.5252054006554
8166,129,45.14869088918378,130.72738194228498
8167,129,91.17920626576726,137.7443938980592
8168,129,101.00285160312625,139.48573319273035
8169,129,90.73270283923691,138.4975229495228
8170,129,65.35180948194382,136.9553193144722
8171,129,39.65932382291333,153.71797267970285
8172,129,32.07312872611287,152.98740122110476
8173,129,36.02858242905456,152.5191115701939
8174,129,50.1383976486017,152.84712005950757
8175,129,85.85577510685198,136.72063033484278
8176,129,105.79927695857901,140.7655596346415
8177,129,139.2747714832091,122.25229413672143
8178,129,159.87414117938442,122.62812567824798
8179,129,146.4067801958567,130.66747119452012
8180,129,134.01683622412148,133.91200163443506
8181,129,82.09628018514239,152.94738205494602
8182,129,70.93755462377527,151.31463353516656
8183,129,58.09396396419153,131.92579988448142
8184,129,47.98183981857082,130.5955446514046
8185,129,62.58145084948939,129.42298895642062
8186,129,47.63509282473653,129.16787111155134
8187,129,57.27023759653087,129.0962899268051
8188,129,34.81962087623877,129.13668805026145
8189,129,36.35597133170442,129.52714291054218
8190,129,45.47315216194508,148.72808186633807
8191,129,89.63135156328765,155.71878580706027
8192,129,96.14736734550294,157.2039617506072
8193,129,79.6143176120526,154.66568450884438
8194,129,46.93251469366337,151.77196951398818
8195,129,14.733882050133507,149.89978341839006
8196,129,4.479953959473988,263.36309488249765
8197,129,11.173199568455825,150.19207196299007
8198,129,38.905819654936835,133.66921728902798
8199,129,79.92599323642929,136.67478962904394
8200,129,113.96308308548221,140.84653757485353
8201,129,137.75522575823152,131.22339888120382
8202,129,141.77958965522242,135.6172514238157
8203,129,130.21764798659146,139.7079781268922
8204,129,120.17209379857997,141.39223691343494
8205,129,71.20038626066096,134.49128151614914
8206,129,64.77759196834243,133.2812397588039
8207,129,53.96122645256949,131.74587830265042
8208,129,47.257951495838554,130.83824791257982
8209,129,42.05962641192447,130.08548096953183
8210,129,38.65887238579613,129.53332862740146
8211,129,36.90953702715442,129.23557172017158
8212,129,34.94926276237867,129.05219774204667
8213,129,38.15323804983987,129.31842986924792
8214,129,47.15915122560722,148.540503154887
8215,129,93.34424247577707,155.85417753555018
8216,129,83.45559764691852,158.08216232826405
8217,129,69.67122206141711,156.05744479389173
8218,129,60.62062145732239,153.61653693377127
8219,129,29.519998475904295,151.56890529726462
8220,129,23.944710205894033,151.85306224386233
8221,129,29.6984671525916,151.84281154590423
8222,129,52.82922831402559,153.03919425887236
8223,129,87.27273000805596,155.33406732811412
8224,129,125.03872510787251,143.29435392809717
8225,129,160.5091933202021,131.60774740265524
8226,129,152.46726408464673,137.9649164776471
8227,129,140.09267888017524,144.42901073017197
8228,129,130.59368206765302,145.07403347489188
8229,129,78.02928999642825,137.01719462205912
8230,129,70.62335568900542,153.28918370089877
8231,129,54.1477483776216,133.6915059895386
8232,129,45.17573912753838,131.7831472160022
8233,129,49.33123422081384,130.7160706406736
8234,129,58.85815318667498,130.17739489660238
8235,129,58.96378287607511,129.9279094608838
8236,129,36.26883734243957,129.86109985311802
8237,129,37.97306426587859,147.84061397664846
8238,129,44.36127265203984,148.7446697032155
8239,129,87.63771797102551,155.8115979328778
8240,129,95.57928058066132,156.82726647858087
8241,129,88.50185896411129,156.97369337523
8242,129,61.09034895898283,154.02818407865854
8243,129,28.746093485094228,152.06993340905495
8244,129,19.4985635734307,134.37743901578742
8245,129,23.05411800412716,134.40829318174156
8246,129,45.483218274930074,135.8261552662052
8247,129,79.92515299091939,138.68095800415287
8248,129,113.4606027665722,144.02285419634836
8249,129,143.6865655811904,147.37768408160818
8250,129,145.1065450077492,145.0079264733763
8251,129,138.31633390462346,146.46790688867384
8252,129,127.43892925302947,145.9168714847316
8253,129,79.87406076104173,137.61666114734706
8254,129,67.82038642660744,135.65423023307918
8255,129,55.88802367270336,133.21020828279086
8256,129,45.8839419382566,131.8437161197482
8257,129,39.04405656035637,130.38179342301342
8258,129,34.239215146953626,129.36990726010956
8259,129,33.68511626875931,129.00641437814258
8260,129,34.49524060176106,129.07246903006458
8261,129,34.664435309846006,146.63415738868136
8262,129,42.24070724856148,147.7586509152378
8263,129,86.02538663745743,136.45999435581862
8264,129,97.04106632799001,156.13614299062303
8265,129,95.91773393239103,155.97870006498565
8266,129,74.52936570711195,136.6988623504689
8267,129,52.48103492572057,136.16757447584826
8268,129,45.505642740923044,136.21510696479334
8269,129,44.208288734581885,136.17462636309978
8270,129,62.15521848537228,137.39564312752648
8271,129,98.01474650490034,140.94680713785414
8272,129,124.12872440711517,145.47942753234983
8273,129,153.49546682002918,141.87134887585157
8274,129,148.64374501544995,144.2081369436987
8275,129,131.8331654728803,146.51950843190383
8276,129,123.71344211928708,144.59696166958048
8277,129,75.33190658561362,136.16631018326055
8278,129,68.5256932731861,134.52998757687666
8279,129,58.92929287293311,133.0304468597416
8280,129,51.160244316629,131.7186012315476
8281,129,45.00862972455211,130.5847322726962
8282,129,40.732894404452566,147.58904576099894
8283,129,37.51102681237255,147.1572110403391
8284,129,35.52817349669643,129.2742806475025
8285,129,35.99477395583649,129.47327393064302
8286,129,39.388327713028765,130.08300376551378
8287,129,49.11136278015303,149.5395113211679
8288,129,38.80876599495347,151.75034076691261
8289,129,38.966809826845484,152.3799380885977
8290,129,25.69302006521103,151.33079159445606
8291,129,0.0,263.44526645250755
8292,129,0.0,196.80471587630672
8293,129,0.0,263.6666335833584
8294,129,9.696548917269704,152.9484652345152
8295,129,61.018095108697054,154.13967744930562
8296,129,65.82162324679568,155.54174306886762
8297,129,80.44139914488825,157.98620390374361
8298,129,93.6309101762112,157.299786278744
8299,129,92.95392287094236,138.72866250509355
8300,129,83.52237434050808,137.43366032780224
8301,129,77.71061911892535,136.23444864537595
8302,129,70.85452131445523,135.17908705097972
8303,129,62.15412872019566,133.35783492150816
8304,129,51.12287409531892,131.89714375765942
8305,129,44.78464118424828,148.77330185836084
8306,129,38.60416256605684,147.66649708158496
8307,129,38.299813648112355,147.5885830612116
8308,129,34.49058398615521,147.05206364784397
8309,129,36.24331210413398,147.54326066682867
8310,129,39.582961705331655,130.0873589043175
8311,129,44.97657225169015,131.01129474229356
8312,129,57.17724840486199,150.7126830345073
8313,129,54.22086928145079,151.72122569977705
8314,129,36.498280047758946,150.9631536917593
8315,129,7.389355536101557,150.27848418309614
8316,129,0.0,263.025674585546
8317,129,0.0,263.21222076072223
8318,129,22.850504006765185,150.80722806873612
8319,129,57.05456035965346,151.2700136264497
8320,129,76.8551062288139,153.31896070206923
8321,129,81.42135714338909,156.76602818165298
8322,129,96.23168403604268,156.0050663846672
8323,129,90.69387856657544,137.10581134261906
8324,129,84.55140313973283,135.99631111197456
8325,129,76.09342066464117,134.9990629141673
8326,129,66.63299423037327,151.64939179462678
8327,129,52.00623370184132,131.91800914044083
8328,129,43.494359709169665,148.19953889013576
8329,129,38.71523414537402,147.35214285607367
8330,129,36.12447735541414,146.92233234444873
8331,129,34.88842435591873,146.87371472778165
8332,129,34.74520497664287,146.7885075913856
8333,129,34.778803609450726,146.74250475705037
8334,129,42.31430322901234,130.09571712298202
8335,129,83.80643942651166,136.82300482819065
8336,129,94.91309170002096,137.93252811610057
8337,129,87.9544819568793,138.10982844991491
8338,129,64.89918455951616,136.01925106567475
8339,129,39.44270607387362,152.61092609923722
8340,129,30.267030280729376,151.93198212984663
8341,129,31.315022959649664,151.8782166887276
8342,129,48.37329608893075,135.38564567763066
8343,129,85.1941863220073,137.79193254234298
8344,129,128.97724915730365,139.40791378973088
8345,129,166.1820201221677,124.22869719344231
8346,129,161.26595900589916,123.85636047088103
8347,129,157.4974558358405,127.57294289801402
8348,129,143.11415626133254,135.39784952718514
8349,129,83.7640704669519,136.8978949765557
8350,129,72.49576648537368,135.00206002990907
8351,129,58.299550314892684,132.80092370423665
8352,129,48.49053173183679,131.3397363770971
8353,129,41.57119589323775,130.50727247702176
8354,129,38.84953873007431,130.19075515744487
8355,129,58.516594084461595,129.56904961124278
8356,129,57.637623379279816,129.38169193315804
8357,129,38.08012080784365,129.92358731887927
8358,129,47.19604223748766,149.1135040684572
8359,129,94.03559324884338,138.68494496807529
8360,129,104.14777314529941,158.06358115880715
8361,129,91.66321862320163,156.67210314983382
8362,129,61.16070143319056,153.93679610916365
8363,129,32.66138727227165,134.65730808222918
8364,129,24.607186443130306,135.15425357740676
8365,129,29.687878799784038,135.40849003634125
8366,129,53.80610761600382,136.86022968758422
8367,129,94.19608522222275,139.02903281817106
8368,129,126.15866877616611,143.30425396420782
8369,129,152.93154878296772,136.07022359739253
8370,129,145.0019060328078,138.83474707560433
8371,129,142.91898331575058,138.19838551651748
8372,129,138.01071143739827,141.08321696590045
8373,129,80.1331158118917,136.63656461381822
8374,129,69.75132426651626,134.5630850289874
8375,129,59.534539433620274,133.1181960295214
8376,129,47.26362820050683,130.94204446398393
8377,129,41.221635355571365,147.76530592910652
8378,129,38.78617361651223,147.2054866166058
8379,129,37.68494646923371,146.91155056451632
8380,129,36.071364247790044,146.8105969060887
8381,129,37.96901163716634,147.04058609230796
8382,129,46.39549616565451,148.2835425924945
8383,129,93.06215857009512,137.95324606054317
8384,129,102.87051573950751,139.74065491920024
8385,129,96.30535160191324,139.1999960294759
8386,129,66.2222380109694,136.89864320291528
8387,129,39.372838398291435,135.42011401082743
8388,129,32.50362944901118,135.4147278113959
8389,129,35.616349420887914,135.42656353882444
8390,129,53.83563332355684,153.738409043504
8391,129,86.7859744288166,156.55961716240165
8392,129,94.45640764658187,142.80636788594987
8393,129,129.99912426287042,143.09249493842862
8394,129,132.73781304927897,148.82385814168083
8395,129,128.01644761585865,146.31630403828288
8396,129,118.41956030958525,144.42101256637685
8397,129,74.81429466884276,154.16206408159286
8398,129,63.012127443520974,151.810037485811
8399,129,55.40442071957399,132.71838318085577
8400,129,45.73612983869874,131.01169712170852
8401,129,39.67646173538935,129.71180211450417
8402,129,35.41640746613135,129.09729777621337
8403,129,55.0849425220013,128.53244787138783
8404,129,32.887507651925624,128.28393767703528
8405,129,34.83071062285454,128.6904310724046
8406,129,42.61192963140987,129.82133850466892
8407,129,85.82828592739055,153.25692113835248
8408,129,67.19838394049607,153.7554758905631
8409,129,86.82661124954431,154.4832071140943
8410,129,65.02962922171457,152.34739177556625
8411,129,33.9802795684267,151.00596794141916
8412,129,22.511143150626793,151.10977070417854
8413,129,23.903242721573026,150.91389679018252
8414,129,43.92908622615007,152.1000815216848
8415,129,79.43836486645507,154.7615734369396
8416,129,120.91420512081314,141.9071780258128
8417,129,148.4934123742358,130.13619868013606
8418,129,141.76191460513763,134.51069954940587
8419,129,130.6663395390313,140.0805263377815
8420,129,119.81782559924567,142.63357960807596
8421,129,75.10890867907004,153.212424023601
8422,129,65.99595835146275,151.9626685029777
8423,129,55.28951704659179,150.0281376263314
8424,129,48.23800863911571,148.80524614658975
8425,129,41.98321778503837,130.20398000218253
8426,129,38.06463452183666,129.75538568321872
8427,129,59.362646987129914,129.60371270173994
8428,129,58.78575076785494,129.6276327546489
8429,129,47.129486056813995,129.9080567815789
8430,129,44.53802219319577,131.18956195618816
8431,129,84.81425529769895,155.42805325667703
8432,129,97.79780001515553,140.480045371374
8433,129,90.63644937283257,141.41453515902487
8434,129,76.90330065904887,157.01664808128447
8435,129,33.57416511999996,155.7077258480713
8436,129,49.58740873767333,138.39563947115528
8437,129,52.858823112246455,156.74803382385946
8438,129,71.27051724222986,139.90553370390475
8439,129,77.75211389464488,159.63430149912432
8440,129,115.80442851657521,145.0525524519058
8441,129,151.27635868176668,145.20726640833283
8442,129,146.58821031266265,142.64843777028585
8443,129,134.30598096678077,146.72234274114243
8444,129,123.81066671320254,144.91794432689258
8445,129,73.87686363624516,136.4833865409027
8446,129,67.25667217760876,152.53200950521253
8447,129,57.941321877168164,133.26011698002074
8448,129,47.3449885866023,131.70167930099808
8449,129,40.59410697093684,130.41063222585802
8450,129,47.658635357590406,129.81541297452952
8451,129,56.72720870178223,129.54916056367304
8452,129,55.93887235516884,129.42764563408397
8453,129,32.37816799111271,129.2266863058063
8454,129,36.59315484917466,147.55034124508686
8455,129,43.714973597144024,148.7493759543418
8456,129,35.55382419191886,151.1645661587177
8457,129,60.869646132620346,151.71893053767778
8458,129,15.804608182309947,151.57509162286254
8459,129,0.0,263.25747821981315
8460,129,0.0,196.53078198269904
8461,129,0.0,284.5352062468373
8462,129,5.144903780341133,151.9657968250376
8463,129,49.00901270964125,152.74435291420883
8464,129,77.78224883407893,136.9135399235052
8465,129,99.70763947196242,140.35863850196964
8466,129,93.59262185981903,139.51737297209732
8467,129,85.99794745185821,137.34500450645248
8468,129,82.19737545976308,153.7812869835434
8469,129,77.31149004795789,153.3709889971403
8470,129,66.89349400496899,151.544504512016
8471,129,58.765209696268585,150.21167826842338
8472,129,53.78349282801818,131.5023315557856
8473,129,46.44469174354886,130.15902376202274
8474,129,42.010940701368476,129.75809948808978
8475,129,38.3000182456857,147.2985590807846
8476,129,38.229599110033014,147.14553018037813
8477,129,39.66164913756222,129.67101543503915
8478,129,43.6504813005196,148.01371598842962
8479,129,49.56516596963759,148.9371260343059
8480,129,62.68339320172569,150.76117930163488
8481,129,61.86923668223257,151.5651850085517
8482,129,53.03997142044162,151.1474707808731
8483,129,25.977621958311897,151.08110719512018
8484,129,0.318904547037544,263.8409913257425
8485,129,3.165107218464531,151.01862536803492
8486,129,36.381690630555184,151.79955710865545
8487,129,69.75721405243587,152.51046919002468
8488,129,68.0022266394295,154.10189988807974
8489,129,85.30048028256459,156.95216988620805
8490,129,97.37340991160903,156.855634632105
8491,129,98.0748518419109,138.25380717116252
8492,129,90.05435997389135,136.8793247376498
8493,129,80.59537665852471,135.28972815241426
8494,129,72.48743197043484,134.3134866150765
8495,129,58.168896313373224,150.10198184280327
8496,129,48.224659870648445,148.5624100718201
8497,129,40.01886866226638,147.18194802082164
8498,129,37.08895911151213,146.7511214947578
8499,129,36.06547085024761,146.6403951986878
8500,129,34.62999013637536,146.4074705254237
8501,129,36.27703073492264,146.4779335481624
8502,129,43.60284159367466,129.92689278988203
8503,129,86.28115690854005,136.22139498205493
8504,129,97.91097504325954,138.3483834089967
8505,129,95.09165944344062,155.59318214880093
8506,129,72.02560342281564,154.15152430322695
8507,129,44.87420702552661,153.3925651633365
8508,129,30.846772224678283,152.78921791078508
8509,129,29.628638056809333,134.93404311818674
8510,129,45.62208629913251,153.37421028001432
8511,129,77.25618904410533,137.7094570868197
8512,129,108.47855729423517,142.3560852571891
8513,129,143.02488809291773,142.45253239718764
8514,129,136.79296001074343,143.01998376337383
8515,129,127.00727624309222,143.9394573985103
8516,129,115.93357963075651,142.88578229897294
8517,129,69.54960631962717,135.40713044477343
8518,129,59.168155653177124,133.74307934148192
8519,129,48.88096828943578,131.83807886039602
8520,129,43.058174916070136,130.85325693218894
8521,129,37.45424431418236,147.65295827238634
8522,129,34.675596483596394,146.90913802168575
8523,129,31.279985989113523,128.6792262350965
8524,129,32.220578912902006,128.83173778330894
8525,129,34.537846260076144,129.15593199881553
8526,129,41.23846151565925,147.99362126057537
8527,129,83.11942046466449,154.16557182221186
8528,129,93.06299104703145,155.52496516832144
8529,129,93.62884102587351,138.18889381484968
8530,129,75.82016155238577,137.57596599520608
8531,129,46.88022016744414,136.79446230373762
8532,129,36.965914677314025,136.96426841394847
8533,129,37.7754990535592,137.05540318848853
8534,129,59.23843081053752,138.57973778266796
8535,129,93.15436482742409,139.8807190560013
8536,129,130.81094090519153,144.2736010514345
8537,129,159.75104358632564,134.04244550165868
8538,129,153.03480178432093,137.5191747844196
8539,129,141.0835672155764,141.65217452102698
8540,129,129.0986885873068,145.4216949847159
8541,129,76.79139090414711,135.73624538588612
8542,129,68.88313466470707,152.01839889522674
8543,129,57.98783449483376,150.25271358411862
8544,129,45.7745862271851,148.6258929660649
8545,129,39.19203389138908,147.66961362906446
8546,129,36.587775011531086,129.6265660072335
8547,129,34.98186269184899,129.1146679981578
8548,129,34.08851136512509,129.25853605683244
8549,129,34.993972337743294,129.35564180163294
8550,129,41.60477330032231,130.30898769815144
8551,129,81.46069158766655,154.09552763915616
8552,129,93.84302911685644,155.94758379829554
8553,129,99.46224870774994,157.52801839447505
8554,129,76.17498328171183,156.04848992517478
8555,129,51.58125006209428,136.71778695115043
8556,129,46.054904889643865,137.25104745038007
8557,129,48.42053417192585,137.22077731936184
8558,129,63.84420681302858,137.68128538347628
8559,129,96.56013032683033,140.30555524866887
8560,129,129.87433701812293,142.81342811951518
8561,129,160.25927071928547,130.77269143081355
8562,129,152.71230402256518,132.43773052549312
8563,129,142.28113070724078,135.92863700968476
8564,129,124.64277615869537,143.52575379805143
8565,129,74.13599252067392,135.72210497516136
8566,129,68.36910668463676,152.24624718413227
8567,129,56.28226792774091,150.38295860399288
8568,129,46.247666113179186,131.36950236399022
8569,129,39.014471676629086,130.11210998730854
8570,129,34.42317058937822,129.29876828772115
8571,129,33.62329998578306,129.03836595720463
8572,129,33.57632553112973,146.62296983952962
8573,129,33.795200277811304,129.10492398497075
8574,129,41.482798306210334,130.20267816550668
8575,129,83.4907639009505,154.3439924238368
8576,129,94.32640841964628,155.84036465123512
8577,129,95.1479480661421,156.35557463433318
8578,129,78.96277595844501,155.45458585318727
8579,129,48.65470809180239,136.06953074664787
8580,129,34.665232828999855,135.1241410177378
8581,129,38.496410751963865,135.5446435143934
8582,129,60.43572508191406,137.25023968022555
8583,129,93.25876323663272,139.43398147211332
8584,129,130.68585819902222,138.9423874620137
8585,129,159.7333352600234,123.98877371226243
8586,129,151.1910875444055,128.83840430493422
8587,129,136.39483225382975,137.78762424756897
8588,129,117.96972161745578,140.91917282693706
8589,129,72.50807288120464,134.0211560825197
8590,129,65.19725337946785,150.0128489449689
8591,129,54.55797935595063,148.42074853826546
8592,129,46.98849109825807,147.89264019397606
8593,129,41.851520641196664,129.42376826371176
8594,129,39.30363911985421,146.89655399961845
8595,129,38.445969651852955,146.7552427302701
8596,129,38.18905078908476,146.77208104926984
8597,129,39.57194011844264,129.54004323879957
8598,129,42.996537747008254,130.01733414321544
8599,129,48.39474625173675,148.64995939778896
8600,129,59.31111416027882,150.44887148677162
8601,129,64.21451015021941,151.96736847397577
8602,129,52.496670108207255,134.1978082944216
8603,129,48.55251317945046,133.98521552488083
8604,129,7.533407568860243,133.95217194529823
8605,129,24.179795126694348,133.98192916658573
8606,129,29.064974236266824,152.02344212099706
8607,129,66.6567828018832,153.04661160537364
8608,129,86.47854475235498,155.72999748949732
8609,129,100.14499617062144,140.09542431472607
8610,129,93.22224644976599,138.97799329907716
8611,129,88.07001296312907,138.24337998018294
8612,129,79.2994667336146,136.96720135613828
8613,129,68.43180778595378,152.89930538930398
8614,129,58.07032611667292,151.22292643903813
8615,129,49.351554828688634,149.79695349646897
8616,129,43.54221669970668,148.82570448359743
8617,129,38.45616654257613,148.21788908580362
8618,129,33.971678380214335,147.599048440307
8619,129,33.73984741988467,147.16091731861974
8620,129,32.56560376358439,146.94469739698238
8621,129,34.224879993891356,147.02298163535647
8622,129,37.687956698706614,147.47510825122902
8623,129,44.013452289547175,148.37981076124075
8624,129,49.14737687447477,149.58253500055906
8625,129,60.6749532016313,150.9887780583327
8626,129,49.495191015193065,151.09396887826767
8627,129,23.533291332745385,133.5484355598009
8628,129,0.0,246.22182996166651
8629,129,0.0,246.02521697390299
8630,129,29.91018227848613,133.73861430383388
8631,129,69.96942239521641,152.14714413499368
8632,129,89.93507828488254,153.82054610795177
8633,129,86.54358617873173,156.92182592880474
8634,129,97.22366727259295,156.92210827837405
8635,129,99.99617021387436,156.2358851494287
8636,129,91.23707275951146,154.82857653337874
8637,129,81.12591632924041,152.65697952131558
8638,129,70.36094391043332,151.25058356311789
8639,129,59.19230604721113,149.63762691493002
8640,129,48.7447354243685,148.4014970078305
8641,129,41.849725429466005,147.20747011061292
8642,129,37.095802994162085,128.99007429647804
8643,129,35.823287364160684,128.9478068173308
8644,129,33.3487311515069,146.4419825934657
8645,129,34.20243945901354,128.80799754571768
8646,129,35.91813779926538,146.86323898596754
8647,129,42.437106201194645,147.9257774180443
8648,129,55.93952017535165,149.67585399048988
8649,129,66.5700289448598,151.82390523728958
8650,129,50.49462530763354,134.44532114838572
8651,129,27.285370202240554,134.95454992199922
8652,129,0.0,246.96122029194177
8653,129,0.0,264.5258946874905
8654,129,26.57814069580399,152.34797066362165
8655,129,63.92249833692453,134.76248965802225
8656,129,83.65599023914275,154.18550612507283
8657,129,95.73793277983025,138.12497440460982
8658,129,94.05071258924758,155.7779490226173
8659,129,88.40883183901799,155.37304872090468
8660,129,78.47742587561471,153.96258808661696
8661,129,70.44766649848454,134.79101326533848
8662,129,62.87056687663842,151.3527217491638
8663,129,55.6890754949984,150.39932768941532
8664,129,46.518570511735575,131.44890123635128
8665,129,40.879985172644396,148.19894593969858
8666,129,36.112566734526254,147.2480919783523
8667,129,35.29717836926447,129.2867108785359
8668,129,34.42989499318738,147.0984615835112
8669,129,37.47879736584592,147.5900404912074
8670,129,41.26377706634517,148.28311549116395
8671,129,78.44376420202708,136.12970814659263
8672,129,94.57492145796844,138.45858673653072
8673,129,99.30169777135198,139.15193204331015
8674,129,72.90324398150486,137.1741079177703
8675,129,48.238107388853784,136.39363337030298
8676,129,42.287537473041866,136.54716175355887
8677,129,49.00922528591422,137.02263666033085
8678,129,67.03050318758527,138.31803094737478
8679,129,105.31328483302308,140.52113223123837
8680,129,140.8046636242863,135.6041747455088
8681,129,159.50469344919838,125.40390011876778
8682,129,122.93180162710833,139.33785125009726
8683,129,133.8471827410441,142.88109649523474
8684,129,130.65718033794127,143.65030567838576
8685,129,80.37391433669971,136.32860161288642
8686,129,69.31960741698462,134.40616582491742
8687,129,57.38636204999278,150.53613787263322
8688,129,49.70623162361124,149.25109832307618
8689,129,42.332483218098545,147.94579739066964
8690,129,39.53205347920577,129.72794202583486
8691,129,37.328163799450046,129.3576927247358
8692,129,36.569856045467596,129.1202883974632
8693,129,38.98133180574873,147.15997390083388
8694,129,45.23982117740484,148.09483061346486
8695,129,81.91884184362668,153.69031874264954
8696,129,100.79573546723712,156.4744291824765
8697,129,101.96275942734712,157.77534293564264
8698,129,81.47341677823168,138.25864954017555
8699,129,51.735609141233915,136.88039760233804
8700,129,48.74784932101703,138.00293839030283
8701,129,49.361591426737945,138.04970018606838
8702,129,76.62790865913311,140.24995186919847
8703,129,115.7070757959914,143.00794065279698
8704,129,156.30060606771866,129.66840304757423
8705,129,182.15557589120363,120.20413928505444
8706,129,167.41026413454856,126.54094703276775
8707,129,147.66693496892285,138.29367119918132
8708,129,133.30778472773468,142.43378468452417
8709,129,74.84385351729455,135.99226384083946
8710,129,70.19714542471276,152.91008684751344
8711,129,57.67880327604657,151.0527048006054
8712,129,46.97190488355787,131.41623988188084
8713,129,38.78933095973483,130.15708762790706
8714,129,35.59292453572928,129.76866693739674
8715,129,35.24708981569952,129.63844939878027
8716,129,34.114160562525214,129.536586792043
8717,129,35.60952194557099,129.58342997006608
8718,129,39.746203209186675,147.90509806971133
8719,129,71.00413378793252,152.62017382281513
8720,129,86.72542612102507,154.5694786930293
8721,129,99.1594900242824,156.51529203231777
8722,129,83.4861017160077,138.74416986591922
8723,129,61.95939173627425,137.64699536534167
8724,129,57.03197363911142,138.28599951485032
8725,129,50.143242132356534,137.25203176171064
8726,129,65.65824828393568,137.48148089818042
8727,129,93.08443040167569,138.8612356757396
8728,129,124.89171268002659,142.6219751436865
8729,129,155.81098445244527,132.55987629853468
8730,129,152.41912477533228,134.42572801969683
8731,129,136.99913378395405,140.71357050724887
8732,129,123.12481494404578,143.4400633799006
8733,129,74.31731070699854,135.5766520383129
8734,129,68.21181375836768,151.7028373105346
8735,129,55.24999800718508,132.25724925225677
8736,129,43.476407398376324,148.03647782828395
8737,129,35.45908668034997,147.0578559181599
8738,129,33.02077463127887,146.6817493001322
8739,129,31.303902745189266,128.6527671356251
8740,129,30.12000333842612,146.29494594970345
8741,129,31.01654795633014,146.47184297654024
8742,129,35.36087308031536,147.03682885708264
8743,129,67.48247664390192,151.9774595654243
8744,129,81.06080117314708,153.68199637416615
8745,129,85.28364614326905,154.8517246718131
8746,129,66.27206271855535,153.54220660637867
8747,129,30.450095328868592,151.69315927265004
8748,129,21.189912195742895,151.8488895586158
8749,129,25.494131571241066,151.8254032473265
8750,129,47.761585697352444,152.92444669230707
8751,129,81.60628354880666,155.49532393753873
8752,129,120.64291594786874,142.8884080582911
8753,129,149.1714469806742,139.0531431469546
8754,129,142.76781080542617,141.9994147040987
8755,129,127.84976292119494,144.71128841888125
8756,129,115.77586464069107,142.85732235035582
8757,129,72.38207040065434,153.26480950956486
8758,129,67.15939262775831,152.23992936356157
8759,129,57.03455924573381,150.5817654912307
