time,bus,P_sub_kW,Q_sub_kVar
0,129,45.789452534519846,135.0248378801067
1,129,43.313904878190044,134.0462369428368
2,129,39.45714128535094,132.52266485149116
3,129,33.306264368313634,130.09112061355748
4,129,30.42684206909765,128.9538440676332
5,129,29.100487338033435,128.42528486396156
6,129,30.482666474803693,128.97708510090104
7,129,33.11190013500187,130.01736969349105
8,129,38.57595828993228,132.1776980836631
9,129,42.90706426860025,134.06203829554326
10,129,37.894458373002365,133.49699106724358
11,129,30.19245328089001,132.34984188402194
12,129,27.284213926672187,132.24252539189186
13,129,27.58112371282812,132.1007577109275
14,129,37.5177258073313,134.6697592914362
15,129,53.66896462533244,138.94620608773772
16,129,69.3709956514731,144.36468721130342
17,129,86.79569610626845,151.23267104966357
18,129,86.08170958469516,150.9504733101703
19,129,79.286455161065,148.26458039348657
20,129,71.11540695330169,145.03542996296284
21,129,60.79941529062338,140.95749155037214
22,129,53.41797034570429,138.0391334327017
23,129,43.95468087423211,134.2987741263223
24,129,39.94409497759932,132.7136717920421
25,129,35.73043972425345,131.04810161630752
26,129,31.95054564683147,129.5547724099069
27,129,30.27888433230462,128.89427669067018
28,129,29.754296934067952,128.68674382124806
29,129,31.49215286799753,129.3743354017148
30,129,36.000202646104796,131.15660856873055
31,129,70.24630113822955,144.68899106096126
32,129,83.71891431892925,150.01450702659855
33,129,90.29993709774541,152.69040077583745
34,129,73.88810723280564,146.93470911510207
35,129,57.523943259628034,141.3315039533026
36,129,58.005535454621196,141.9201852078572
37,129,61.74734003068162,143.277838787089
38,129,69.6345828609618,145.64276256417392
39,129,85.77375871905447,151.0759056528101
40,129,112.37686957375611,161.34400110661477
41,129,151.73045140496012,176.8942237668567
42,129,140.59592266662185,172.49339299487343
43,129,131.14481266373372,168.75769686299284
44,129,120.0013966058813,164.353967759421
45,129,69.56782659084445,144.42665616030678
46,129,60.81607312969703,140.96635095238963
47,129,52.30326594637655,137.60091477431524
48,129,44.68461543114582,134.58960047345246
49,129,38.10097615183094,131.98677133056648
50,129,32.733396305772615,129.86588493097304
51,129,29.574224511946124,128.6157373917437
52,129,29.20920446432657,128.47144027828662
53,129,29.445582528776523,128.56541273730366
54,129,32.44403527130633,129.75141114232787
55,129,38.5675918689555,132.17199456692032
56,129,46.8184979920081,135.43373617309413
57,129,50.8773389561456,137.28302771658883
58,129,42.76136404339195,135.88687469371
59,129,32.31997219362343,133.73557880125264
60,129,31.422098847694716,134.37787009145225
61,129,32.574680417711946,134.6673672279678
62,129,42.25112699552714,137.04218364468744
63,129,60.559037912198235,141.97345940192733
64,129,77.1115827935002,147.44532810969557
65,129,99.89941982796712,156.41547265062735
66,129,96.16332600372641,154.9394547801007
67,129,86.53469215566534,151.13533257929106
68,129,78.24775731861202,147.8599428596707
69,129,69.6987672185593,144.47978930803185
70,129,61.273568318406966,141.14836805719594
71,129,54.28954278892616,138.3861973659807
72,129,45.409725684116815,134.87492381040832
73,129,38.52288227454302,132.15208517365537
74,129,35.309446706126124,130.88183388006195
75,129,33.16460154605073,130.0339373447227
76,129,31.50425586440097,129.3773343155684
77,129,31.289665783327564,129.2926950023343
78,129,33.22911693859565,130.05958808017377
79,129,37.732857902570814,131.84113421658472
80,129,47.75798049807514,135.80350265818188
81,129,53.06874335321094,138.17612356856702
82,129,48.28359845199766,137.70422853333073
83,129,42.105412645094646,136.76513073223242
84,129,35.901681563007955,135.52636191263224
85,129,36.34651542086078,135.3578631360671
86,129,41.14312367406046,135.6412325780363
87,129,53.554949234370504,138.92041954146
88,129,76.07562902462567,147.04895937551422
89,129,98.32388214871561,155.79231334031292
90,129,96.05915296288067,154.89704423838478
91,129,90.21710124266077,152.58733999463007
92,129,82.81443956717906,149.66115053683032
93,129,71.91466570153564,145.3520347201455
94,129,63.58151243647943,142.05759279939215
95,129,50.118630776539554,136.73682676649514
96,129,39.223251492793224,132.4310727724252
97,129,33.6156830800652,130.21403455967885
98,129,31.682760957100417,129.4498703733852
99,129,31.849481522826572,129.51556895399574
100,129,32.40030734458428,129.7338220198862
101,129,36.10418367342486,131.1986423563778
102,129,41.98878001042096,133.52463022114108
103,129,78.60816087617046,147.99408283008393
104,129,88.77767492548388,152.01383175165728
105,129,93.01107691824281,153.81037616961427
106,129,78.52455363370505,148.9752461785965
107,129,60.58200951899396,142.86732285463162
108,129,57.87971413792302,142.15708289738154
109,129,57.32908047117211,141.7368800464875
110,129,60.05228536535617,142.22732602904864
111,129,80.50806711894387,149.23073285002326
112,129,110.302699985963,160.52824588971598
113,129,151.9721800983296,176.99020613084426
114,129,141.00354682022956,172.65492085884512
115,129,131.8899776743448,169.05285175714016
116,129,119.2703110951949,164.0650633087853
117,129,68.4315299211311,143.97679358072526
118,129,60.18308561687363,140.71598270281166
119,129,49.084285237434166,136.32922981697376
120,129,40.308158152674444,132.85928705993172
121,129,35.32912150839385,130.89042601292084
122,129,33.715939451011295,130.25280922019547
123,129,33.07585326150935,129.99984564161826
124,129,33.708427224985016,130.24966088610486
125,129,35.66421689396422,131.02324263627796
126,129,42.24470734936346,133.62561669311884
127,129,79.24280940765047,148.2449598856583
128,129,86.36507673440501,151.06878645135947
129,129,78.77033392026642,148.26852235920018
130,129,66.98459879306832,144.5481561869006
131,129,57.932650575029356,142.10623229116464
132,129,59.139637598781704,143.11020952243854
133,129,56.764479709564945,142.0237130803361
134,129,60.00867276103582,142.44549062581908
135,129,81.69901748948372,149.824157077157
136,129,120.08551776709871,164.4027565640714
137,129,161.60989108053207,180.79962570556322
138,129,151.0547384494844,176.6277185396171
139,129,142.55238756235858,173.2672854478803
140,129,131.42017918225554,168.86746720301088
141,129,76.88171250476711,147.31920985301954
142,129,68.00194828414043,143.80957214005406
143,129,57.39595165144729,139.61567897791616
144,129,47.509915944818275,135.70630602213453
145,129,40.44247762823115,132.91169420211608
146,129,37.21892761479428,131.6372992642878
147,129,35.6594697329355,131.0211466585469
148,129,34.3704511031382,130.51151791706653
149,129,35.160106697561844,130.82347820342912
150,129,40.5611690845907,132.95926756776916
151,129,76.57963229681515,147.19157797187978
152,129,87.98484573449993,151.704059090529
153,129,86.94551289740726,151.43370550412132
154,129,73.5311943448235,147.15131250656077
155,129,60.68589016440764,143.02021096868447
156,129,60.52906190972948,143.35226550443392
157,129,57.50716921982428,141.90457657840344
158,129,61.24386539922092,142.57527872499287
159,129,80.18985808439267,149.02600659306682
160,129,117.534269758455,163.3925574661205
161,129,157.64928628934626,179.23300196287227
162,129,147.8541168811332,175.36152925126385
163,129,136.4614453963566,170.85844812969057
164,129,123.28926743616678,165.65232601175572
165,129,73.8899500888726,146.13155856006875
166,129,66.1245607110131,143.06267741218744
167,129,54.59123609965746,138.50430171710582
168,129,43.92542495783206,134.28737816858543
169,129,37.349397494677824,131.68797130326126
170,129,32.75640382647133,129.87306285381797
171,129,31.26500090715708,129.28342272678893
172,129,29.97319346045562,128.7725193590322
173,129,31.846689676329934,129.51337001371564
174,129,38.56810228559218,132.17202099481372
175,129,71.83829759203756,145.31809119228484
176,129,82.33448708788293,149.4727178727522
177,129,76.22279512604146,147.18948236860692
178,129,59.78121909781498,141.56868275580112
179,129,45.854431081161096,137.277282333948
180,129,44.405408673239066,137.1528590737173
181,129,47.56933255901781,138.21433023614765
182,129,53.60999121552121,139.78144327070663
183,129,71.32066631048914,145.7389654801841
184,129,101.34826963154566,156.99993257040927
185,129,141.7996758466954,172.9709306201355
186,129,137.95945174876772,171.4529504017194
187,129,124.69945837285981,166.21187703237496
188,129,117.64825477035548,163.42476112357994
189,129,68.50617333091581,144.00865553911726
190,129,59.807504070384425,140.56994254756262
191,129,48.031052675266196,135.91338083703076
192,129,40.127904410542506,132.78822576830436
193,129,35.86410748842218,131.10224323027498
194,129,33.48688243049541,130.16306112617406
195,129,31.407042220081895,129.3424071557877
196,129,30.54441486236388,129.00109923585816
197,129,33.01318929239728,129.97682137866582
198,129,40.83540238455326,133.06972869288373
199,129,79.6465316671521,148.40501936080364
200,129,93.91826504921407,154.04673177362264
201,129,91.8810205382034,153.3599040863122
202,129,76.24668781040495,148.00435549056016
203,129,66.68082595965637,145.14091564333677
204,129,66.50262920292714,145.491190500036
205,129,68.95458370887849,146.33945870620954
206,129,72.35931379815533,146.91853945561527
207,129,87.22206081134104,151.7718862035051
208,129,109.88097421934395,160.35965161470511
209,129,138.66399491068196,171.73145362556676
210,129,128.8372536326885,167.84763233840602
211,129,118.28661048361657,163.67797480349327
212,129,107.83221450098085,159.54595654530158
213,129,65.91243641181198,142.9847266279701
214,129,57.9912411343457,139.85360214306073
215,129,49.32938209175494,136.42946410851752
216,129,42.861498269764105,133.8738864217253
217,129,36.724896970239385,131.44793836429182
218,129,32.55724648148972,129.80059599956152
219,129,29.61077910688724,128.635677408732
220,129,29.73000373026432,128.68241055128445
221,129,30.494643903387484,128.98407510574975
222,129,34.1716625149693,130.43946714445985
223,129,39.64789986130388,132.60349032847026
224,129,49.92399624313408,136.66544856853005
225,129,58.40363028331979,140.34761352708185
226,129,52.20684954089353,140.0376851621153
227,129,46.12929556486793,139.74436159962804
228,129,45.35783908007188,140.49611727390786
229,129,47.531182042729434,141.18308914092796
230,129,53.51904905634374,142.03189112289303
231,129,63.698162397976,143.6021884114629
232,129,79.89520551947481,148.6241095108983
233,129,97.28377256174569,155.38320842586646
234,129,93.63324141452617,153.9406228938701
235,129,83.18202231680615,149.80998187479162
236,129,72.84568059706439,145.72556159013712
237,129,65.51535678744229,142.8282548022992
238,129,58.846336371871054,140.19224832706462
239,129,52.63866904089193,137.73749235916836
240,129,44.20570879623494,134.4014339335504
241,129,37.91541792244371,131.9132070958067
242,129,34.51866672229181,130.57146698710272
243,129,33.54115421742019,130.18494838298392
244,129,31.655448374617396,129.43890290056294
245,129,31.403121741865796,129.34069970427578
246,129,33.236957005715766,130.06646530076662
247,129,39.49002624669151,132.5410759821483
248,129,47.750499482204816,135.80718078898812
249,129,55.62168950310944,139.33595052485052
250,129,50.42107377036798,139.0778321268076
251,129,44.46787043491955,138.3929682913417
252,129,41.74662061681174,138.58918383872978
253,129,41.974395141181766,138.31210309413046
254,129,45.57140516628442,138.03962732506173
255,129,56.708754116828565,140.48276636867283
256,129,74.6505922305196,146.5101205466689
257,129,95.84494428031026,154.81995395246082
258,129,95.97375120943151,154.87071509129055
259,129,91.2465961393304,153.00233882410245
260,129,82.66777449153349,149.61036894716943
261,129,74.12309559332985,146.2311111966581
262,129,63.93235136365383,142.204425867612
263,129,51.90200661153061,137.44794346717381
264,129,42.165144393313405,133.59927005374712
265,129,36.45474620273513,131.34137348622087
266,129,33.430896112321804,130.14530009802104
267,129,33.952948694279286,130.3525980278712
268,129,33.68340938844734,130.24606340442259
269,129,36.85011265834418,131.49687654680983
270,129,44.9661474086089,134.70512776074023
271,129,89.73300571540317,152.39231315045612
272,129,95.99095260479734,154.86611047760837
273,129,95.200924416317,154.77636875794641
274,129,79.59045358249321,149.66841010333442
275,129,59.214755024826935,142.6729879981793
276,129,56.955068622243196,142.16213352990493
277,129,54.02535372944231,140.79090758401148
278,129,58.067414493107286,141.75074008899568
279,129,76.94633991640825,148.03617965769092
280,129,116.20727200964296,162.89753497190165
281,129,154.12160637352585,177.83958824531996
282,129,153.69410404938967,177.67105414317518
283,129,141.81235112335418,172.97530896626736
284,129,131.54723291092125,168.91846680554644
285,129,76.16829973261645,147.0377130153663
286,129,68.00964454357731,143.8120022384552
287,129,55.350068267489966,138.808588526234
288,129,44.581041028142806,134.55123592863868
289,129,38.71378243364808,132.23119450100472
290,129,35.448317937185294,130.94059234262238
291,129,35.43124502942027,130.93421244755595
292,129,34.883170017493065,130.7171670361239
293,129,36.97342641125509,131.5442504233646
294,129,43.092590752886956,133.9642450600255
295,129,82.59873681592434,149.5724230226264
296,129,86.86169497852292,151.26705442943216
297,129,71.26545890007566,145.41949548419748
298,129,54.06438971129726,139.6902877835553
299,129,37.716306858772455,134.443813299292
300,129,32.04591334959725,132.75827776184295
301,129,29.697319919922133,131.67530467448796
302,129,38.29815691131168,134.1763577511532
303,129,56.762248884862636,140.19486450931507
304,129,97.4136651807449,155.47994779260694
305,129,149.7779047593507,176.12449071431303
306,129,146.61176666545495,174.87261002230917
307,129,141.5661508209814,172.87843656706784
308,129,130.44109574788436,168.4810397880417
309,129,78.67621241123074,148.02860391128098
310,129,69.11683519099859,144.2513726993182
311,129,56.82047872223581,139.39038027857706
312,129,45.92673394943452,135.08339698122822
313,129,42.21262370220647,133.6149184290321
314,129,39.95156521472375,132.7205062814025
315,129,38.413334061027015,132.11200458764256
316,129,36.960436130207164,131.53835823458255
317,129,39.78673727576494,132.65501807698806
318,129,48.590380642849446,136.13560541892934
319,129,91.36652262185632,153.0369900354149
320,129,100.00181896013127,156.45352453330975
321,129,92.69571064703948,153.80029288341095
322,129,73.42940502550913,147.34232121068572
323,129,56.06646189725665,141.50582485039746
324,129,52.90289166481379,140.6806073210624
325,129,51.59072576859145,139.91026030631937
326,129,57.98523166484785,141.60127154309845
327,129,73.0225834020216,146.41795219081553
328,129,109.69634013015366,160.3202987447097
329,129,154.3946325618609,177.94792466214966
330,129,152.6143662293181,177.24448420911537
331,129,140.40716520589243,172.41932303336912
332,129,123.71107471031809,165.8206825609555
333,129,70.49926198703132,144.7952891110144
334,129,64.19466574276808,142.30447269636898
335,129,52.747835605527044,137.78077553398953
336,129,43.04874003184411,133.94625969124277
337,129,37.42838257476696,131.72477005632405
338,129,35.15505972537791,130.82628713425052
339,129,34.477553988310916,130.55792705127166
340,129,34.0186375044029,130.37536643180638
341,129,36.9442959863539,131.5326385140777
342,129,43.47368523400998,134.11477534112856
343,129,86.084477606002,150.9496776232853
344,129,94.10135412392114,154.13031555948916
345,129,85.98323268890834,151.13813846524482
346,129,66.57685746326212,144.502201794537
347,129,50.44411202983091,139.42462093427284
348,129,47.046558928241076,138.558654930889
349,129,46.048588351347554,137.97848844576637
350,129,54.26527174940837,140.37645666243296
351,129,72.80930488953287,146.57899906680473
352,129,105.56053186060973,158.72632058727368
353,129,149.3734578785041,175.96555878751514
354,129,141.9496886283396,173.03047582066435
355,129,134.6601098967436,170.14875460973704
356,129,128.08104109682745,167.5489559741657
357,129,76.28345933627048,147.08403165535336
358,129,67.32415565555355,143.54224535214217
359,129,55.253873546361326,138.77007274861555
360,129,45.73563244933063,135.00670789567158
361,129,39.24914415927387,132.44254068463496
362,129,36.62507100685553,131.4056784206916
363,129,35.24906473291499,130.862994239097
364,129,36.07309576235057,131.18809069434528
365,129,35.620910837231506,131.00994749029664
366,129,41.626706050715356,133.3838539384853
367,129,82.52096890463486,149.5421662875493
368,129,95.13981837344039,154.53202123536937
369,129,91.09504138039398,153.1490372933999
370,129,72.56163866673545,146.78918625958252
371,129,64.86465234871334,144.76992902127074
372,129,64.96545977100897,145.2712966382731
373,129,66.32765049987985,145.6849966888552
374,129,73.25974820099104,147.62988477475167
375,129,86.9826196698736,151.93031844435174
376,129,114.14446835047733,162.10115961482913
377,129,157.19261286165482,179.0570379607441
378,129,154.05951191486,177.81879162802412
379,129,147.5230189012458,175.2359547460897
380,129,138.22399088291402,171.5599410206472
381,129,80.97315427658438,148.93968661596895
382,129,72.27082684875636,145.50160021003535
383,129,60.62219007658283,140.8979281773558
384,129,50.26820541839179,136.80611395226595
385,129,43.58945516968486,134.16455431217932
386,129,39.57887417324772,132.57911172230695
387,129,37.246336955326676,131.6577688471621
388,129,36.575364377862876,131.3929368383588
389,129,37.222776872608435,131.64654110365947
390,129,39.960444443477314,132.73006613195201
391,129,48.33237141226474,136.0390858297254
392,129,61.055553354688726,141.0727743863234
393,129,65.9490955217452,143.5493276901277
394,129,59.99462045735191,143.68399151077884
395,129,52.5717926099491,143.10600848084243
396,129,46.244957060046566,141.78047643071397
397,129,42.91640234203584,140.28899652131992
398,129,48.964147958620245,141.07641801822803
399,129,60.644487264572405,143.06735006072427
400,129,79.0151749584325,148.47893228860696
401,129,100.28549468640064,156.57311276076945
402,129,94.93894865036843,154.45993226463293
403,129,86.47590218201552,151.1141183954532
404,129,77.74526044177094,147.66403180515474
405,129,72.67632126583692,145.66004776391713
406,129,66.00782314752351,143.0251607828729
407,129,56.154854933159314,139.13099282669145
408,129,46.233673821340545,135.20830062873924
409,129,40.50581191294874,132.94216203225315
410,129,37.37141003695335,131.7034933300396
411,129,35.580960086106465,130.99602507420016
412,129,33.83294590598479,130.3053761798975
413,129,36.30093344855249,131.2817804499245
414,129,37.892296433047825,131.91245229662104
415,129,42.32969540001052,133.66867891905918
416,129,54.6385518974475,138.5354096017853
417,129,62.102939373852365,142.03562931049484
418,129,54.839709309600686,141.40599527184472
419,129,45.123785642892976,139.4998669169694
420,129,45.212840081517605,140.92896168659493
421,129,46.63527058222453,141.11002134025904
422,129,52.91343562704735,141.82868639161876
423,129,60.8500250071507,142.58999336999324
424,129,77.69863058589748,147.72096334602412
425,129,97.68586157786156,155.5479087258535
426,129,97.33730337293399,155.40975123039857
427,129,88.36550884177333,151.86412610019727
428,129,80.94269197560936,148.93003996150438
429,129,73.43261023718749,145.95826013462388
430,129,64.69370223655456,142.50686938363748
431,129,54.884983242433215,138.6274173400675
432,129,44.49804900140918,134.5210533727695
433,129,37.857595711920375,131.89616112322423
434,129,35.156822365123084,130.8285614993204
435,129,34.901055919879845,130.72767278012083
436,129,34.6861683032153,130.6419455251673
437,129,36.51002682850938,131.36224216518045
438,129,44.20000539938848,134.40175752770998
439,129,85.33045836947255,150.65153668357917
440,129,92.09628914005997,153.32615452135474
441,129,90.0287230258788,152.84364010151208
442,129,78.74686359929173,149.5901449292907
443,129,60.02723981150478,143.36532706200862
444,129,55.350017843100986,141.95610886614455
445,129,53.48346693844917,141.00389548602138
446,129,54.252753534946535,140.63278348781807
447,129,69.90503887588179,145.56434349463683
448,129,103.07103642599391,157.78991415943867
449,129,151.20469294976417,176.68785769720668
450,129,144.59820606049828,174.0769171063898
451,129,133.62038773520777,169.7386707631252
452,129,121.36172612746157,164.89370814847032
453,129,67.94798674245145,143.79012299973667
454,129,61.461205789679205,141.22503422631394
455,129,50.30109699889099,136.81479885740407
456,129,41.84287836629327,133.4720497335206
457,129,35.040740280579016,130.78192399272723
458,129,31.83140596271806,129.51331782699307
459,129,30.880963106466595,129.13822476902774
460,129,30.43602721341469,128.96196597706114
461,129,33.62485978374549,130.22210832312933
462,129,41.05010516134943,133.15701022731827
463,129,79.11376584394233,148.19535792921593
464,129,86.63589756226531,151.18219670323458
465,129,75.42657291781305,147.05400596930633
466,129,60.57361692713807,142.5123250166885
467,129,47.7355703509709,138.77458791599597
468,129,43.116444108604625,137.56097771960748
469,129,41.73954616668193,136.85783680727926
470,129,51.57484684385471,139.81744628452037
471,129,71.59721744336447,146.340274942044
472,129,106.08719203284258,158.97231348302373
473,129,155.89721754698078,178.54383702369495
474,129,148.37410375586265,175.57014819870975
475,129,134.8356578244266,170.21826777974178
476,129,128.98384667856325,167.90548286217992
477,129,76.51840093410648,147.1741836549417
478,129,67.26566160965446,143.51877015806085
479,129,55.897026038408626,139.0259112073592
480,129,46.958047673483996,135.49088033095327
481,129,39.90424417375021,132.7022333742478
482,129,36.47258141663048,131.34591053046918
483,129,35.28207787660144,130.8748014502385
484,129,34.74832959680164,130.66420892790921
485,129,37.37435644417466,131.7025125744013
486,129,43.29483219629553,134.04281032547541
487,129,86.28099262850478,151.02658412607286
488,129,99.58594238765212,156.28704122531207
489,129,96.38215233169142,155.34770035058483
490,129,83.06690158959617,151.3955867225203
491,129,70.92201813772215,147.73612223319606
492,129,70.55125155616743,148.06673189259524
493,129,70.3929559802159,147.75755576311042
494,129,77.11558313158432,149.55543714594793
495,129,91.08835841459322,153.86023485778082
496,129,124.45309234373728,166.19403053955588
497,129,167.27600328603327,183.04041960308362
498,129,160.24037739137407,180.26023381203757
499,129,147.04651948561565,175.04561107850353
500,129,135.3523212932773,170.42363058432295
501,129,78.69188422853225,148.0366182104487
502,129,67.35153284872368,143.55758320382017
503,129,53.78331397161165,138.19552726637306
504,129,44.60025069992301,134.56517634785456
505,129,38.74327051587653,132.2474397868873
506,129,35.015047553483214,130.77468081825072
507,129,34.37493160080946,130.5230366729442
508,129,32.28171551960303,129.6944225800324
509,129,34.97677485910418,130.76188208744554
510,129,42.09680101381686,133.5757140381237
511,129,84.41071290295133,150.290807858022
512,129,93.13000051294992,153.75106102520698
513,129,84.12457985674152,150.49556146662286
514,129,65.07739302349904,144.17968174880616
515,129,51.274894555663096,140.13225498852776
516,129,48.113298543813976,139.40448251930218
517,129,45.13143189821171,138.05169528763213
518,129,51.34006565043149,139.6365146791765
519,129,70.0541377562915,145.8211440485958
520,129,105.61905510842625,158.8444567555915
521,129,145.9171053295102,174.60192422702468
522,129,138.7596167961502,171.77254514383824
523,129,133.32823301074677,169.62569529157884
524,129,124.54584422799518,166.1546966117597
525,129,74.34148909103169,146.32102205207963
526,129,66.9522394146791,143.40201775277959
527,129,56.14627057044679,139.12899259694953
528,129,45.31156804948678,134.8444545184004
529,129,39.698462492211355,132.62480246840303
530,129,36.296007837088354,131.2798573154101
531,129,34.175309406973476,130.44169828366233
532,129,33.45948102089846,130.15781973096404
533,129,35.535982708552815,130.98025530329244
534,129,42.3933623138447,133.6893564758922
535,129,84.68552863932689,150.3983793520394
536,129,96.24015791484352,154.96950593766243
537,129,86.47216779071066,151.43600167508114
538,129,65.67406803992131,144.33818762368816
539,129,52.05907732286148,140.1045408880963
540,129,51.11599041076961,140.24940863411305
541,129,53.37034788460515,141.01967650742708
542,129,60.808422835740245,143.14884890569166
543,129,76.8818403349795,148.2908854940213
544,129,108.48065075222027,159.97002852873354
545,129,151.77895647296674,176.91524173571523
546,129,144.55885522931302,174.0617140603824
547,129,133.15678705986787,169.55526046993896
548,129,118.90721653448131,163.92340969913624
549,129,73.388133532174,145.93819171762075
550,129,67.44201801410749,143.58979904927264
551,129,59.12326201484708,140.30209809079128
552,129,48.70960764700768,136.1856410709141
553,129,40.486945409820684,132.93518963696843
554,129,36.18223076758762,131.23288754809968
555,129,35.35957502806811,130.90735508083225
556,129,35.24258755248536,130.86207351799155
557,129,36.655290952174674,131.4195023134135
558,129,39.71257417077004,132.6270307020313
559,129,48.09812882123825,135.94223453535295
560,129,58.380198686449276,140.03372042037245
561,129,58.971712468412846,141.11603013494502
562,129,44.83352968063667,138.35873341065104
563,129,30.350916296771036,135.26170956359658
564,129,22.59613387007188,133.5125649664442
565,129,19.48417610719644,132.11047024859508
566,129,24.83465158261566,132.56604599586743
567,129,39.54602475950139,135.562226101866
568,129,60.64028432269319,141.58872303655536
569,129,86.59699189590968,151.16512499690214
570,129,85.79883298694371,150.84887517466896
571,129,77.04697464020522,147.3895261466452
572,129,71.89688549354995,145.3542612821899
573,129,65.57626541154889,142.85521495643755
574,129,59.19333813871078,140.33167846866158
575,129,52.43848485575148,137.66145071893902
576,129,44.6888628133875,134.59767422130693
577,129,38.80691197942346,132.27102214531538
578,129,36.99451300950188,131.5544694238832
579,129,37.08721038919237,131.59204945637174
580,129,35.85009012124441,131.1015813634323
581,129,34.616692349767156,130.61566848071502
582,129,37.67584700291087,131.82549011107497
583,129,44.433317644407396,134.4973858078795
584,129,54.911196528946384,138.68523924377024
585,129,54.321454235598424,139.30410924475188
586,129,43.205435170433624,137.53115516500026
587,129,35.71048539245759,136.7747055228845
588,129,33.76916252359686,137.51712763413863
589,129,32.72444104294836,136.70923448499695
590,129,37.386647151497485,136.7669218702549
591,129,48.51584010328846,138.59909108927383
592,129,69.71051724808771,144.78708272936325
593,129,97.21496132855262,155.3584925958382
594,129,97.24416141104345,155.36900526803865
595,129,92.1660397645274,153.3617866771737
596,129,85.7926608595026,150.84333196084336
597,129,76.87001549725166,147.31469321014436
598,129,66.6186243789467,143.2624211341456
599,129,56.67459114583914,139.33147279841356
600,129,45.87967392589582,135.06407269432628
601,129,39.96574410943516,132.72691044489287
602,129,36.36866780441139,131.30448080145064
603,129,34.5122104956026,130.56998916044662
604,129,34.31497509679876,130.49145607421806
605,129,36.237849753744406,131.25201394905443
606,129,44.442002950937784,134.49474104299085
607,129,88.07344597521406,151.73482847042587
608,129,93.24008492674866,153.79443299594402
609,129,84.72724195227521,150.92416696007402
610,129,65.23441937309455,144.5852446646489
611,129,53.46579435801088,141.22314020672601
612,129,48.93557150724278,139.92597037853946
613,129,45.32107156313248,138.28899923153398
614,129,48.536205778195864,138.86550606983766
615,129,62.86789707610313,143.18246651616542
616,129,102.38543846347227,157.68147127053922
617,129,151.73693490141616,176.89877469368824
618,129,146.15270962587041,174.69169930203364
619,129,138.937395213998,171.83998580870428
620,129,125.02221273101313,166.34033820347503
621,129,71.26814345813543,145.10392722675059
622,129,63.039776632321924,141.85131361052743
623,129,51.977906160429065,137.47966542947185
624,129,41.92338583070215,133.50503381207864
625,129,37.32630652313937,131.68737451527588
626,129,34.562157013800594,130.59474318038212
627,129,33.01996963863328,129.9855942310554
628,129,32.6711745076289,129.8475336228317
629,129,34.752196585694975,130.66903427239782
630,129,41.82782336958298,133.4651692642678
631,129,80.10174153572825,148.5857583527148
632,129,89.00227317738296,152.11654175110965
633,129,78.0407085747113,148.23755682530714
634,129,58.93037163246647,142.2250585712626
635,129,50.24983061723908,140.25397606951452
636,129,51.31569956959902,141.34506197428755
637,129,48.69833101681199,140.16281967220146
638,129,54.708906024157145,141.5979855109982
639,129,67.30871565343132,145.08357742051328
640,129,95.78018462154232,155.06302936002507
641,129,133.74142415007327,169.7865891560913
642,129,132.76184888339824,169.39922891025878
643,129,126.4740880123737,166.91291358318574
644,129,114.518500466706,162.1877755106183
645,129,69.27142246053936,144.3095610079555
646,129,60.949296283051865,141.02064738385863
647,129,51.64343630972419,137.34213159341314
648,129,40.51124152577327,132.94142391073888
649,129,33.26659733012661,130.07679097647332
650,129,30.35727801614705,128.92713064257768
651,129,30.70240773518138,129.06352427098955
652,129,30.09641014660677,128.8246209347447
653,129,32.273720279994855,129.68572026588103
654,129,38.79906778575546,132.26491569151227
655,129,76.84083162554512,147.29552823653484
656,129,82.25837439316102,149.44627866106183
657,129,73.92360309740789,146.6772509846338
658,129,56.62201348827829,141.32758547665185
659,129,48.564557419383505,139.39960496477715
660,129,49.553371591321905,140.32175447948796
661,129,49.606205816405605,140.12226945118655
662,129,51.29243622807148,139.92140392537286
663,129,66.52262484832059,144.6203257266065
664,129,99.53200797750928,156.48352723918765
665,129,135.48390426275154,170.47524060822167
666,129,129.60361706692737,168.15111626564934
667,129,118.68816664370017,163.8370567366099
668,129,111.0811645509818,160.8299825735925
669,129,68.73137820359065,144.0989496429751
670,129,58.84517856382234,140.19381276488008
671,129,50.231274093904844,136.7893044752264
672,129,40.723014502184036,133.03060421258039
673,129,34.81609142822255,130.6939107936844
674,129,32.95260627851009,129.95782511649736
675,129,31.321863325811847,129.3144677855559
676,129,30.78766030664629,129.10239511092874
677,129,32.853682466586896,129.92088571011055
678,129,40.578864832193446,132.97427413091327
679,129,79.63057839225795,148.4015727852408
680,129,85.78752516560436,150.86329915278088
681,129,74.9179929633935,147.06012851697062
682,129,57.64116454152896,141.66610533275795
683,129,47.438001549635345,139.1371285131803
684,129,46.8319470149655,139.46025508619115
685,129,44.86268969590182,138.5463406247689
686,129,48.0494924176281,138.93705385958276
687,129,64.1443748364855,143.9656537444898
688,129,95.45770235617576,155.01129459371623
689,129,139.5598516729998,172.08872605814213
690,129,136.69348648726196,170.95501718160622
691,129,131.3763429587416,168.85344306415766
692,129,119.9991678467393,164.3568070277115
693,129,70.0635521515114,144.629197133371
694,129,59.248166648494454,140.35579209928298
695,129,50.40660075312147,136.8596045065862
696,129,39.8953289770418,132.70330232677966
697,129,34.33718983888831,130.50501876190836
698,129,31.742470597039524,129.47873841464983
699,129,31.535459813866517,129.39711357755516
700,129,31.33602748685639,129.31792701964415
701,129,31.62274908734248,129.4322176155644
702,129,38.891718908830754,132.3043303906369
703,129,77.9508624793418,147.73569430696836
704,129,88.74736093087859,152.01544652664865
705,129,79.33345061346529,148.81298690255238
706,129,59.85584906162687,142.45473082591246
707,129,44.654367748881825,137.7051345518771
708,129,43.00195190561853,137.6204498256581
709,129,44.265835741698595,138.03323964672626
710,129,48.70377689411195,138.98068415724794
711,129,65.8177248038487,144.42336097588492
712,129,92.95456378256864,154.016709388956
713,129,131.66178814886814,168.96362004205372
714,129,134.1734005109419,169.95634645421586
715,129,122.34469728970835,165.28163179807368
716,129,111.0147234230203,160.8037234516797
717,129,66.26402878647397,143.12282808861406
718,129,58.15831673512382,139.91943600959277
719,129,51.31016037918672,137.21223011925545
720,129,42.646194218541616,133.78698715784503
721,129,35.209309027788485,130.84680719400305
722,129,32.11844364917979,129.62420499241685
723,129,29.419264619816303,128.55739638041166
724,129,28.953582244677474,128.37352535512215
725,129,29.457326313048803,128.57279213937198
726,129,33.3446813556891,130.10902810175534
727,129,42.29943858463558,133.6483702547199
728,129,51.05735903673617,137.18789713253605
729,129,42.605516024411415,135.25560211632745
730,129,27.36858401338215,132.4563669148515
731,129,13.441441144434165,129.81190002697053
732,129,8.06381852737764,129.13170408074294
733,129,6.562248595461045,128.44384664407144
734,129,12.585917870063733,129.12793465920817
735,129,27.918086261786033,132.11591464358293
736,129,47.71857441921684,137.10141325588282
737,129,75.33528319847487,146.7320241677041
738,129,75.21417254845869,146.6612234415727
739,129,70.01302768296756,144.60543901682323
740,129,64.387514378903,142.38184060303934
741,129,59.99272910032731,140.64430310168282
742,129,55.45527558553887,138.85021911259372
743,129,48.1322379433044,135.9552052790018
744,129,41.13864355862732,133.18906645076623
745,129,36.703251738123875,131.4349000157606
746,129,32.89902006904673,129.9311212612014
747,129,30.559310372872673,129.00676600356735
748,129,30.738582252989254,129.07648508583634
749,129,32.07995709210493,129.60683327854366
750,129,34.13599357998965,130.42040446392227
751,129,38.15658022384351,132.01006565306986
752,129,47.67485158476112,135.85814609953923
753,129,45.758598506514005,136.5947996993805
754,129,35.5822180191793,135.6091021600168
755,129,26.117886624600853,134.3101022110835
756,129,23.062619624893067,134.70250555561387
757,129,23.07874034765267,134.36282195893017
758,129,25.155912321499052,133.37202159352708
759,129,34.890311037340055,134.41683010089574
760,129,57.95040837074256,140.65501975634655
761,129,87.3749822952438,151.46644635808957
762,129,86.57058818962874,151.14681964762613
763,129,82.30803830159957,149.46137573357447
764,129,74.53290230457365,146.38825652686717
765,129,66.68703028044179,143.2874468531508
766,129,56.02374465884193,139.07154319240666
767,129,47.34050346394657,135.63930135351626
768,129,37.7579556403877,131.85159420220992
769,129,33.234031697147046,130.06419155948265
770,129,31.059729572503937,129.20384789020727
771,129,30.909303049981034,129.14494791949093
772,129,30.68381576402435,129.0563444371186
773,129,33.13283088145209,130.0242888932057
774,129,40.16826757547944,132.80661574764835
775,129,75.80979821291768,146.88842052701375
776,129,79.21224331141762,148.27358092453247
777,129,62.079480632412015,142.28670073722853
778,129,40.590371762161425,135.3507615418526
779,129,31.178131626895976,133.01414891534543
780,129,29.829809337389893,133.01320731365988
781,129,29.18208414355026,132.58258597587718
782,129,33.70099668967506,133.64126442869386
783,129,48.381175775954425,137.98434041352084
784,129,83.60145699948606,150.53775053560085
785,129,137.53903317027383,171.29192733225324
786,129,140.08234567359474,172.29324826860503
787,129,128.2735888331961,167.62610763308217
788,129,121.1410128674211,164.8072758627768
789,129,71.79265949633572,145.3132638206387
790,129,61.85503557614343,141.38578333602254
791,129,51.52973891801767,137.30495534381754
792,129,41.711244013419666,133.42170679973074
793,129,36.35703263381932,131.3046138443618
794,129,34.10881860720098,130.41660144314105
795,129,32.966722352674005,129.96617202572617
796,129,31.06017111166256,129.21247989450944
797,129,33.498585030398424,130.1756324779149
798,129,41.31611344900879,133.26517574605452
799,129,84.48910537446785,150.32060486207183
800,129,84.7173318562755,150.4454816392084
801,129,68.93142682975476,144.99177283221294
802,129,50.53205400312696,139.44525788734484
803,129,39.88105267627609,136.79534089573988
804,129,37.58192677112115,136.596931834194
805,129,37.10239523027519,136.29290232877915
806,129,42.06747121409091,137.28014692312112
807,129,58.62697730525629,142.2155347059229
808,129,89.09300258308731,152.73018944733033
809,129,138.30782619961101,171.6051781425618
810,129,132.51713967634618,169.30157177367155
811,129,124.40793298733709,166.09631996071786
812,129,114.1583178100607,162.04570780869227
813,129,69.76382874494959,144.5055787932746
814,129,63.08044544805923,141.86392440100784
815,129,51.559887433405166,137.30976968207037
816,129,43.482443602712806,134.11634936787306
817,129,37.53349261001043,131.76419099882796
818,129,33.99575412685619,130.36524311147306
819,129,34.61668049368544,130.60854783070099
820,129,34.36942169801594,130.51159225475135
821,129,35.63130742433403,131.01132733279564
822,129,42.63221786143909,133.77848394799477
823,129,83.43845746789691,149.90301472016927
824,129,87.57826458041696,151.6039868475143
825,129,72.77214292214855,146.59029747919223
826,129,51.0883367483231,139.71228471863301
827,129,36.862836100014995,135.44499292616842
828,129,35.880511799697594,135.63311737102205
829,129,36.118571586151695,135.54988476570242
830,129,38.361150241418194,135.52492865036282
831,129,52.065223131528256,139.50460002515987
832,129,91.07588362157483,153.43740223206228
833,129,142.81225005233316,173.37753799374795
834,129,144.0068022633318,173.844347374203
835,129,131.7777374992082,169.0107699407933
836,129,119.35418955193727,164.1005823538369
837,129,69.58704382586743,144.4394842762873
838,129,59.892971284297204,140.60707341950618
839,129,50.767659788946844,137.00084662514178
840,129,40.07233733054736,132.77221772080287
841,129,35.18815295689637,130.84180749738303
842,129,31.989341133597566,129.57754281376373
843,129,30.99853453710192,129.18535107586743
844,129,30.26790429009027,128.8960480908237
845,129,31.27222926170082,129.29227359789778
846,129,38.54269657635204,132.16640607255206
847,129,72.47765265731212,145.5732294034272
848,129,75.43394495490058,146.82145348617203
849,129,62.61940307918637,142.61503840650096
850,129,50.742713543748586,139.59178954527354
851,129,38.79516118484596,136.46160579780184
852,129,34.87217472549412,135.50645781806855
853,129,36.800735476725734,136.1838882488705
854,129,39.85186118876322,136.46525864594727
855,129,57.87403187397812,142.1036999944687
856,129,92.93406872173865,154.36071242858281
857,129,138.55204235792613,171.70787590296467
858,129,131.7697938309446,169.00854266326087
859,129,118.24839788117079,163.66363034997295
860,129,106.92095609821935,159.1864704061216
861,129,65.37443372808838,142.77479788943546
862,129,57.75030965040611,139.7601358012986
863,129,48.71970848756204,136.18924071167783
864,129,41.30103102479252,133.25642297959055
865,129,35.01231640206238,130.76963695334786
866,129,30.66260969858536,129.0503252567417
867,129,29.101493512317845,128.43292120296888
868,129,27.819371094757972,127.92615256954065
869,129,29.77801123165282,128.69969297695442
870,129,35.54436247992593,130.9785851963481
871,129,71.02261686800443,144.9961019190774
872,129,74.16072602116576,146.3007754978307
873,129,64.17763913481195,143.229707760432
874,129,44.54113542443733,137.06485051108126
875,129,34.46661527179063,134.4808003348883
876,129,32.89643120943804,134.48772197166514
877,129,32.80370269956736,134.40205433591814
878,129,39.13598138697472,136.0306012304622
879,129,52.8613470401368,139.9750430990197
880,129,81.74036579398215,149.94332373334964
881,129,124.51808964677643,166.15839866813718
882,129,127.98398575047298,167.5112382548986
883,129,119.69544340607312,164.2355044922563
884,129,112.18432120146394,161.26686094262564
885,129,67.57731683986141,143.64413987936035
886,129,60.56641349361396,140.87302332637722
887,129,51.5510879727565,137.30832932155639
888,129,40.85189921865535,133.07782117243974
889,129,32.94228451929354,129.95035803011382
890,129,30.372634689995724,128.93531644421375
891,129,28.741151778419997,128.2905019352731
892,129,28.23008514789572,128.08735679605545
893,129,28.90897650442538,128.3562494636388
894,129,33.47201726134827,130.16121308483184
895,129,41.51047137958566,133.33862964371244
896,129,48.50655135557526,136.39721178217482
897,129,39.04506908093631,134.93593639521518
898,129,23.783223113991326,132.66457579963398
899,129,9.279158913930704,130.1247467966589
900,129,4.776898516483304,129.98145630795653
901,129,2.6815968912164365,129.14739887624498
902,129,7.42849874014952,129.08828000705697
903,129,20.748019509533016,130.88270657999516
904,129,45.52084127381179,137.18235626578644
905,129,76.36124890789864,147.24982789877615
906,129,77.96542286797069,147.7478913460191
907,129,72.77785462596063,145.69791240979973
908,129,66.63255759761394,143.26908295804466
909,129,58.061674493223116,139.88069532654498
910,129,52.37180175196178,137.63110205635775
911,129,45.62484119049241,134.9639316040428
912,129,38.49273542575969,132.1441831005388
913,129,33.010570384426536,129.97746561360913
914,129,30.217444188564368,128.8728181693632
915,129,28.758187732092004,128.29623433533183
916,129,27.62692300938223,127.84893873369919
917,129,29.314902050361326,128.51628053418594
918,129,32.339884161836366,129.71263178274427
919,129,38.793275709141334,132.26302045963757
920,129,48.54485193911539,136.39973742858604
921,129,44.07306851710015,137.07614677107068
922,129,31.974844091641362,135.9252960311003
923,129,21.891413979751135,134.750783662383
924,129,15.72367816866017,134.08852915546177
925,129,14.6227382368716,133.34032808813663
926,129,18.82906102957,132.96144301391044
927,129,29.24572963227093,133.88376321553235
928,129,50.63158365097051,138.71614487325704
929,129,85.3578655882567,150.7321147403863
930,129,89.83601378433356,152.43997134890407
931,129,82.44849365626193,149.51922936489146
932,129,75.35305765243604,146.71446293524525
933,129,69.37010911087484,144.34983843238243
934,129,59.81832548716222,140.57431283360086
935,129,48.077913330958914,135.9333665148924
936,129,40.645615107594814,132.99586278111857
937,129,33.70253284717733,130.25103480594012
938,129,31.4501949037114,129.36042012970614
939,129,31.169966834816552,129.25003380531192
940,129,30.7381635160501,129.0797622528799
941,129,33.35162621247728,130.1136442162957
942,129,39.96466139060042,132.72865906167866
943,129,78.74717714749517,148.05047493181743
944,129,77.76662513195882,147.79320814615426
945,129,57.92832792328753,141.15031343620961
946,129,35.08976508131522,133.95294292489922
947,129,22.03711324992346,130.33244299448936
948,129,17.48479865435087,129.14929464764268
949,129,14.740705632223603,127.90904455738364
950,129,19.82462381232402,129.06123069269793
951,129,30.482867282299765,131.63200018661374
952,129,64.96012884145549,143.60434095046412
953,129,129.60685459169105,168.1903539869548
954,129,133.9958491041519,169.8882951681155
955,129,124.22594675950205,166.0267129122853
956,129,112.54459639797624,161.40932547145778
957,129,67.0695616856653,143.44462288891785
958,129,55.38462615399237,138.82714013305966
959,129,46.234931243270324,135.21006620807563
960,129,40.00021068712875,132.743204008124
961,129,34.228525188228836,130.4613331950444
962,129,31.955050517032173,129.5625984446945
963,129,31.191958655708483,129.2606479610579
964,129,30.091134524973246,128.82558603747708
965,129,32.16242818938095,129.64441376361628
966,129,37.55180715485504,131.77563175270984
967,129,74.43835092754757,146.34816051826968
968,129,71.76016209988157,145.45162096791785
969,129,52.42027596830035,139.00153017248823
970,129,29.490006146112858,131.896851953305
971,129,16.832315657507188,128.60877958992785
972,129,12.516720156375744,127.69877160047125
973,129,12.830002802195697,127.71762833489674
974,129,19.88172763456638,129.4083711079533
975,129,35.955018751322044,133.97455305688723
976,129,71.90166134916153,146.38222708162047
977,129,134.4212898087727,170.12547757676657
978,129,142.02252134914616,173.05866657473686
979,129,125.76417000437168,166.63306258142634
980,129,115.24721270984547,162.4766035905321
981,129,70.22694602392717,144.6895358475573
982,129,63.33584483841172,141.9663824603156
983,129,50.95539684109946,137.0732779893031
984,129,42.52159933721349,133.73810898102963
985,129,36.90498477110226,131.51843633166567
986,129,32.503375304743095,129.77898516256576
987,129,32.13192644507674,129.62986013105927
988,129,31.741359960442097,129.47495481115834
989,129,34.77780191018876,130.67507431476295
990,129,42.24387980940741,133.6268250933384
991,129,80.51683141164504,148.7492567190336
992,129,81.66814130154546,149.41085262670705
993,129,65.90362279746715,144.37990281291962
994,129,45.0652714652785,138.0840010054523
995,129,31.40647451994899,134.1779572793538
996,129,27.953429923849377,133.46948961473927
997,129,28.432482738284534,133.50101522468594
998,129,33.78692798937213,134.59006706441534
999,129,43.44764828567911,136.81008195850686
1000,129,77.02998749168532,148.323595539268
1001,129,129.3047228964843,168.07163225420106
1002,129,130.10604068220727,168.35220582866668
1003,129,122.05818330733526,165.17104160780443
1004,129,111.59277488269854,161.0345406635588
1005,129,64.5738674111216,142.46071942828942
1006,129,58.50968488100597,140.06223150737532
1007,129,48.78687753314782,136.2192406399029
1008,129,40.21086421683056,132.8272389709824
1009,129,36.722695870465444,131.44707096725054
1010,129,35.42190351066501,130.93370843775529
1011,129,34.38600589892597,130.52388603487938
1012,129,31.807868447403603,129.50457207711355
1013,129,34.30072359675422,130.48928026480266
1014,129,42.30946336781585,133.6561071887541
1015,129,83.70402995810059,150.0103100131625
1016,129,81.96840716368303,149.53711887833686
1017,129,63.06550701796079,143.3294293389499
1018,129,45.06511603614449,138.1465282346748
1019,129,33.39464568361087,135.23624394904948
1020,129,29.26194854360334,134.25757576485898
1021,129,27.82562211480927,133.6289755651424
1022,129,30.356001987235217,133.59994417175838
1023,129,47.36441930877845,138.6534716025123
1024,129,78.94401333942746,149.2793969070035
1025,129,130.39163330740516,168.55116994391574
1026,129,134.33384478462455,170.02095755016353
1027,129,124.98774024626836,166.32655199917784
1028,129,113.17287982400039,161.65707908088106
1029,129,67.6055321149509,143.65619271297467
1030,129,61.291653151317085,141.16013318838256
1031,129,51.843309639774255,137.42395636083728
1032,129,43.00577709104005,133.93001207538052
1033,129,38.21160482388922,132.03406039083865
1034,129,34.37993872778906,130.5194868121878
1035,129,33.04833762347561,129.99241951062388
1036,129,32.42433550380955,129.74525165396648
1037,129,33.655820374017004,130.23082350543606
1038,129,39.10414538123886,132.38458278597344
1039,129,74.32376594669543,146.300817933813
1040,129,81.02028261500249,149.14767428662216
1041,129,66.94142982210444,144.845002961582
1042,129,49.557213381144976,139.82140453463472
1043,129,37.43909030616484,136.58653160674027
1044,129,37.03904614303647,137.1380535127715
1045,129,35.906025376114506,136.6452747747748
1046,129,38.17677653000888,136.57948936324053
1047,129,45.65719790243791,137.88318638257613
1048,129,72.1577700484306,146.63159832527035
1049,129,130.5386934942869,168.6049187441108
1050,129,139.90109346980398,172.2218550893757
1051,129,128.01034218911178,167.5223581603865
1052,129,111.76033428317655,161.09996231958021
1053,129,68.99213749943218,144.20467831300243
1054,129,60.523188934795016,140.857330601257
1055,129,51.82897216973535,137.41993404269647
1056,129,43.303841337864924,134.04868635390622
1057,129,36.858343737750985,131.50118594795154
1058,129,33.685633054903164,130.24816010310658
1059,129,30.720367697289987,129.07582496924596
1060,129,30.60632372438528,129.02964653144778
1061,129,30.992592447165638,129.18267108735515
1062,129,33.84413487002175,130.31178481588998
1063,129,42.588315133087605,133.76754850075287
1064,129,47.978557750065676,136.64421007593185
1065,129,35.60495287312765,134.88372324919393
1066,129,19.50963764654275,132.83671689771995
1067,129,6.376877160679286,131.1919395187322
1068,129,0.0,130.18716984795788
1069,129,0.0,128.29495149705932
1070,129,0.5640291643000463,128.577989029225
1071,129,16.662931364345464,131.05456826402403
1072,129,41.92674486528856,136.8983231026108
1073,129,79.37087472868136,148.66786751390393
1074,129,83.40348530865712,149.9016941972587
1075,129,77.45449985634316,147.5510099046232
1076,129,68.71920071447119,144.09902870621275
1077,129,62.42762101534286,141.61071113926232
1078,129,54.56013632925434,138.50017285488784
1079,129,46.45745013367435,135.29694148066284
1080,129,39.69613587849576,132.62407175853403
1081,129,33.37932873866618,130.12616624371915
1082,129,30.8160953979568,129.11330288315662
1083,129,29.235855808909303,128.48890187520703
1084,129,28.228901296523695,128.09072513342977
1085,129,29.508174263538592,128.59687882133787
1086,129,32.08593256455331,129.61703145671197
1087,129,38.135796137593054,132.00777087411518
1088,129,44.7761084685425,135.37789203241383
1089,129,37.10474031105737,135.67087950301996
1090,129,23.69882154730241,134.6038882263701
1091,129,14.332113254437992,134.08524700260548
1092,129,10.21380379677317,134.41784505891795
1093,129,10.966204038701509,134.34774113734798
1094,129,17.560242985539208,134.72582704893466
1095,129,28.482669584069832,135.46197758778717
1096,129,48.29723588234442,139.0214207058005
1097,129,80.68957377194494,149.0931508066492
1098,129,84.98754140884652,150.52696421987852
1099,129,76.23522318047439,147.06752794370615
1100,129,66.36117786139582,143.16443884917476
1101,129,59.498416105861494,140.4519356380094
1102,129,52.26223332403105,137.59199590173273
1103,129,42.47092063803674,133.7200475572291
1104,129,36.049414714886765,131.18148955439577
1105,129,30.523042939579604,128.99556930684872
1106,129,27.377240037102816,127.7526255976264
1107,129,27.43987046113875,127.77641970904344
1108,129,27.122979163985498,127.65095734435539
1109,129,28.774556827621716,128.30523564108773
1110,129,35.43872180442682,130.93985592348844
1111,129,65.49289446786422,142.81235553877707
1112,129,62.71994122817593,142.04935548971238
1113,129,50.122793045485395,138.6498246844054
1114,129,39.83569677791204,136.68170520338185
1115,129,30.53079345432593,134.69694151267424
1116,129,32.3844385232834,136.1246563550601
1117,129,27.778676863653647,134.12987453117543
1118,129,29.14533880810176,133.71352706411386
1119,129,34.357821125701,133.95485066723808
1120,129,60.42205226143563,142.32468255263615
1121,129,110.26184311807478,160.6365115750577
1122,129,125.20706011129967,166.41346904803075
1123,129,114.19919905322925,162.06259767577143
1124,129,104.40828810144893,158.19255435152252
1125,129,61.635182298309296,141.2934870522502
1126,129,53.140058886158755,137.93553770490453
1127,129,44.88750932066138,134.67276125117618
1128,129,36.00373312965705,131.16106361117033
1129,129,31.962945114542578,129.564021152324
1130,129,31.38709488675378,129.33584184326395
1131,129,29.25956475581033,128.4942247520808
1132,129,29.15899327252059,128.4533309404127
1133,129,32.174700005836556,129.646172656303
1134,129,39.96789562187771,132.72857718507268
1135,129,77.90195759832172,147.71818418714275
1136,129,70.11221318218871,145.03091282467042
1137,129,49.04020512603459,138.27591693672204
1138,129,28.977743681393697,132.52257057104646
1139,129,19.0501061022068,130.46823495255592
1140,129,15.88319360525714,130.0813769317184
1141,129,14.145230534762755,129.26442523295563
1142,129,19.78039253839035,130.32101292642943
1143,129,36.21229145434911,134.86640864825935
1144,129,71.20753871080072,146.63348997079336
1145,129,129.7213279804149,168.37587471470687
1146,129,133.31032317777257,169.61691879656166
1147,129,122.33714712968576,165.28001188036325
1148,129,111.8986905267068,161.15464533585975
1149,129,67.59027491419968,143.65079365079364
1150,129,60.886102670217284,141.00077565072803
1151,129,51.935360912118185,137.46107982322576
1152,129,42.44011726783517,133.70562872175694
1153,129,36.14844678626407,131.22028227275504
1154,129,33.268706432395476,130.0830919287311
1155,129,31.720183923752955,129.46955240756694
1156,129,29.80256236931948,128.71184840289845
1157,129,30.430157538392905,128.9591625887765
1158,129,34.77551877288962,130.67734734301436
1159,129,65.43556114750636,142.7978446633751
1160,129,59.890808306073225,141.04332767055544
1161,129,41.75728904222667,135.39153280748243
1162,129,25.1109679133727,130.97667142985722
1163,129,18.16184770778313,129.84677599442136
1164,129,16.49946279129316,129.89884847096945
1165,129,17.590554680893046,130.16814044397228
1166,129,26.702973279001387,132.6945657324249
1167,129,39.2196789221648,135.91139022517692
1168,129,69.15365411668071,145.73685124749633
1169,129,121.68893081267517,165.15904313216515
1170,129,127.65597191819239,167.3827176733046
1171,129,118.24251606402942,163.66199311640844
1172,129,108.72334586377181,159.89977863076498
1173,129,64.0475654868567,142.2511069144673
1174,129,56.14997245970043,139.12765433359039
1175,129,46.04750835679763,135.1335380304748
1176,129,35.72573073735079,131.05234965241257
1177,129,30.95538684661814,129.1656475014828
1178,129,28.665450043470724,128.25945627532238
1179,129,27.655007960641715,127.85971212154254
1180,129,26.418543975530042,127.37081877411302
1181,129,27.35807977090768,127.74140632351619
1182,129,33.48106947782052,130.16311759143423
1183,129,66.3698509016118,143.16919992181425
1184,129,61.657364411276966,141.754612729057
1185,129,42.62766718426174,135.81140649231725
1186,129,26.15674022376117,131.44916421566597
1187,129,17.16105727925169,129.6714237392714
1188,129,15.627734956463065,129.74749566432737
1189,129,14.05209399528089,129.07342093248332
1190,129,19.986067647332288,130.37240092978186
1191,129,34.63110787429123,134.36050540037468
1192,129,65.70300755170422,144.5700017350478
1193,129,122.74089308901928,165.65768888852057
1194,129,127.64494915886509,167.37544606148387
1195,129,121.807038344604,165.06802156750618
1196,129,109.72769671548473,160.29404778988805
1197,129,65.71554279906137,142.90516532002712
1198,129,56.72003470244404,139.3510657680347
1199,129,48.7954108017256,136.2162863326874
1200,129,40.141351098612745,132.79499298498487
1201,129,34.59527532107382,130.60357475274154
1202,129,31.812491230531244,129.50332934690266
1203,129,30.424186176953253,128.9538690780602
1204,129,29.551466984691164,128.60915072145755
1205,129,29.74037205820957,128.684200107339
1206,129,36.13669716050284,131.21351240128422
1207,129,70.17875160095585,144.66777410481436
1208,129,70.52010338705237,145.22976854192152
1209,129,58.502639724751624,142.01493051077986
1210,129,44.89632175379961,138.66668422767242
1211,129,40.15699098304526,138.44332394662757
1212,129,41.07368993629719,139.56220545731912
1213,129,38.95157263751259,138.68631590556708
1214,129,41.73666868905752,138.83325013317818
1215,129,47.42133710649416,139.33607466449618
1216,129,68.57919597021441,145.76858689486247
1217,129,121.25856716370248,165.08557750168345
1218,129,132.89933476850086,169.45519881961565
1219,129,127.16457506987113,167.18861113099902
1220,129,116.98326453710561,163.16412259880656
1221,129,70.92748571132384,144.97101668255812
1222,129,61.69898599978245,141.3240378690298
1223,129,53.63714534657664,138.13662901849258
1224,129,45.14273691487232,134.77691845227764
1225,129,38.30394158198,132.07422213856788
1226,129,33.63516312335457,130.22845550196894
1227,129,30.941955822396686,129.16382543977022
1228,129,29.33875839032061,128.5296481249379
1229,129,30.253681229379733,128.89086016569698
1230,129,34.489626820687974,130.56713628994004
1231,129,41.06692925334479,133.1944621972966
1232,129,40.00717759718673,134.10575032545344
1233,129,27.282629510316095,132.79047211414914
1234,129,8.625435637097079,130.09992092867085
1235,129,0.0,129.24916810676837
1236,129,0.0,129.18355000816135
1237,129,0.0,127.86243669791477
1238,129,0.0,126.83085166473485
1239,129,5.48586236832062,128.38830091002845
1240,129,28.830369412921886,133.03462135241307
1241,129,67.21230889969536,144.28540193386903
1242,129,77.02053007236357,147.3775450513384
1243,129,74.15031002517942,146.24312518039562
1244,129,66.7741638089878,143.32801516204262
1245,129,58.224723243519875,139.94812880053126
1246,129,51.92510410529957,137.45792906247848
1247,129,44.71183588425351,134.60666618166226
1248,129,36.94834725797878,131.53752167776165
1249,129,32.25545658824728,129.682385826567
1250,129,30.378529722378506,128.9397934002803
1251,129,28.865737559399516,128.34148616583096
1252,129,27.731468092333202,127.89239179831365
1253,129,27.790493526797306,127.9162956675545
1254,129,30.692582604633003,129.0643955194113
1255,129,35.22175211132913,130.8719052470592
1256,129,33.317928879658496,131.45649343541103
1257,129,20.63354916113198,130.3623451541831
1258,129,6.120186265377406,129.2611538781533
1259,129,0.0,128.46939176446017
1260,129,0.0,128.777654349983
1261,129,0.0,128.84282611316618
1262,129,0.0,128.5965352415492
1263,129,9.40768572396292,129.81705533746785
1264,129,29.010371019577082,132.88341554354912
1265,129,61.425256300060994,141.9621431013918
1266,129,70.388425181002,144.75516233556132
1267,129,69.99142174536594,144.59822282556334
1268,129,63.91685557311544,142.19640775154795
1269,129,57.222170197633645,139.55091335958915
1270,129,50.764125763043566,136.99846514356796
1271,129,43.53411433192105,134.13866152488512
1272,129,37.2450975100927,131.65093958453798
1273,129,32.69098240238723,129.84947773481292
1274,129,30.7751415699694,129.09344313112624
1275,129,29.12408050154188,128.44015422162465
1276,129,28.737722949175502,128.28824172661638
1277,129,31.089093423045004,129.21735234433106
1278,129,38.18495253514882,132.02298387404588
1279,129,69.4740104362312,144.39937001638893
1280,129,60.89395819437757,141.58175710826586
1281,129,45.34039657548116,137.27446248578332
1282,129,35.64713580306404,135.73346018618383
1283,129,27.792004428549745,134.41147292285288
1284,129,26.467848673614284,134.64321392432666
1285,129,26.668290800709226,134.59238797646125
1286,129,27.086134493851283,133.8115516176635
1287,129,35.29270687110436,135.17096713472856
1288,129,58.58510665110561,142.24861180162233
1289,129,105.36312712755443,158.92149643644095
1290,129,118.52384699812491,163.77255016865647
1291,129,115.54745538241404,162.59581478108922
1292,129,106.79503342591192,159.13599934399858
1293,129,67.61810284932865,143.65725859329382
1294,129,58.591732742239905,140.08880698869726
1295,129,49.13597319043593,136.34968187484742
1296,129,38.46025304854084,132.13012649163437
1297,129,32.46556571243963,129.76046915302237
1298,129,29.93824912016018,128.76080865678773
1299,129,30.559294368692804,129.0062487969944
1300,129,29.502135323770254,128.587655536281
1301,129,31.205127235050554,129.261309049318
1302,129,37.77046514280935,131.85864473301623
1303,129,70.23870406515024,144.70901849981303
1304,129,56.356882038998734,139.87319994112949
1305,129,41.631548040988676,135.8889386235315
1306,129,27.119881547159725,132.49886595195616
1307,129,19.255309099640403,131.3843840906816
1308,129,14.39167573441334,130.3996939809713
1309,129,14.200170767216886,130.24013004347339
1310,129,18.817161888602882,130.9094238260073
1311,129,33.3541473094179,134.6449566819495
1312,129,62.07437995664294,143.7239562850348
1313,129,119.55152911000188,164.60423050818454
1314,129,126.83658351220076,167.0605310410457
1315,129,115.26337068690856,162.48637839353006
1316,129,103.12284182480667,157.68835586913897
1317,129,62.80532446916151,141.76592188571158
1318,129,56.0259677591661,139.08513333787974
1319,129,47.187524921102366,135.58860901506853
1320,129,36.517788116907184,131.36745923105505
1321,129,31.828966292141722,129.51487259873895
1322,129,31.680654744531196,129.45815168122263
1323,129,31.07179423039995,129.21560965374346
1324,129,30.94829387075486,129.16678773494746
1325,129,32.34482108238486,129.71932271173472
1326,129,39.76891192845366,132.6548948850183
1327,129,74.2411531486073,146.30627566169002
1328,129,60.7617539144713,141.65717565504266
1329,129,38.123666386788884,134.45711187237876
1330,129,17.75443625583425,128.77594285496846
1331,129,6.897311252785724,126.23858920288164
1332,129,3.878930434236894,125.83669509648688
1333,129,6.311852597337575,126.70290877420437
1334,129,13.178777053678141,128.349903815238
1335,129,24.72278755632864,131.13193242836897
1336,129,54.35370216355844,140.62450697765388
1337,129,111.42081961729595,161.3663144737451
1338,129,128.16184918687142,167.58483945917857
1339,129,123.04022149506068,165.55784268592984
1340,129,113.5493720559839,161.80641385574833
1341,129,71.18359883739234,145.07116052509377
1342,129,59.62855406461796,140.50261486948622
1343,129,47.98416873342783,135.89922627494533
1344,129,38.701755444671655,132.22940798025033
1345,129,31.774366168412843,129.49095046746422
1346,129,29.414992233104716,128.5569163653256
1347,129,26.926821510219796,127.57335547695195
1348,129,27.16316823665531,127.6663871522968
1349,129,28.91305091650912,128.35721770032316
1350,129,35.89947305750197,131.1184207124252
1351,129,67.43536465093268,143.61937811806055
1352,129,57.07342978153977,140.21420652914813
1353,129,35.790699356456564,133.61565818931913
1354,129,18.888376413788865,129.29450999147895
1355,129,9.97018962193846,127.6601889021865
1356,129,10.355074354657285,128.55568112492344
1357,129,8.581717673310777,127.88233121278952
1358,129,16.018720681736,129.79030055068225
1359,129,28.509399245779708,132.85882673196875
1360,129,54.94306653112871,141.04374765918064
1361,129,100.33033121855003,157.11170322949346
1362,129,116.99099921738713,163.16768568089847
1363,129,110.78505415938902,160.71231319366626
1364,129,103.05385246119064,157.6567208870011
1365,129,60.177419150221176,140.71565334553108
1366,129,52.30704381903598,137.60599035900742
1367,129,45.86298407419774,135.0578428639984
1368,129,39.575559290912146,132.57145629788016
1369,129,35.193335180365345,130.84003341712335
1370,129,32.89217481253557,129.92999289558105
1371,129,31.9830598455155,129.57010260985984
1372,129,31.060950167898447,129.20641944735692
1373,129,31.900611471990864,129.5392379810046
1374,129,38.29546973294871,132.0681987438741
1375,129,69.63396631831579,144.47863699767703
1376,129,61.852291903446044,142.06846691333934
1377,129,44.06679915884815,136.78248315622935
1378,129,27.70416058604064,132.53795195914074
1379,129,19.116962558702742,130.9465705252899
1380,129,14.915302914707693,130.13733237590785
1381,129,16.44780351955578,130.76829641066385
1382,129,19.106420261037925,130.8797778888007
1383,129,27.935427887016832,132.5854905731445
1384,129,52.74268428942237,140.26736138736385
1385,129,100.21462206327391,157.1025224101267
1386,129,120.79471839438072,164.6800740781749
1387,129,114.31583278481853,162.1106081738749
1388,129,107.73870788351373,159.51049353974454
1389,129,62.58817713593162,141.67408985474847
1390,129,56.61562447937292,139.3134288696329
1391,129,49.22055167754445,136.3901033516954
1392,129,42.52146327314064,133.73895762860934
1393,129,36.76502018629261,131.4657674681016
1394,129,33.44516456247454,130.1523299063517
1395,129,33.52407774010912,130.18274466864813
1396,129,32.045669233983105,129.5978589590571
1397,129,32.1823015282568,129.6522214513361
1398,129,38.08741087787957,131.98778017954567
1399,129,43.96979064700198,134.4216192063896
1400,129,36.97527379442227,133.54477581330764
1401,129,20.125958442432182,131.04564314944383
1402,129,0.0,127.7573601057497
1403,129,0.0,126.9788800326416
1404,129,0.0,127.30110846464478
1405,129,0.0,126.83400957634777
1406,129,0.0,126.55547658837502
1407,129,0.0,127.4587836233887
1408,129,21.664269947701666,131.96826846952294
1409,129,64.89508647763701,144.21462276110182
1410,129,81.52482215758478,149.1822646392378
1411,129,78.08621754497838,147.79928725999565
1412,129,71.01173840850278,145.0031870403542
1413,129,66.48889099527126,143.2153620462223
1414,129,58.450684973677674,140.03748843947716
1415,129,53.18399960225471,137.95479312309678
1416,129,43.18928099873006,134.00365452172483
1417,129,39.37629882670716,132.496626859947
1418,129,36.002558716614296,131.1622771164011
1419,129,33.73522684745809,130.26596274667853
1420,129,32.68209171025433,129.84896762427425
1421,129,32.559070892663996,129.8003421889481
1422,129,36.15884562836914,131.22343377600777
1423,129,40.704560460672546,133.10693767263564
1424,129,31.024865468226157,131.19924770429742
1425,129,14.31333880565261,128.9334154719707
1426,129,0.0,126.16975014243606
1427,129,0.0,124.99336995319368
1428,129,0.0,124.81521358023944
1429,129,0.0,124.05763853610065
1430,129,0.0,124.30366805501382
1431,129,0.0,125.68695643168493
1432,129,17.815077592377612,130.42810217127038
1433,129,61.86378539736146,143.11138708674832
1434,129,83.61922246966303,150.05602817972584
1435,129,77.96020240156257,147.74646975619936
1436,129,72.8320209160686,145.71817948014254
1437,129,62.918198218345445,141.80153935216018
1438,129,55.0728249756679,138.70073818599323
1439,129,45.77472831043867,135.0236024567346
1440,129,36.77800990919422,131.46611001462455
1441,129,31.919986478924592,129.54456231670991
1442,129,29.37755979687935,128.54011092261112
1443,129,28.304366948151774,128.11654830523705
1444,129,28.737597443364372,128.28743237255568
1445,129,31.403710528578987,129.34133965631838
1446,129,39.26853031915214,132.44974408581766
1447,129,70.50533913700038,144.84434232657347
1448,129,54.31621150656315,139.2394590739666
1449,129,36.007263560447036,134.03104846037942
1450,129,19.449219099600324,129.982919660075
1451,129,11.07363765001806,128.61149673083557
1452,129,7.548877812433244,128.12645358939005
1453,129,28.126857570296846,128.03847742010404
1454,129,30.133355660098783,128.8315308752795
1455,129,21.446656410575525,130.72411589448882
1456,129,48.43859868642018,139.08353400765338
1457,129,112.87042654924096,162.31366269933082
1458,129,138.18724366852138,171.5755553468775
1459,129,131.9985825627547,169.09722692350698
1460,129,119.63915774121656,164.2117849362572
1461,129,74.01391093303928,146.1847146470953
1462,129,65.3967717932469,142.77801838803904
1463,129,54.12000048377547,138.31971714606044
1464,129,42.478609808279266,133.71723593030708
1465,129,36.426745838638205,131.32404025021728
1466,129,34.692379203837135,130.6387280491956
1467,129,35.50536471335667,130.9598459994675
1468,129,36.27880484014618,131.2665112871683
1469,129,38.08023598497456,131.97807742416725
1470,129,45.24416249149986,134.8117800556715
1471,129,83.40168805566873,149.95799082276707
1472,129,66.58963291765882,144.1927414239587
1473,129,45.37777679243419,137.8365213566942
1474,129,27.16484690685269,133.16768628632178
1475,129,14.684643206197533,130.40954404805564
1476,129,8.325008901177917,129.01129781725123
1477,129,29.878994459540444,128.7309406687268
1478,129,13.941900295561506,130.08706274294755
1479,129,26.309856977771624,132.94748625502106
1480,129,56.26997265590834,142.32521821244234
1481,129,119.4296990775527,165.00890307846709
1482,129,138.63870703134722,171.7502343930786
1483,129,134.29973634609104,170.0085703793921
1484,129,124.65042820879049,166.19497393682397
1485,129,77.07680388481059,147.40246674015492
1486,129,65.84397188583375,142.9633142583504
1487,129,54.956511384849215,138.6585990760763
1488,129,44.38972550880414,134.47923919734282
1489,129,38.66740722444189,132.21742006943103
1490,129,35.05265885668468,130.78970023742298
1491,129,33.80471940756218,130.29610052479256
1492,129,33.69255696862888,130.2517615831495
1493,129,36.9563039580472,131.54191021986946
1494,129,44.728927085330156,134.61639952591455
1495,129,77.4001322308038,147.6080325032443
1496,129,59.636569175471756,141.4648591580341
1497,129,40.351990466466546,135.79013631890027
1498,129,21.609953513630977,130.9634502596831
1499,129,9.808218566115,128.2390969634776
1500,129,28.0581317145674,128.0113335012365
1501,129,7.041411326217766,128.1415203420966
1502,129,11.997188223401244,129.02170435736238
1503,129,23.899387502425146,131.93363097151172
1504,129,53.35309959046998,141.1528185648697
1505,129,108.39743270009551,160.644218468322
1506,129,128.98037619359917,167.95840327067614
1507,129,132.20205248527353,169.1790026770859
1508,129,120.48029478422723,164.5458223682019
1509,129,72.85037505611965,145.7280231705145
1510,129,66.23330317400193,143.11257099327358
1511,129,54.34726821754582,138.41374947505918
1512,129,44.433748738507475,134.49332860680792
1513,129,36.54846662002322,131.37625523782043
1514,129,32.8184416016361,129.90182944106505
1515,129,30.977717863899592,129.1746739753775
1516,129,30.783777930263625,129.09727391636957
1517,129,34.60182930671947,130.60645809531678
1518,129,41.66882182300997,133.40068420349365
1519,129,69.2995382997249,144.41298155071618
1520,129,51.41418754498232,138.24451529842148
1521,129,29.16575056392316,131.4885865133662
1522,129,27.488724441449957,127.78635667591318
1523,129,23.54532925170813,126.22779303518521
1524,129,24.25459662194337,126.50813361004597
1525,129,23.13017998848858,126.06371166105046
1526,129,26.613998751883532,127.44058502681003
1527,129,17.607657858327734,129.6511199644436
1528,129,47.31497962778817,138.92932502701183
1529,129,97.46579156071353,156.47988470788528
1530,129,125.09867003707251,166.41824947315516
1531,129,120.24602335245486,164.4529236593857
1532,129,114.77900965264561,162.29196268405798
1533,129,65.59749115710474,142.8610548598833
1534,129,58.792726416242544,140.17139524175656
1535,129,48.68499854046168,136.17692339166078
1536,129,40.94532700774501,133.11625564153096
1537,129,35.733546661657144,131.05524446413423
1538,129,32.33595869827468,129.71202952119262
1539,129,30.537247061847868,129.00015767387856
1540,129,30.418874102448694,128.95259718667847
1541,129,30.682031936343225,129.0565961869498
1542,129,36.995729276260285,131.55212361171252
1543,129,61.740824309137835,141.41484167531436
1544,129,46.86579048511633,136.42047165846105
1545,129,29.696609085284745,131.5865775923694
1546,129,14.869899597932536,128.1706904331819
1547,129,5.664329024275639,126.54783445355669
1548,129,23.554560416772233,126.23134758174781
1549,129,24.90530513485671,126.76520174041653
1550,129,8.185697453230445,127.71762851432936
1551,129,20.202369402505155,130.65313357990996
1552,129,45.6294776556843,138.35830977836673
1553,129,93.9639110333026,155.13951826072565
1554,129,121.11566868189662,164.8637512853036
1555,129,119.9745675541055,164.34573826377786
1556,129,110.33055207815158,160.53356289619134
1557,129,67.58748530874428,143.64764110227551
1558,129,59.944451032200085,140.62597698464964
1559,129,50.28309297626888,136.80771324394775
1560,129,42.714064977161165,133.8133968586049
1561,129,37.714402568184546,131.83855253199155
1562,129,35.38236972440678,130.91611533810726
1563,129,32.77167693150168,129.8842999399928
1564,129,32.68047769249541,129.84806957979683
1565,129,32.01461126140164,129.58437269790358
1566,129,36.23164948090419,131.25453472492603
1567,129,37.97718414017559,132.21556866149328
1568,129,24.97443804392108,129.48049260185616
1569,129,5.991723271699801,126.60982138357055
1570,129,0.0,124.41137411760658
1571,129,0.0,124.12949589113147
1572,129,0.0,57.21548076802703
1573,129,0.0,57.29196973619512
1574,129,0.0,124.23743362386915
1575,129,0.0,125.85682705762969
1576,129,14.6543981073234,131.14784175423702
1577,129,58.91059997416425,142.97364733461492
1578,129,81.73394710539297,149.39425006796935
1579,129,79.0918921591284,148.19659652279188
1580,129,71.04113976578456,145.01436058325996
1581,129,63.25271406323448,141.93536503663918
1582,129,57.95276932038761,139.84028285392174
1583,129,49.43374695762349,136.47198322599243
1584,129,41.2843640446564,133.25016004426638
1585,129,37.52674231347937,131.7637545918638
1586,129,34.81578536414585,130.69309321444337
1587,129,33.05431323492431,129.99688963558782
1588,129,30.178486124759722,128.85974308104497
1589,129,31.225932399934926,129.2727876235662
1590,129,34.79756791034034,130.68495571949106
1591,129,36.85698726305196,131.75322124272753
1592,129,29.10689364968306,131.15005994420204
1593,129,14.141555790211635,130.02512863833425
1594,129,0.0,127.49189021292803
1595,129,0.0,126.17776542092909
1596,129,20.824071025472524,112.20176701905021
1597,129,20.375918213223635,112.02463352265188
1598,129,0.0,125.43938949613812
1599,129,0.0,127.15641960107766
1600,129,15.596360536798224,131.53671972501454
1601,129,60.35976220777767,143.70952562085273
1602,129,81.15882459389208,149.28058771160076
1603,129,79.89862488843062,148.51555272776156
1604,129,72.71148707650525,145.6747235122761
1605,129,64.60191994406784,142.46962821891742
1606,129,55.57978336538995,138.9030699341468
1607,129,46.0057311181427,135.11796634934328
1608,129,38.16548341744928,132.01775532765123
1609,129,32.22078021344726,129.66636984002966
1610,129,30.172562056895632,128.8577925213137
1611,129,29.907175310829736,128.75500516350775
1612,129,28.956406010663965,128.3767485652159
1613,129,31.703292217958854,129.46257165843267
1614,129,38.671271184634534,132.21864649684218
1615,129,69.73143268268542,144.60936902428253
1616,129,57.20790171786987,140.67443615406708
1617,129,36.98155703443838,134.91094294267498
1618,129,19.94479551948827,130.88655876476264
1619,129,30.907384679697607,129.1374576761814
1620,129,28.89728558625663,128.3429784803322
1621,129,27.090011738435614,127.628721892904
1622,129,28.725705325085418,128.27520557607113
1623,129,17.521933445196876,130.16198457619822
1624,129,43.753576448559706,138.02491877089187
1625,129,100.87348906764885,158.05011107816742
1626,129,129.779210342113,168.3316223182254
1627,129,128.15278903800143,167.5782821206697
1628,129,117.03374942001093,163.1829410452235
1629,129,68.89653445861063,144.16521558907226
1630,129,60.65754600239025,140.90721319519926
1631,129,49.75842409982842,136.59882557499057
1632,129,39.03225581005843,132.3582395831637
1633,129,34.14293012293923,130.4240967758939
1634,129,31.417347564741142,129.34761928069804
1635,129,30.08050576694736,128.81752462710986
1636,129,29.378323418269623,128.54095674362486
1637,129,31.33660424349176,129.31416959352507
1638,129,37.99881483797498,131.9486117299018
1639,129,69.84434534013639,144.6800765240125
1640,129,58.1113828598878,141.16334383831082
1641,129,42.36536358660986,137.16441945462583
1642,129,24.05096975302651,132.61323950927394
1643,129,11.033369740363188,129.809700090841
1644,129,5.93539952226242,129.0512035320279
1645,129,2.4022372071230156,127.72465877987813
1646,129,6.1525035624537745,128.0253667449942
1647,129,20.78817184557502,131.7309451970583
1648,129,52.388940400527844,141.57290113287678
1649,129,108.16714555555127,161.0262460509606
1650,129,126.16757437831235,166.8878248329
1651,129,127.20523040301902,167.20254887735572
1652,129,119.03349992318165,163.9728942393891
1653,129,72.85078059417856,145.72641396840078
1654,129,63.48640492264432,142.02532248656016
1655,129,53.83534705803799,138.20956019320423
1656,129,43.477419129494706,134.1142655726151
1657,129,37.63014730382366,131.80343909451037
1658,129,34.246627749010656,130.46597394428545
1659,129,32.72438376118016,129.86379432453563
1660,129,31.97305046194375,129.56799211388568
1661,129,34.24250446681825,130.46455286860052
1662,129,40.68093659102253,133.01170450258522
1663,129,70.11777430042478,144.81506989754297
1664,129,53.973744854975166,139.53043518380179
1665,129,35.830600467334,134.50698795708277
1666,129,17.63732642381605,130.0710948463114
1667,129,7.697109930322426,128.23159755366922
1668,129,5.608793282018239,128.52035508047337
1669,129,6.473188689966836,128.96134212984668
1670,129,11.065991082876781,129.6835187796684
1671,129,19.828505644500297,131.2957706901605
1672,129,47.90949781869929,139.77939775962116
1673,129,98.67749872101366,157.2804116578077
1674,129,117.70054693407283,163.59970186231354
1675,129,112.6404544450107,161.44694667498035
1676,129,99.90222871580865,156.41225037330005
1677,129,62.28622323358557,141.55110218988284
1678,129,55.64443351508922,138.9258235683754
1679,129,47.83389520453394,135.83790103780578
1680,129,38.19364695742528,132.02565833557546
1681,129,31.935998212763756,129.55285061616826
1682,129,28.379325508409096,128.14655880696588
1683,129,27.532739615598285,127.81274140302997
1684,129,26.329561270060648,127.33663907295978
1685,129,27.91353548223054,127.96152302323804
1686,129,34.88221156770114,130.71805352121973
1687,129,57.2837762080992,139.75646226156584
1688,129,43.9945250028239,135.64871004000943
1689,129,26.344741119744963,130.93944278217444
1690,129,8.418845598330917,126.63872550147876
1691,129,0.0,124.50915042251106
1692,129,0.0,124.43766982061632
1693,129,0.0,124.3380082190948
1694,129,0.0,124.66348268128642
1695,129,7.367727245495933,126.58956597238635
1696,129,33.133056133599666,134.10527226447576
1697,129,80.22953540671945,150.1380560029711
1698,129,104.23421210021144,158.26437401134683
1699,129,106.34482927278603,158.95841132165015
1700,129,97.79196653227523,155.57786333309815
1701,129,60.850598602481575,140.98420492566515
1702,129,55.42398711958248,138.83924520287084
1703,129,46.35068525268829,135.25240265637498
1704,129,38.16426820912345,132.01535825020937
1705,129,32.346159137395105,129.71491912252785
1706,129,29.580220748443637,128.62134313933075
1707,129,27.95570070739659,127.97889205174474
1708,129,28.05830636544001,128.01867163767398
1709,129,29.49720161189324,128.58677543330484
1710,129,36.72298318802042,131.44281962241527
1711,129,57.48693163389224,139.83184508767883
1712,129,38.75178606741247,133.568923008217
1713,129,20.310357932268246,128.4470534029524
1714,129,6.850870818273988,125.75226892894194
1715,129,0.8699326944551593,125.56760568792092
1716,129,0.0,125.17901477186133
1717,129,0.0,125.28999913250638
1718,129,2.2754681839790236,126.51685512954536
1719,129,14.108511348961766,129.2771727844792
1720,129,40.236270061883275,137.03356956500946
1721,129,89.81064641907025,153.9985355256075
1722,129,119.0038631043123,164.1382907311239
1723,129,116.49653451314784,162.9704713989758
1724,129,109.29205533570897,160.1227619666899
1725,129,62.37532311804529,141.58641029515093
1726,129,55.75507058867863,138.96968322569808
1727,129,47.55019111244508,135.72534041367155
1728,129,38.93259512631771,132.31823543278
1729,129,34.038644780172895,130.38440113324702
1730,129,31.364414093448755,129.32705929572523
1731,129,29.529124639891073,128.60270682264775
1732,129,29.095220698125498,128.4313792505846
1733,129,29.841918461671455,128.72416212425424
1734,129,32.36193868961907,129.72379740362507
1735,129,31.43529548974154,129.91767092052865
1736,129,16.699245310483178,127.14559879129389
1737,129,0.0,125.6654682318526
1738,129,0.0,124.33241878523984
1739,129,0.0,57.48721333037758
1740,129,0.0,57.6321462433619
1741,129,0.0,57.61346733406976
1742,129,0.0,57.70503311014896
1743,129,0.0,124.36503114993582
1744,129,4.2221250345494115,128.83955665670908
1745,129,49.23862812293559,140.275685816153
1746,129,77.75012167538463,148.06634089233378
1747,129,78.19042758890333,147.83881522323725
1748,129,70.35368660452109,144.74052029869998
1749,129,64.26769886728492,142.33454129879914
1750,129,56.18428735815055,139.13897318911467
1751,129,48.75262537257434,136.20081056615743
1752,129,39.77531441201173,132.6509858121061
1753,129,34.02365977848644,130.37717620250146
1754,129,30.671151742167915,129.05240973285248
1755,129,28.446658373458412,128.17326752240857
1756,129,27.159453122598798,127.66279317723236
1757,129,27.130939794047645,127.65058895544864
1758,129,29.444230133581943,128.57002381927643
1759,129,28.82193113896975,128.8925976512982
1760,129,21.571315608593007,129.18603806916707
1761,129,9.009555549611106,129.5583831644936
1762,129,0.0,128.0188818448081
1763,129,0.0,56.89539776867543
1764,129,0.0,56.899422687424
1765,129,0.0,57.11519846466527
1766,129,0.0,57.196623462023226
1767,129,0.0,126.10397226816191
1768,129,6.27446090965136,129.7546432211555
1769,129,46.866631386404066,139.5693530675984
1770,129,67.75172762039716,144.3077452728378
1771,129,68.31230416628027,143.93660147961427
1772,129,62.07840636297677,141.47304656747468
1773,129,54.72665521729107,138.56678955369748
1774,129,50.35003693691213,136.835110864973
1775,129,42.4314748222609,133.7049973349773
1776,129,34.535785014672236,130.58303721580637
1777,129,31.320920708555015,129.31066807766567
1778,129,28.72978758652912,128.28736956695968
1779,129,27.694566519221436,127.87935937505601
1780,129,28.316275382299192,128.12391272368546
1781,129,30.260833733444546,128.89132088469026
1782,129,38.20638525595825,132.03506123799124
1783,129,66.14053478713534,143.3299575751896
1784,129,51.76377111097765,138.96989820643068
1785,129,34.11339399492489,134.4946862324076
1786,129,16.900532135284795,130.61400240412428
1787,129,30.51098585019835,128.9807984753536
1788,129,28.852381614219354,128.32527245803743
1789,129,27.986650738398325,127.98308838794539
1790,129,7.581170683571378,129.3152073304582
1791,129,18.03430480239108,131.34839268846162
1792,129,45.03393892974346,139.30155339534144
1793,129,103.35812764661225,159.5171211456825
1794,129,128.30055031597342,167.88865313423452
1795,129,126.36332862966215,166.87074268338839
1796,129,118.51340139035118,163.76747233417947
1797,129,69.46026890771648,144.38838401703669
1798,129,61.06595500489027,141.06879102380378
1799,129,49.6579913046875,136.55948588985663
1800,129,39.82374674893183,132.67174342021332
1801,129,32.65186024739461,129.83645790815538
1802,129,29.25524771287734,128.49382279636808
1803,129,27.592568865365465,127.83535831127283
1804,129,26.41935714535337,127.37073253103101
1805,129,27.85075106014942,127.93589054865204
1806,129,34.85926440564682,130.70874099998608
1807,129,59.06689676630351,140.58256538028903
1808,129,45.47352401127088,136.6720736449803
1809,129,26.373565132808416,131.6290963768507
1810,129,9.521578152424611,127.82481253665607
1811,129,0.0,125.83696944964376
1812,129,21.814665164322513,125.5437810694022
1813,129,18.57365080349808,124.26281735862437
1814,129,0.0,124.74063370980362
1815,129,8.774788018514997,127.97584110214686
1816,129,39.373636702509174,137.2094466996681
1817,129,94.10062790899602,155.95487418982472
1818,129,119.08684420668871,164.2188222392231
1819,129,124.20047673679571,166.0143034816238
1820,129,115.26592794184384,162.48318854208645
1821,129,68.5851258208752,144.03895477080252
1822,129,60.82990617508888,140.97373597258147
1823,129,50.27590216900808,136.80146610802336
1824,129,39.865696858142115,132.68341184210115
1825,129,32.51188729717122,129.77678457732148
1826,129,29.108499367649134,128.43184965271735
1827,129,27.51556939777112,127.80247607687917
1828,129,26.950946260934977,127.57929536238832
1829,129,29.498234768857724,128.58623617934703
1830,129,35.79683585855239,131.08482029410447
1831,129,54.67519003171958,138.87175997177624
1832,129,34.506546243473416,132.30171247587091
1833,129,17.102993668691948,127.84976955379642
1834,129,3.900695054544943,125.58333950769577
1835,129,20.47209746530951,125.01312763471292
1836,129,21.114131732216514,125.26686328746415
1837,129,22.736628268398064,125.90811132854645
1838,129,1.8796737856824608,127.1569480198618
1839,129,9.699114285772337,128.26815155848777
1840,129,35.81931212317936,135.77091051838266
1841,129,86.66608507233427,153.02968118530546
1842,129,110.24604023100379,160.82381907814505
1843,129,110.35323659042834,160.54075526616103
1844,129,97.73102562489564,155.5514274532929
1845,129,58.39366302694706,140.00873945059385
1846,129,50.761434857042985,136.99156312249568
1847,129,41.196967214214794,133.2116537938715
1848,129,32.75660425065498,129.8755984942152
1849,129,28.692204174357087,128.2700215013438
1850,129,25.996243419497215,127.2043194784536
1851,129,25.358665054601367,126.9517279374188
1852,129,25.92275631770511,127.17465811927714
1853,129,27.058978858032088,127.6225578064811
1854,129,32.572063599518636,129.81987272734742
1855,129,50.73933639841438,137.3453770610258
1856,129,36.88932636407479,133.35224316695349
1857,129,21.383388358555816,129.80936964754255
1858,129,3.539429393095017,125.76067492497708
1859,129,0.0,123.36538920059192
1860,129,15.70688762993595,123.12974932731618
1861,129,13.87674566110413,122.40642097482569
1862,129,0.0,122.35851233397594
1863,129,0.0,123.4362073605393
1864,129,21.558433943930236,130.29909156156307
1865,129,71.86249529021781,147.31598582095324
1866,129,102.70543812596927,157.8185136165228
1867,129,109.63185454314728,160.25556507407035
1868,129,104.43307071529243,158.20003535740946
1869,129,62.93923669506636,141.80572423767202
1870,129,55.627963097121075,138.91475013023242
1871,129,46.86780551120576,135.45212229181143
1872,129,37.36042445631626,131.69430788901514
1873,129,32.20525408468443,129.65647911840983
1874,129,28.587438510864743,128.2254442446134
1875,129,25.631782214748718,127.05727875056438
1876,129,26.100103566907215,127.24275868865007
1877,129,26.70441407250501,127.48063583309747
1878,129,32.16455347856831,129.6512716345866
1879,129,45.48705336530865,135.27158833453552
1880,129,30.08257381582347,130.67157106674063
1881,129,15.970532142545409,127.5541792420459
1882,129,2.676125694187768,125.13700120207518
1883,129,0.0,125.14149610449869
1884,129,0.0,125.26005797597425
1885,129,0.0,125.34109196280771
1886,129,0.0,125.81259492487685
1887,129,7.6902001909869915,127.77837945161336
1888,129,30.54081110623315,134.00554165820674
1889,129,73.40545522312895,148.04170108587235
1890,129,103.47337284393528,158.1838198355398
1891,129,107.38158798517505,159.36735128523873
1892,129,98.4390970377422,155.8324727492944
1893,129,60.436969834992254,140.81798934352886
1894,129,54.21632997600137,138.36059408027634
1895,129,46.7879373198338,135.4228057715912
1896,129,40.080599775940954,132.7712668228887
1897,129,33.60655730188548,130.21196785211333
1898,129,29.547757457171873,128.60743791178012
1899,129,26.796716107914623,127.52111178969344
1900,129,26.61573549874474,127.4494066544653
1901,129,27.33098872721214,127.73001096756956
1902,129,30.295353134633704,128.92745612430014
1903,129,24.36600450518387,127.63073793988004
1904,129,11.630544161263005,126.5099136720943
1905,129,0.0,125.35860027036142
1906,129,0.0,124.00839567718802
1907,129,0.0,57.40008456792883
1908,129,17.374150037912,110.83824353493642
1909,129,17.279121001273726,110.80068651638436
1910,129,15.493672996606865,110.09501081231744
1911,129,17.70791946500959,123.92064085834583
1912,129,0.0,126.62125382594667
1913,129,33.2182989373403,135.18687201347404
1914,129,62.892912769134945,142.61841690071873
1915,129,66.8132134600767,143.34484441138795
1916,129,60.554660061661714,140.86854727554396
1917,129,55.963115480455365,139.05347021328862
1918,129,50.703832235573074,136.97369202332598
1919,129,43.691087925311095,134.20163297461394
1920,129,36.852255663796576,131.4971758087787
1921,129,31.84003214361322,129.5150529482413
1922,129,29.417087617831186,128.5574340879714
1923,129,28.314231376160407,128.1213639758328
1924,129,27.291366775480796,127.71596399744561
1925,129,28.306685089825013,128.11607895223764
1926,129,30.87968420749511,129.15639799435476
1927,129,26.772445618381894,128.75043084336085
1928,129,17.10554800887434,129.14681659134092
1929,129,25.41380947171386,129.34770539211738
1930,129,29.389647696636985,128.5375868520782
1931,129,28.8091525726543,115.35763316056067
1932,129,26.868344253502396,114.59057094185884
1933,129,23.915045383933673,113.4233639469302
1934,129,20.882629663025526,112.22487845449268
1935,129,23.482234305853513,126.20280723541433
1936,129,5.255853615273488,130.75994419302532
1937,129,46.54133799657345,140.44702234465828
1938,129,71.03448668110491,145.96620813526735
1939,129,75.03844951525966,146.5974190962031
1940,129,69.02036975276879,144.21293519631453
1941,129,59.819351127398626,140.57627083425297
1942,129,51.34569139335478,137.22518135044405
1943,129,42.47927439985527,133.72034305833859
1944,129,34.686739657977,130.6395959366904
1945,129,30.46608605567705,128.9710966094362
1946,129,28.535048149915895,128.2071242443672
1947,129,27.470862100150143,127.78672674704539
1948,129,27.446757538663928,127.77834734870339
1949,129,31.262063187515864,129.28626466177604
1950,129,36.21769551530178,131.27742553426225
1951,129,45.77745503324256,135.56411380550028
1952,129,28.029200804249065,130.4071716305178
1953,129,11.029800021917321,126.6273657421639
1954,129,0.0,124.81843526885794
1955,129,0.0,122.96089406850606
1956,129,0.0,122.63924969004029
1957,129,0.0,122.56445322791149
1958,129,0.0,123.62320566375125
1959,129,2.1662393011904606,125.99643018274834
1960,129,33.9304282760421,135.43229961162186
1961,129,76.6061884048748,149.37724252907702
1962,129,110.34133959776425,160.9579485506499
1963,129,114.40775652843465,162.14845917714666
1964,129,108.04328370064579,159.62879037935707
1965,129,63.82819302313956,142.1607587723643
1966,129,54.719155335857536,138.5590243234463
1967,129,41.906577618601816,133.49387269425358
1968,129,35.28702376005145,130.87684739466997
1969,129,30.671696791994844,129.05349430187147
1970,129,28.95725524142386,128.37665002141335
1971,129,28.15969491088987,128.06161014460906
1972,129,27.13364150481885,127.6557083073427
1973,129,30.402012039748488,128.94628465454133
1974,129,37.572024877510046,131.82868620385383
1975,129,49.49421027595699,137.11782510936146
1976,129,32.17224909568409,132.24807919394632
1977,129,15.731119427889684,128.70406548583216
1978,129,0.9925313495737207,126.003002914623
1979,129,0.0,124.1382400257187
1980,129,0.0,123.15038329460312
1981,129,0.0,122.69966137576118
1982,129,0.0,123.05789829578399
1983,129,0.8971551288572361,125.77875019533927
1984,129,34.45974214600604,135.7952841110365
1985,129,80.47053875528914,150.9585444051123
1986,129,108.77723025617142,160.3237765110081
1987,129,112.52180659876964,161.40673459840167
1988,129,102.84665225236513,157.57450585106432
1989,129,57.64508807847615,139.71427192832883
1990,129,49.109934395115616,136.34109948020227
1991,129,39.23393591061051,132.43625737570576
1992,129,32.20312239977244,129.65441047053557
1993,129,27.72677747208246,127.88543927031087
1994,129,24.770422754054742,126.71740372057106
1995,129,24.532137127859407,126.62380656467292
1996,129,26.25587410502628,127.30489470351414
1997,129,29.394087871275744,128.54481449446945
1998,129,35.343072143531394,130.97010533231594
1999,129,48.837521664208566,136.88269832759306
2000,129,30.64926557807459,131.57203082135385
2001,129,13.36229961089236,127.65275612410879
2002,129,0.7690519030220105,125.7855730295931
2003,129,0.0,124.97436612993752
2004,129,0.0,124.43208464948447
2005,129,0.0,124.26393412776369
2006,129,0.0,125.28831211025008
2007,129,6.957857749823016,128.10269138430797
2008,129,35.856915419375795,136.3506052980752
2009,129,72.96362348322204,148.07685371873816
2010,129,101.29413441044724,157.4663502753705
2011,129,105.74480100839966,158.72389295845576
2012,129,100.61283760568504,156.69105827887563
2013,129,59.16097475056683,140.31226297821928
2014,129,51.25068937577335,137.18550218553156
2015,129,43.995352704954556,134.31685939428186
2016,129,36.06412650105659,131.18238164479374
2017,129,30.529655452999297,128.99406922768966
2018,129,28.172419487896523,128.06224336618348
2019,129,26.979802821847077,127.59032595331752
2020,129,26.37827409717329,127.3529944012309
2021,129,28.19693671204528,128.07085502471816
2022,129,34.192976163915574,130.53797112929527
2023,129,49.150882054118924,137.0480755758051
2024,129,36.72404929703576,134.1148879327137
2025,129,21.66962867010801,131.21827309454434
2026,129,5.576109579104845,128.03793519557226
2027,129,0.0,126.12565082237923
2028,129,0.0,125.67352799546977
2029,129,0.0,125.24807047404798
2030,129,0.0,125.88928161140258
2031,129,6.308827185327972,127.96552512433493
2032,129,35.03022156784773,136.0915042600885
2033,129,69.85931514734983,146.895572394227
2034,129,95.24122711286118,155.05877329637542
2035,129,104.1780512353619,158.11133400980447
2036,129,96.7600421105923,155.16854069960806
2037,129,58.24862178337802,139.95365392883892
2038,129,50.69970496862268,136.96835262364976
2039,129,41.848773108456115,133.46903101250197
2040,129,34.50896015320352,130.56718613980533
2041,129,30.70305299259126,129.06198970202274
2042,129,28.61788592205176,128.2375272628333
2043,129,28.116502404635142,128.03994940116198
2044,129,28.71295643838599,128.2754831435265
2045,129,31.808920395273894,129.49812857779435
2046,129,37.75324230540692,131.92794518061757
2047,129,54.29506176928887,139.08066803389315
2048,129,41.266588339886795,135.87661666804195
2049,129,25.57014963332924,132.54627431403728
2050,129,12.571154613888579,130.4522865535288
2051,129,4.775871610479314,129.72828630493566
2052,129,1.9892615878694297,129.79221082896385
2053,129,1.243294669318108,129.55807670048966
2054,129,5.830487673289856,130.25428345250842
2055,129,13.896519976994728,131.06463229101033
2056,129,39.070469550024605,137.8663986626937
2057,129,70.72027503214505,147.3859355125296
2058,129,90.32091950811238,153.18246438619275
2059,129,91.13356925651061,152.9588694948728
2060,129,87.66900458288144,151.5761509081038
2061,129,52.71896096288627,137.76746232764643
2062,129,48.023162530479155,135.91255953184793
2063,129,42.09036230144861,133.56694606318567
2064,129,37.562402146659316,131.77620430682387
2065,129,33.336475248976534,130.10502733713696
2066,129,30.007362447244255,128.7886675539116
2067,129,29.126306412945016,128.44044832924098
2068,129,27.5418372061916,127.81345630570607
2069,129,28.888817326940856,128.3450704042489
2070,129,31.62646785107769,129.55269707887246
2071,129,25.878121231963746,129.12352927665614
2072,129,10.388136282794461,127.89810478414852
2073,129,0.0,126.76573249138667
2074,129,0.0,56.73271449892091
2075,129,22.56814333900778,112.89107196809238
2076,129,20.821391377350633,112.2007356597905
2077,129,21.854579946793823,112.60903321249683
2078,129,0.0,56.82532556551271
2079,129,0.0,56.60928696108035
2080,129,3.754653760263735,131.5046121761779
2081,129,37.73808008873368,137.69782406249135
2082,129,63.42929333997199,143.2789612776826
2083,129,70.88461951073558,144.98712466829372
2084,129,65.46318751224257,142.80796610740867
2085,129,56.8014043143547,139.3855536956159
2086,129,50.0112090712878,136.70033327901018
2087,129,42.22747597364021,133.6235451713802
2088,129,37.2151851138819,131.64136950632704
2089,129,32.868525842031055,129.9228934937717
2090,129,0.0,116.92194620345919
2091,129,31.131684594524337,129.23588810106492
2092,129,29.86361792689059,128.73508606164776
2093,129,30.95314562351366,129.1648992915756
2094,129,32.487574239689096,129.77251925180911
2095,129,34.787544001528175,130.8127068022837
2096,129,28.508218567287745,130.48753116444894
2097,129,13.730779074897073,129.91903333941897
2098,129,0.0,128.4140606078197
2099,129,0.0,57.10887691364459
2100,129,0.0,57.067305161567894
2101,129,0.0,54.79619365115799
2102,129,0.0,54.08932201324151
2103,129,0.0,56.83208578864749
2104,129,0.0,57.04345301038422
2105,129,6.634593156697779,132.06109435337444
2106,129,34.874560853037345,136.54864022305216
2107,129,57.02692156380697,140.7880967129168
2108,129,64.77835097970707,142.57118843634865
2109,129,60.87010939059163,140.99131379082561
2110,129,52.60830318534765,137.7261641668346
2111,129,43.59760620477187,134.16230548448036
2112,129,36.88735305583803,131.50908624863533
2113,129,32.88879280293995,129.9281782168254
2114,129,29.45038654119359,128.56960558702684
2115,129,30.463701136033027,128.96932816435896
2116,129,30.77620897149215,129.09302004947693
2117,129,32.04144043797592,129.58819014786752
2118,129,36.48605513193993,131.34224006577335
2119,129,65.64102802682366,142.86510918509916
2120,129,49.27516343425883,136.3968747805978
2121,129,33.04646350615715,129.98285329140487
2122,129,23.19467530437062,126.08914121736572
2123,129,20.149090129185623,124.88542928381523
2124,129,20.028196276336075,124.83766102979419
2125,129,19.306032980968496,124.55224017935346
2126,129,19.524989834844096,124.63877296638337
2127,129,21.047651906693346,125.24056570597652
2128,129,7.058019227774381,128.50747063445357
2129,129,45.21094965630685,140.0509812609621
2130,129,77.3903367064988,149.97344917329303
2131,129,104.44869396625026,158.78258541801762
2132,129,112.16156580572225,161.27498935492756
2133,129,68.09319434152879,143.84440232770203
2134,129,59.00058885181579,140.2516975379327
2135,129,50.37837247294699,136.84262856573153
2136,129,38.75306604540374,132.2451307116373
2137,129,33.541936539714534,130.18496681156893
2138,129,29.570263383721652,128.61622654316147
2139,129,29.478197949625034,128.58079129340382
2140,129,28.492365923066632,128.19136182206722
2141,129,29.579737145440397,128.62076774190734
2142,129,33.96727995696291,130.35561516397266
2143,129,62.430065089573546,141.6933787341377
2144,129,49.509893483817976,137.60430269725322
2145,129,29.364953427469366,132.11348679638715
2146,129,13.138970584046064,129.02423355960812
2147,129,0.0,126.95302387300845
2148,129,22.661208822656246,125.87828359743389
2149,129,18.937456251366655,124.40657024873927
2150,129,0.0,123.95121315126015
2151,129,0.0,125.1298393461496
2152,129,8.505612015424685,129.31844681334198
2153,129,49.74847928029222,141.98008571580803
2154,129,81.18956076203933,151.45126761331235
2155,129,103.91464230401104,158.5868792868318
2156,129,111.45781569202467,161.007834505751
2157,129,66.0919621271319,143.05345313152648
2158,129,56.11100398843077,139.1084141222838
2159,129,48.26990484617931,136.00899023381882
2160,129,39.58782738080271,132.57661305746055
2161,129,33.549458201317364,130.18872720315514
2162,129,31.273936269001283,129.28958427980163
2163,129,29.443283208433193,128.5675977578455
2164,129,29.583804532452444,128.6225541588743
2165,129,29.988776345937264,128.78283566245108
2166,129,35.441559684987155,130.9415846000434
2167,129,64.5221744526933,142.54202534344077
2168,129,51.675065767215706,138.47094437109664
2169,129,33.54652664169768,133.66998976895846
2170,129,14.554220508310204,129.52688463421674
2171,129,2.3695618098313314,127.81982963867506
2172,129,27.321798690779094,127.72038176863774
2173,129,24.142554620814522,126.46385407250598
2174,129,21.37058136721115,125.36828860895885
2175,129,0.0,125.56600821899397
2176,129,12.924240028981202,131.01242730562655
2177,129,52.1387185494439,142.9947725997015
2178,129,73.70248237491762,148.68343993480158
2179,129,94.86678587013243,155.0672570549061
2180,129,103.39731488616891,157.81442752873878
2181,129,64.67081795399223,142.49514935685536
2182,129,58.800952082382,140.17405617144914
2183,129,47.454645281735495,135.69101898082948
2184,129,38.44559005566105,132.1286423072597
2185,129,32.01489270408909,129.5856948557189
2186,129,29.644733827004508,128.64721649224936
2187,129,28.589546484358475,128.23017233394418
2188,129,27.455828411238873,127.78189507605886
2189,129,28.314669471371037,128.12096458177942
2190,129,32.9921206770364,129.97037635991185
2191,129,62.1056656358804,141.59863540452326
2192,129,59.13928598656398,141.48019438340359
2193,129,44.4108360297396,138.15157937504654
2194,129,40.94130477454865,133.1030549544263
2195,129,31.900100788276973,129.52970058534737
2196,129,26.69304751543733,127.47176833091103
2197,129,26.330987575578284,127.32865387199391
2198,129,28.130302848408554,128.03980302238622
2199,129,31.927417996064722,129.54053898838146
2200,129,46.46727628372811,135.28705007958843
2201,129,64.07029369855277,147.69486501359555
2202,129,86.03150863876336,153.5062002747922
2203,129,104.68836810578657,158.9694984814204
2204,129,110.28099932165773,160.5486035838603
2205,129,70.52078292898618,144.80459434118143
2206,129,65.19963385872205,142.7004746361483
2207,129,54.71498011712063,138.5557087712446
2208,129,44.3783582848701,134.46788874629254
2209,129,37.84652087796132,131.8847523486732
2210,129,33.79174045532372,130.28203479536486
2211,129,31.0875004685485,129.2132223217073
2212,129,30.696167053951065,129.0589483942188
2213,129,31.36691659031666,129.32405074118955
2214,129,37.44955404220229,131.72891477935318
2215,129,66.23385794831967,143.22156294880472
2216,129,61.35846221447524,142.35127269448915
2217,129,47.98792484002369,139.46126146214758
2218,129,47.33858213264507,135.63155458377136
2219,129,38.44273825331833,132.11563780567081
2220,129,37.68129811887058,131.81471201774647
2221,129,36.46896291449586,131.3355482741872
2222,129,32.51951936023726,129.77465188173716
2223,129,2.299558132234677,129.71893106678897
2224,129,14.993330537485104,132.02967474000403
2225,129,50.16622536504666,142.44697381989997
2226,129,77.07396061245021,150.1725627431419
2227,129,98.1525000647418,156.4521970817799
2228,129,102.5028186241913,157.4811701478483
2229,129,63.38968533341993,141.9867159603684
2230,129,56.61048634626095,139.30815121855298
2231,129,49.82551835016308,136.62518949484078
2232,129,41.04897254750273,133.15467987209055
2233,129,35.72987815917218,131.0520754361909
2234,129,30.97440835407645,129.17295989973658
2235,129,29.322197958903075,128.51977494775034
2236,129,29.84057760283993,128.72541600804277
2237,129,28.966430698823704,128.37859914667655
2238,129,31.785029553920893,129.49447242539895
2239,129,33.14700485840101,130.40676432990384
2240,129,25.078584966554857,130.06326480766853
2241,129,7.815974979513084,129.0271244261066
2242,129,0.0,126.879492287541
2243,129,23.680322801192123,78.39977311287274
2244,129,21.767074639855284,112.57446092115389
2245,129,19.537019365340797,111.69307262412644
2246,129,18.112464331781894,111.13006471570938
2247,129,0.0,54.47703131115607
2248,129,0.0,57.23510888619397
2249,129,1.8326120533275774,130.88535705272528
2250,129,31.513126842022892,135.57284102895986
2251,129,50.853509455665275,138.72529969245912
2252,129,61.44606106880293,141.32912403371455
2253,129,57.427296009184474,139.6325924568249
2254,129,50.74583793534399,136.9922509003499
2255,129,42.54778414554943,133.74906368283754
2256,129,35.78239262834031,131.07326265831236
2257,129,30.807546867785625,129.1055141859821
2258,129,28.568045354114584,128.22038953252147
2259,129,27.059554497036984,127.62454656832298
2260,129,26.645280664077422,127.46063345935296
2261,129,27.825580843943012,127.92692390283445
2262,129,30.3259097689504,128.91816838565998
2263,129,30.860608748882893,129.53202736101017
2264,129,21.109156270081005,128.7456830441319
2265,129,2.8114868741752064,127.53409964434285
2266,129,21.784719475932786,125.53192907509894
2267,129,17.898751560089238,111.0455869809066
2268,129,16.49274185953112,110.48989784396767
2269,129,15.18031172799423,109.97118327752516
2270,129,14.113566752455542,109.549567257928
2271,129,14.031200043675119,109.51701624351378
2272,129,0.0,57.16624103041544
2273,129,0.0,130.44682004100147
2274,129,27.748648135883474,134.64207719465963
2275,129,50.861175311403976,138.84515260631235
2276,129,63.41465944387567,142.09692408786853
2277,129,59.43667558509626,140.423396234561
2278,129,52.040433232790754,137.50093013530272
2279,129,42.69074023782859,133.8040916383309
2280,129,37.01775760665307,131.55947660509227
2281,129,31.447276973633706,129.35730005726276
2282,129,28.166292323183917,128.06017398610987
2283,129,26.520732330637394,127.41077274974577
2284,129,25.949672562948148,127.18412544486254
2285,129,25.708463540517727,127.08897642144728
2286,129,27.79188658682994,127.91604320833616
2287,129,27.35608396921453,128.38128607960186
2288,129,16.37179259335879,127.60538422557302
2289,129,25.48180255808132,126.9930800126984
2290,129,21.937193037481062,125.59214660524664
2291,129,17.812092690381366,111.01128936287022
2292,129,16.49206134023446,110.48958527475796
2293,129,15.176133801124566,109.9695084191097
2294,129,13.31672361535886,109.23461128898558
2295,129,13.459904015269242,109.29120558449335
2296,129,0.0,57.323373952181264
2297,129,0.0,130.55111555097218
2298,129,27.323619834765488,135.13217487186802
2299,129,49.50365249283102,138.6338535138229
2300,129,62.84904627590898,141.92885346556986
2301,129,58.96376427341076,140.236868097833
2302,129,51.84652144932167,137.42259581193449
2303,129,44.30842675637955,134.4429598489572
2304,129,38.45936793178738,132.12890324290788
2305,129,32.948770223102414,129.95190279501722
2306,129,29.562420111446336,128.613527329087
2307,129,29.451105315945103,128.56992247164396
2308,129,29.315161282504885,128.5148771974331
2309,129,30.783187869634833,129.09394347698608
2310,129,38.33444559986892,132.08056308393702
2311,129,63.39242238763285,142.20447645998965
2312,129,43.66791165011975,135.84624300604204
2313,129,23.67063289412626,130.78195751297847
2314,129,6.256367429470349,127.43831731973113
2315,129,0.0,125.24453248809431
2316,129,0.0,124.73184058845932
2317,129,0.0,123.87349268312379
2318,129,0.0,123.64733186702546
2319,129,0.0,124.6105700555114
2320,129,5.5971942211331305,128.8014625806185
2321,129,43.47662419524204,139.92083608490464
2322,129,66.0170504530672,145.81709072839146
2323,129,91.43196254836214,153.87292348650422
2324,129,103.38550157309552,157.85167119995228
2325,129,63.24709025628915,141.93145621354432
2326,129,56.5031130213296,139.2650377472223
2327,129,46.934658325297875,135.48178499478354
2328,129,38.17007188705425,132.01681489233806
2329,129,33.24223660986784,130.06767803351065
2330,129,29.26208999971814,128.49404975363825
2331,129,28.107906850199335,128.03924452950608
2332,129,28.397221825342438,128.1535751400534
2333,129,28.536676036668624,128.20890294143476
2334,129,34.17049402538508,130.43896066414942
2335,129,59.110970216195376,140.5418508377019
2336,129,43.61655828768252,135.80791610576074
2337,129,25.23624215761091,131.29597768755448
2338,129,6.777556700301711,127.65808247851653
2339,129,0.0,125.91642613969279
2340,129,0.0,126.82265136219823
2341,129,0.0,126.77854904728109
2342,129,0.0,125.71100896917176
2343,129,0.0,125.95238892475608
2344,129,9.525752387941695,130.348033828141
2345,129,46.52501941058265,141.2570359260334
2346,129,59.765441151240545,143.59825367156105
2347,129,79.3448728907773,149.14845089456696
2348,129,92.6037169850339,153.58348710394043
2349,129,59.84661483582804,140.58786108163022
2350,129,54.6845638920973,138.5479110346785
2351,129,45.59079754026025,134.95439931045476
2352,129,36.42247080636715,131.32944989428105
2353,129,29.422062231830814,128.56100347683252
2354,129,26.413687746417686,127.37142281327088
2355,129,25.288925341887648,126.92706808286866
2356,129,25.2290880688187,126.90420819193868
2357,129,26.414340173957314,127.3703549687415
2358,129,32.35519890928195,129.72259961614174
2359,129,59.204980067801294,140.60218149656066
2360,129,46.10856298142587,136.8953685238868
2361,129,28.8370309059426,133.00741536836284
2362,129,7.781246798472633,128.44452268040303
2363,129,0.0,126.16723312832218
2364,129,9.432037347557939,125.73782913060852
2365,129,20.47176726299668,125.0129799974463
2366,129,0.0,125.21080700977465
2367,129,0.0,126.20541696346896
2368,129,10.958676025834526,131.0020375060886
2369,129,47.22635715193986,141.51958773745898
2370,129,67.60190562254652,146.6305311560581
2371,129,85.06842065429082,151.44696278707556
2372,129,96.11486394104085,154.98850932192093
2373,129,59.783852341982694,140.56083599022855
2374,129,55.6137179344715,138.91071011019437
2375,129,46.07081848052655,135.13792625009341
2376,129,36.85685482550805,131.49437669398623
2377,129,30.9358900457646,129.1525158862597
2378,129,28.889934397642392,128.34424778217004
2379,129,28.332378953151014,128.12389797072998
2380,129,28.13747114933244,128.0470863765262
2381,129,30.025353139219362,128.79400136694494
2382,129,35.44047193100157,130.93670198561156
2383,129,58.4838911049046,140.31314223323824
2384,129,44.407606102494185,136.23288984776727
2385,129,29.784984483744257,133.26492948237527
2386,129,13.564016347929044,130.41970046557216
2387,129,0.0,128.288935805445
2388,129,0.0,127.57368581026205
2389,129,0.0,126.83188320146604
2390,129,0.0,125.65118673224399
2391,129,0.0,125.40384506646404
2392,129,4.035518230661976,128.5319754826243
2393,129,41.11189345658373,139.4522587952173
2394,129,62.43914469522261,144.86005932207047
2395,129,86.84029127847327,152.23212303439092
2396,129,98.37962203937315,155.8959047953185
2397,129,62.376378735643044,141.58491257824357
2398,129,57.05111498499975,139.47978344861582
2399,129,50.373624854221504,136.8391105593503
2400,129,43.20664525952279,134.00494561744125
2401,129,35.72680473581586,131.047758219445
2402,129,31.908368564334282,129.53989114378382
2403,129,28.851334512358843,128.33184908332274
2404,129,27.600314292505615,127.83893443631594
2405,129,27.833230874750335,127.929832130461
2406,129,30.2195267415478,128.878894337952
2407,129,26.89035371768414,128.3754494403472
2408,129,14.514552488126004,127.38240820571356
2409,129,0.0,125.92591699147346
2410,129,17.161912036520892,110.75430842003288
2411,129,14.36954045910261,109.65070515866341
2412,129,12.1855067831874,108.78751149563456
2413,129,9.721766080329711,107.81377170191806
2414,129,9.544198975040088,107.74359443440571
2415,129,10.491836453684199,108.11812563139021
2416,129,0.0,57.73124574182246
2417,129,0.0,127.79374114702813
2418,129,18.476125843180466,131.39833131728852
2419,129,43.77521063927671,136.5151135787438
2420,129,59.284087894987586,140.5823004936744
2421,129,55.047346403286966,138.69105172158098
2422,129,50.75312065476738,136.99038461310266
2423,129,44.02287282232022,134.3277071855648
2424,129,36.10632111333834,131.19732585336212
2425,129,31.386298830767934,129.33241095509243
2426,129,28.393980006806927,128.14860259648975
2427,129,26.004726737358983,127.20545831524502
2428,129,25.259299722606013,126.90989284055584
2429,129,24.95598006428257,126.79042349376918
2430,129,27.004361436269505,127.60437741691555
2431,129,24.119585196283968,127.33668856981869
2432,129,12.436304521831719,126.78183835938064
2433,129,0.0,126.68283505071615
2434,129,21.400665723488355,77.49875671533995
2435,129,18.110214215592244,111.12912282484153
2436,129,16.1206028513507,110.34276115316419
2437,129,13.284828191625849,109.2219951946388
2438,129,12.074396441460715,108.74361057259766
2439,129,12.809168345385489,109.03400136700722
2440,129,0.0,57.4540476564196
2441,129,0.0,130.08711162257939
2442,129,23.804843669229175,134.39952012082097
2443,129,46.73679166011135,137.86557182364723
2444,129,62.79886654708557,141.96429453218346
2445,129,58.07240765265967,139.88506019440948
2446,129,50.753180113814416,136.98960897081216
2447,129,40.99467156926049,133.13255596000445
2448,129,33.47059521395654,130.15574927814723
2449,129,29.467102939359858,128.57457163624153
2450,129,27.328510323414026,127.72874283230026
2451,129,26.20222807160473,127.2830236575444
2452,129,25.274155799973844,126.91737557781993
2453,129,26.606513862038334,127.44242410388325
2454,129,31.92880478803823,129.56185224421228
2455,129,51.466251522915,137.6532181615947
2456,129,34.326525272734614,132.5934876985416
2457,129,26.240020311785667,128.3865011278781
2458,129,21.258161247987367,125.3238063628358
2459,129,16.753969851349584,123.54361520152172
2460,129,16.01665695203868,123.25219145013861
2461,129,14.395101936343048,122.61132067375432
2462,129,14.680154819032284,122.72398831701528
2463,129,16.06470252088872,123.27119482651898
2464,129,0.0,125.14248029634226
2465,129,25.147974895002193,133.34049913926583
2466,129,46.81779211295892,138.82641268401972
2467,129,71.759707709254,146.34153191235106
2468,129,94.68949585813687,154.45040962213278
2469,129,62.07419270510285,141.4636100133788
2470,129,57.74019264701386,139.74775457639115
2471,129,46.47332318030753,135.2937980974856
2472,129,36.38174971801343,131.30720140778683
2473,129,30.733395175999558,129.0752221180556
2474,129,28.308217700144553,128.1163248071181
2475,129,26.745631115080897,127.49912969242163
2476,129,27.292604903122847,127.71510739261133
2477,129,28.715800476270495,128.27625523055767
2478,129,35.62695534782762,131.02538198845485
2479,129,53.20862562305146,138.3979669081462
2480,129,32.82031141449886,132.2276448794561
2481,129,12.723804349918053,127.56519948927402
2482,129,0.0,124.18492210684276
2483,129,0.0,123.0230594977153
2484,129,0.0,123.05896089822807
2485,129,0.0,123.16798669982661
2486,129,0.0,122.76749507243048
2487,129,0.0,123.47481573294125
2488,129,0.0,127.46048654180642
2489,129,35.12153639705794,137.42714341407495
2490,129,53.641604023683755,141.46767685635132
2491,129,73.85011295856916,147.18625585327382
2492,129,92.72757008494133,153.69170075911313
2493,129,58.696559098808876,140.13567785088972
2494,129,52.0841318225186,137.52074473721393
2495,129,45.048573780444585,134.73780363138457
2496,129,35.917547627557,131.12679680263682
2497,129,30.054667253430036,128.80770459304904
2498,129,26.408418345975882,127.36641223682891
2499,129,24.932765430527645,126.78414212005463
2500,129,25.150553222903923,126.86944722486318
2501,129,26.3734329333758,127.35313259439855
2502,129,31.17169902000443,129.2704169431586
2503,129,48.38387057040402,136.50935029335864
2504,129,29.724604511355185,130.9201795346973
2505,129,12.063432398315706,127.12526259076515
2506,129,0.0,124.4998287335283
2507,129,0.0,122.97340999913804
2508,129,1.3509185250645077,123.04951198132794
2509,129,0.0,123.07660824767092
2510,129,0.0,122.9340951968669
2511,129,0.0,123.62845743099064
2512,129,0.0,127.39895758537278
2513,129,30.502485493774586,135.73252326030084
2514,129,45.73887940321592,138.59955566317183
2515,129,67.79486875168155,144.85258059064282
2516,129,86.64960002020875,151.282203475669
2517,129,54.83374716881465,138.60845427455214
2518,129,50.09853256578299,136.73504484712842
2519,129,42.35419341047977,133.67256374352786
2520,129,34.360017159659115,130.51165995960955
2521,129,29.71626711272748,128.67705282449907
2522,129,26.78809044047531,127.51879063657276
2523,129,25.531831042969102,127.02208746615048
2524,129,25.045426225480085,126.83097932301676
2525,129,26.338676752375488,127.33961471719637
2526,129,32.54321439320011,129.82494448661737
2527,129,50.09608847646256,137.21619600187717
2528,129,33.19136708498335,132.40678027980303
2529,129,12.837249171828127,127.75340799559204
2530,129,0.0,125.71962487026248
2531,129,0.0,124.33667637936682
2532,129,0.0,124.3710933274958
2533,129,0.0,122.9592751437684
2534,129,0.0,122.94956580613348
2535,129,0.0,123.66451727996913
2536,129,0.0,127.02552347555282
2537,129,29.488576381773218,135.24433832923077
2538,129,48.52096187120635,139.59675651292704
2539,129,69.56288982594094,145.57331524376352
2540,129,89.5392817588304,152.44143821672748
2541,129,58.98554633952629,140.24856777392247
2542,129,53.46140599641706,138.0605223259893
2543,129,45.62241118830119,134.96189743710295
2544,129,37.18621016391262,131.62479771979264
2545,129,31.0382894457271,129.19360850642963
2546,129,29.188009263034484,128.46152436342376
2547,129,27.88971113004913,127.94878722792802
2548,129,25.806510776849326,127.12544442209558
2549,129,25.692924782792485,127.08227288204732
2550,129,30.841471700574942,129.14181541736133
2551,129,49.31716328166244,136.90485315380042
2552,129,34.74335454622298,133.01156150344997
2553,129,18.014717891543874,129.59365641888363
2554,129,0.0,126.22649577241981
2555,129,0.0,123.84291104798292
2556,129,0.0,123.65375342018875
2557,129,0.0,122.71910413967183
2558,129,0.0,122.29939185533665
2559,129,0.0,122.42193592447869
2560,129,0.0,125.69498668169851
2561,129,24.881597685255127,133.7681009581516
2562,129,45.223928057266214,138.56544016336656
2563,129,62.20939347541585,142.759743492467
2564,129,76.46664078386064,147.2931779244425
2565,129,52.2897819501426,137.60191618838056
2566,129,48.940681509142756,136.2720865203324
2567,129,42.41576939300673,133.69210101375938
2568,129,36.73840477807891,131.45013502166142
2569,129,32.833083109004114,129.9052775487578
2570,129,28.87118446605652,128.34016660834985
2571,129,26.803044708113774,127.52337437350735
2572,129,26.23228338038423,127.2991322939214
2573,129,25.58259280533521,127.04062374172497
2574,129,26.62019833210573,127.49034152226224
2575,129,19.074615160930744,125.8366860272066
2576,129,3.822240795280072,124.58415918273006
2577,129,0.0,123.58490594231104
2578,129,0.0,57.51360769873003
2579,129,0.0,50.535894936927974
2580,129,0.0,49.117654636133025
2581,129,0.0,46.021410671651466
2582,129,0.0,47.2032850124416
2583,129,0.0,50.30221592142199
2584,129,0.0,56.02299363702601
2585,129,0.0,127.76960503093241
2586,129,14.235688958661864,130.75955206869398
2587,129,35.86435059241201,133.94716758323983
2588,129,52.25361374772573,137.93431408669008
2589,129,51.60581000230903,137.3353505533007
2590,129,46.548547545043114,135.33042121878717
2591,129,41.34658773172872,133.27219450237436
2592,129,34.587709852186414,130.6002942108491
2593,129,29.455350241116278,128.57279246156517
2594,129,27.074919565099318,127.63137277214123
2595,129,24.511079863431387,126.61767617098776
2596,129,24.065713254610046,126.43992504377502
2597,129,24.462908535844484,126.5955553225224
2598,129,25.65234552274583,127.10090061185467
2599,129,18.85524454527746,125.82791708430915
2600,129,6.142843886630047,125.71923528902434
2601,129,0.0,125.5038063308923
2602,129,0.0,57.39330141222723
2603,129,16.020319386295757,75.37230866853614
2604,129,15.545977996527197,110.11568951134221
2605,129,13.993591695073606,109.50213249969565
2606,129,13.746356959205649,109.40443637289152
2607,129,0.0,50.381451200993894
2608,129,0.0,56.44394209231701
2609,129,0.0,131.4715665853839
2610,129,18.85476343996626,133.4880714215696
2611,129,40.130206064744364,135.8037962514952
2612,129,55.544949675736575,139.2258207887831
2613,129,56.47462077612331,139.25811513501517
2614,129,49.09908853735455,136.336152016824
2615,129,39.565033813421934,132.56743319974512
2616,129,32.15007399466051,129.63642325800353
2617,129,27.84974050341526,127.93684081825616
2618,129,25.91386631210057,127.17134779530387
2619,129,24.83690700330885,126.74571404955071
2620,129,25.976289501154994,127.19641796778447
2621,129,28.05096806147147,128.0150856908335
2622,129,31.317214621560396,129.36020363148754
2623,129,45.99241685543287,135.70717773505487
2624,129,35.37472222114219,133.5593622240258
2625,129,36.273389404888526,131.25829937960728
2626,129,31.05169053891026,129.19453218850467
2627,129,29.054736962582094,128.40524782219651
2628,129,28.8444998056403,128.32215331461958
2629,129,26.625791899135276,127.44525652752253
2630,129,23.580182550481776,126.24155696993975
2631,129,10.423093027579595,126.56209453165721
2632,129,1.5384212527782866,128.8492098295404
2633,129,36.396452733943065,138.3638801187053
2634,129,55.17204398976171,142.532582967099
2635,129,75.26901925412389,147.94438614425985
2636,129,95.31615421127087,154.75359231667252
2637,129,61.329360691302774,141.1767282833484
2638,129,52.49052071497962,137.67680653937222
2639,129,41.06724573684386,133.1610044807157
2640,129,33.1479177991617,130.02856036157812
2641,129,29.192250407973788,128.4662974724784
2642,129,27.2942189416254,127.7151948796768
2643,129,27.677046472187616,127.86589019467601
2644,129,27.452865707904152,127.77691405429886
2645,129,28.892910570263357,128.3452559265314
2646,129,34.3810853105769,130.5813602696794
2647,129,48.03485946385296,136.59032865209673
2648,129,30.917376202350475,132.0344250626761
2649,129,12.696158922273455,128.36630858436683
2650,129,0.0,124.80259429390816
2651,129,0.0,124.2671101620532
2652,129,0.0,123.82634448080665
2653,129,0.0,123.493537908258
2654,129,0.0,122.72196870763182
2655,129,0.0,123.53564386586011
2656,129,0.0,127.19862171503016
2657,129,30.670739671116856,136.1940081726148
2658,129,50.005139685361584,140.39850520721296
2659,129,69.8061639896062,145.78688773813437
2660,129,91.71330709343276,153.34361342747115
2661,129,61.160899762730814,141.11384298789778
2662,129,56.90485198178278,139.42808827095797
2663,129,47.12507851620328,135.5597411059302
2664,129,38.30931147114307,132.0736327217204
2665,129,33.0171055964721,129.98045113853397
2666,129,30.229300555507375,128.87864314324463
2667,129,29.101715186638845,128.43340089769114
2668,129,28.022478397961958,128.00571614848747
2669,129,30.32454505861947,128.91439937807553
2670,129,33.06841815110752,130.07201750732037
2671,129,45.981754889985496,135.76665863933235
2672,129,26.446002311515983,130.0859373055656
2673,129,7.795007518869294,126.10298143557088
2674,129,0.0,124.0412269046051
2675,129,0.0,122.77955561000189
2676,129,0.0,122.19224456296098
2677,129,0.0,121.51357299931131
2678,129,0.0,122.0394350759774
2679,129,0.0,122.87884364639531
2680,129,0.0,126.58315777957571
2681,129,26.31462201734027,134.5359683663509
2682,129,47.71552740781336,139.71344504100784
2683,129,71.1955548404043,146.38852018922765
2684,129,93.92875408221019,154.2116887023739
2685,129,61.64457611711622,141.3042261563815
2686,129,56.5567277637584,139.28745028874792
2687,129,46.56328004681503,135.33586370931508
2688,129,37.96353675931646,131.93679466355857
2689,129,32.99862194623729,129.9769888074369
2690,129,29.848594570979447,128.73177750267638
2691,129,28.868500137010084,128.3421174864807
2692,129,27.841068630264626,127.93719356387248
2693,129,29.698241617848197,128.66869913468548
2694,129,32.545400693499396,129.8883980147755
2695,129,46.69954038455011,136.07384875899615
2696,129,28.03460981603417,130.79933422703772
2697,129,8.62117731594505,126.67763631616835
2698,129,0.0,124.2998854512292
2699,129,0.0,123.45122551865308
2700,129,0.0,123.62843336926981
2701,129,0.0,122.86890918804534
2702,129,0.0,122.4515792301327
2703,129,0.0,123.29286849912563
2704,129,0.0,126.21020949749403
2705,129,29.36870655409145,135.55148661518936
2706,129,47.41709848563622,139.4400329606292
2707,129,67.15358885089745,144.7947661278185
2708,129,90.64684039340625,152.92695162735518
2709,129,59.74423406008729,140.55389258125228
2710,129,56.33794727800953,139.19901557215823
2711,129,48.7980849448547,136.21812218229977
2712,129,40.13296553450712,132.79128282062658
2713,129,34.33054073160374,130.49742751856581
2714,129,30.334602061512165,128.9169667096872
2715,129,28.824664725509532,128.3207897515628
2716,129,27.09179300022219,127.63514031949974
2717,129,28.050864107319967,128.01380062784372
2718,129,32.31067330198732,129.77972853510738
2719,129,48.660933731280835,136.84275714462325
2720,129,33.75146365573152,133.00310799331263
2721,129,17.682316849714397,129.9274393738402
2722,129,0.6557070733938054,127.06217406917814
2723,129,0.0,125.89790919696131
2724,129,0.0,126.02098218955821
2725,129,0.0,124.69419309279841
2726,129,0.0,123.79996932466378
2727,129,0.0,123.96245674527341
2728,129,0.0,127.05956416974074
2729,129,30.232484488879503,136.17554276519326
2730,129,46.93031105035742,139.49489830673994
2731,129,64.12333911904317,143.689298419865
2732,129,81.46226460363326,149.3213537311335
2733,129,52.07583118121749,137.5229725328876
2734,129,47.910107749081874,135.8671345509586
2735,129,43.15459038222037,133.98454766894656
2736,129,37.037883017508236,131.569212393012
2737,129,31.590621822305007,129.41571543407346
2738,129,28.22706333909761,128.0861493869585
2739,129,27.249511388316492,127.70075054526725
2740,129,28.155614393589094,128.0601973482187
2741,129,26.65828928501473,127.46574559552934
2742,129,27.296366419560684,127.82824184580888
2743,129,19.33189195615656,126.40752452190566
2744,129,4.169829524981664,125.55546566279527
2745,129,0.0,124.79950595448196
2746,129,0.0,57.466473702441064
2747,129,0.0,50.49433015574353
2748,129,0.0,49.65160122036584
2749,129,0.0,46.45005090310576
2750,129,0.0,47.5282001273795
2751,129,0.0,50.62342709380537
2752,129,0.0,57.478681568215755
2753,129,0.0,130.10040727598928
2754,129,15.774115420402167,131.83021087272743
2755,129,36.2488732439446,134.46160698024843
2756,129,52.320824890565,138.0854779988228
2757,129,55.91825329361536,139.0471269698548
2758,129,51.85104533814612,137.43088732743362
2759,129,45.7052656748005,134.99983375668833
2760,129,37.48125560656308,131.7448579796109
2761,129,33.17615856448269,130.0435644777507
2762,129,28.967639888458063,128.37985762163026
2763,129,27.414777103819237,127.76495282288141
2764,129,26.332038269498906,127.33604617950361
2765,129,27.2919732881323,127.71450405875225
2766,129,25.802110526918575,127.23268584467264
2767,129,15.717079818456138,125.06003581491404
2768,129,0.9747867538639318,124.43918040986352
2769,129,0.0,123.56561876604904
2770,129,13.542723632590464,109.32392771599099
2771,129,13.530225547332662,109.3189827902945
2772,129,13.21174505701717,109.19310158755195
2773,129,11.042907194441987,108.33591215766482
2774,129,11.647248834968964,108.57478003638748
2775,129,12.6886013324699,108.9863404122957
2776,129,0.0,55.55949512348062
2777,129,0.0,128.8528882831102
2778,129,11.792590685991266,131.12882874616855
2779,129,34.646579366833464,133.99647627689404
2780,129,56.159891076873045,139.5965480919493
2781,129,60.673856456859994,140.92364398366664
2782,129,52.50258967429152,137.68338451597498
2783,129,42.06101770302768,133.5554153186806
2784,129,37.00643645039625,131.55462815725514
2785,129,32.949508878223455,129.95199569632163
2786,129,29.218994896767374,128.47702620961832
2787,129,26.921823411327193,127.5677902230686
2788,129,26.236600838175722,127.29695487899195
2789,129,25.246997257943224,126.9056477176513
2790,129,24.082896424626203,126.60469748831387
2791,129,12.936793745577319,124.20935651894854
2792,129,0.0,123.90708168531289
2793,129,16.743915861228935,123.53962516368752
2794,129,13.430638762663385,109.2796317996547
2795,129,13.315939002892296,109.23429058326582
2796,129,12.667896157349398,108.97814470196194
2797,129,10.669323482935766,108.18825459858839
2798,129,11.658178624413083,108.57909068809639
2799,129,12.23690696130543,108.80782824001051
2800,129,0.0,54.45582651640556
2801,129,0.0,127.40692671705136
2802,129,7.770204362243155,129.88829670475872
2803,129,30.56308576560623,132.63834737811933
2804,129,51.73628805375296,137.9366257925871
2805,129,59.68087208100905,140.53403005418988
2806,129,53.1068212987515,137.92144492829064
2807,129,43.51709746206778,134.12977587195584
2808,129,35.730236769516914,131.05048228628334
2809,129,31.005680568868723,129.18512343845043
2810,129,27.61307984010893,127.84386290904811
2811,129,26.623908023818704,127.4515643816265
2812,129,25.983689713701832,127.19758782990897
2813,129,27.604618662573166,127.83802176287747
2814,129,30.49194009397464,129.12435452211508
2815,129,37.75091405525892,132.70586581966356
2816,129,20.487003251146078,128.19281905843107
2817,129,4.300187604247365,125.2502418542124
2818,129,15.7262628418429,123.13742743781637
2819,129,13.897583594387033,122.41467682363181
2820,129,12.751308117794528,121.96162964556717
2821,129,12.748226087327335,121.96039340070011
2822,129,11.469432640768012,121.45498846687067
2823,129,0.0,121.93759783744284
2824,129,0.0,124.9363475247231
2825,129,24.726682163114894,133.93987858639372
2826,129,43.161849623285,137.86142915310353
2827,129,63.277343197507605,143.35173718443926
2828,129,87.81448326113582,151.85598502180227
2829,129,62.98744873621814,141.8415882805387
2830,129,56.1884647329522,139.14391989416293
2831,129,46.01977412732183,135.12155054485694
2832,129,35.71088370561077,131.04605194813792
2833,129,30.126182643132662,128.8372998008146
2834,129,27.648057496635417,127.8576733623242
2835,129,26.244701023956377,127.30398501382852
2836,129,25.285388187095048,126.92507562677594
2837,129,27.068798674137614,127.62726431628488
2838,129,28.218351816707074,128.22522663717595
2839,129,29.752422715882915,129.51077289010038
2840,129,18.16705173554028,127.05669351481866
2841,129,2.7522706009339113,124.27884688213382
2842,129,3.753385185152976,122.25429730123913
2843,129,10.724837846669535,121.16073098591168
2844,129,10.655309946289382,121.13325337551564
2845,129,8.829841839306361,120.41177683045628
2846,129,10.075575172894418,120.90413129146934
2847,129,0.0,121.33501205961646
2848,129,0.0,124.1074368908087
2849,129,19.6299659291078,132.0055623465871
2850,129,39.445996505529024,136.63008982869195
2851,129,59.03843112704579,141.74116346765877
2852,129,80.52317748594037,148.97115974931762
2853,129,56.09384879173056,139.1156871560664
2854,129,51.511093167200094,137.28987758272282
2855,129,43.98557159024747,134.31518197564972
2856,129,35.342792326251654,130.90006796614819
2857,129,30.381461083409462,128.93556591092116
2858,129,26.9532510202139,127.58008227000079
2859,129,24.96165823508987,126.79332383593683
2860,129,24.454025384150942,126.59711747609259
2861,129,26.29121565809024,127.32129414885165
2862,129,26.630534461585732,127.62772358692794
2863,129,29.98118196417998,129.62643663387234
2864,129,17.495873189888325,126.88102219002462
2865,129,1.778374324535236,124.14691675483743
2866,129,3.3411149305024708,122.20313286323336
2867,129,11.267915401836179,121.3753703309956
2868,129,11.596797887835818,121.50533980092887
2869,129,10.16716927833593,120.9403144181326
2870,129,9.11742215778341,120.52542472719551
2871,129,0.0,121.2952014270262
2872,129,0.0,125.36167964891504
2873,129,26.883616781949716,134.69747658368283
2874,129,46.14034963123324,139.13223199907338
2875,129,64.19943087564087,143.78951742691328
2876,129,80.5900932583111,149.00717678388537
2877,129,54.785676638041835,138.59673700837234
2878,129,49.36935621516137,136.44004020610035
2879,129,43.44808750201887,134.09725462375985
2880,129,37.18851452298671,131.62514531293394
2881,129,31.840585377751918,129.51070559345712
2882,129,28.422484897231723,128.15997217623232
2883,129,26.17636154068151,127.27204800886658
2884,129,24.577539625399186,126.63938762921487
2885,129,25.187540807377207,126.88068632361319
2886,129,27.365898897557667,127.90289259691198
2887,129,38.651264671412115,133.0579812858857
2888,129,34.115194918530115,131.02052361632212
2889,129,30.097445393960598,128.81745266906398
2890,129,25.10585020894237,126.84457179723427
2891,129,23.941820866243724,126.38450321271638
2892,129,25.388711646745307,126.95634660735037
2893,129,23.06236002587559,126.03689641310193
2894,129,20.11932297477492,124.87371632284301
2895,129,19.415007045423536,124.59534000890666
2896,129,0.0,126.26984785878834
2897,129,26.649743857165877,134.96058007249476
2898,129,43.33531247331937,138.32105808779193
2899,129,58.64949208059522,141.71833944312021
2900,129,82.05287760251298,149.62156680002116
2901,129,56.481273052502914,139.26933486933058
2902,129,50.46706729603079,136.87509999069542
2903,129,43.3921649668744,134.0760623163076
2904,129,37.32021816865744,131.67778632486258
2905,129,31.74634803406374,129.47424934566678
2906,129,28.127400549670362,128.04374192411663
2907,129,26.880256686559218,127.55116591493876
2908,129,27.313200011065707,127.72206328290928
2909,129,26.278398890081046,127.313256217688
2910,129,23.94145278669451,126.59281409310374
2911,129,13.270493809061866,124.46069750809842
2912,129,0.0,124.45280471621413
2913,129,0.0,123.77538874626505
2914,129,14.98401532259479,109.89354136046306
2915,129,12.914834138543773,109.07574599533515
2916,129,12.50428303919458,108.91348745022914
2917,129,12.079306976549777,108.74553758019931
2918,129,12.767540366846088,109.01754753270477
2919,129,0.0,50.51748035680368
2920,129,0.0,57.03551039850148
2921,129,0.0,132.30281787805478
2922,129,19.589497174088745,133.9283437071754
2923,129,37.73880143286567,135.51392680204592
2924,129,52.886806984380975,138.47432303429682
2925,129,52.842073486912035,137.83446839855992
2926,129,46.9637135092464,135.49223199086202
2927,129,41.09742592969379,133.17234771380666
2928,129,33.42257728730187,130.1361759958608
2929,129,29.926706055917144,128.75524372679962
2930,129,28.063200856236406,128.01794947958783
2931,129,26.48146624822569,127.39146633057533
2932,129,25.096309493808103,126.84478156259657
2933,129,24.85877988745672,126.75147508823012
2934,129,23.48876794613299,126.42119462405697
2935,129,11.50854702011934,123.89341255558541
2936,129,0.0,123.51077794072165
2937,129,0.0,123.4862157095768
2938,129,14.270842906545361,109.6117049989512
2939,129,13.602667167048914,109.34761479294232
2940,129,12.62562941744163,108.96145797532691
2941,129,11.411834036257329,108.48173328658746
2942,129,11.853984711755333,108.65648471796908
2943,129,11.393691713020042,73.54371226130198
2944,129,0.0,53.40694819449942
2945,129,0.0,125.91444502038642
2946,129,3.5767799361445154,128.5798257694871
2947,129,25.820708530771554,131.01982651775558
2948,129,45.6785350069881,135.63103034132845
2949,129,51.94323728878269,137.47870055252363
2950,129,47.135286424912664,135.56032124064802
2951,129,39.48723917395052,132.53588316896412
2952,129,33.38313140640517,130.12300829900047
2953,129,28.55920097811905,128.21607284727955
2954,129,25.36675731945789,126.95451774805483
2955,129,24.079118476932507,126.444842714875
2956,129,23.575766712242775,126.2447440837379
2957,129,24.955848726069558,126.79055864068687
2958,129,25.35928916689228,127.15661720556726
2959,129,29.60902937165403,129.59129777000248
2960,129,23.84927385099337,127.0187017255503
2961,129,20.227539376781916,124.91642925102042
2962,129,14.568558674910161,122.67983678871406
2963,129,12.318177460035471,121.79042265391702
2964,129,12.375861561149522,121.81323087005329
2965,129,11.58828719361921,121.50197145305933
2966,129,10.996443139887166,121.26805285251062
2967,129,12.171448820111625,121.73245258160743
2968,129,0.0,125.26012548599647
2969,129,25.07970583157788,134.3171698561646
2970,129,39.09722367066183,136.6549693253896
2971,129,54.22725919410501,139.99204063004666
2972,129,73.09704026862983,146.10529082221677
2973,129,52.79435921896537,137.8157938446682
2974,129,47.51670327428877,135.7101779482402
2975,129,38.798427577168255,132.2631267724439
2976,129,29.3525228659148,128.52793064537678
2977,129,23.592478904000725,126.25197289599943
2978,129,22.21987420686761,125.70928613606003
2979,129,21.113137958391164,125.2714860218821
2980,129,20.93370447319877,125.20055416459314
2981,129,21.791698369942033,125.54023561471575
2982,129,23.672740516213523,126.53950951735654
2983,129,27.494263452716037,128.8704376623469
2984,129,14.0669858011133,126.0511196376092
2985,129,0.681798075123218,124.27728428172371
2986,129,0.0,122.60847489266773
2987,129,0.0,121.60557331745034
2988,129,12.345001861051422,121.80106606845777
2989,129,12.270190172058427,121.77151396296794
2990,129,11.61151563918444,121.51118816758921
2991,129,0.0,122.0134649013599
2992,129,0.0,125.20677870727337
2993,129,23.463322919363602,133.79692440254277
2994,129,38.92714430336785,136.5092809922931
2995,129,51.263396048799486,138.82486872021286
2996,129,70.10725667428196,144.9320954103436
2997,129,49.268563653020415,136.42580604489896
2998,129,46.294620890166726,135.2272318012569
2999,129,38.99647223198905,132.34108162616846
3000,129,31.245942519796095,129.27688157850926
3001,129,25.94621429287999,127.18072187937362
3002,129,23.220809034301322,126.10395512654829
3003,129,22.367175686116806,125.76750536877293
3004,129,23.001904041002465,126.01875855454308
3005,129,24.2909642901629,126.5284395507626
3006,129,23.73580497132859,126.55051714127683
3007,129,27.04798449028899,128.6380492567482
3008,129,16.125594516261014,126.60972327633726
3009,129,1.7061670957008395,124.31008307702393
3010,129,0.0,123.08197336298687
3011,129,0.0,121.98884707295237
3012,129,0.0,121.76679508641686
3013,129,0.0,121.06991704723335
3014,129,0.0,121.09929147234949
3015,129,0.0,121.41237771558679
3016,129,0.0,124.37674482217317
3017,129,18.267990983682488,131.85678771522777
3018,129,35.19498507295907,135.29543465684426
3019,129,52.90614782116182,139.55436552081028
3020,129,74.20455920959928,146.5535705835746
3021,129,54.59474296978586,138.53200060349712
3022,129,50.76917357617094,136.99377674631413
3023,129,42.19006709581316,133.60361544917555
3024,129,33.799747864074874,130.28656058336207
3025,129,28.992500519717375,128.38488274154233
3026,129,27.661495768034673,127.8578467018845
3027,129,25.504930903021748,127.00568644858463
3028,129,23.63231580239284,126.26785581055333
3029,129,24.054329934360396,126.43502199753017
3030,129,22.441531364169496,126.07680594401432
3031,129,24.852675637589712,127.79688883915018
3032,129,15.353741671239113,126.40737230246843
3033,129,1.7891070242449914,124.63768551566729
3034,129,0.0,122.71734889075042
3035,129,0.0,121.49159108689042
3036,129,0.0,121.18097055122189
3037,129,0.0,120.59071351706334
3038,129,0.0,120.48465774834708
3039,129,0.0,121.63510418207609
3040,129,0.0,125.43693454069869
3041,129,27.123615002875113,135.18959918619464
3042,129,45.19843206735839,139.10797442578547
3043,129,60.28587820633195,142.47795639198455
3044,129,75.41275671295156,147.0342293014901
3045,129,52.51278649724979,137.70628928678303
3046,129,49.16647764253363,136.35871945614736
3047,129,42.4363364945638,133.6974631666389
3048,129,34.66503000610666,130.62524469351413
3049,129,28.682144376873367,128.2615977778959
3050,129,25.148989161314923,126.86555908841657
3051,129,23.79932819720265,126.33062432414918
3052,129,23.032795631032236,126.0280439523174
3053,129,23.490664540262905,126.21072066411207
3054,129,21.75671547267639,125.78871345205644
3055,129,28.5880132021826,129.28543201419552
3056,129,19.9135937500796,128.17068496633863
3057,129,5.583690077926429,125.83240034874326
3058,129,0.0,124.29385530086019
3059,129,0.0,123.73370267116198
3060,129,0.0,124.38204078393112
3061,129,0.0,123.59719645409209
3062,129,0.0,123.0453275528103
3063,129,0.0,123.12046371848572
3064,129,0.0,124.79417471617556
3065,129,16.741918450572733,131.47828129579278
3066,129,32.61976431360854,134.46497953141824
3067,129,47.848203078803934,137.70740946667172
3068,129,65.70981271349389,143.2464385527494
3069,129,48.86859244201698,136.26878044592897
3070,129,46.73545245576842,135.39791950645974
3071,129,42.34496049081591,133.66190410534313
3072,129,35.651014168426514,131.0172211775857
3073,129,31.180211509379888,129.2490936880046
3074,129,27.561137662394998,127.81874324657527
3075,129,25.87809766314498,127.15394336590899
3076,129,23.725344750704597,126.30254983728182
3077,129,24.178086563943417,126.48376796646748
3078,129,18.70316354179628,124.63723243960972
3079,129,6.227987861130834,122.19437805048639
3080,129,0.0,122.16241908709128
3081,129,0.0,121.51782862783885
3082,129,0.0,55.428837758959006
3083,129,8.675208482934469,107.40016511094684
3084,129,9.053705971140479,107.54975122365718
3085,129,8.555759847284877,107.3529493580655
3086,129,8.862853248679304,107.4743179459959
3087,129,0.0,50.37492187847557
3088,129,0.0,54.3406585324084
3089,129,0.0,128.24626101180374
3090,129,8.319438913263562,130.29658050787802
3091,129,27.257824309127862,131.94850006280205
3092,129,43.90637533390729,135.12123096731784
3093,129,49.146083391560445,136.38059020645414
3094,129,43.94614930959946,134.29462344637065
3095,129,38.75308158420809,132.2416010126142
3096,129,32.645654653357745,129.82740173248473
3097,129,27.80895466998299,127.91692348432012
3098,129,24.504466606095658,126.61028759674767
3099,129,22.533958032342255,125.83072239846477
3100,129,21.707530301938693,125.50352638599443
3101,129,20.854779102846777,125.16859415784351
3102,129,16.635315874960405,123.84254753284374
3103,129,5.405510894171313,122.03321133508302
3104,129,0.0,122.40463301560231
3105,129,13.7477712981029,122.35547000127106
3106,129,10.822226343190891,108.2487148310307
3107,129,8.652294890733998,107.39109530791055
3108,129,8.099839546704274,107.17275503493713
3109,129,8.324356477215959,107.26149085131338
3110,129,9.020059327723935,107.53645113869568
3111,129,10.00784398181835,107.92685021540213
3112,129,0.0,51.253286643282685
3113,129,0.0,125.04534068622262
3114,129,0.0,127.57659201045563
3115,129,21.808367684268358,130.01492458177813
3116,129,43.64461865987506,135.02450968603722
3117,129,49.302030685559764,136.4414587322581
3118,129,43.41473919591046,134.08703420101946
3119,129,37.413810068495934,131.7138946311406
3120,129,30.09828380959146,128.82239337797185
3121,129,24.738016162940767,126.70198384077763
3122,129,22.45082085024631,125.79860119419087
3123,129,22.02311531026965,125.62954682427981
3124,129,21.86174201174385,125.56521028892986
3125,129,21.808581342364224,125.54573802769795
3126,129,19.434523544009224,124.91940429912982
3127,129,24.515909474010435,127.7796843622197
3128,129,24.562062644318914,126.6296050168015
3129,129,19.532574666475508,124.64178715475069
3130,129,14.295229168435307,122.57182581238305
3131,129,13.255975848192866,122.16109035841217
3132,129,14.64111161226899,122.70852640104209
3133,129,14.29015497958326,122.56981841416565
3134,129,14.128885598610697,122.50608735370984
3135,129,15.57343457848345,123.07701274307456
3136,129,26.326266939557982,127.32681973390292
3137,129,29.5654668852931,136.51954895182178
3138,129,39.93998482862073,137.32660297558988
3139,129,53.36861003313489,139.88359906963228
3140,129,69.59139963066065,144.8018802656614
3141,129,52.77221982049914,137.81675979716684
3142,129,49.52179562600894,136.5012673212755
3143,129,41.48184403014057,133.32228712972665
3144,129,33.96462175238797,130.351485545647
3145,129,28.037842284102314,128.00849193810254
3146,129,25.482622497332997,126.99802082916598
3147,129,24.160146520301026,126.47591432136979
3148,129,23.87404271502591,126.36226360242145
3149,129,24.779152291610917,126.72151556610828
3150,129,21.483636022185873,125.8005033689894
3151,129,25.013454782767777,128.10669575505855
3152,129,13.169888682924391,126.09596900185252
3153,129,19.89074097676679,124.78333582132386
3154,129,14.684020090581587,122.72549483146256
3155,129,12.400988350650493,121.82318621448051
3156,129,12.278318045938315,121.77470203008991
3157,129,11.784223190946985,121.57942479071549
3158,129,12.404499983136912,121.82457653084448
3159,129,14.434671747337571,122.62697598488798
3160,129,0.0,126.48187047707276
3161,129,27.29628675870837,135.710674505584
3162,129,43.6703189758969,138.69123351895706
3163,129,60.21602904254714,142.57914895712082
3164,129,70.69610640843129,145.23960470104134
3165,129,47.334782259745566,135.6731663662612
3166,129,43.961053282840574,134.3031718396243
3167,129,37.69784487515585,131.82736234928151
3168,129,30.22070284368177,128.86992898362948
3169,129,25.340061789189672,126.94074884001952
3170,129,23.01679510715484,126.02330856216936
3171,129,23.160373316149332,126.07984734744961
3172,129,22.457718257770594,125.80252004759562
3173,129,23.584287478874536,126.24967835713505
3174,129,20.177378215956175,125.25435177608907
3175,129,26.103578228427317,128.4575206847107
3176,129,15.621857747799615,126.76194211893247
3177,129,1.9490319394953626,124.88860861032911
3178,129,16.37179315939475,123.39257578038483
3179,129,14.222552070492505,122.54312608161857
3180,129,14.10375414914097,122.49617022710703
3181,129,13.059574434836083,122.08348519187727
3182,129,13.454806523169054,122.23971056258817
3183,129,0.0,122.73451251179804
3184,129,0.0,126.54074271956584
3185,129,22.932596943546663,134.09728304077004
3186,129,36.33908049461558,136.0446222109289
3187,129,48.00715366864131,137.834544826239
3188,129,66.47146034840173,143.57346507727112
3189,129,50.917486894226904,137.0908912194112
3190,129,50.84156601245001,137.02408853519924
3191,129,43.357961105709634,134.064445381858
3192,129,33.60915763527449,130.20876367271862
3193,129,29.52403468780257,128.59455867356644
3194,129,26.064918063867676,127.22721159821538
3195,129,24.225308817327857,126.4997546376963
3196,129,23.00286437714826,126.01604092945468
3197,129,23.148891085569872,126.07683958209142
3198,129,17.198190788952772,124.13379009120796
3199,129,4.782729867721183,122.00807026319929
3200,129,0.0,122.26403792544004
3201,129,0.0,122.32595781636452
3202,129,11.35595929546051,108.45966511427584
3203,129,8.988795775102554,107.5240927164676
3204,129,8.598240142695355,107.3697364497449
3205,129,8.540113907241526,107.34676650082389
3206,129,8.932301565299372,107.50177088134576
3207,129,9.833731143956676,107.85805336041228
3208,129,0.0,51.20556777807114
3209,129,0.0,56.678267296721735
3210,129,1.279237662507488,128.72321089983316
3211,129,23.90055131094355,131.03609281966152
3212,129,44.49784525150248,135.43902506455285
3213,129,54.07341173697215,138.332910950371
3214,129,47.72784594075034,135.7920649567384
3215,129,39.71083990323487,132.6217504663773
3216,129,34.307278650688296,130.4851261301417
3217,129,28.772457950247027,128.29834145663654
3218,129,26.42518851485436,127.37058757372132
3219,129,23.735502309431265,126.30659857484098
3220,129,21.672050775369158,125.4910586162935
3221,129,21.320919749962023,125.35495084861113
3222,129,16.164077895634456,123.71355944854663
3223,129,17.048310662276855,124.98927500515066
3224,129,10.16153083202456,124.79724201824745
3225,129,0.8255329154242841,124.50293049322731
3226,129,15.051697242564273,122.87081837978016
3227,129,11.456858849048011,121.45004462806618
3228,129,11.554467589737623,121.48863005207095
3229,129,12.525655373760346,121.87246292505704
3230,129,14.481666516868447,122.64553794085056
3231,129,15.55650735214287,123.07034913666905
3232,129,10.647638209357005,125.78836287036735
3233,129,16.994969182428697,131.90581488001436
3234,129,34.51152886816876,135.41819074107488
3235,129,52.27746940258438,139.60798650639455
3236,129,71.88674016239538,145.74153545159967
3237,129,51.4333899219823,137.2903201228816
3238,129,48.98463301158311,136.2884386198706
3239,129,41.63543743876017,133.38265229904218
3240,129,35.67863360626915,131.0279855045472
3241,129,31.090307094816808,129.21375215261392
3242,129,27.21511270146822,127.68161412224075
3243,129,25.098048362985075,126.84526374327118
3244,129,23.53217992117855,126.2263710052855
3245,129,22.352164194957457,125.764205640525
3246,129,16.180473239779953,123.7608246707263
3247,129,4.9777151529484644,122.14564127801555
3248,129,0.0,122.25687005631069
3249,129,0.0,122.06641722732178
3250,129,10.842379457796994,108.25670463413347
3251,129,8.712430011060256,107.41488474719091
3252,129,8.241584834670883,107.22879273497166
3253,129,7.480484245393132,106.92797860933032
3254,129,7.330248120830687,106.86859912821551
3255,129,8.441351579489442,107.3077267964569
3256,129,0.0,51.9482331696048
3257,129,0.0,125.59854714951793
3258,129,0.6126405029533595,127.67246661789733
3259,129,20.879680772088964,129.82616699404022
3260,129,38.62491978025217,133.19167349466977
3261,129,48.87428082747357,136.28892202717938
3262,129,47.136860164831525,135.56161306043217
3263,129,42.66450980562354,133.7894426109655
3264,129,36.385152516595866,131.3064730328995
3265,129,30.935896515395463,129.15255898394298
3266,129,28.77123364535992,128.2973689309074
3267,129,26.56189134651194,127.42379808071553
3268,129,25.64764821614583,127.06190234176606
3269,129,25.340048259158365,126.94415706252713
3270,129,17.6531421243356,124.38192173635235
3271,129,4.9777918054512895,122.30649812225808
3272,129,0.0,122.63149654985851
3273,129,14.139016932074899,122.51010181939336
3274,129,11.286702017146487,108.43229897772522
3275,129,8.48617990514077,107.32544210057748
3276,129,7.334449712147507,106.87023929920382
3277,129,7.161893895824393,106.80204039001254
3278,129,7.387664457947409,106.8912669733683
3279,129,8.295014058413688,107.2498748237505
3280,129,0.0,50.99644386752659
3281,129,0.0,57.24262656028668
3282,129,0.0,127.79750731850869
3283,129,21.585566332396954,130.31557991091128
3284,129,41.408310912493555,134.2951621215783
3285,129,50.92800663431859,137.09498923135
3286,129,49.23457359101198,136.387432909997
3287,129,41.0875771229483,133.16581389961522
3288,129,34.19127495197687,130.4403444352438
3289,129,28.571113074683936,128.2173531665409
3290,129,25.146657681389694,126.86447734351336
3291,129,23.86021997323933,126.35606685331926
3292,129,23.458623140277453,126.19714598357467
3293,129,24.21372943327857,126.49902768980195
3294,129,18.727444489974776,124.74277236450688
3295,129,23.74102342884084,127.62660971319912
3296,129,13.677416213877184,126.21978435539138
3297,129,0.259878302950768,124.59533925411552
3298,129,14.272423431146386,122.56282227296664
3299,129,12.452995716517004,121.84374637501566
3300,129,13.003482107049795,122.06132586049173
3301,129,13.510021416058152,122.26153028511902
3302,129,16.41905716439568,123.41127363190165
3303,129,16.84568678143359,123.57989954591979
3304,129,0.0,127.09324276564426
3305,129,26.55228116654478,135.46165999672996
3306,129,40.63584719555021,137.75147657392768
3307,129,52.23480586450252,139.58569293643015
3308,129,68.28174677052282,144.34796556884825
3309,129,51.038192757486804,137.14095549565405
3310,129,49.03981712093881,136.31339162271126
3311,129,42.54499407227512,133.74487534972477
3312,129,35.178221951082904,130.83324795630088
3313,129,29.946909540288267,128.76547136155463
3314,129,26.764725383481757,127.50645110097966
3315,129,24.86516551801094,126.75628944783274
3316,129,25.305765734003902,126.9306164367146
3317,129,26.036175116252277,127.22158440957773
3318,129,21.470251894291227,125.91680068024341
3319,129,27.776644264140778,129.35947944065435
3320,129,14.715561356035103,126.94012568228707
3321,129,0.0,124.75004007901471
3322,129,0.0,122.70964843431341
3323,129,0.0,121.64913760060887
3324,129,0.0,120.93737592047295
3325,129,0.0,120.55172224948485
3326,129,0.0,120.95032570861166
3327,129,0.0,122.37232086446303
3328,129,0.0,126.48463745245544
3329,129,26.191531009150303,135.3804692676063
3330,129,40.95816968615147,137.7552511896123
3331,129,57.19965443494481,141.52548686912218
3332,129,70.53138149733333,145.23156154382286
3333,129,53.92350377621757,138.28830124128237
3334,129,52.25646019226191,137.5851912330768
3335,129,44.52024845634004,134.52610183057712
3336,129,35.973445363084004,131.1466670659595
3337,129,29.338832514665135,128.52370485625337
3338,129,27.41619647470536,127.76419246864596
3339,129,25.736400053643873,127.09989344980038
3340,129,24.258976108889254,126.515779637246
3341,129,24.24409724735398,126.51373693692636
3342,129,19.13805250627921,124.94720016620911
3343,129,24.037350088542702,127.7862160675457
3344,129,11.670513945184169,125.42024985674716
3345,129,0.048035373604323646,124.39097602988632
3346,129,0.0,122.77188338214731
3347,129,13.57502297058675,122.28720699439697
3348,129,14.493374764729746,122.65015543235718
3349,129,13.956813804933285,122.43809973905078
3350,129,0.0,122.89033309641928
3351,129,0.0,122.7056614446327
3352,129,0.0,126.8739955133154
3353,129,29.648771798299602,136.86885934946656
3354,129,42.48024040933174,138.6209055724584
3355,129,53.037496899644104,139.97083982452554
3356,129,71.71009431958188,145.70325791503458
3357,129,54.62538551179023,138.56163214326781
3358,129,52.9817525672164,137.87142728002064
3359,129,45.592813428013685,134.94783729860058
3360,129,37.73906569259027,131.84230947279946
3361,129,30.667552111947042,129.04725614001188
3362,129,27.43907515290214,127.77262736328707
3363,129,25.279919897226808,126.91751884521076
3364,129,24.57818223953797,126.64073632467701
3365,129,24.327055748000326,126.54724085322125
3366,129,21.279576754615967,125.84814212700438
3367,129,26.778391043403342,128.8971368792013
3368,129,14.118576651624933,126.50078841850087
3369,129,0.0,124.0628246641732
3370,129,0.0,122.07448705939974
3371,129,11.62087322023109,121.51486065921681
3372,129,13.727393936284495,122.34742355579978
3373,129,20.610481538074396,125.06782375838948
3374,129,21.202502944582367,125.30181039624091
3375,129,0.8969892709226402,123.08700507442747
3376,129,0.0,125.12767711393397
3377,129,14.718180286345211,130.74778363920433
3378,129,27.380107402174406,132.48145570340512
3379,129,38.547884079205936,134.23280086353972
3380,129,58.38075474114056,140.42372908509742
3381,129,47.3297725913668,135.67037999024046
3382,129,49.13914832185074,136.3534639488131
3383,129,43.33398220339345,134.05549794913338
3384,129,33.79550285372758,130.28488907082215
3385,129,29.46104339292183,128.57237266861495
3386,129,25.48719643881345,127.00082762392401
3387,129,24.347253381980792,126.55123771774251
3388,129,22.871806173215198,125.9673277660308
3389,129,22.325400261876585,125.75443990729379
3390,129,16.86142487994866,124.0722725155325
3391,129,21.134774836081768,126.6824777144545
3392,129,13.212639459153811,126.08028084572825
3393,129,19.924657633450163,124.79673107637578
3394,129,16.77440486663035,123.55166604375196
3395,129,14.849771444491997,122.79099900731845
3396,129,15.39680468579169,123.00720244539073
3397,129,17.825597395534793,123.96714327479427
3398,129,21.500104196831106,125.41943954060092
3399,129,20.541394792800833,125.04052880341854
3400,129,29.3403932613744,128.5181683290049
3401,129,27.787449580678285,136.29166339338988
3402,129,40.557554853513736,138.02325139364066
3403,129,52.53284975188959,139.9187146310909
3404,129,61.222149750635324,141.60681331712516
3405,129,47.097458397013945,135.58808138676906
3406,129,46.32764675897085,135.2384301920127
3407,129,40.44794051268111,132.9139897782756
3408,129,34.05205356687848,130.38574098490477
3409,129,29.37070394924162,128.53516251590784
3410,129,26.138755012383577,127.25625466447707
3411,129,24.7165764913836,126.69452016923782
3412,129,24.14284255360889,126.46853271263481
3413,129,22.641355112443918,125.88101838851787
3414,129,16.325507246748806,123.9351432246311
3415,129,5.231741471902346,122.64951210735347
3416,129,0.0,122.65851448016078
3417,129,0.0,122.65316151585591
3418,129,0.0,54.27301818222189
3419,129,0.0,50.767276615646786
3420,129,9.76638718580528,107.83142682494791
3421,129,8.897700987254751,107.48809831530544
3422,129,8.359512935494982,107.27538306645094
3423,129,0.0,50.97699507264813
3424,129,0.0,51.3438938338268
3425,129,0.0,124.75777507083203
3426,129,0.0,126.36126742259623
3427,129,15.60664564810956,128.11376498677737
3428,129,34.08461981274948,131.53885993860766
3429,129,44.414061125043936,134.53423668962992
3430,129,44.0117616549373,134.3308148915877
3431,129,40.959772805012435,133.1186441695454
3432,129,35.30341585554239,130.8809907212913
3433,129,30.50636527365294,128.98392307154967
3434,129,26.524898849453916,127.4103518385674
3435,129,23.4469466343554,126.19407305777818
3436,129,22.522509274745133,125.82852654562326
3437,129,22.606183600924567,125.86812107622097
3438,129,15.68887926757108,123.7475326749583
3439,129,2.5646418507254642,121.7884474401104
3440,129,0.0,121.9124178346016
3441,129,13.992959273470644,122.45242161160452
3442,129,12.315072364950586,108.83876591038596
3443,129,11.18348862766387,108.3915292871236
3444,129,10.921803284291784,108.2881053682344
3445,129,0.0,45.75888990172373
3446,129,0.0,47.260170046364706
3447,129,0.0,48.896510757702764
3448,129,0.0,50.76547998079325
3449,129,0.0,56.83628539190778
3450,129,0.0,128.18096988894555
3451,129,18.02250529731699,129.30032780173008
3452,129,37.65151220120115,132.95502294821213
3453,129,49.13463037604869,136.39429907688083
3454,129,48.18550597619457,135.9743972586293
3455,129,41.333147323051016,133.26519484811323
3456,129,36.07357930766785,131.1858781196325
3457,129,31.1098907158692,129.22288051815454
3458,129,27.281970568676236,127.7094165295084
3459,129,24.751345205892743,126.7094244954089
3460,129,23.438871649496,126.19068894577887
3461,129,23.2490890299904,126.12409357574921
3462,129,15.655269505511999,123.78783296654541
3463,129,2.8583470688386976,122.061337203294
3464,129,13.926689598331416,122.42619213087082
3465,129,15.244653313782417,122.947079345438
3466,129,13.352404074435425,109.24870404454701
3467,129,12.777019546986596,109.02130598689337
3468,129,13.040026055749491,109.12524072349696
3469,129,12.12684890963917,108.76432834545227
3470,129,11.70057075987216,108.59584985759987
3471,129,12.10865553276986,108.75713199429912
3472,129,15.108256790314961,109.94267590984241
3473,129,0.0,56.64407129580454
3474,129,0.8806381931906548,129.65711371673666
3475,129,21.204543595625033,130.78273356435147
3476,129,38.96253331160422,133.55139910236304
3477,129,48.995839698315066,136.34224699358663
3478,129,48.83537304780552,136.23176579798005
3479,129,41.878261296753415,133.48114302657538
3480,129,36.71944009521083,131.44205408987108
3481,129,30.306657501707157,128.9063760327864
3482,129,27.212869068797747,127.68303822841206
3483,129,25.72008470880463,127.09304058842233
3484,129,24.521386380552602,126.62101756461084
3485,129,24.343889899319535,126.55545908440979
3486,129,19.56827835306552,125.291299558141
3487,129,25.75205670811759,128.72628232038113
3488,129,11.28386744768645,125.86911315415541
3489,129,0.0,123.55938960181703
3490,129,12.513049844512604,121.86747488118343
3491,129,9.94241717217171,120.85148412844885
3492,129,10.980948412574968,121.26193759384455
3493,129,10.73679925844668,121.16543701020113
3494,129,11.268514154426,121.37558092271955
3495,129,15.19418082925049,122.92711080732523
3496,129,0.0,127.6365840174315
3497,129,28.26661137019722,136.438220054937
3498,129,42.8588451063519,138.74027717077303
3499,129,55.226678992341924,140.9017482196836
3500,129,67.43380672572593,144.0630185674083
3501,129,49.23002469733318,136.4388286638594
3502,129,49.16395594776106,136.36216076196234
3503,129,41.29711349671399,133.2516466393584
3504,129,32.69441225997944,129.85068207191318
3505,129,27.8981100261919,127.95428592217058
3506,129,24.694561547536118,126.68817326458087
3507,129,22.77906696479949,125.93148428619685
3508,129,22.20860838306078,125.70505959454154
3509,129,22.376270664466595,125.77878751731997
3510,129,17.641223539876105,124.45712900178307
3511,129,21.085845621285774,126.75915843506807
3512,129,9.500926986026757,124.8017937764456
3513,129,0.0,123.22745914968071
3514,129,0.0,121.96736104379985
3515,129,0.0,121.52986328248335
3516,129,13.5845763793046,122.29101678454096
3517,129,13.71472101583643,122.34245508293291
3518,129,0.0,121.8273457056401
3519,129,0.0,121.66038301185404
3520,129,0.0,124.46925872994235
3521,129,17.811255650927755,132.4429676971767
3522,129,27.923017327155275,133.12239827224536
3523,129,39.13290301227009,134.64089001352949
3524,129,55.71246667009913,139.43990192293592
3525,129,45.99893751277301,135.1595751542577
3526,129,47.858578622089894,135.8464606124
3527,129,39.98152469691544,132.73058906908037
3528,129,34.688330543455194,130.6368157185817
3529,129,29.874646433457755,128.7339163116084
3530,129,26.941226597122895,127.5749272458293
3531,129,24.20931295021606,126.49424089996289
3532,129,24.44147270593433,126.5859922907012
3533,129,23.666860447207387,126.28863448112371
3534,129,17.71644606281798,124.54351259395766
3535,129,21.245987184693202,126.84519947064734
3536,129,8.75507621221863,124.61787227882375
3537,129,0.0,123.01107349057348
3538,129,0.0,121.4535446878051
3539,129,0.0,121.2017069798507
3540,129,0.0,121.40925756920987
3541,129,0.0,121.06117196109493
3542,129,0.0,121.09296254854277
3543,129,0.0,120.99725535186964
3544,129,0.0,122.9151176418479
3545,129,8.62663051902587,128.60763156114018
3546,129,25.963267071228174,132.1829005255772
3547,129,39.3126327192413,134.6980164898383
3548,129,56.64957865482781,139.79355183476065
3549,129,46.877752000052695,135.4919433551522
3550,129,46.018555499312264,135.11922053971506
3551,129,40.51479697057518,132.9426213087277
3552,129,33.003940330650295,129.97334687362502
3553,129,27.802686427606616,127.91726842342014
3554,129,24.99669404646713,126.80788558037176
3555,129,23.996397891157724,126.41235272498511
3556,129,22.53425638536751,125.83409624395497
3557,129,22.039960120549704,125.64314499099069
3558,129,17.00690691129373,124.22133603376287
3559,129,21.327303145530223,126.88922971989896
3560,129,12.38984222138144,125.9787970050229
3561,129,1.8650091029577038,125.36112645921726
3562,129,0.0,124.38973769073384
3563,129,2.1444808668107904,123.39892431593248
3564,129,14.98063780697735,122.84275006821198
3565,129,12.495076890907479,121.86037317709899
3566,129,11.979572881829634,121.65663211684509
3567,129,13.68552184183507,122.33087419883795
3568,129,0.0,124.7578602650235
3569,129,15.761086640653568,131.8662818034037
3570,129,30.655419283935675,134.41582276808006
3571,129,44.249242290006144,136.830410300175
3572,129,60.203987407600216,141.26836328456412
3573,129,47.444844724247375,135.7380433848459
3574,129,46.951109184603474,135.48491263201237
3575,129,41.00542889905952,133.1344284269112
3576,129,33.58347594597723,130.20108351731727
3577,129,29.594850027474415,128.623281147304
3578,129,26.97137373464019,127.58563308270004
3579,129,24.02148086012804,126.41960705696373
3580,129,23.208035389134857,126.09943757528863
3581,129,22.672359872234324,125.89635465359605
3582,129,16.580025048024055,124.12979819685474
3583,129,6.082492069025795,123.29657762913013
3584,129,0.0,123.83926960500885
3585,129,0.0,124.0772671735211
3586,129,15.858123195494342,110.23908794257018
3587,129,14.03519453378223,109.51859929831603
3588,129,13.283833671075579,109.2216414290063
3589,129,13.147060148319126,109.16756999814939
3590,129,11.233316433806687,108.41119869722687
3591,129,10.729282209335567,108.21198329184018
3592,129,0.0,50.326190628004866
3593,129,0.0,56.758185498458566
3594,129,0.0,127.25891578222412
3595,129,17.318234835965416,129.22476626598655
3596,129,34.367339167237525,131.80498646351313
3597,129,47.450024224814136,135.73972342657262
3598,129,48.59116881470865,136.1421045898611
3599,129,43.80989955812695,134.24533449247332
3600,129,37.617375178558994,131.79595576322856
3601,129,31.409404235131,129.34145424075732
3602,129,27.953546007519833,127.97425314537817
3603,129,24.986936380852654,126.80252057186348
3604,129,23.054567427601924,126.03859843276982
3605,129,22.410281020641644,125.79428184441477
3606,129,15.088836332539053,123.61759013495163
3607,129,2.782129141984135,122.18785137098624
3608,129,0.0,122.56766345088938
3609,129,15.413735261206828,123.01389439716637
3610,129,13.720392870649098,109.39415070939681
3611,129,14.275288568197295,109.61345832982177
3612,129,15.5059279127543,110.09983864300833
3613,129,14.110634219244647,109.54837116438338
3614,129,13.877465737847126,109.45623257389765
3615,129,14.556079649708858,109.72443932971547
3616,129,0.0,50.79139969662027
3617,129,0.0,56.73835717073767
3618,129,0.6531251009185647,129.948070252784
3619,129,20.483979156037815,130.7229944083819
3620,129,39.61385757821329,133.88737003260223
3621,129,52.45449367743879,137.71205416558473
3622,129,50.131184246272134,136.74438522759124
3623,129,40.95067951893322,133.11505085060125
3624,129,33.81677318674464,130.29303233456196
3625,129,28.611687022551443,128.23585195848145
3626,129,25.599097802759527,127.04460306559645
3627,129,23.602777010338972,126.25790552136145
3628,129,23.480668420384376,126.20870655092462
3629,129,23.018978507953197,126.03120902235231
3630,129,16.456685123723517,124.03179717564957
3631,129,20.739813679023435,126.71293246672174
3632,129,19.80253978189025,124.74852266989043
3633,129,16.186452320328705,123.3193347764708
3634,129,13.558302945905163,122.28061848603475
3635,129,11.520747955776379,121.47530510036704
3636,129,11.469539488626262,121.4550565313675
3637,129,10.90366405182456,121.23140469830624
3638,129,10.028186908560844,120.88537502459752
3639,129,11.089145684522101,121.30469711485087
3640,129,20.02817099564899,124.83765869063849
3641,129,20.855722266152686,133.8286537625803
3642,129,33.874051758170395,135.6254075431818
3643,129,46.09965257713683,137.5079230311921
3644,129,65.67209725935442,143.44466527850776
3645,129,49.40284227174144,136.51234133614835
3646,129,48.54935829246384,136.1189031269858
3647,129,43.1128022084892,133.96827504788914
3648,129,33.00022217908487,129.9705704009497
3649,129,28.514126473275162,128.19543323622432
3650,129,25.241779256876715,126.90251144052162
3651,129,23.479775997550632,126.20687539458476
3652,129,24.106042504422547,126.45456221478435
3653,129,24.14031065256788,126.47690454790408
3654,129,18.313451554532357,124.8838119495936
3655,129,22.809724716192758,127.67329915644302
3656,129,8.688698102656543,125.0381955952056
3657,129,0.0,122.99204811726793
3658,129,0.0,120.94585743929116
3659,129,0.0,119.92744325155353
3660,129,0.0,120.52439411025999
3661,129,0.0,120.65964403756101
3662,129,0.0,120.9471996930258
3663,129,0.0,121.93175135642043
3664,129,0.0,125.05095459791082
3665,129,18.046046072634848,132.7896824872667
3666,129,36.23116376996712,136.429766144501
3667,129,50.74962688978054,139.30848193764393
3668,129,66.73579453110209,143.8481087220375
3669,129,48.2254499009454,136.04873379786156
3670,129,49.03723391522727,136.3109490257338
3671,129,40.94771870520788,133.11390437970368
3672,129,33.77854959842227,130.27759088729456
3673,129,28.40453314321936,128.15361938377683
3674,129,25.493810983322174,127.0033989306193
3675,129,23.040515310824137,126.03474679251539
3676,129,23.368113977973263,126.16269894221321
3677,129,22.854650882771338,125.97031051545154
3678,129,17.037562061352578,124.28784511498466
3679,129,20.670919942714892,126.68153768686152
3680,129,10.047689616553242,125.16362819855131
3681,129,8.287792260058746,123.18984614387253
3682,129,13.40633861521698,122.22054912313132
3683,129,12.955420025493533,122.0423289974483
3684,129,16.17255007663829,123.3138393177788
3685,129,15.102798304831355,122.8910287685893
3686,129,13.884142983057679,122.40936478973802
3687,129,13.403574648787387,122.21942958902157
3688,129,0.0,124.86760595848268
3689,129,14.231044075134838,131.4053247458931
3690,129,26.54149706702484,132.87484961835457
3691,129,39.560610297714454,134.9827493021361
3692,129,56.86624337318115,139.95671801005756
3693,129,51.09380794508882,137.1865171176837
3694,129,52.45307873833497,137.6670746239669
3695,129,43.744873858822785,134.21868827878725
3696,129,35.92371853314432,131.12578128758943
3697,129,31.06899662129835,129.20685876948608
3698,129,28.12913896932915,128.04549992978036
3699,129,26.939974112696593,127.57453975662305
3700,129,26.334098965896704,127.33467994496623
3701,129,24.413772414023242,126.58605875875858
3702,129,17.21252878041473,124.40863005402699
3703,129,20.499254055823716,126.62142272875049
3704,129,9.668752406287593,125.0911235648888
3705,129,0.0,123.4139866144675
3706,129,0.0,121.78427138168165
3707,129,0.0,121.12836213099486
3708,129,0.0,121.42412256650573
3709,129,0.0,121.41154706011207
3710,129,0.0,120.8750590489332
3711,129,0.0,120.85579873284418
3712,129,0.0,123.07315611248008
3713,129,8.539471788666026,128.88905574510883
3714,129,26.779903605975996,132.77038675182789
3715,129,40.3776932545893,135.2766969758811
3716,129,58.6245820683651,140.62745394547255
3717,129,50.856976038389575,137.0682568601244
3718,129,52.35296726107521,137.62292318407415
3719,129,45.88797632554203,135.06688209603175
3720,129,37.308777103983566,131.67460059908197
3721,129,31.814113685506435,129.5031415347788
3722,129,27.321031741713593,127.72658172590626
3723,129,25.134545267018353,126.86129431096907
3724,129,23.57195952317554,126.24372774375037
3725,129,23.758816035461237,126.32350258840857
3726,129,18.077658825587466,124.69568181466019
3727,129,24.816831463017348,128.32564498561916
3728,129,13.92691987987577,126.66136692068002
3729,129,0.0,124.51010748064485
3730,129,0.0,122.6035531514032
3731,129,0.0,121.0214371830437
3732,129,0.0,121.00638768507515
3733,129,0.0,120.62195792327186
3734,129,0.0,120.88164304600299
3735,129,0.0,121.29116909593144
3736,129,0.0,123.56814546610059
3737,129,9.577893092391797,129.73426091769582
3738,129,23.206172045178537,131.73687293299096
3739,129,38.56179216785283,134.74693350320766
3740,129,55.43906940966943,139.44585723388911
3741,129,47.89719704528082,135.9272296415224
3742,129,47.801728425837396,135.82263531208068
3743,129,43.40180876033091,134.08292215384088
3744,129,37.24031979395878,131.64541274662184
3745,129,32.23421832291003,129.66629717771082
3746,129,28.41383242423974,128.15655989940007
3747,129,26.65441381002373,127.46040449244498
3748,129,25.839087821907988,127.13932138614086
3749,129,24.28581169379589,126.53516993401378
3750,129,16.59813354038279,124.18499388346149
3751,129,5.351103595737924,123.12237244948918
3752,129,0.0,123.43400746391008
3753,129,16.97325828740884,123.63027528731277
3754,129,13.679499036601836,109.37799655581746
3755,129,11.579898090486964,108.54817035041096
3756,129,11.832849589850008,108.64814249291243
3757,129,10.638850326036591,108.17624459304012
3758,129,9.614529820720373,107.77140185148438
3759,129,9.698065883436808,107.80441097423886
3760,129,0.0,50.456578609820184
3761,129,0.0,56.97964643249836
3762,129,0.0,127.03564702625508
3763,129,15.480783307154521,128.8483923789691
3764,129,34.32384001954105,131.92718302919374
3765,129,45.52574456776501,134.98570474532477
3766,129,45.91864694514377,135.08489546435783
3767,129,41.6179160749477,133.37859102665786
3768,129,36.59484361946909,131.39215173458453
3769,129,32.15212751580163,129.63606941882833
3770,129,28.642043970000458,128.246903020866
3771,129,25.790424213334543,127.119690404814
3772,129,24.450028161974465,126.5897463126748
3773,129,23.145275789093102,126.08669239407332
3774,129,15.303339700404925,123.7479339415791
3775,129,2.7368527643192095,122.255174039594
3776,129,0.0,122.21738342480113
3777,129,0.0,121.99375278923918
3778,129,0.0,52.12263383925201
3779,129,0.0,50.388767808014194
3780,129,11.057688276971401,108.34179363552889
3781,129,10.191792066297939,107.99955847372709
3782,129,11.146225774146737,108.37678619830112
3783,129,11.932363086465537,108.68749395894842
3784,129,0.0,50.645563614483386
3785,129,0.0,57.32538613103907
3786,129,0.0,127.44039454280289
3787,129,16.57183370400822,129.52319724866092
3788,129,35.623233243669304,132.44843123325515
3789,129,47.18325138669355,135.63686940176893
3790,129,46.679434929761825,135.38106681284827
3791,129,37.479351113914504,131.7432071048274
3792,129,31.36400101476601,129.3239520073881
3793,129,26.905462658948874,127.56178823163691
3794,129,25.054907811500616,126.83017612335709
3795,129,23.17650205729164,126.08773902742007
3796,129,22.614469130038813,125.86540460253659
3797,129,22.603423895362543,125.8673314478793
3798,129,16.89624572173578,124.23405863464667
3799,129,23.96180533014123,126.72392661327555
3800,129,22.6110042181501,125.85843257866568
3801,129,17.94859551628246,124.01573054656335
3802,129,15.492619601571244,123.04506348815383
3803,129,14.051726508088056,122.47556759286246
3804,129,11.942887214261486,121.64211832709121
3805,129,10.18206581392532,120.94619601152077
3806,129,10.196975863386179,120.9520887480555
3807,129,11.147498407342086,121.32775709602981
3808,129,18.920283735313866,124.39978055266009
3809,129,16.3806905829694,132.28227835241492
3810,129,30.959094437872455,134.6740150171223
3811,129,45.60917445772524,137.45325492102532
3812,129,65.77045698092687,143.5416582837183
3813,129,49.7161650053709,136.64742983253836
3814,129,49.70018850304119,136.57390406209913
3815,129,40.559713238260265,132.95980715605828
3816,129,35.191583993949045,130.8358598987469
3817,129,31.28753897386964,129.2918814642258
3818,129,29.15543872329248,128.4497899687938
3819,129,27.467740222157907,127.7839016807322
3820,129,25.908731214744343,127.16583779278537
3821,129,25.44604709121811,126.99446393437213
3822,129,18.557633920237993,125.01285789913733
3823,129,21.264916486160846,127.09161083951493
3824,129,18.11717033739178,125.04700347704936
3825,129,14.722161962220255,122.7405716407094
3826,129,10.613941450233902,121.11688302533773
3827,129,8.337455135298455,120.2171516815499
3828,129,7.861033766152409,120.02886455466236
3829,129,7.669565738354034,119.95319171290382
3830,129,8.12404781861909,120.13281720245861
3831,129,8.864332385024143,120.42541484358793
3832,129,0.0,122.95241961415049
3833,129,10.129241904867024,129.87312351515885
3834,129,26.762972525431405,132.87113210859175
3835,129,40.435704369909054,135.36140647593635
3836,129,57.02416668106401,140.06100685462494
3837,129,46.91552920276054,135.54086283553602
3838,129,46.2339340871802,135.20214945456715
3839,129,41.22268652983761,133.22213651696708
3840,129,32.483550815180216,129.76472294685348
3841,129,28.309719796437015,128.1149097416451
3842,129,26.15399672497243,127.26496515242977
3843,129,25.173867080054748,126.87625187825535
3844,129,24.699229183387793,126.68750920400562
3845,129,24.374733035089896,126.57090981304148
3846,129,16.5984097501747,124.13706342382604
3847,129,19.96334558347263,126.42312010108586
3848,129,9.875230815168281,125.11247388469518
3849,129,0.0,123.47830873520768
3850,129,0.0,121.9847555135067
3851,129,0.0,121.31820623507465
3852,129,0.0,122.34074667516633
3853,129,0.0,121.925383132204
3854,129,0.0,121.65765266467703
3855,129,0.0,121.95208752205808
3856,129,0.0,124.7683209649721
3857,129,14.327665223229618,131.59847966440864
3858,129,26.651301705575182,133.06092265696026
3859,129,43.178255485882474,136.52764310947202
3860,129,59.89206326761249,141.20037538511025
3861,129,51.104523730944315,137.194506294678
3862,129,52.76335672987157,137.78768891746347
3863,129,45.396390814637876,134.87122136660645
3864,129,37.38185358697944,131.70190522445773
3865,129,31.943120254869477,129.55178559590186
3866,129,27.79525000975066,127.91394762081349
3867,129,26.687193196111377,127.47408775853641
3868,129,26.014067954939296,127.20860911893878
3869,129,24.522714273932834,126.62991823291034
3870,129,15.768645364809801,123.86058938575472
3871,129,18.80304711312858,125.97194314129307
3872,129,6.9372847081234505,124.02502792550845
3873,129,0.0,122.39444043843613
3874,129,0.0,120.89261756481093
3875,129,9.646773291206866,120.73464569341323
3876,129,10.566387155559736,121.09810329875518
3877,129,9.835326918894669,120.80916438595618
3878,129,8.68979951670259,120.3564141284389
3879,129,0.0,120.69669068283505
3880,129,0.0,122.93226584956926
3881,129,8.650944342724063,129.02929910349346
3882,129,25.46270381856563,132.3559690274873
3883,129,39.642296912343404,135.08539608414472
3884,129,60.615806198816216,141.45386417286173
3885,129,52.88376233755677,137.87522904580626
3886,129,52.63182834413872,137.7329740294448
3887,129,44.67302241779139,134.58608260280062
3888,129,36.31756870674398,131.28300059097865
3889,129,30.26293797880119,128.8898426195321
3890,129,27.993205056351627,127.9910278956106
3891,129,26.08734984047554,127.23739193250769
3892,129,24.16891963894898,126.47918787902267
3893,129,23.515560147827255,126.22842477983812
3894,129,17.053924807812596,124.31130297583235
3895,129,21.583771641484905,127.07020275685349
3896,129,13.022618992088196,126.31939715829995
3897,129,11.317489784287924,124.30906072995276
3898,129,14.604621162020266,122.6941076118915
3899,129,12.020338611335124,121.67272212299874
3900,129,11.458965868984814,121.45086337850321
3901,129,10.175523198201313,120.9436023381114
3902,129,11.180695439914308,121.34086039670366
3903,129,12.478838348402778,121.85392241214207
3904,129,0.0,124.28683606914908
3905,129,12.816830152349192,131.04814836775452
3906,129,25.77266716508362,132.81313343571466
3907,129,41.947072539996185,136.16556981317024
3908,129,60.69977873368973,141.56324454185162
3909,129,51.188431281137696,137.23579981074226
3910,129,53.31871384527137,138.00554495198114
3911,129,48.110095685966904,135.94328446600812
3912,129,39.824710589694114,132.6671445583707
3913,129,33.048432177271735,129.98840054874063
3914,129,30.469498428951567,128.9689331277658
3915,129,27.723305527531277,127.88377760249122
3916,129,26.6908410225385,127.4757124811014
3917,129,24.03314540937516,126.43585264045227
3918,129,13.818831299563861,123.1054762396789
3919,129,1.8956279677554702,121.80337454115315
3920,129,0.0,121.69574062066893
3921,129,0.0,121.43851004732839
3922,129,0.0,52.28889186370675
3923,129,7.8565056776276885,107.0765679109561
3924,129,7.499427290886243,106.9354506364528
3925,129,7.481993510796802,106.92855976538995
3926,129,8.456306493209786,107.3136286866132
3927,129,0.0,50.27560441504249
3928,129,0.0,50.67015705583769
3929,129,0.0,57.30634242059415
3930,129,0.0,127.09958332569104
3931,129,16.303085931283626,129.32908110380677
3932,129,36.94766204523093,133.0442649346499
3933,129,47.124957832985935,135.62125274618222
3934,129,47.63354509985128,135.7579461822615
3935,129,41.41529877720424,133.2991323852521
3936,129,34.29022560683696,130.48285481735914
3937,129,29.21482068463611,128.47633990982177
3938,129,25.646235397241096,127.06404398404686
3939,129,23.336704349466494,126.15028401428685
3940,129,23.404109825443456,126.17653977985896
3941,129,22.764480771922884,125.93677724188012
3942,129,12.278433533940769,122.57155594431856
3943,129,0.3004993030694598,121.33744747181602
3944,129,3.508248110060607,122.38001240491963
3945,129,14.727758933869788,122.7428111817868
3946,129,13.971912048152841,109.49358959621816
3947,129,11.943774237026982,108.6920022823255
3948,129,11.578050422713588,108.54745611742591
3949,129,11.265263676039455,108.42382100833738
3950,129,10.42872856507715,108.09320693751404
3951,129,11.93491614103998,108.68849644442979
3952,129,0.0,50.286000588786415
3953,129,0.0,56.74153311566628
3954,129,0.0,127.70290858987543
3955,129,16.724627620377625,129.71592543361373
3956,129,38.066837572801106,133.48871896353947
3957,129,51.00255034804297,137.15400577700663
3958,129,51.80844037207051,137.40721532285008
3959,129,43.080391259598876,133.95554547810517
3960,129,33.426671161845796,130.13798788363636
3961,129,29.12552198863587,128.43688111944647
3962,129,27.246576017281644,127.69522683159177
3963,129,24.961472918319792,126.79114702709037
3964,129,25.23373232779104,126.89818368401662
3965,129,24.473372002910697,126.60572443387858
3966,129,19.519389892946418,125.28216608616022
3967,129,24.775996645283097,128.34742854632378
3968,129,13.465706907381241,126.64969694614715
3969,129,11.147358503350139,124.40348455621955
3970,129,15.118786983041336,122.89734263125821
3971,129,13.295389512785912,122.1766805897876
3972,129,12.154207490820845,121.72564695363405
3973,129,10.68707493475814,121.14580030450786
3974,129,10.318411321700868,121.00009622557491
3975,129,11.234933388161641,121.36232665655169
3976,129,0.0,123.76796866877424
3977,129,13.647360247333609,131.17101820158038
3978,129,28.312202568656346,133.6375006018387
3979,129,42.12977188992759,136.12435106726477
3980,129,60.287791863152265,141.40352765926963
3981,129,51.91133301454063,137.52212037310775
3982,129,52.161725842247925,137.54790479517703
3983,129,44.44650788391828,134.49671332570523
3984,129,36.26961105523512,131.2617089535161
3985,129,31.831747817146525,129.5079164217369
3986,129,27.98758786072371,127.98899322494178
3987,129,25.14097950799774,126.86452858877584
3988,129,24.699543704663867,126.68892533636591
3989,129,24.217420410525538,126.50967314583356
3990,129,17.482616153887598,124.59585154452736
3991,129,20.776232338314465,126.90771190750333
3992,129,8.696921888181011,125.0657403195505
3993,129,0.0,123.07910275681198
3994,129,0.0,121.68661630614467
3995,129,0.0,121.42857142857143
3996,129,0.0,121.57674521543083
3997,129,0.0,120.78435387668421
3998,129,0.0,121.06736743636608
3999,129,0.0,121.79904859755938
4000,129,0.0,126.7722397517231
4001,129,25.15676536781535,135.79328101871985
4002,129,39.691348808782145,137.9945960819341
4003,129,50.93950073131579,139.55902896006117
4004,129,66.87429286504631,143.9799561320908
4005,129,53.09928467665341,137.98964046413798
4006,129,51.75299760046584,137.38265645817498
4007,129,45.20348507939507,134.79754813204624
4008,129,37.42263341114591,131.71965281164748
4009,129,32.01064495954888,129.5770190688933
4010,129,29.037717151144786,128.40334868463432
4011,129,27.953695588238627,127.9739296342974
4012,129,27.16315133552353,127.66031134202937
4013,129,25.699686472770736,127.09417594045286
4014,129,17.757263550511514,124.59945402299836
4015,129,21.731101153986973,127.12845666127775
4016,129,10.430476225312681,125.32924774930615
4017,129,0.0,123.57146990269854
4018,129,11.747027585474477,121.56472118967301
4019,129,9.30107675859094,120.59800805138913
4020,129,9.204171662753861,120.559707110365
4021,129,8.380541484706445,120.2341882581183
4022,129,8.097385998941894,120.1222656836127
4023,129,0.0,120.60780349848605
4024,129,0.0,122.71193128205977
4025,129,7.173837671691288,128.7608370654933
4026,129,23.693700377166717,131.90644680037383
4027,129,42.23165180325534,136.20045786066615
4028,129,60.28992965533645,141.38265702282754
4029,129,51.55350006831679,137.37193084780165
4030,129,52.329076214883145,137.6104933612448
4031,129,45.724684338841506,134.99908031425826
4032,129,37.499148196558664,131.74697741818625
4033,129,32.365270843263055,129.71738399867886
4034,129,28.811635906069206,128.31405061276325
4035,129,26.791582662647,127.51452372337657
4036,129,25.170678487690502,126.87470573023396
4037,129,24.24889998718373,126.5214932045392
4038,129,15.882202788508458,123.90870998741708
4039,129,18.784094590096764,125.97268562687408
4040,129,8.208912482001688,124.53733500818565
4041,129,0.0,122.42498179823022
4042,129,0.0,120.87584570634137
4043,129,10.341763309191695,121.00929114589422
4044,129,13.585743964032106,122.29140872810589
4045,129,13.677968386462618,122.327869950034
4046,129,12.797154613477911,121.97974903812809
4047,129,0.0,122.68135037168501
4048,129,0.0,126.99118425110431
4049,129,24.234259230537553,135.19130958673358
4050,129,39.23036835588785,137.81223996735093
4051,129,49.57804921963939,139.0529109595669
4052,129,62.55917731759039,142.24164225529526
4053,129,48.647215338099485,136.2061132804333
4054,129,48.07316002180947,135.93178475940508
4055,129,42.850661284509506,133.8654218046337
4056,129,36.851406261766236,131.4929822199514
4057,129,30.061560569994455,128.80849428859275
4058,129,27.545819668178616,127.81323426513566
4059,129,24.109922050256035,126.45567588817255
4060,129,23.013560371514945,126.0223786121292
4061,129,22.65628348291746,125.88862925358177
4062,129,16.60227547705887,124.13128593522403
4063,129,21.750809704787546,127.13664786133575
4064,129,13.617938854618433,126.54708824572545
4065,129,19.686387356644858,124.70260028558518
4066,129,15.779290240113093,123.15840831132422
4067,129,13.71245053524519,122.3415399112623
4068,129,15.272854336823155,122.95824796828714
4069,129,13.474871024040239,122.24761456000677
4070,129,13.685324022304323,122.3307965922628
4071,129,14.817725313917034,122.77836713479628
4072,129,0.0,124.84039588822064
4073,129,7.961225910356305,129.10830249278197
4074,129,22.422547662688967,131.47886844215319
4075,129,33.78027178327062,132.96360090767976
4076,129,51.36040772018675,137.88825322379415
4077,129,42.02778180183701,133.62099710470304
4078,129,45.3952953859484,134.87416086814412
4079,129,43.26633807722968,134.02895624727404
4080,129,37.06823111607058,131.57889581797534
4081,129,31.831308670850454,129.50777712505717
4082,129,27.875652166436595,127.94265063758934
4083,129,24.724054908064456,126.69802214173009
4084,129,23.239710929460276,126.11214667749246
4085,129,21.79010190443859,125.55050677067011
4086,129,11.898331389719841,122.34164948017175
4087,129,1.0202683834613822,121.44708448055988
4088,129,0.0,121.49027491621145
4089,129,0.0,121.50901542687959
4090,129,0.0,52.94757592597963
4091,129,0.0,50.77326738181809
4092,129,8.191233131721232,107.20889270472158
4093,129,7.633170996450511,106.98833621180698
4094,129,0.0,49.172661656174434
4095,129,0.0,50.07457623995735
4096,129,0.0,50.46939038278844
4097,129,0.0,56.965807783846884
4098,129,0.0,128.11954685745968
4099,129,17.504468986280063,129.84051200350416
4100,129,33.919726186068644,131.87647120702482
4101,129,46.969705722859146,135.5629513532329
4102,129,49.123441315900486,136.34578728875354
4103,129,42.708285480839024,133.8093940241256
4104,129,38.496862733184244,132.14399092735337
4105,129,34.265784884078776,130.47039489983192
4106,129,30.965835106460837,129.16538685268347
4107,129,28.761680158658724,128.29422536574342
4108,129,27.41751317133872,127.76240197182904
4109,129,24.65545500742082,126.68379480656155
4110,129,13.290225413368574,122.96342836615123
4111,129,0.8547342784396028,121.53619746576803
4112,129,0.0,122.40203102211655
4113,129,0.0,123.1346740823735
4114,129,14.570997986026775,109.73033261547523
4115,129,13.578683769723431,109.33814289745673
4116,129,13.370672259224953,109.25592760265661
4117,129,12.314740646478365,108.83859774071075
4118,129,11.98524508521391,108.70836953725227
4119,129,0.0,47.61982413416114
4120,129,0.0,50.306434460964745
4121,129,0.0,56.933741495638024
4122,129,0.0,127.06611891922783
4123,129,16.09115248538904,129.48812443825247
4124,129,37.959198936520565,133.46893329281247
4125,129,53.10656576883092,137.9910714652324
4126,129,50.43390296602861,136.8676176625151
4127,129,39.966889265264214,132.72383837543487
4128,129,33.36761236147689,130.11446887016444
4129,129,29.24959667901302,128.48574650313765
4130,129,27.313823916765408,127.72064367099512
4131,129,25.691885222710763,127.07960017407791
4132,129,24.34219231938137,126.54619205974873
4133,129,23.66377076715781,126.2855192747985
4134,129,18.08217111412695,124.70434407009083
4135,129,26.563650429068364,127.7518591273174
4136,129,24.39339247967056,126.56291426502695
4137,129,18.30510522449649,124.15666410694304
4138,129,15.18243797449066,122.92248394108215
4139,129,13.291523221846687,122.17513643803272
4140,129,12.86038035154133,122.00472280876315
4141,129,12.469775897080467,121.85034398188913
4142,129,12.460310887327218,121.84659897633388
4143,129,14.468096902368465,122.6401274089609
4144,129,18.113484705631283,124.08089234376486
4145,129,13.37576008901907,131.0005697804352
4146,129,25.972043043259028,132.66672111845227
4147,129,42.99036177206484,136.4553236752925
4148,129,61.008902907276536,141.69268190205364
4149,129,51.56614352687463,137.39000095806364
4150,129,53.57896169054913,138.11068188244286
4151,129,47.27458108514908,135.61344210667684
4152,129,38.741475582649215,132.239016339327
4153,129,31.869863394408004,129.52322412287327
4154,129,28.446220369639992,128.16853167518155
4155,129,26.244501189825925,127.29854445653288
4156,129,24.594986368581143,126.64735910124101
4157,129,24.675939247158908,126.6903025435877
4158,129,18.17055741748539,124.85280296861055
4159,129,20.945362766243054,126.95194167993512
4160,129,7.693739454596492,124.61372100286259
4161,129,0.0,122.40303650473192
4162,129,10.541600418705215,121.08828597266884
4163,129,9.785592885699616,120.78948363356281
4164,129,10.451541178572896,121.0526838147054
4165,129,9.180448699469657,120.55031807626011
4166,129,10.545680726823031,121.08989878433968
4167,129,12.743310361670042,121.9584599855553
4168,129,23.275309949243102,126.12096789559757
4169,129,21.457662737408466,134.2885894715853
4170,129,32.8612018753187,135.2679270383294
4171,129,44.250415439053775,136.9089568292288
4172,129,61.549068903330735,141.87846594405755
4173,129,49.27950312254889,136.48170732401096
4174,129,50.87367903888512,137.0380544236482
4175,129,42.12111528477712,133.58021816024427
4176,129,34.81826714321461,130.69144637330882
4177,129,29.804679166445997,128.70627147642716
4178,129,27.094268225847784,127.6342506956637
4179,129,25.94741308336794,127.18020021918547
4180,129,25.236481319756045,126.89907705803653
4181,129,23.838836696884457,126.35780437684558
4182,129,17.242365183315663,124.38106061918374
4183,129,22.569657153650653,127.43389494766116
4184,129,12.389699360126064,126.04579720289924
4185,129,10.368040871805038,123.96286848211074
4186,129,12.875044496696976,122.01057416904547
4187,129,10.127388747289801,120.92461763029245
4188,129,9.394258148646843,120.63492063492063
4189,129,8.16964456076147,120.15084569759937
4190,129,7.940443034030491,120.06025478401777
4191,129,9.011360036598822,120.48350562349022
4192,129,0.0,123.17396028776851
4193,129,10.47102877790782,130.048934766626
4194,129,26.39104000290474,132.964560635618
4195,129,40.96064213697522,135.6940828641859
4196,129,58.83685383432079,140.81165870550385
4197,129,49.57844157250359,136.59516902144858
4198,129,51.38438645294227,137.23844645228257
4199,129,44.79409261653538,134.63260290875837
4200,129,35.86987013923715,131.10434169314132
4201,129,31.26928003919722,129.28585729995274
4202,129,28.206851764319644,128.07416458536088
4203,129,27.136980047772173,127.65114963005291
4204,129,25.79200527824689,127.11998113832642
4205,129,24.232752271324077,126.51500806231985
4206,129,17.24164187377765,124.42402263095003
4207,129,21.469923035547975,126.99712026235213
4208,129,10.466338365716325,125.34917756840508
4209,129,0.0,123.17546195199938
4210,129,0.0,121.37641016152395
4211,129,0.0,121.34672626545839
4212,129,0.0,122.75800269942776
4213,129,0.0,123.21314886594133
4214,129,0.0,122.93951503870755
4215,129,0.0,123.9067728806223
4216,129,0.0,128.8398103748519
4217,129,36.584404427045484,140.07375265352113
4218,129,53.294755933622035,143.3741122113299
4219,129,64.86917241826383,145.0937154452389
4220,129,76.04815963422696,147.5747465134732
4221,129,56.779729164584865,139.41973247898372
4222,129,53.563708160816944,138.10181756328345
4223,129,46.249209969761935,135.21071706661922
4224,129,38.77930481180944,132.25415859216682
4225,129,32.84802499482387,129.91013535068356
4226,129,29.29422558371908,128.50406840493545
4227,129,27.72660096554971,127.88450708614313
4228,129,25.45602201476211,126.98731535374131
4229,129,25.064627413747523,126.83951731028156
4230,129,19.113706173605866,125.09972710625861
4231,129,25.66257266715078,128.63955491795633
4232,129,14.826995763726911,126.9396971491979
4233,129,1.5099885252221241,125.14357835400686
4234,129,0.0,123.45636853923386
4235,129,0.0,122.31766533660968
4236,129,0.0,123.11661579984742
4237,129,0.0,122.88715425120105
4238,129,0.0,122.7598296156158
4239,129,0.0,123.39200369405856
4240,129,0.0,126.2548946458918
4241,129,16.10203706674485,132.33758785764866
4242,129,30.50007480164565,134.68195672273168
4243,129,39.3232671323839,135.15141821423657
4244,129,56.341673153918094,139.85808790395026
4245,129,45.669025801653774,135.05953117318955
4246,129,47.9050394964609,135.8679998891079
4247,129,45.38514242360502,134.86846053219946
4248,129,38.060392997262646,131.97236392671644
4249,129,33.60428641410152,130.21114964395278
4250,129,30.517129402393785,128.9885196474819
4251,129,28.095379815136727,128.03061993304243
4252,129,26.30708937977232,127.32443035442154
4253,129,23.866057477342803,126.37001222487967
4254,129,14.784675574550034,123.45178238251125
4255,129,3.5495935092616917,122.32074049337476
4256,129,0.0,122.64568002004646
4257,129,0.0,123.16052022358222
4258,129,0.0,54.14360911564842
4259,129,0.0,50.632896471326
4260,129,0.0,45.806757652199416
4261,129,0.0,44.88184739429559
4262,129,0.0,47.45540517313309
4263,129,0.0,48.25509024775848
4264,129,0.0,50.71072199148922
4265,129,0.0,57.12686851276303
4266,129,0.6657506949983506,129.4075252652344
4267,129,20.143315521826697,130.85778129276807
4268,129,36.32152873631217,132.81859115789686
4269,129,46.62477779899354,135.42587988828186
4270,129,48.3727629577161,136.05466863851498
4271,129,44.24730855759834,134.41729224803981
4272,129,37.885672384141166,131.90105652718822
4273,129,32.60679995052643,129.81466258787563
4274,129,29.471458394987096,128.57395674777305
4275,129,27.848052300397274,127.93270860887615
4276,129,25.098511566011116,126.84620062071919
4277,129,23.104773929337632,126.06876825783617
4278,129,13.384800391660297,122.95692723175954
4279,129,0.22731546712275805,121.12564336957584
4280,129,0.0,121.43396225248465
4281,129,0.0,121.65043446801116
4282,129,11.313053669167367,108.44269634099894
4283,129,9.951037938947685,107.90439604913315
4284,129,10.468388886855328,108.10886595589206
4285,129,10.234843353779082,108.01655737135087
4286,129,9.625038687610429,107.77553058190408
4287,129,8.942170029481696,107.50565465306032
4288,129,0.0,50.60576813975919
4289,129,0.0,57.27386491923053
4290,129,0.0,126.91490635595073
4291,129,15.870490768725665,129.3323606751039
4292,129,37.51518672528613,133.27177201655297
4293,129,49.53902844782639,136.57626856850973
4294,129,48.33063873742275,136.0370028723711
4295,129,40.640375218665135,132.99090379702352
4296,129,33.336464590209964,130.10288603806907
4297,129,27.606577567950083,127.83731065459573
4298,129,25.532342132763528,127.01617939949162
4299,129,24.32910746447834,126.54080503008194
4300,129,23.64412271951011,126.2702694176038
4301,129,22.97180940005499,126.0112607885377
4302,129,16.061251170736497,123.86826129475999
4303,129,18.512005572399598,125.79051900773285
4304,129,7.9563337504050775,124.2905231133811
4305,129,8.058792068015427,123.08092356459846
4306,129,13.665199907504773,122.32288397307309
4307,129,12.21689779688125,121.75045647831297
4308,129,12.043036738124663,121.68173276334613
4309,129,11.978126212726703,121.65607533560123
4310,129,13.559549297647163,122.28109940480755
4311,129,15.349739193270576,122.9886259851358
4312,129,0.0,124.23675478497316
4313,129,12.975275619028412,130.7215514564952
4314,129,24.47493560023852,131.99569421142036
4315,129,38.02413546871708,134.4381190887453
4316,129,58.05672986162228,140.50822137367368
4317,129,48.999625786023195,136.3747621888796
4318,129,50.910311017580725,137.0569587575577
4319,129,42.392142551171716,133.68289279418264
4320,129,33.31072183058735,130.0940002829452
4321,129,29.246992486127223,128.48579887599283
4322,129,26.98800825873377,127.59163363276733
4323,129,24.35774918490658,126.55190934392415
4324,129,24.106581270248327,126.45319526901724
4325,129,23.760452112052274,126.32729668726988
4326,129,17.432320497226968,124.51176892757255
4327,129,19.590610720876594,126.33893977504357
4328,129,6.662813864925261,124.05095887466587
4329,129,0.0,122.69802724806271
4330,129,0.0,121.69783052936039
4331,129,0.0,121.05398211633228
4332,129,11.308087950120646,121.39123378837037
4333,129,0.0,120.9400555433371
4334,129,0.0,120.92236131503164
4335,129,0.0,121.6706401519001
4336,129,0.0,123.76873031496446
4337,129,13.441759979526969,130.96811348188183
4338,129,27.84252704468488,133.18606384518438
4339,129,42.11311523746548,135.99726466658328
4340,129,59.452670225925836,141.0291214908844
4341,129,50.33099055100934,136.90005245517744
4342,129,50.990327546244686,137.08963987126427
4343,129,43.521383341604675,134.13022907424295
4344,129,36.009483392396604,131.16068471063554
4345,129,31.461933663618645,129.36219281470753
4346,129,28.622187408230673,128.23810572931862
4347,129,26.13258008685642,127.25412312100117
4348,129,25.157437349791433,126.86796061617025
4349,129,23.517451865644908,126.22976784500365
4350,129,17.090433297627072,124.27271830899436
4351,129,24.53272388906224,128.12886105372985
4352,129,15.598157474685012,127.14913600508446
4353,129,2.785282689568,125.61393622306538
4354,129,0.0,124.08224434927436
4355,129,0.0,123.38266150369769
4356,129,0.0,122.67283706798331
4357,129,0.0,121.73221919393134
4358,129,0.0,120.91018535969323
4359,129,0.0,121.39714243862149
4360,129,0.0,124.47788163361227
4361,129,19.58645131803663,133.43636012005243
4362,129,34.560696606945115,136.0547981156852
4363,129,49.62729083427523,139.03127826213526
4364,129,68.31831326114305,144.53117149784194
4365,129,51.22952128049985,137.24674706780544
4366,129,49.69021420019215,136.5718276323402
4367,129,43.22638925069767,134.01329597351383
4368,129,34.93334323011408,130.73575895440044
4369,129,30.239886455920807,128.8809238578981
4370,129,26.962577022448112,127.58239648836228
4371,129,25.74381422003063,127.10072160421237
4372,129,25.608949970624824,127.04718926344749
4373,129,25.516250041996024,127.02048463091032
4374,129,20.373876265208487,125.60527254785839
4375,129,23.650309586133627,127.76863643565304
4376,129,10.894571862913264,125.33073419110907
4377,129,0.0,123.22141810778025
4378,129,0.0,121.66125802244093
4379,129,0.0,121.10137407723377
4380,129,0.0,121.6905889252042
4381,129,0.0,121.8995123276055
4382,129,0.0,121.64614905673764
4383,129,0.0,121.59146904023522
4384,129,0.0,124.1854779938644
4385,129,18.61402547985429,132.75011005792138
4386,129,34.88520260963839,135.95550258737012
4387,129,44.427859910365456,136.9276195160019
4388,129,60.23444463751522,141.3001551100978
4389,129,49.73375969948943,136.6342498627192
4390,129,47.78388133134228,135.82185704227285
4391,129,40.273111010893444,132.84994147780733
4392,129,35.05363435551574,130.78337790414395
4393,129,30.141776692803152,128.8412568098567
4394,129,26.4700140370715,127.39007131938327
4395,129,23.366160134572212,126.16314355195112
4396,129,22.190390883345618,125.6974950514351
4397,129,22.192846160536273,125.70460270572262
4398,129,16.12621816947468,123.86294667916445
4399,129,20.044296806132365,126.32298872285116
4400,129,10.841425874543129,125.17918185062015
4401,129,0.0,123.44392316569278
4402,129,0.0,121.65614923546774
4403,129,0.0,121.02353975052685
4404,129,0.0,121.01157080402601
4405,129,0.0,120.77474826526438
4406,129,0.0,120.78739812935473
4407,129,0.0,121.43207187823826
4408,129,0.0,123.60910693585737
4409,129,9.523556868418869,129.51231080623606
4410,129,23.253954085910934,131.67091392543696
4411,129,34.620998057333914,133.20243390611557
4412,129,50.20158582796918,137.40346580607678
4413,129,42.08274934194967,133.63665769805183
4414,129,45.25621008245104,134.82219370736016
4415,129,42.77490830191268,133.83478949056985
4416,129,37.16982356429863,131.61909863788668
4417,129,32.17290284835438,129.64590109764836
4418,129,28.23101562211387,128.08679773108642
4419,129,25.606050469520184,127.04780027877183
4420,129,24.399342532151305,126.57089724977017
4421,129,21.751601486577783,125.53304693061762
4422,129,14.492357702974646,123.27041161111296
4423,129,3.4376016336708894,122.01606204572613
4424,129,0.0,122.34426467545595
4425,129,0.0,122.47811345089943
4426,129,0.0,54.84683527874065
4427,129,12.181567716865922,108.78596019813233
4428,129,12.369982483946144,108.86042411927038
4429,129,10.072467608363059,107.95238160070255
4430,129,8.569748832237014,107.35846344525362
4431,129,0.0,50.94668664913229
4432,129,0.0,50.957871913271646
4433,129,0.0,56.99106026166462
4434,129,0.0,128.0773312551695
4435,129,16.653239927843966,129.2553060153306
4436,129,34.643533237691244,132.08188636681376
4437,129,45.88725558308181,135.13400999762646
4438,129,46.83040383554226,135.45232769790115
4439,129,43.46970180713805,134.10893171316363
4440,129,37.75912314758002,131.85422073017824
4441,129,31.173905944491857,129.24985542197695
4442,129,28.34023373400457,128.12853735495327
4443,129,26.363618951613685,127.34654146712893
4444,129,25.46421579243234,126.99262979825896
4445,129,23.972870129860837,126.4104966469155
4446,129,15.597981542490707,123.74734861076257
4447,129,1.879761555890054,121.48401394994288
4448,129,0.0,121.71997043114976
4449,129,12.120822083991108,121.71243886639769
4450,129,11.345595676460725,108.45556147841367
4451,129,11.508311197949903,108.519880976977
4452,129,11.781270823547226,108.62776346335366
4453,129,11.776342781342844,108.62581331645985
4454,129,11.918830356230476,108.6821322872494
4455,129,14.893610322888131,109.85785376513691
4456,129,15.85227249095024,75.30590012913449
4457,129,0.0,57.11422785367803
4458,129,0.0,127.70180206410647
4459,129,18.315851173670147,130.08019975131944
4460,129,39.454557450781884,133.96556256561414
4461,129,50.60896068351937,136.99561076058816
4462,129,48.422976373827794,136.06838714734158
4463,129,40.00630538653263,132.73938126703925
4464,129,33.605325892874355,130.20837902516405
4465,129,29.993749921843047,128.78060665945338
4466,129,27.06876084259479,127.62376075813276
4467,129,25.488880903276833,126.9991402314511
4468,129,24.132015435706514,126.46267903015676
4469,129,23.379429729564787,126.17097767119795
4470,129,18.21268353754575,124.65189486100722
4471,129,20.41814992170335,126.43163879937941
4472,129,9.492712201194125,124.68073540842325
4473,129,0.0,123.6687514766981
4474,129,0.0,122.7703011060214
4475,129,0.0,122.15057921245052
4476,129,0.0,121.79808144214827
4477,129,0.0,121.36200184130932
4478,129,0.0,121.8154763431033
4479,129,0.0,121.86057754079926
4480,129,0.0,124.30071520543287
4481,129,14.667303383583954,131.17335786582953
4482,129,27.521957362080105,133.05137443313947
4483,129,38.89332998655233,134.69529205102302
4484,129,53.97446557288905,138.8631087325172
4485,129,43.037769929200095,134.00900223520117
4486,129,45.17514416340007,134.7863715696972
4487,129,37.780858214056344,131.8593272290818
4488,129,31.145865378970452,129.23712253958365
4489,129,27.87070623978926,127.94110425507746
4490,129,26.05497870661442,127.22330160934284
4491,129,23.76582958931464,126.31837871801066
4492,129,23.752816188200637,126.31285688327878
4493,129,23.1080940140237,126.06683224401463
4494,129,16.617724832481958,124.10564505067637
4495,129,18.342743090212874,125.72039892897286
4496,129,6.206082089211159,123.63784366319925
4497,129,0.0,122.35650817187624
4498,129,0.0,121.48166362239186
4499,129,0.0,120.93371533167495
4500,129,0.0,121.23786952197064
4501,129,0.0,120.8364824766018
4502,129,0.0,120.73337904884811
4503,129,0.0,121.76908334231007
4504,129,0.0,124.87503017354857
4505,129,22.540705260794553,134.3463834483489
4506,129,41.06546335419742,138.26071621380012
4507,129,56.534186533996326,141.60944251082347
4508,129,71.54803019294141,145.77744091524704
4509,129,50.96993197831019,137.1481799635373
4510,129,52.468053849707424,137.6751737252472
4511,129,46.23225372428115,135.2004269600792
4512,129,36.70945071152933,131.43650307533653
4513,129,31.416350749047236,129.3435674810824
4514,129,28.715511778399183,128.2742191765348
4515,129,26.45229028448413,127.38050808665957
4516,129,26.224881800419357,127.28988611281302
4517,129,25.96534802610404,127.19551705059031
4518,129,20.888296031437573,125.70231910396323
4519,129,24.08158512003256,127.84338469554424
4520,129,15.067130944218688,126.74513723207103
4521,129,3.1447516775387525,125.49659000828898
4522,129,0.0,124.33644370861607
4523,129,0.0,123.70533180932017
4524,129,0.0,123.25504149726497
4525,129,0.0,121.79399216340937
4526,129,0.0,121.48504847973965
4527,129,0.0,122.27264208077514
4528,129,0.0,124.32230160932825
4529,129,15.493786893921818,131.62581248947174
4530,129,29.078967859099542,133.7490595957768
4531,129,41.556340278718785,135.75769909943335
4532,129,57.755422742649635,140.32387862043484
4533,129,45.5882671801641,135.00872976885304
4534,129,47.673658883579414,135.7741581769134
4535,129,43.25076342756675,134.02095833213252
4536,129,35.99108235407265,131.15249979455672
4537,129,31.24337667753106,129.27737457833686
4538,129,28.416171554935268,128.15728581319456
4539,129,25.99631280563455,127.20068990870529
4540,129,25.361330215385898,126.9497223345871
4541,129,24.13609024232818,126.47273739252024
4542,129,19.59749368159036,125.22128147695622
4543,129,22.243387682519245,127.10594388004034
4544,129,9.694137735133863,124.66847072376277
4545,129,0.0,123.22994160625888
4546,129,0.0,121.71794045251818
4547,129,0.0,121.11488095651674
4548,129,0.0,121.29645328301491
4549,129,0.0,121.1257646478257
4550,129,0.0,120.93322846949347
4551,129,0.0,121.12008366242344
4552,129,0.0,123.0538226770218
4553,129,10.10737888470576,129.24034594542155
4554,129,24.38886098462181,131.69357133228405
4555,129,38.0706710074504,134.3402493330231
4556,129,55.74732884797066,139.4976554623435
4557,129,49.89140866005363,136.69337711942785
4558,129,50.60347389192775,136.93612005779931
4559,129,43.01079108296513,133.9277934997643
4560,129,36.9440824132542,131.5298991267091
4561,129,30.301989074954356,128.90376378871855
4562,129,27.418880370767212,127.76505745542366
4563,129,25.75081376968253,127.10558055214754
4564,129,24.140360751975344,126.46832097468777
4565,129,24.161165121848622,126.48094854708435
4566,129,18.411893849700736,124.692387656279
4567,129,23.03622635587236,127.39329852134085
4568,129,16.504028239613838,127.23090366116804
4569,129,5.964446903324324,126.40442224097973
4570,129,0.0,125.07292924891217
4571,129,0.0,124.27291968794327
4572,129,0.0,124.16812325777407
4573,129,0.0,122.80455778942408
4574,129,0.0,122.45691520854444
4575,129,0.0,122.7385481848089
4576,129,0.0,125.39142756154808
4577,129,18.560768001909647,132.9505457209135
4578,129,32.99423045520368,135.4147915620591
4579,129,44.28212316525493,136.94584079253443
4580,129,61.358123982174874,141.78046074165633
4581,129,48.774928244324684,136.27204551553442
4582,129,48.60190248131413,136.14087883310978
4583,129,42.57991756467404,133.75584314261525
4584,129,36.73851332249725,131.44618859994932
4585,129,30.392039092753826,128.93917628946897
4586,129,28.131282886421637,128.04582536102538
4587,129,26.111080453570473,127.2465985126883
4588,129,25.083221874837438,126.84053029479941
4589,129,24.674514087636165,126.68570196571316
4590,129,16.932310642494507,124.15523809162093
4591,129,4.3766054715869664,122.11658474359326
4592,129,0.0,122.65200320977974
4593,129,0.0,122.55623804501651
4594,129,0.0,55.87681299613109
4595,129,0.0,50.47178144307126
4596,129,0.0,46.86384276019324
4597,129,0.0,44.74454142710177
4598,129,0.0,46.59004843135259
4599,129,0.0,49.69556058560819
4600,129,0.0,51.10181041368092
4601,129,0.0,56.8675260921972
4602,129,0.0,127.70643220364545
4603,129,17.131759658192408,129.31893531862553
4604,129,37.738436773863114,133.24106090057563
4605,129,50.58755540286121,136.98571855815356
4606,129,50.74884879795567,136.99436537437026
4607,129,46.44973774999875,135.2854843318963
4608,129,39.3788257928073,132.49354046004353
4609,129,35.23610637234507,130.8529265406665
4610,129,31.01112473745202,129.1840325893256
4611,129,28.834065749383914,128.3228207444361
4612,129,27.0355139257845,127.61273883029276
4613,129,26.085093660527352,127.24248994925865
4614,129,16.347448830588252,123.94803581627173
4615,129,3.2097410666067465,121.72511903890212
4616,129,0.0,121.8407678788576
4617,129,0.0,121.86622150769546
4618,129,0.0,54.86834572086086
4619,129,0.0,50.555244441997324
4620,129,11.359420349271659,73.5301928789731
4621,129,11.762016614987887,73.68929757094716
4622,129,0.0,45.06539336485474
4623,129,0.0,49.52426274673383
4624,129,0.0,50.75015943858845
4625,129,0.0,57.00058721262579
4626,129,0.0,126.76176561296543
4627,129,15.031474207039931,128.71088342933206
4628,129,37.1524553663086,133.00363789987065
4629,129,51.05893376491206,137.1705369856304
4630,129,50.5540016849913,136.9098878293253
4631,129,42.64799600121206,133.78271578337896
4632,129,35.53614747625609,130.97109853853854
4633,129,29.885312797809462,128.73734673929079
4634,129,27.026658501671577,127.6079037888356
4635,129,26.05887578497403,127.22521183171904
4636,129,24.70805491560876,126.6905637368266
4637,129,25.02425767708106,126.82013205542076
4638,129,18.33318883760295,124.62544122132516
4639,129,19.92347441272349,126.12852315875372
4640,129,8.640923488855078,124.18075579958999
4641,129,0.0,122.93819295094634
4642,129,0.0,121.929758588376
4643,129,11.22257568010786,121.35743892004204
4644,129,10.713552054242527,121.15625329251844
4645,129,9.859441660945148,120.81867248252705
4646,129,10.034676463276194,120.88793424711521
4647,129,0.0,121.24855470513579
4648,129,0.0,123.7829440722113
4649,129,13.1625734306875,130.64332166390105
4650,129,30.44761531649624,134.2292355443256
4651,129,45.880480277711165,137.44241616380174
4652,129,64.28743821024216,142.9207697023201
4653,129,50.290306618741305,136.86974634206777
4654,129,51.00431146765074,137.0904879669521
4655,129,43.44669977103974,134.1015604611894
4656,129,34.44831495559948,130.5411045545327
4657,129,29.04046268068914,128.40398432090305
4658,129,25.546216893913133,127.02240675436404
4659,129,24.88385489479343,126.76062563594995
4660,129,25.401042073105554,126.96562140317577
4661,129,24.861579786089287,126.75703222665369
4662,129,17.633086509452134,124.41807285496695
4663,129,17.849608576689572,125.4126763862513
4664,129,6.293965509988119,123.51265846008185
4665,129,0.0,122.3371066028742
4666,129,0.0,120.99126941732992
4667,129,0.0,120.36440498115235
4668,129,0.0,120.27073579567343
4669,129,0.0,119.97731316579068
4670,129,0.0,120.25192364897742
4671,129,0.0,120.3540787733301
4672,129,0.0,122.98243092959041
4673,129,14.213548096299029,131.14662211651594
4674,129,34.373796988864235,135.65175812971768
4675,129,52.02399796766817,139.81866167167595
4676,129,71.8564622071337,145.88363598435666
4677,129,56.077825725326875,139.15950621522208
4678,129,54.19904093699893,138.3550909621271
4679,129,44.27104264227702,134.42704666818784
4680,129,36.14677822331986,131.21477078194084
4681,129,30.204885685199905,128.86614770811383
4682,129,28.76321726661832,128.2946285791273
4683,129,26.512035156968608,127.4054475212745
4684,129,25.299961163720386,126.92599705871318
4685,129,25.63231965705915,127.06214844743153
4686,129,21.039394418415153,125.68980373224964
4687,129,21.627107491016112,126.7809267736378
4688,129,11.485780026229845,125.21165767511869
4689,129,0.0,123.50765804997054
4690,129,0.0,122.06779505351332
4691,129,0.0,121.36861256225212
4692,129,0.0,121.10087693030702
4693,129,0.0,120.76070566561658
4694,129,0.0,121.50079902793969
4695,129,0.0,121.64300835046089
4696,129,0.0,123.88821946920599
4697,129,11.613625046175768,130.2314263993159
4698,129,27.557938233327963,133.20548440067373
4699,129,42.18637301699641,136.0001709326965
4700,129,60.915173712945304,141.55537615109037
4701,129,49.8517424850725,136.68812812857553
4702,129,48.954755893532315,136.278198075371
4703,129,41.2897788625469,133.2461882040601
4704,129,34.70887354076372,130.64577737855288
4705,129,30.0249383093976,128.79476653166708
4706,129,26.278454849219422,127.31288602076806
4707,129,25.951136153727365,127.18314592509789
4708,129,24.7880635535962,126.72345536551546
4709,129,24.4444702897032,126.59266693160298
4710,129,19.158116850563626,124.97250341676671
4711,129,20.217414444489037,126.21573584391027
4712,129,10.563077807529538,124.9007612435706
4713,129,0.0,124.1933596524365
4714,129,0.0,123.24204193984056
4715,129,0.0,122.98242195945107
4716,129,0.0,123.41712937589055
4717,129,0.0,122.79849671330153
4718,129,0.0,122.37032071053193
4719,129,0.0,122.8553839831019
4720,129,0.0,125.5145757129891
4721,129,20.0309153108003,133.28191675833227
4722,129,35.30426901475746,136.0498389144644
4723,129,48.651025551873886,138.504892492243
4724,129,62.773460642396735,142.25482715063552
4725,129,49.03807811242155,136.3505868853687
4726,129,48.30347601896687,136.02289246660672
4727,129,42.76137395098055,133.82794821375427
4728,129,36.55918396306505,131.37609404217437
4729,129,31.116877801948164,129.22555323104265
4730,129,27.83862393213569,127.92967301259407
4731,129,26.111993883272433,127.24707322904614
4732,129,24.737801781870758,126.70455754168447
4733,129,24.162761821522643,126.48053594147646
4734,129,19.153703198550343,124.91539456117411
4735,129,21.72357026713612,126.78475431613698
4736,129,15.441159783336252,126.70575565511841
4737,129,6.711237789594376,126.62324040899917
4738,129,0.0,124.94254409885096
4739,129,0.0,123.9964389269226
4740,129,0.0,123.78608255522917
4741,129,0.0,122.69522194329569
4742,129,0.0,122.36550730133423
4743,129,0.0,122.64221446989146
4744,129,0.0,124.06130202936808
4745,129,10.103453970220407,129.72569688218383
4746,129,24.24668840111119,131.99599939317363
4747,129,38.891649665844696,134.7885869266045
4748,129,59.18490779852946,140.89587051091763
4749,129,47.504036857830336,135.7624032561435
4750,129,48.10084172156062,135.94219449455008
4751,129,42.36108337426431,133.67039050666605
4752,129,36.18321419174659,131.2270224296355
4753,129,32.179520533520964,129.6448253783293
4754,129,28.23436009896034,128.0858229081169
4755,129,26.011001919877728,127.2063322779203
4756,129,24.706976130620518,126.69094357020136
4757,129,23.418978052664993,126.1868886211204
4758,129,16.37019899024505,123.85501379709066
4759,129,4.753543665627395,122.03944560220143
4760,129,0.0,122.05871295125769
4761,129,0.0,121.9067165949507
4762,129,0.0,55.14210099397276
4763,129,0.0,50.59972153160297
4764,129,0.0,47.578319546974775
4765,129,0.0,45.42238830269711
4766,129,0.0,46.67207901875028
4767,129,0.0,49.921722380642244
4768,129,0.0,50.466351655350394
4769,129,0.0,57.12243267022996
4770,129,0.0,127.82571346002955
4771,129,16.16302343704998,128.874637538453
4772,129,33.61186417308405,131.54870183577276
4773,129,43.81981616986499,134.30460500432548
4774,129,44.06367959322234,134.34369622521191
4775,129,42.29078759250061,133.64166583329376
4776,129,36.23224752041725,131.24657783315533
4777,129,30.651254560264658,129.04005008368821
4778,129,28.282476958369823,128.10420813138987
4779,129,27.579877315192615,127.8263152759282
4780,129,25.95127110543914,127.1820626294486
4781,129,24.42332559543558,126.58238964256255
4782,129,17.252630845074965,124.21117263873657
4783,129,4.402443703889678,121.95253593988681
4784,129,0.0,122.25337923063614
4785,129,0.0,122.52999881203031
4786,129,0.0,55.16860984432113
4787,129,12.92347049200053,74.1483396346548
4788,129,13.448822971944745,109.28681993390741
4789,129,12.008348683403316,73.78666016259874
4790,129,0.0,46.47585452730873
4791,129,0.0,49.43525961255186
4792,129,0.0,50.50058193956241
4793,129,0.0,57.20249915535753
4794,129,0.0,127.2592219387517
4795,129,15.33385938933847,128.73805371599494
4796,129,38.59071321412921,133.50134021738808
4797,129,50.0910335108498,136.778167245497
4798,129,49.23511484524044,136.38838924071803
4799,129,42.632611163591626,133.77771788715165
4800,129,35.77670126227557,131.0665781493406
4801,129,30.70551764486626,129.06096272629182
4802,129,28.435249223567588,128.16424782336333
4803,129,26.398737413501962,127.35994655146304
4804,129,24.365029899596028,126.55519881253058
4805,129,24.232963080886382,126.50625251424363
4806,129,18.46936106702708,124.60381679481176
4807,129,20.18440185895483,126.13321863349528
4808,129,10.539670615923876,124.80960278140876
4809,129,0.0,123.731353190213
4810,129,0.0,122.24011105230669
4811,129,11.499081739817138,121.46671889683694
4812,129,12.584147627296916,121.8955734383613
4813,129,11.028106793526865,121.28058131332247
4814,129,0.0,121.07896490479726
4815,129,0.0,121.40537515016025
4816,129,0.0,123.92028941889697
4817,129,15.881465989488985,131.82008931564062
4818,129,33.44265837795567,135.4305197071918
4819,129,49.469273596106994,138.81838036906714
4820,129,64.18474332609098,142.8490266292424
4821,129,51.33636608709133,137.27717137118668
4822,129,51.1914440470988,137.16462747361456
4823,129,44.395217876552984,134.47796809476938
4824,129,36.02915821579061,131.166277738288
4825,129,30.36459779876799,128.9273075685446
4826,129,28.01145512860483,127.99727845530656
4827,129,26.116082071601234,127.24856823383143
4828,129,26.021423722760638,127.21230646986895
4829,129,25.495173712900286,127.00585083714161
4830,129,20.79525255114789,125.5701737088506
4831,129,22.56135174374367,127.15443132974697
4832,129,10.929444345456123,125.1823546835909
4833,129,0.0,123.30029839273494
4834,129,0.0,122.29480173425479
4835,129,0.0,121.97487786248637
4836,129,0.0,121.73661574922205
4837,129,0.0,121.06811839198888
4838,129,0.0,121.58251996089433
4839,129,0.0,121.92230417778141
4840,129,0.0,123.9623284797389
4841,129,10.935917209807133,129.9143455110937
4842,129,26.249978058861707,132.42966262946524
4843,129,41.12549168470075,135.4582968031186
4844,129,57.77399700465853,140.28629771519005
4845,129,47.553307001547914,135.78452588267405
4846,129,46.99708917214226,135.50970952437333
4847,129,39.06642558135097,132.3701552722771
4848,129,32.74612266317187,129.870872816304
4849,129,28.11823441632649,128.0417777354907
4850,129,25.998919146484116,127.20265128507205
4851,129,24.895691816369233,126.76722177995714
4852,129,23.422577940284576,126.18482062249709
4853,129,24.612880745198854,126.65677583883378
4854,129,20.42652305320097,125.36068024951003
4855,129,20.61413139911968,126.26378940681265
4856,129,12.035974570412408,125.25868726288519
4857,129,0.169050711900953,124.0215479462091
4858,129,0.0,122.53285222984869
4859,129,0.0,121.70316733530143
4860,129,0.0,121.24358473439094
4861,129,0.0,120.85050233564202
4862,129,0.0,120.94848710576682
4863,129,0.0,120.78081366352711
4864,129,0.0,122.65354919849456
4865,129,6.64328209448635,128.2718626817094
4866,129,22.750793570120436,131.2533537772195
4867,129,39.234721301873684,134.76220298711348
4868,129,60.33758126378469,141.2907401349239
4869,129,49.14324787586312,136.40644896132494
4870,129,50.52183248929262,136.8984492398038
4871,129,44.31315220172153,134.4420674715779
4872,129,37.67450013151658,131.81827327290142
4873,129,31.980481126431545,129.56692791669064
4874,129,29.0810633004,128.4200320281677
4875,129,27.209470839464228,127.68052282846764
4876,129,26.957484165572662,127.58133890153128
4877,129,26.553378637570646,127.42353844193966
4878,129,21.17211310923742,125.67317601703226
4879,129,24.17563552576572,127.65608362931202
4880,129,13.842268033231223,126.00799296817746
4881,129,2.7133756623090766,125.2450073453697
4882,129,0.0,124.14378032669308
4883,129,0.0,123.59056418901724
4884,129,0.0,123.83277673736883
4885,129,0.0,123.43853457493138
4886,129,0.0,123.24486073434699
4887,129,0.0,123.3051921765329
4888,129,0.0,126.00845221673512
4889,129,23.88952715482971,134.76930638030964
4890,129,39.00801463480155,137.43079681177545
4891,129,48.56848513659015,138.38751264214673
4892,129,62.48922534837418,142.10590018533713
4893,129,47.53815526305944,135.7529083435364
4894,129,46.811524511046805,135.43392195659004
4895,129,40.921313294268735,133.10137277946643
4896,129,35.59977940680896,130.9966204380126
4897,129,32.09663035335648,129.6130218570103
4898,129,28.982556259147696,128.38164517955968
4899,129,27.87191280143933,127.94289025854552
4900,129,27.123804893101397,127.64760282769788
4901,129,27.582740271872485,127.83065286065352
4902,129,23.805842848805188,126.66174784927136
4903,129,25.019762313481703,127.9523102858316
4904,129,15.5524738358374,126.54161912759359
4905,129,4.250837042062686,125.39682539682539
4906,129,0.0,123.14117646575876
4907,129,0.0,122.06339735031092
4908,129,0.0,121.81868901398613
4909,129,0.0,121.77053541601548
4910,129,0.0,121.80986651032433
4911,129,0.0,122.63743095206267
4912,129,0.0,124.06704220705669
4913,129,9.961600264054312,129.5908960089261
4914,129,25.3477397139164,132.31506346104405
4915,129,40.924809401354516,135.48565073972327
4916,129,58.88368702782044,140.7298871885025
4917,129,49.00516264279317,136.35069766006106
4918,129,49.10301262580662,136.34283613405051
4919,129,43.36217348659534,134.06798468347458
4920,129,37.65463289796744,131.80911424767768
4921,129,32.782148889155266,129.88280776715638
4922,129,29.97597804471163,128.77449803342628
4923,129,27.340265627952505,127.73222300429693
4924,129,26.948817138782534,127.57673379204878
4925,129,25.824143093348326,127.13491381698292
4926,129,20.168721474131818,125.2534046024911
4927,129,7.494510093849056,122.7692071428298
4928,129,0.0,122.27733165624782
4929,129,0.0,121.9397239185465
4930,129,0.0,55.77258340991396
4931,129,0.0,50.82964953239278
4932,129,0.0,48.065408456186525
4933,129,0.0,45.389122511510955
4934,129,0.0,44.509251809698846
4935,129,0.0,49.008127817657765
4936,129,0.0,51.081504959266354
4937,129,0.0,57.345095326958266
4938,129,0.5935648931380559,128.66675971194164
4939,129,19.246997800156045,129.81850204188572
4940,129,37.14552357724738,132.82425937788273
4941,129,47.16760742029075,135.62004685746882
4942,129,49.071221396469895,136.32355034146056
4943,129,45.2039376717731,134.7939003098257
4944,129,38.45064596135022,132.12367082293383
4945,129,33.66712043814325,130.23348990222803
4946,129,30.172060711615753,128.85157378982962
4947,129,28.054417681089017,128.01443357878247
4948,129,26.73401632936871,127.49467913112703
4949,129,26.317946748021946,127.33023832420109
4950,129,21.333536783433125,125.70571327289889
4951,129,7.715255273782879,122.89131612246184
4952,129,0.0,122.77704096323963
4953,129,0.0,123.25116924753625
4954,129,0.0,56.65912202325541
4955,129,0.0,50.40489050677241
4956,129,0.0,47.36962459826592
4957,129,0.0,43.97797912444837
4958,129,0.0,44.76668851750005
4959,129,0.0,48.46417632417969
4960,129,0.0,50.63163282507453
4961,129,0.0,57.26228339757516
4962,129,0.0,128.1854538607365
4963,129,19.28693188212393,129.9759249338063
4964,129,40.6693199816011,134.18530941039796
4965,129,48.73916602480089,136.23445196150723
4966,129,47.2572315117913,135.60579380250692
4967,129,40.1816317236785,132.8098562188397
4968,129,34.068519737670314,130.3916377111459
4969,129,28.953567579318634,128.36947906278007
4970,129,26.267037058117385,127.30788464427417
4971,129,23.424680003709703,126.18469356969634
4972,129,23.92364769010142,126.38186723055475
4973,129,24.044473751443597,126.43017949463723
4974,129,20.708832824853285,125.3964007864295
4975,129,22.028766551208665,126.72313388206507
4976,129,14.663389725430267,126.21345175412718
4977,129,3.1865511691770205,125.25895109824626
4978,129,0.0,123.93273820705848
4979,129,0.0,122.79302175933125
4980,129,0.0,123.26363994930665
4981,129,0.0,122.68779403422536
4982,129,0.0,122.48999963677045
4983,129,0.0,122.88014068990421
4984,129,0.0,125.56724827424668
4985,129,22.973328147901928,134.45324926323812
4986,129,37.57178645703065,136.8839327362782
4987,129,52.109376945819335,139.72235967031256
4988,129,66.56930048073899,143.73032939619367
4989,129,49.50481808534605,136.54034372987633
4990,129,47.86463580113065,135.84537965452225
4991,129,39.80114741092427,132.65808169557587
4992,129,32.331173861323016,129.70439721235462
4993,129,28.471628046604156,128.1792077421981
4994,129,25.51318854900539,127.00957335808421
4995,129,23.55093175932209,126.23401634780026
4996,129,23.73771031982225,126.30860764346757
4997,129,23.921230165507055,126.38171702414553
4998,129,21.120442229866363,125.58669949092172
4999,129,21.590567257605446,126.61103603743223
5000,129,9.815518965652517,124.48280385025762
5001,129,0.0,123.23857126956214
5002,129,0.0,122.2048871762642
5003,129,0.0,121.47034860179092
5004,129,0.0,121.41409708836571
5005,129,0.0,121.07287168863365
5006,129,0.0,121.22173623644737
5007,129,0.0,121.59983575893173
5008,129,0.0,123.49234106234019
5009,129,8.477780330332717,128.75900822782498
5010,129,27.70993672582791,132.8219478452954
5011,129,42.756935638306935,135.96431185451007
5012,129,60.158031414910916,141.1707750228438
5013,129,46.40717487331579,135.31950543950325
5014,129,43.63725816366977,134.17995196125727
5015,129,36.177574927869316,131.2264935893395
5016,129,30.64508010108281,129.03894921869343
5017,129,26.271759279137623,127.30934121914817
5018,129,23.835148367081263,126.34610909169011
5019,129,22.81411020388383,125.94257663702471
5020,129,21.996054531790875,125.6202442463161
5021,129,21.465034638763296,125.41039499986
5022,129,18.658385533716114,124.56576988752332
5023,129,20.61185574919389,126.11642977659773
5024,129,13.275379556604932,125.50746318677409
5025,129,2.05064555838122,124.48008483899329
5026,129,0.0,123.01751344550227
5027,129,0.0,121.64542913435577
5028,129,0.0,121.74977324035117
5029,129,0.0,121.78430887538651
5030,129,0.0,121.06056016386627
5031,129,0.0,120.75382340556466
5032,129,0.0,122.55674945099607
5033,129,8.079054810123878,128.65049973286548
5034,129,25.19978801142429,132.03786604592062
5035,129,42.43917429832084,135.89030083711998
5036,129,63.228140067082755,142.3740860662949
5037,129,50.482900029698015,136.92537969856582
5038,129,47.81875931258681,135.82820427003338
5039,129,41.92206553825037,133.49633558149293
5040,129,36.38615555681706,131.30763204140354
5041,129,29.41913111644627,128.55427315450441
5042,129,27.876754174757156,127.94428912886643
5043,129,26.32316587443365,127.32966384879634
5044,129,25.566578710944754,127.0314116131526
5045,129,26.454567356363977,127.38252273599856
5046,129,22.68764899078815,126.16946712348384
5047,129,28.01016138112325,129.0208680062826
5048,129,18.457822905430273,127.58040848143304
5049,129,6.862363720954589,126.58094442109252
5050,129,0.0,124.47806217934048
5051,129,0.0,123.84175822662155
5052,129,0.0,124.05233115145609
5053,129,0.0,123.16385406243938
5054,129,0.0,122.88318098566114
5055,129,0.0,123.12999195053457
5056,129,0.0,125.4833738044657
5057,129,18.78614321729019,132.5759079625467
5058,129,34.06912743833729,135.30279159900422
5059,129,47.89975363941171,137.99070826833832
5060,129,67.88308760483294,144.18474335467087
5061,129,50.58886570181109,136.95359139125904
5062,129,48.162387523854115,135.96547353894402
5063,129,41.60573832105353,133.37072324575908
5064,129,37.48871344965381,131.7437409324946
5065,129,32.699636639225965,129.85076895721204
5066,129,28.256259986199545,128.0934859188439
5067,129,27.00988126014573,127.60167250916763
5068,129,26.120907401627377,127.25048718298834
5069,129,25.14765198821553,126.86564710886758
5070,129,24.220791656790862,126.73065136443334
5071,129,28.0285894906306,128.9856870826501
5072,129,18.666000461408863,127.52383167932793
5073,129,6.704971945520032,126.08038245712783
5074,129,0.0,123.56020055746352
5075,129,0.0,122.62339223306996
5076,129,0.0,122.00346851258632
5077,129,0.0,121.52573852471183
5078,129,0.0,121.3828625956046
5079,129,0.0,121.92838859372551
5080,129,0.0,123.89143484820748
5081,129,10.942478500514841,129.77487335080474
5082,129,26.71449161618806,132.65864403934893
5083,129,40.53561741515675,135.18573867738195
5084,129,57.20419452870859,140.00388731475826
5085,129,45.79925817481062,135.07351900180095
5086,129,46.15520743678802,135.17451367352996
5087,129,40.81859642624947,133.06211462892404
5088,129,35.01377092221216,130.76559458124203
5089,129,29.859391347418594,128.72746169800288
5090,129,25.94953639293943,127.18217493730319
5091,129,24.86904043738606,126.75569208459828
5092,129,23.48622210734038,126.20859570128457
5093,129,22.965463713554804,126.00337301330359
5094,129,20.05962789921813,125.1088256542256
5095,129,7.891866747030359,122.53677961665564
5096,129,0.0,121.78992706723018
5097,129,0.0,121.53285066628149
5098,129,0.0,56.30610459536254
5099,129,0.0,50.74683868801673
5100,129,0.0,47.38402994823053
5101,129,0.0,43.55984285074505
5102,129,0.0,44.35238059223549
5103,129,0.0,49.20301993278133
5104,129,0.0,51.86635747013759
5105,129,0.0,56.24986608261437
5106,129,0.0,127.27587038732796
5107,129,18.231678436118575,129.08028258205897
5108,129,37.46409333776842,132.80067442907
5109,129,45.92520477534154,135.11781307497972
5110,129,45.02811851405639,134.72443028997844
5111,129,39.65456815625309,132.60044648578832
5112,129,35.00567744267273,130.7618918188062
5113,129,29.7360998806289,128.6793801306055
5114,129,26.563957745595918,127.42544782421069
5115,129,24.999714464204256,126.80740093825597
5116,129,25.428986049232325,126.97972507755354
5117,129,24.461501012557544,126.59580400184184
5118,129,19.765741660842096,124.97756304403424
5119,129,7.774825852708803,122.50509408137246
5120,129,0.0,122.20412208868976
5121,129,0.0,122.36664648504424
5122,129,0.0,56.54968410495996
5123,129,0.0,50.48767066132912
5124,129,11.898537304152,73.7432840852398
5125,129,10.794495468583323,73.30694068842999
5126,129,9.616268620517657,72.84125714334108
5127,129,0.0,49.732615510573424
5128,129,0.0,50.53924520724316
5129,129,0.0,57.1168937207512
5130,129,0.0,127.73827674785096
5131,129,18.872880733611932,129.4316631676918
5132,129,38.61436312524166,133.21077908580588
5133,129,47.18864789463713,135.6154259264245
5134,129,43.612131589632064,134.1651025508448
5135,129,35.93335597077977,131.12950478659485
5136,129,32.75717969217088,129.87373116589578
5137,129,28.239635979437427,128.08747368151296
5138,129,25.050434640374043,126.82798167915024
5139,129,23.845506449870026,126.35193787099755
5140,129,23.859045004816483,126.35691831229236
5141,129,24.62526800952167,126.65898396853026
5142,129,22.264197011450165,125.92805207089374
5143,129,25.351796679875314,127.89098539642335
5144,129,21.222510040901444,125.97497192778529
5145,129,17.89852016251841,123.99599462288994
5146,129,14.190718703564821,122.53055166612369
5147,129,11.652454034109697,121.52734450777498
5148,129,12.123984153648783,121.7137133654914
5149,129,11.286510598380838,121.38271489133548
5150,129,10.374381356380562,121.02222217921818
5151,129,11.314401183715722,121.39374093684188
5152,129,0.0,123.7147907757306
5153,129,13.549828411231875,130.48559973130375
5154,129,30.00420114134903,133.66487965805635
5155,129,47.425967165563684,137.70409763301058
5156,129,63.27303686103769,142.35419053497967
5157,129,47.794482672851814,135.85690371259184
5158,129,46.391953843500985,135.26754698865852
5159,129,42.046406384412954,133.54656172575307
5160,129,36.249484302243886,131.2535814942396
5161,129,31.371030285827043,129.32738671949153
5162,129,28.43745669513987,128.16603847249786
5163,129,26.599090807015575,127.44004523084918
5164,129,26.17881779977841,127.27375070989797
5165,129,25.58801960623418,127.03988555895562
5166,129,22.780474967896353,126.14894690177289
5167,129,23.34882818791079,127.14643466177947
5168,129,10.592347366713307,124.52077241183393
5169,129,0.0,123.35161870304586
5170,129,0.0,121.70522737701215
5171,129,0.0,120.84107334947736
5172,129,0.0,120.69188214120909
5173,129,0.0,120.35599740916653
5174,129,0.0,120.04803138054622
5175,129,0.0,120.04052342139906
5176,129,0.0,122.32456433149821
5177,129,10.035390262585798,129.10734760271254
5178,129,30.46685499012115,133.6651316594118
5179,129,48.5196455627115,138.06426831533062
5180,129,67.27235900389904,143.91101920326022
5181,129,51.78633303616629,137.43124987045204
5182,129,50.1548841906352,136.75387806827328
5183,129,42.148510342331306,133.58547479399115
5184,129,33.52924828620554,130.17986801811077
5185,129,27.83284110934613,127.92577504987143
5186,129,25.70924491864754,127.08663514167695
5187,129,24.741617672501572,126.70400922455966
5188,129,23.908932404880968,126.37528042189957
5189,129,24.081018435455242,126.4438822161732
5190,129,22.693314762321403,126.0817316576756
5191,129,25.19604684555105,127.78612873761979
5192,129,16.80909560585983,126.66244191960047
5193,129,21.04044206777357,125.23773017944953
5194,129,17.268656076895038,123.74702383522587
5195,129,14.890749884061554,122.80720539242739
5196,129,12.897430538272378,122.01938854171354
5197,129,12.259723201729633,121.76735533953617
5198,129,9.812228455808514,120.80003124412852
5199,129,10.12521329303601,120.92373209954
5200,129,14.9972065316602,122.84928879430576
5201,129,10.220891083501874,129.22427749635634
5202,129,27.38271927104145,132.64221579985636
5203,129,45.665540638530786,136.9707996429521
5204,129,70.58289379764695,145.20361014097023
5205,129,54.13668238569967,138.3574280304536
5206,129,49.404600315115474,136.45747780023305
5207,129,41.89622178384345,133.4878224394469
5208,129,34.02730787747831,130.37626620474592
5209,129,29.332750497972018,128.52048184487163
5210,129,26.775586329146837,127.50999232270377
5211,129,26.803255158609083,127.51995976081854
5212,129,25.263029686254338,126.9123919682907
5213,129,23.87340987831131,126.36279159190283
5214,129,22.769344959241117,126.11926284615372
5215,129,26.199451494421588,128.15968945858123
5216,129,15.548430432359014,126.17178639569492
5217,129,20.456090715211463,125.00675848314025
5218,129,16.478855140665686,123.43484744542224
5219,129,15.011798242791972,122.85503426885558
5220,129,15.786681442040738,123.16129954341558
5221,129,12.676485899763128,121.93207089292761
5222,129,12.103504541105721,121.70559657214363
5223,129,0.0,121.6289209939522
5224,129,0.0,123.4379024159599
5225,129,12.00284637983047,129.6066548378674
5226,129,29.460865229566096,133.20311778592995
5227,129,43.979355078660696,136.2371443498205
5228,129,66.95905385855161,143.74682244959263
5229,129,49.91003275725427,136.67839053130248
5230,129,48.87244950078818,136.24479125036862
5231,129,44.30474400541348,134.43775617355047
5232,129,38.44213577063109,132.1206951615085
5233,129,33.144540126092984,130.0257986650317
5234,129,29.28586364589806,128.50055164030746
5235,129,26.92942282871047,127.57000442898536
5236,129,25.382814266312376,126.95814946422368
5237,129,26.108925848136305,127.24514631749967
5238,129,25.01156787116011,126.96483056349636
5239,129,29.04978495198978,129.2345035309294
5240,129,18.165187559228627,127.05398750717725
5241,129,5.879317934018017,125.43045556202007
5242,129,7.40391900357015,123.60128884371886
5243,129,14.817807601175504,122.77837152888007
5244,129,13.999848715259857,122.45509917849992
5245,129,12.10135113567687,121.70476679108972
5246,129,10.82317294093993,121.19959043467115
5247,129,0.0,121.58624357064804
5248,129,0.0,123.27004655850918
5249,129,9.616314344722124,128.89247019990205
5250,129,29.596404861201766,133.46424778789628
5251,129,47.102854009840286,137.5444846393127
5252,129,66.70321943734389,143.67218153341148
5253,129,49.5054175793084,136.5260151500906
5254,129,47.99409477867123,135.89809361583843
5255,129,43.70539003918402,134.2014896316279
5256,129,37.24589663887613,131.64702932654865
5257,129,33.05161258131019,129.98966760235194
5258,129,28.8937673633057,128.34679576246867
5259,129,26.79465774934619,127.51813273871429
5260,129,26.279236903970904,127.31329480073242
5261,129,25.973953504350405,127.19204492205968
5262,129,24.356996365457185,126.72128825506826
5263,129,12.557049980393666,123.96946709157979
5264,129,0.0,123.30548411602351
5265,129,0.0,122.58045430225262
5266,129,0.0,57.747828950149206
5267,129,9.871733400356861,72.94220120376656
5268,129,9.898931386363891,107.88379935590369
5269,129,9.935358760242984,107.89819887480903
5270,129,9.863845222481316,107.86993553465412
5271,129,0.0,50.64103075338403
5272,129,0.0,52.69852811433267
5273,129,0.0,125.35226344734252
5274,129,0.9625991016413097,127.58940642373933
5275,129,21.76254387763045,129.90966088348088
5276,129,40.594803411879084,133.8304364516692
5277,129,46.2348815443801,135.23267172713122
5278,129,45.44914681041741,134.89334281266838
5279,129,41.51431801537281,133.33512374216025
5280,129,36.151672460746994,131.21450375819623
5281,129,32.14912037724965,129.63258936581798
5282,129,28.686995090918533,128.26405520406325
5283,129,27.183048495073457,127.67060913019876
5284,129,25.86671832310228,127.1503532910943
5285,129,25.790490502474576,127.11964837463819
5286,129,23.324746115627004,126.28855137853454
5287,129,10.953410086613395,123.30249854347245
5288,129,0.0,122.68650089506512
5289,129,14.217399690338192,122.54106141926275
5290,129,12.179623010791028,108.78518471658786
5291,129,10.137264480551336,107.97798896834949
5292,129,10.184632645424754,107.99670744080402
5293,129,9.773996908359711,107.83442233366108
5294,129,8.929773307530416,107.50076188522928
5295,129,9.193940096094874,107.60516366683717
5296,129,0.0,51.72142792485658
5297,129,0.0,125.27847737089473
5298,129,0.4144891898822213,128.13448967632593
5299,129,25.10771018431782,131.2784566514633
5300,129,46.516824534350064,136.11615958358877
5301,129,52.30163792029791,137.63079386667968
5302,129,48.34821971337119,136.03992890917797
5303,129,42.60538347249599,133.76754222124794
5304,129,35.501061082513836,130.9578255631033
5305,129,31.414027584478102,129.3424755199863
5306,129,28.531913540797813,128.20472547765416
5307,129,26.757505608911,127.50247430514278
5308,129,26.9805956020147,127.5910373393754
5309,129,26.297014771323617,127.32046982514478
5310,129,25.138299512694367,126.98850683681296
5311,129,28.031137897316594,128.7754183269654
5312,129,24.260573956494714,126.51041058074097
5313,129,18.597596108038303,124.27225927926126
5314,129,14.24448040704515,122.55177505962362
5315,129,11.64814687617428,121.52562944981204
5316,129,11.578767455156191,121.49819445937513
5317,129,10.23992690543859,120.96904724472503
5318,129,9.930658613239082,120.84681535623395
5319,129,10.561657858588271,121.0962010483548
5320,129,0.0,123.73459015259988
5321,129,17.121114546295097,131.42347869515487
5322,129,38.45656831270932,136.6083511397212
5323,129,55.705736717657835,140.71281168890843
5324,129,78.71088339773756,148.36020166440994
5325,129,55.9372333109542,139.06418278865215
5326,129,52.898937535543034,137.8397655976523
5327,129,43.66481362863055,134.18640415419827
5328,129,37.17129249991177,131.61825785279186
5329,129,32.91592261044107,129.93793326159843
5330,129,30.3936144758193,128.93968557863178
5331,129,28.651744315908605,128.25163364613067
5332,129,27.426993581905922,127.76778265746061
5333,129,28.422631192609863,128.160893582505
5334,129,26.822211039474446,127.65819717914081
5335,129,28.578769827120592,129.02153509463832
5336,129,14.52685035803147,125.68379112022387
5337,129,0.19297966055145205,123.39984757563441
5338,129,0.0,121.83102739621684
5339,129,10.469826084392148,121.0599528098516
5340,129,10.249702491530265,120.9729473419192
5341,129,10.859324419830159,121.2138887100815
5342,129,0.0,120.98268676167628
5343,129,0.0,121.05235217863027
5344,129,0.0,123.70231236577291
5345,129,17.871375463809734,131.6823873121498
5346,129,40.647370291253466,137.26219210068973
5347,129,59.88251376595075,142.28050322035736
5348,129,76.28695063448387,147.38257287422223
5349,129,52.97061443622618,137.8899304351461
5350,129,51.31398295244316,137.21368037452393
5351,129,43.28632554486711,134.03628174206912
5352,129,35.85442916109431,131.09878464740498
5353,129,29.428443718679578,128.5573499528259
5354,129,26.299073321695925,127.32050398102588
5355,129,25.567751301689572,127.03128495450147
5356,129,24.74036813041708,126.704494615301
5357,129,24.95727744198216,126.79040439560858
5358,129,23.13786373215215,126.18276790904228
5359,129,25.97252699894667,127.91875788348467
5360,129,17.000690194914878,126.37431092274731
5361,129,6.057878222715806,125.279505691474
5362,129,0.0,124.34604962623067
5363,129,0.0,124.46217966668337
5364,129,0.0,124.52065721629984
5365,129,0.0,123.48684507869388
5366,129,0.0,123.39490653011056
5367,129,0.0,122.86163646274449
5368,129,0.0,124.7446645535419
5369,129,15.837297822485853,130.88740374100638
5370,129,30.38130355952876,133.3691508417667
5371,129,49.04861232391602,138.01092400291353
5372,129,71.77798259181519,145.57865221793833
5373,129,51.28705216522263,137.22109319936658
5374,129,46.80293001707699,135.4302527315377
5375,129,39.3364590053719,132.4766419633218
5376,129,32.52233335257659,129.7808459489762
5377,129,27.64182479282757,127.85134601648215
5378,129,26.123194789908727,127.25115189750505
5379,129,25.13212193193724,126.85947059233469
5380,129,23.571791286508674,126.24355199296708
5381,129,22.859544632933567,125.96147670943178
5382,129,22.25759207135063,125.83882754860923
5383,129,23.857142397470373,127.05833805053699
5384,129,13.655657740806893,125.0440202763658
5385,129,1.2697113860478575,123.51382615104849
5386,129,0.0,122.0635387820334
5387,129,0.0,121.21254407934418
5388,129,0.0,121.06695032962493
5389,129,0.0,121.10509789402433
5390,129,0.0,120.92682395358874
5391,129,0.0,120.90076338388663
5392,129,0.0,122.88970672661513
5393,129,12.162126880903834,129.11772136268146
5394,129,29.471053032136112,132.74430760543905
5395,129,46.7918686592026,137.04927197421048
5396,129,69.20721781814046,144.5451830388759
5397,129,51.874139506151415,137.44627686222438
5398,129,50.756308699611374,136.9895541642519
5399,129,43.68778238779205,134.19475314876274
5400,129,38.516366203971835,132.14987024611895
5401,129,32.34065457639774,129.70810877200512
5402,129,29.192549821871715,128.46408365050735
5403,129,27.758739586798296,127.8975946689993
5404,129,26.600442599813107,127.43980007684219
5405,129,26.88827822396761,127.55375430531271
5406,129,26.695860949840217,127.55792925592787
5407,129,31.594198899774238,130.05650103158797
5408,129,21.50792138773438,127.98888499811866
5409,129,9.283899771697257,126.23508348761148
5410,129,0.0,124.85543835630492
5411,129,0.0,123.75307015665526
5412,129,0.0,123.53688387005519
5413,129,0.0,122.59884259051024
5414,129,0.0,121.57394059801649
5415,129,0.0,121.837811337147
5416,129,0.0,124.34430458143167
5417,129,17.031046274706306,131.2187552043423
5418,129,34.747871843106005,134.99124972679283
5419,129,54.16486008719676,140.00378107592064
5420,129,72.14870694067224,145.72108440865964
5421,129,49.28151440271791,136.42674686955644
5422,129,48.71819624088698,136.18843351131696
5423,129,43.525425339465336,134.13287731719714
5424,129,36.86499597227194,131.49801568478458
5425,129,31.658093440590285,129.44006414112354
5426,129,28.26391404595141,128.09897816631866
5427,129,27.08261564309651,127.63229244236595
5428,129,26.093605863591588,127.24106125156875
5429,129,24.61369308073865,126.65479161470786
5430,129,24.6949265045443,126.77613727765566
5431,129,17.047578454455866,125.27835205343901
5432,129,2.0513218640297906,124.06499309283043
5433,129,0.0,123.4832047342427
5434,129,0.0,57.5686615401488
5435,129,0.0,50.617430536405095
5436,129,9.988537066706305,72.98837334145007
5437,129,10.636308335043811,73.24438804583389
5438,129,0.0,48.45482411427539
5439,129,0.0,50.71188638598658
5440,129,0.0,54.21615491808433
5441,129,0.0,124.01959054423284
5442,129,2.5361545290892016,127.0799562771108
5443,129,23.789539488885623,129.95362272979241
5444,129,44.975728319098124,135.3202294302015
5445,129,49.967727746501815,136.69959036197102
5446,129,46.724530603073994,135.39880373136623
5447,129,44.1206870465274,134.36697340039444
5448,129,38.523850720767776,132.15666078704925
5449,129,33.82498641894352,130.29490001149603
5450,129,29.77355025334968,128.6936480682996
5451,129,27.68350274872936,127.86915030341292
5452,129,26.00462319509265,127.20522232005015
5453,129,25.71240137492224,127.09241223200587
5454,129,24.481435649021517,126.6654466812308
5455,129,12.874041802121772,123.55738452775171
5456,129,0.0,122.7236128256049
5457,129,0.0,122.02743619145784
5458,129,0.0,57.826454398712094
5459,129,0.0,50.821992281407475
5460,129,7.840236662878565,107.07013507016306
5461,129,7.296468016146849,106.85522264755066
5462,129,7.360320465511162,106.88045363723351
5463,129,0.0,50.94195262740002
5464,129,0.0,53.48246053749098
5465,129,0.0,124.32704132450473
5466,129,2.1205440359082317,127.55852036624185
5467,129,26.85280638266578,131.17538269864102
5468,129,46.95035246071075,136.0423895470386
5469,129,52.53037931728335,137.70869523595624
5470,129,49.09715948809464,136.3363116796042
5471,129,41.735861396527696,133.42421957171516
5472,129,35.20677270548458,130.8413745949213
5473,129,30.26887313830939,128.88998791599045
5474,129,27.269132048222936,127.70594086143983
5475,129,25.290716736083013,126.92248919291393
5476,129,24.268844835326693,126.51958634828833
5477,129,24.644338873996816,126.66741922025143
5478,129,25.417357808899148,127.0323080911118
5479,129,30.2052788504004,129.44569410255102
5480,129,18.92381990582433,126.86857496960657
5481,129,5.882198087938617,124.94463388533006
5482,129,0.0,123.36667587007139
5483,129,0.0,121.99892571777849
5484,129,0.0,121.4708829433612
5485,129,0.0,120.84696429223466
5486,129,0.0,120.69446157775438
5487,129,0.0,120.9572640317003
5488,129,0.0,123.70634409619815
5489,129,19.527309416004243,131.70769760123056
5490,129,38.7046966283128,136.18378609645927
5491,129,59.949533447252655,142.06752335971095
5492,129,83.06050897728784,149.97648180111037
5493,129,56.79511243513133,139.38964468612602
5494,129,52.85370062745267,137.81815987428288
5495,129,45.907900368608466,135.07278224039285
5496,129,38.12550199956437,131.99580389379895
5497,129,33.177619114060434,130.04008261719358
5498,129,31.613081814615015,129.42097440259954
5499,129,29.580020218013935,128.61823377325697
5500,129,27.201734110457302,127.678847778068
5501,129,26.846113257749355,127.53788700755028
5502,129,27.338561828588368,127.78768170461177
5503,129,29.392325445952523,129.14147937371834
5504,129,15.246937568543165,125.51839287822636
5505,129,1.5984618737264835,123.30405279945892
5506,129,0.0,121.72224176824298
5507,129,0.0,120.75633981881342
5508,129,0.0,120.6006354798006
5509,129,0.0,120.81088289317995
5510,129,0.0,121.20795421008495
5511,129,0.0,121.66661537412998
5512,129,0.0,124.87899751106234
5513,129,21.706843410216933,132.51783324063376
5514,129,43.35673832081513,137.81487417244668
5515,129,60.65370954901012,142.27580705060166
5516,129,80.56882648862148,148.9809977676991
5517,129,55.667067176131724,138.94550804919095
5518,129,50.87766407768857,137.0385957127258
5519,129,42.878731067632366,133.8785528000338
5520,129,34.93989403942889,130.73692258359415
5521,129,30.663198765539818,129.0474135131469
5522,129,28.1957447416643,128.07049109326223
5523,129,25.648448784538004,127.06354485449766
5524,129,25.437995897280555,126.98076184481394
5525,129,25.363135856999026,126.95079176347893
5526,129,26.094063351690963,127.2881396319764
5527,129,29.204693479493184,129.0177532131411
5528,129,17.470638814781406,126.15986104059459
5529,129,5.279655542504852,124.36663186269085
5530,129,0.0,123.1633779682124
5531,129,0.0,123.33382990391887
5532,129,0.0,124.15003617038205
5533,129,0.0,123.85987905034027
5534,129,0.0,123.59625896324664
5535,129,0.0,122.78887466262057
5536,129,0.0,125.53005962239716
5537,129,21.85454381195534,132.5485422114377
5538,129,39.00986098552979,136.24061927013398
5539,129,58.44036007691923,141.40216307653452
5540,129,78.78269876522008,148.25099277971208
5541,129,55.434362330235636,138.85011891954233
5542,129,49.85642994714747,136.63389208008496
5543,129,41.19403587045222,133.20953349888018
5544,129,35.21370493365426,130.84360658595216
5545,129,30.081370373069586,128.81463227757078
5546,129,26.760607751993515,127.50273673593409
5547,129,25.858687176882086,127.14589523095395
5548,129,25.652597839229962,127.06483054697401
5549,129,26.078311803370188,127.2325040755552
5550,129,26.766135385025212,127.55717666642471
5551,129,31.97909372171352,130.0958386357969
5552,129,19.170345322396425,126.83021900046865
5553,129,5.218230240580593,124.47750633427732
5554,129,0.0,122.61030077730356
5555,129,0.0,122.13405212678487
5556,129,0.0,123.04160869140222
5557,129,0.0,122.6284600026271
5558,129,0.0,121.76789302487882
5559,129,0.0,122.39947762478862
5560,129,0.0,125.16672795605349
5561,129,22.127470936258298,132.3922943261024
5562,129,38.926253684334476,135.97274899315968
5563,129,58.0982477377255,141.2113180608312
5564,129,78.56913664037712,148.15890459199227
5565,129,53.85084464045249,138.22177857859216
5566,129,50.6805242953612,136.9601735321394
5567,129,43.331332183680246,134.0528910555987
5568,129,39.81478523938516,132.66303621862167
5569,129,34.9394911658988,130.7350127587289
5570,129,30.642963704256015,129.03730010054915
5571,129,27.98229459422043,127.98593433821323
5572,129,26.955656242089866,127.57978513409965
5573,129,26.69152687321776,127.47577880981373
5574,129,27.857892395786294,127.96684857313248
5575,129,36.49483599797056,131.82408334482025
5576,129,29.15312965851327,130.64375863108208
5577,129,19.942480911901665,129.92295114546172
5578,129,5.071513319046893,127.62949718046038
5579,129,0.0,127.52693463488446
5580,129,0.0,127.19901994848296
5581,129,0.0,125.52095758905632
5582,129,0.0,124.7968932422744
5583,129,0.0,125.09743666779508
5584,129,0.0,127.14868420731318
5585,129,29.17358447207716,135.33575566267535
5586,129,45.38127695071583,138.66626387060683
5587,129,61.83021162339881,142.7129081432338
5588,129,77.16929129097366,147.61014160589696
5589,129,51.39018850254093,137.25014323545562
5590,129,49.45115756989969,136.4770939535829
5591,129,44.84458505390785,134.65436197461764
5592,129,39.1637579699879,132.4068466441523
5593,129,34.03502582395976,130.37904947810264
5594,129,31.53213311002693,129.38944189920593
5595,129,28.816830854937542,128.31707503232852
5596,129,28.481029129422026,128.18357949320864
5597,129,27.29095631143157,127.71247149220447
5598,129,26.758511547377097,127.53767000305582
5599,129,18.65307124491959,125.50899908429538
5600,129,3.38394415208183,123.74010023510174
5601,129,0.0,123.33786088497541
5602,129,0.0,57.6718431571111
5603,129,0.0,53.568190504010296
5604,129,0.0,50.67880374716012
5605,129,0.0,50.663198917027934
5606,129,0.0,51.348514056310115
5607,129,0.0,50.74680112919194
5608,129,0.0,57.6226391613184
5609,129,0.0,126.22160620323783
5610,129,10.425475939383226,129.0760922046414
5611,129,29.014867681155554,131.3152509750845
5612,129,44.45353329840491,134.89926838469012
5613,129,46.956195568641135,135.50118575440214
5614,129,43.971103146285955,134.307058574501
5615,129,39.757249059320706,132.64125579724876
5616,129,34.50338416850538,130.56706224286557
5617,129,30.82747141319145,129.1094430086581
5618,129,28.119350930141255,128.04141631725437
5619,129,26.093238231761855,127.23929376051125
5620,129,24.98959678184171,126.80271800153065
5621,129,24.3127930365448,126.53829247565857
5622,129,23.09973694020239,126.07648499937393
5623,129,13.73412895656709,123.49286715835456
5624,129,0.0,122.11559762944368
5625,129,0.0,122.00457456826295
5626,129,0.0,57.89519137654854
5627,129,0.0,52.8564502395568
5628,129,0.0,50.78499110080498
5629,129,0.0,50.78806173607775
5630,129,0.0,50.76736657527782
5631,129,0.0,50.77080197550926
5632,129,0.0,56.624118812939294
5633,129,0.0,125.97547878588439
5634,129,9.103122473713325,129.12658210519749
5635,129,32.777321811161684,132.79402890156845
5636,129,53.30928128119378,138.3418622220685
5637,129,54.50595990687457,138.47766438584807
5638,129,50.038043209831805,136.70566870834725
5639,129,42.05750239821498,133.55021055050042
5640,129,34.72272728090978,130.64939977907903
5641,129,30.174593938454485,128.8520524427862
5642,129,28.217807333859856,128.0792600617331
5643,129,26.41460535961139,127.3667680609952
5644,129,25.966557231830233,127.18967894260494
5645,129,26.61042386846245,127.44355295317459
5646,129,29.641145620798753,128.6653036172759
5647,129,35.56911749854319,131.41840211679164
5648,129,18.827357664868572,126.50205286803329
5649,129,18.353392674415602,124.17576935652677
5650,129,13.494051629594239,122.25521746972741
5651,129,11.134991825591761,121.32282780893217
5652,129,10.022904206443805,120.88329390905054
5653,129,9.217632108483896,120.56502967487474
5654,129,9.528775086052935,120.68800707850991
5655,129,10.494089830052765,121.06951984861479
5656,129,0.0,123.82942681663313
5657,129,21.58505901852916,131.88774371988058
5658,129,39.00898528537476,135.8175334828518
5659,129,59.25410588308546,141.5013983245843
5660,129,80.61135243690386,148.91989524235223
5661,129,53.781516029833575,138.19067860474274
5662,129,48.49667274487162,136.09872583013012
5663,129,40.61475983018718,132.9818108180387
5664,129,33.37267112137954,130.11740811052857
5665,129,29.50065624642294,128.58711576808713
5666,129,27.682817868491266,127.867857018744
5667,129,26.163654899271226,127.26875853069458
5668,129,25.113012925832276,126.8529292590454
5669,129,25.778401331195393,127.11570997509888
5670,129,28.384151346723087,128.16336994070787
5671,129,35.90688720579094,131.56129602495204
5672,129,18.30776369979726,126.39053055288174
5673,129,4.068703290780972,123.81831092261123
5674,129,0.0,122.04067055416117
5675,129,0.0,120.80032174416135
5676,129,0.0,120.50873328455097
5677,129,0.0,120.5102300918878
5678,129,0.0,121.24253948718682
5679,129,0.0,121.94601963695636
5680,129,0.0,125.44016274750713
5681,129,27.123086194853315,134.03107162758346
5682,129,46.13560563254819,138.43800762097692
5683,129,64.10349664269917,143.35820251104914
5684,129,83.6209937253561,150.10662849105265
5685,129,55.88873166233516,139.02762205177413
5686,129,50.82333824851103,137.01681343452861
5687,129,43.23129601431109,134.0181091905113
5688,129,36.95203678379398,131.53326045217798
5689,129,31.187332503611724,129.2558079082785
5690,129,28.979981835628816,128.38147817795902
5691,129,26.548263378877245,127.42095861572355
5692,129,25.891264351673055,127.16033903554435
5693,129,26.75330189643808,127.50044363873545
5694,129,28.50883309802498,128.21245733596365
5695,129,38.715576161023186,132.6403639104474
5696,129,24.43203520072879,128.61069341171304
5697,129,9.472543759111666,125.59042510161666
5698,129,0.0,123.48375236423317
5699,129,0.0,122.18529632594544
5700,129,0.0,121.96789442605154
5701,129,0.0,121.57691727289149
5702,129,0.0,121.05691251851664
5703,129,0.0,121.20739005913606
5704,129,0.0,124.15610523876246
5705,129,20.1046654543898,131.19262574338015
5706,129,39.54930694796408,135.95002445956086
5707,129,61.17810817149292,142.18555122436663
5708,129,82.26432497432178,149.54365373699406
5709,129,53.13064912491763,137.93311560492978
5710,129,47.8857755722142,135.85802581809475
5711,129,40.752172299310686,133.03629974803889
5712,129,32.54202084824778,129.78949069473722
5713,129,26.44258156407353,127.3778643691434
5714,129,25.03222870414142,126.8211942584307
5715,129,23.738801071358687,126.30998801892238
5716,129,23.40847782190082,126.17925209830736
5717,129,23.124908878531027,126.06680229786238
5718,129,25.562870108714385,127.04911824671602
5719,129,34.18066638899923,130.82932808282152
5720,129,19.1265965594337,126.5016133649466
5721,129,3.469555316954519,123.32013215457283
5722,129,0.0,121.23189277817887
5723,129,0.0,120.62301240761596
5724,129,0.0,121.4466608447877
5725,129,0.0,121.06933196532465
5726,129,0.0,120.47446561316362
5727,129,0.0,121.55168209816615
5728,129,0.0,124.3821719747735
5729,129,24.34615164070081,132.6372955594714
5730,129,42.856526945861496,137.0361296268078
5731,129,64.85639812131825,143.59292911427616
5732,129,86.00200585139112,151.02197869895846
5733,129,56.5278049351472,139.2780591572602
5734,129,50.920569703136735,137.05920014751496
5735,129,42.26012937054461,133.63154770046953
5736,129,36.43263996538035,131.32777534986394
5737,129,30.374404898067546,128.93334657734604
5738,129,27.454490209962344,127.77814507780752
5739,129,26.161973428795203,127.26846875026507
5740,129,25.047494045332307,126.8278368346296
5741,129,25.61238312411586,127.05030239640958
5742,129,28.004017621805648,128.00318347185504
5743,129,41.74446139196867,133.76563652333445
5744,129,33.27094393848133,131.96908757605314
5745,129,22.798574489768495,130.61252171109055
5746,129,11.176149741980842,129.46184308932757
5747,129,1.5865884938480697,128.78275061920127
5748,129,0.0,128.2022737945666
5749,129,0.0,126.64817502809969
5750,129,0.0,124.9976225713523
5751,129,0.0,124.88448064006379
5752,129,1.2259747633270897,127.23540916335746
5753,129,30.991897701266666,135.40372758986916
5754,129,49.700507732812454,139.86364629058386
5755,129,70.6273720804122,145.88453952670022
5756,129,88.3427937735208,151.9442202869224
5757,129,57.066595737847045,139.4864438487373
5758,129,50.91866511047869,137.0541885934006
5759,129,44.938684587454475,134.68992567048488
5760,129,38.769654543131544,132.2502203591644
5761,129,33.34806930033486,130.10723890234712
5762,129,29.658383247156756,128.64805455468178
5763,129,27.486430160698486,127.79135495410382
5764,129,25.68484368259456,127.07796544215205
5765,129,26.069889493653125,127.22916035842336
5766,129,26.92074675048584,127.57577665322567
5767,129,21.0471009769725,126.12200280774019
5768,129,7.47217204255265,124.62305284267359
5769,129,0.0,123.4942880345755
5770,129,0.0,122.31162759913555
5771,129,0.0,54.9071262318633
5772,129,0.0,50.604886658751354
5773,129,0.0,50.67194146356363
5774,129,0.0,50.69027600180273
5775,129,0.0,50.66309794743097
5776,129,0.0,57.52702255514041
5777,129,0.0,127.49078770132775
5778,129,19.484592463471106,131.56448696502122
5779,129,38.73949739299525,134.48457198474887
5780,129,51.54999129009032,137.5214943864096
5781,129,50.146830825988886,136.75857326487196
5782,129,46.23399002022774,135.205414713538
5783,129,39.891880895432685,132.70130152696524
5784,129,35.337448266681825,130.8985424945945
5785,129,30.645124746011106,129.04037142516376
5786,129,27.332989138602954,127.73227828360947
5787,129,24.129956914084524,126.46481475540789
5788,129,23.280575859905092,126.12796996246747
5789,129,23.106421185064924,126.05834754244144
5790,129,23.22104588906169,126.10898506423243
5791,129,16.293771208164255,124.18092934759757
5792,129,2.896625359652562,122.70513716378903
5793,129,0.0,122.3632298244633
5794,129,0.0,121.4724266992315
5795,129,9.812641488924422,72.91884800274151
5796,129,10.319805250545063,108.05014082637496
5797,129,10.657183832440529,108.18348053138727
5798,129,9.983408628462898,107.91718477358403
5799,129,0.0,50.86363337706963
5800,129,0.0,57.854304080342054
5801,129,0.0,126.13825912638264
5802,129,14.140954804719247,129.9826900540843
5803,129,38.96628326006316,134.5616261466351
5804,129,57.840395414376204,139.96715901085304
5805,129,55.30377391247614,138.78902815473614
5806,129,50.062035089941496,136.71580148285955
5807,129,40.87861252505418,133.0858882734932
5808,129,34.00154997707618,130.36614817986236
5809,129,28.08557644964662,128.0275992423743
5810,129,25.8791631086787,127.15538014661618
5811,129,24.664741427622445,126.67619169564415
5812,129,24.19508936249896,126.4901526502277
5813,129,24.432052468453584,126.5830168440903
5814,129,26.17678745706037,127.27987980726385
5815,129,34.71050096108275,130.95582218953007
5816,129,19.788017098766563,126.57668953986295
5817,129,5.305946702590623,123.80539699366564
5818,129,0.0,121.949846851049
5819,129,0.0,120.98350352734192
5820,129,9.219759212180438,120.5658811046245
5821,129,8.18069399091508,120.15520932136599
5822,129,8.929572911663566,120.45119065708099
5823,129,0.0,121.54798238574855
5824,129,0.0,125.74384436819166
5825,129,34.290644645906006,136.3096496631515
5826,129,50.42597273060673,139.85771319546652
5827,129,67.40844893425162,144.44813095916336
5828,129,82.25379515444591,149.50103170138257
5829,129,53.10613587570745,137.92006496820136
5830,129,47.55167674640547,135.72419880021886
5831,129,41.19816730991753,133.211976966663
5832,129,32.994759696160564,129.96782439811236
5833,129,28.377633428329865,128.14334952125975
5834,129,26.87307039150802,127.54850356580286
5835,129,25.143677900715627,126.86518196508001
5836,129,24.956080279777392,126.79063197575121
5837,129,26.0808499238821,127.23402005473083
5838,129,28.466743591522558,128.18234011528327
5839,129,40.45961210468532,133.23971778338566
5840,129,22.737457293070165,127.82025830571348
5841,129,6.083300073701242,124.15508671529167
5842,129,0.0,121.88928319628897
5843,129,0.0,120.92238416985037
5844,129,0.0,120.63526607500272
5845,129,0.0,120.44117731692774
5846,129,0.0,120.6281826183472
5847,129,0.0,121.57899522765646
5848,129,0.0,125.39682539682539
5849,129,33.7229632225751,136.05104071819943
5850,129,56.89683255570748,142.2321519875414
5851,129,75.51450340714888,147.60256851244506
5852,129,90.48981661062366,152.7583587745423
5853,129,57.625064490470706,139.70774279148716
5854,129,52.78962494933885,137.7934679859815
5855,129,44.10090886894186,134.35847521599348
5856,129,35.96699510835637,131.14468605970865
5857,129,30.42072244719752,128.95165607986542
5858,129,28.145440096946068,128.05315056666691
5859,129,25.92597363612291,127.17598748595607
5860,129,25.08589780983763,126.84357718747665
5861,129,25.043479728771846,126.82508131901685
5862,129,28.292468586536764,128.116426361964
5863,129,41.98041199806321,133.81280665058347
5864,129,29.906665992285856,130.48186711505744
5865,129,14.716092003992934,127.22318824558914
5866,129,0.0,124.32334933953489
5867,129,0.0,122.23981385556665
5868,129,0.0,121.41778802138955
5869,129,0.0,120.97066270365747
5870,129,0.0,120.6994750282644
5871,129,0.0,121.42433364168302
5872,129,0.0,125.04924117327218
5873,129,28.462440182510296,133.88732338590899
5874,129,47.837129616736384,138.7443340583536
5875,129,70.65347264889648,145.65235310252368
5876,129,86.33030536411776,151.09017511440385
5877,129,56.55740672958306,139.28335380960397
5878,129,51.93616491796706,137.45785501950053
5879,129,43.39796086214149,134.08120385188312
5880,129,35.144766513677254,130.818164181428
5881,129,28.58010858464578,128.22403544288315
5882,129,25.826887806082176,127.13625391627403
5883,129,24.121621144751494,126.46227426926582
5884,129,23.66479557304485,126.28171775517691
5885,129,24.135121625710493,126.46647395442272
5886,129,27.242380511295853,127.70068063705972
5887,129,41.20848412637818,133.49223780097532
5888,129,27.00937561144954,129.30692667148148
5889,129,11.788596212409125,126.12339927702281
5890,129,0.0,123.51256236826006
5891,129,12.78642491725434,121.97554066927573
5892,129,11.511646680817595,121.47170073659397
5893,129,9.701605321711753,120.75631839582525
5894,129,8.980789518428347,120.47142617126758
5895,129,0.0,121.52100079923912
5896,129,0.0,124.7149603731764
5897,129,30.50878844688616,134.47876227603354
5898,129,51.17268859678723,139.84385359213206
5899,129,76.70891582441163,148.00375457565227
5900,129,95.4192848285812,154.68778960216346
5901,129,62.102010532179534,141.4774639875188
5902,129,55.147274184218965,138.72774104393594
5903,129,47.793876110316205,135.81956652605425
5904,129,40.384321976034144,132.88956106560514
5905,129,33.69601738240718,130.24792737500007
5906,129,30.55948446435903,129.0063812837558
5907,129,27.842553825937276,127.93352774320896
5908,129,26.67008962037598,127.46991036299099
5909,129,25.6618035489053,127.07063548949543
5910,129,28.363333497054988,128.14119494060873
5911,129,47.20263784202507,135.81472815466836
5912,129,32.60361910721325,131.39340981759662
5913,129,19.739279813890185,128.93283482432807
5914,129,7.667710687613447,127.4989639739297
5915,129,0.0,125.9979961589309
5916,129,0.0,125.50123753112614
5917,129,0.0,124.50320628318312
5918,129,0.0,123.2445832309025
5919,129,0.0,123.69689868335199
5920,129,2.4314868387609976,127.00586945377002
5921,129,31.44809435520586,134.95767229629635
5922,129,54.1094949425968,141.09378202928505
5923,129,73.24903698205173,146.6248562055032
5924,129,78.98735603872113,148.18793945365894
5925,129,48.407028717658456,136.0597519934667
5926,129,45.9258631565028,135.07913865506904
5927,129,39.90492085164884,132.69970661146746
5928,129,34.130114685675025,130.4163585603976
5929,129,29.937269138465055,128.7588556675144
5930,129,27.117991806272634,127.64438273923831
5931,129,25.918900265579722,127.17124076634076
5932,129,24.29603515115631,126.529281610297
5933,129,24.168845390320385,126.47881199142131
5934,129,24.98700611096749,126.80293829171299
5935,129,22.73378516354069,126.50639666177769
5936,129,10.776082293561997,125.15869000952729
5937,129,0.0,124.40578197493966
5938,129,0.0,123.02071064404853
5939,129,0.0,56.82941478533149
5940,129,0.0,50.740902672831666
5941,129,0.0,50.814281033540674
5942,129,0.0,50.78924632832642
5943,129,0.0,52.61547055930953
5944,129,0.0,57.78282363768996
5945,129,0.0,127.11997151231274
5946,129,21.894678841086293,131.3913363701722
5947,129,42.31700156365496,135.23541380998466
5948,129,52.832234126179536,137.90555860020208
5949,129,49.60581138507169,136.54215966749805
5950,129,47.66206150729621,135.7696948114613
5951,129,41.456048529293064,133.32016861355368
5952,129,37.5291634835323,131.76523627757797
5953,129,33.040408259084074,129.9880819903735
5954,129,30.458007971470185,128.9665219777765
5955,129,28.788611205186985,128.30579282422792
5956,129,27.5393131588725,127.81168126844439
5957,129,27.101035819755435,127.63826692310556
5958,129,25.689716137369594,127.08142457580543
5959,129,22.068377937631503,126.17831709121549
5960,129,8.102404945787471,123.94858550294815
5961,129,0.0,123.26797620536506
5962,129,11.838897534205698,121.6010456840085
5963,129,9.588242432645913,107.76101049555443
5964,129,9.786545516456256,107.83938213441562
5965,129,9.273919288735026,107.63677048447109
5966,129,8.980152329847858,107.52066148603016
5967,129,0.0,52.33005313370158
5968,129,0.0,57.790145628577726
5969,129,0.0,127.5994103329933
5970,129,19.994609360689044,131.07294287760982
5971,129,46.814972954350935,136.9820854484829
5972,129,58.9284583784319,140.28519696274546
5973,129,56.61026832040712,139.30313256106143
5974,129,49.91720095286154,136.65953325990083
5975,129,43.915244079311094,134.28494335036734
5976,129,36.39037983576862,131.31153666850372
5977,129,31.67664011632544,129.44717395203676
5978,129,29.372649027805036,128.53656790355728
5979,129,27.09588686119481,127.63711302304334
5980,129,26.744320645641242,127.49780466027997
5981,129,26.80233063974688,127.52017466030324
5982,129,29.378354793103234,128.53886633105665
5983,129,46.044946156682386,135.16239279932876
5984,129,32.783409947442514,129.87889102724773
5985,129,22.577684027028525,125.84529881355833
5986,129,14.576123681597553,122.68283961627793
5987,129,10.509029790635301,121.07541547497068
5988,129,9.949220124375573,120.854169476939
5989,129,8.906851302131427,120.44218519407711
5990,129,9.897673700626381,120.83379505813244
5991,129,12.89773074286832,122.01950720205535
5992,129,3.4343894229821714,127.072300275719
5993,129,38.80395000534809,137.43753339263515
5994,129,60.3810447517819,143.27762003935186
5995,129,80.26842440392092,149.25377827417293
5996,129,88.19022865577276,151.8025158143188
5997,129,56.61696985009294,139.30934659795594
5998,129,49.54693140328648,136.51047865789667
5999,129,41.80144831859337,133.44944171939937
6000,129,34.02703799786249,130.376197478435
6001,129,29.590177543297884,128.62284049467507
6002,129,27.863936293323974,127.94015893283166
6003,129,26.109956161742083,127.24653157107699
6004,129,24.898192214815666,126.76836522017396
6005,129,24.740902246946565,126.70370603098344
6006,129,28.379061550850423,128.14619688265338
6007,129,46.860335421333886,135.65428018887252
6008,129,28.691880850453057,129.80276127823865
6009,129,8.577334535984935,124.57592720823389
6010,129,0.0,121.85766250424606
6011,129,0.0,120.97339620104293
6012,129,0.0,121.13535341312937
6013,129,0.0,121.40734234044804
6014,129,0.0,121.6787434967887
6015,129,0.0,122.8234627579984
6016,129,4.091788698329126,127.35267297798248
6017,129,43.43738498371796,139.2363662462697
6018,129,64.35207602582155,144.6756468974679
6019,129,82.36763361741983,150.04869597405042
6020,129,92.76816559983142,153.61671133478444
6021,129,57.17795160042723,139.52994888641084
6022,129,50.88547668634506,137.03989824077104
6023,129,43.581356783253646,134.1523482764809
6024,129,35.94087944624165,131.13296581527806
6025,129,30.570309211183428,129.0092374408555
6026,129,26.81395922510537,127.52619092624775
6027,129,25.081867892650465,126.84081970887279
6028,129,24.18847439449753,126.48770472575924
6029,129,24.3698650315761,126.55860811986864
6030,129,28.627912314182982,128.24399498800904
6031,129,48.15908401121236,136.14959238023792
6032,129,37.37023222996497,133.099749917036
6033,129,22.911638844482912,129.93179845322152
6034,129,4.991477465862239,126.30646252927625
6035,129,0.0,124.44291137166847
6036,129,0.0,123.7979753334654
6037,129,0.0,123.12817592324797
6038,129,0.0,122.92837213712896
6039,129,0.0,123.90217012045042
6040,129,6.347175395647931,127.97897909714143
6041,129,41.01328817101908,138.1831749188224
6042,129,56.7455596847548,141.75385781032486
6043,129,79.04367092215833,148.70219389341997
6044,129,89.35572568429473,152.25455489487575
6045,129,55.64456045672861,138.92129511633397
6046,129,49.45305351509527,136.4738743596039
6047,129,41.83038669246713,133.46025323384976
6048,129,34.07471015541622,130.39405029997866
6049,129,29.397105006381974,128.54590882671323
6050,129,27.2309471967486,127.6907317554774
6051,129,26.07972265724503,127.23418597790237
6052,129,24.040205073008444,126.4291054976411
6053,129,23.507451934781855,126.21740319182767
6054,129,26.24171248549974,127.30114832039774
6055,129,45.09612450267204,134.92768674779938
6056,129,30.45760130145366,130.33120654277187
6057,129,14.73369070234924,126.73646204674654
6058,129,0.0,124.09335794641997
6059,129,0.0,123.0399175081418
6060,129,0.0,122.66852736616669
6061,129,0.0,121.629254376773
6062,129,0.0,121.18762142160273
6063,129,0.0,122.40287097966474
6064,129,1.5394532248030364,125.91012702168827
6065,129,36.560048802154725,136.23588730376412
6066,129,59.02694857890808,142.44856284175722
6067,129,79.93238308466368,149.0197114641301
6068,129,86.46059762079945,151.11366031136845
6069,129,53.113040086247835,137.92264183295268
6070,129,50.10455534142476,136.73337354601927
6071,129,41.55614746364186,133.35327128358563
6072,129,35.166471538894484,130.82631369836702
6073,129,30.900650232021704,129.1399857826662
6074,129,28.230506374468348,128.08543882460913
6075,129,26.000122050086365,127.20278832812993
6076,129,24.83410973125486,126.7435083526885
6077,129,24.83033122889815,126.74237328687762
6078,129,27.13504292763595,127.65650968519238
6079,129,44.4541677558332,134.6342508342525
6080,129,28.11949273280036,129.29104749836785
6081,129,13.344716983882007,125.89046526102301
6082,129,0.35970674029976507,124.00229981857436
6083,129,17.846738478063976,123.97549946608866
6084,129,18.819260419908193,124.35985774553693
6085,129,17.873237707313,123.98596985022702
6086,129,17.212396563934,123.72479470788545
6087,129,0.0,124.27060796179917
6088,129,5.819049675604521,127.592953837022
6089,129,36.63507369035425,136.35456142910394
6090,129,58.09188452848685,142.14333072876914
6091,129,78.11767733780385,148.27643566904388
6092,129,85.07882084505532,150.5638497392554
6093,129,52.65637906011251,137.7397800167948
6094,129,49.375560510500144,136.4425023084509
6095,129,43.24009035887693,134.01757032261833
6096,129,36.681267804980145,131.42592053631805
6097,129,31.040055668455633,129.19425687361945
6098,129,28.789787935776708,128.3054737564989
6099,129,26.183579665742055,127.27484723110352
6100,129,27.058703946316196,127.62070292666874
6101,129,26.84088233209629,127.53497974061659
6102,129,27.86354320807928,127.9380029845503
6103,129,26.548461527379718,127.78132066451472
6104,129,15.21589952565238,126.12766682933923
6105,129,19.649525147806482,124.68798746910818
6106,129,14.874742595530343,122.80087091738329
6107,129,12.741070400260812,109.00708919246503
6108,129,13.138168684441654,109.16403090983486
6109,129,11.048584000524814,108.33816682925523
6110,129,10.507927680435333,108.12448523748692
6111,129,10.904830302525559,108.28135547478072
6112,129,0.0,56.60232205334821
6113,129,0.5877879139932227,128.22578859127722
6114,129,27.44779234559296,132.43085088430695
6115,129,47.68640237003271,136.74424352071176
6116,129,53.72972823246403,138.1940760490275
6117,129,52.16805862211639,137.55425240408607
6118,129,46.70273073957701,135.3891931249943
6119,129,41.73300043242637,133.42443716472826
6120,129,36.70653501692243,131.4357246284594
6121,129,32.00131012968528,129.57608084283493
6122,129,28.068741008001574,128.02102830022392
6123,129,25.754277808938507,127.10613507283847
6124,129,25.33267181200321,126.93989363149572
6125,129,25.857775494378934,127.14760201876271
6126,129,26.387738986047268,127.35667181227453
6127,129,27.09033684788727,127.92483214112987
6128,129,15.463478660683533,126.06717243852906
6129,129,0.0,125.45382980590847
6130,129,0.0,124.2973218187586
6131,129,16.785413788468023,75.67466014204877
6132,129,15.802728857805027,110.21712412347713
6133,129,15.179260932952415,109.97072346014532
6134,129,14.140307890885522,109.56010125460409
6135,129,0.0,57.182375599400146
6136,129,0.0,57.21624648452106
6137,129,8.0726473440292,131.43813177988318
6138,129,35.55706142303487,135.98499165978697
6139,129,56.11173726819963,140.04032743652925
6140,129,63.64421383940079,142.09633729028826
6141,129,60.206912479763716,140.7246322965725
6142,129,52.90874445400529,137.84479133230664
6143,129,43.45919221808158,134.1082737538667
6144,129,37.224606673038764,131.64204481515037
6145,129,31.550805603531266,129.39732446155452
6146,129,27.699562601185587,127.87519086425678
6147,129,26.830303861007305,127.5308581737728
6148,129,26.627605898044838,127.45150741988124
6149,129,26.608903169005764,127.44352424072974
6150,129,30.487082430188902,128.97800709517804
6151,129,51.155196308357304,137.25869798815359
6152,129,33.40826551852229,131.310049564506
6153,129,15.463091084316533,126.80962939777898
6154,129,0.0,124.0631398819716
6155,129,0.0,122.21399880067811
6156,129,2.1721278033560107,122.35581474858623
6157,129,12.137557500241908,121.71904272202096
6158,129,11.532118410248978,121.4797569834162
6159,129,0.0,122.22045092922536
6160,129,6.447191999834859,127.51160193002084
6161,129,41.74821798455679,137.9568865138653
6162,129,61.604918077331426,143.2502335314427
6163,129,80.88310844209781,149.24911044365405
6164,129,83.66132012287346,149.9931449091541
6165,129,51.15079344231515,137.15002794347046
6166,129,47.72600323927304,135.79359814842118
6167,129,39.72914185866638,132.6309096845071
6168,129,32.00208308496367,129.57621178880444
6169,129,28.286651015145527,128.1016342713606
6170,129,26.438456719262224,127.37119726964832
6171,129,23.62539220413251,126.25940692770546
6172,129,22.508467731095553,125.81798059566677
6173,129,22.327912445133805,125.75082392446998
6174,129,25.702322222999648,127.08947510678712
6175,129,46.585080278302954,135.4507661731261
6176,129,30.192802360042627,130.06892052072828
6177,129,20.968882265115067,125.20948222625763
6178,129,14.496632624160178,122.65147047603617
6179,129,12.44601688718952,121.8410014021157
6180,129,13.676618308255309,122.32738048131002
6181,129,14.5151953440921,122.65881186483944
6182,129,15.246406026841125,122.9477926957588
6183,129,17.021616981109673,123.64941070044517
6184,129,8.836836695117306,128.4402193416613
6185,129,50.22354449961115,141.2581015091682
6186,129,74.94590927592428,148.35376421426224
6187,129,90.01604712799822,152.83112584719868
6188,129,88.60997755969052,151.9518000611336
6189,129,53.49304924629246,138.07821052912232
6190,129,48.930617607728635,136.271024286671
6191,129,40.5555217449112,132.9507675971029
6192,129,33.973839646153266,130.3494404682949
6193,129,29.06864182402224,128.4107207192006
6194,129,24.568708939652943,126.63219883534558
6195,129,23.579263678443507,126.24117508821294
6196,129,23.147873927347817,126.07065883563024
6197,129,23.008943744974115,126.02284334007496
6198,129,26.59002201676315,127.43955743374283
6199,129,49.07723526643723,136.43520890849098
6200,129,35.212936981495545,131.95712456304707
6201,129,30.02992111280061,128.79068277708367
6202,129,23.295806659663054,126.12914414375386
6203,129,18.02681310757081,124.04670081219332
6204,129,17.581285990526435,123.87061467892173
6205,129,16.10941151723577,123.2888784692442
6206,129,15.514600394448378,123.05379304811375
6207,129,16.918945407301997,123.60883140409345
6208,129,6.909367964823379,127.40518977321425
6209,129,42.16327718414761,137.96582758881664
6210,129,61.35742079144357,143.06228546793395
6211,129,82.19545566148815,149.72196075197954
6212,129,84.45459991709093,150.30772016274378
6213,129,51.51741739910812,137.29067094054952
6214,129,47.147886106176884,135.564208178084
6215,129,40.82853802189398,133.06508945211127
6216,129,33.28856820832319,130.0839185434694
6217,129,29.30939037106161,128.5108786934798
6218,129,25.590038298785625,127.04147172238747
6219,129,23.73842797287871,126.3081367461941
6220,129,23.080935473933124,126.04942432743613
6221,129,24.783820610512937,126.72185327737115
6222,129,27.767153855830337,127.90480764818854
6223,129,48.10923731831255,136.04131830756333
6224,129,29.47748467589954,129.64953549345202
6225,129,16.38025073765727,126.88342846712361
6226,129,1.174958794233696,124.20984530271208
6227,129,0.0,123.14687625262609
6228,129,0.0,123.47827070728769
6229,129,0.0,122.60996180194672
6230,129,0.0,122.66776416230928
6231,129,0.0,123.85068646732483
6232,129,8.371942143806098,127.83958051393893
6233,129,46.05304934568988,139.35309450711165
6234,129,65.90220249090939,144.67324358830336
6235,129,86.27652854605188,151.3054026110911
6236,129,88.01042343441556,151.7120245879363
6237,129,54.19570083187927,138.35268791076157
6238,129,47.69319267652786,135.7834960152991
6239,129,41.538811308877094,133.34803988302494
6240,129,35.018004635383704,130.76719701231713
6241,129,30.484522753186535,128.97447653759363
6242,129,26.716487145107873,127.48601363436332
6243,129,25.657526829346313,127.06691984262633
6244,129,24.224048565710124,126.5024594412348
6245,129,24.11859048085035,126.46059252743524
6246,129,28.226110085922326,128.08707520036626
6247,129,49.07165337935321,136.38961704519969
6248,129,32.63279435102754,130.78125366815487
6249,129,17.663949852944214,127.09853127003024
6250,129,1.6922762586099336,123.87522032607026
6251,129,0.0,122.79342597500658
6252,129,4.807676941252585,123.01615170960677
6253,129,3.199741287305675,122.72745187226947
6254,129,0.0,123.51574205059073
6255,129,0.0,124.45824092932068
6256,129,10.39145840904947,128.59320531679535
6257,129,44.75898032976667,138.89027134115807
6258,129,65.01519218521778,144.36021233810868
6259,129,83.09425666030775,150.0260579679663
6260,129,85.33056998679481,150.65367079990943
6261,129,51.86676860748586,137.43085035626217
6262,129,45.72340446318754,135.00303036042538
6263,129,38.81531673000984,132.27252314907204
6264,129,33.868925617818164,130.3154480306305
6265,129,29.983433639629556,128.77881065951559
6266,129,27.144116994250574,127.65587626997835
6267,129,25.49155469282704,127.00313060588542
6268,129,24.366904300930468,126.55866252655987
6269,129,23.6455406834335,126.27279433073544
6270,129,24.731263578921407,126.70498701629573
6271,129,26.987805688262196,127.78756386635837
6272,129,17.485026918548076,126.30631842402244
6273,129,0.36433417149480296,124.72821982185772
6274,129,0.0,123.13636631308245
6275,129,0.0,57.52893493683563
6276,129,14.185509450596115,74.64715508318764
6277,129,13.096152290353102,74.21659991950155
6278,129,0.0,53.390373432971394
6279,129,0.0,57.39052455149845
6280,129,0.0,124.74849515165023
6281,129,12.530237531761266,131.4317020144164
6282,129,39.01900501244273,135.88774556828642
6283,129,56.283937566378775,139.67940579893053
6284,129,56.25055334233724,139.1648630823821
6285,129,51.35600292195043,137.23097953233082
6286,129,46.97460469087266,135.49832879016094
6287,129,39.776415407224654,132.651152182025
6288,129,34.6161575227784,130.60882391290636
6289,129,30.612299126498375,129.02770533556352
6290,129,27.811881772965798,127.91897780318773
6291,129,25.91021853373786,127.16870881280914
6292,129,24.42305852609393,126.58039471063839
6293,129,23.353430312830348,126.15955624077904
6294,129,23.832404314811868,126.34867099202174
6295,129,23.718699633963887,126.43051304159975
6296,129,15.228474411203434,125.2393755576398
6297,129,0.0,124.32313056757756
6298,129,0.0,123.17298948064214
6299,129,13.522348287359215,109.31587960434221
6300,129,13.812840335522855,109.43068610036242
6301,129,13.437296391182812,109.28225121244175
6302,129,0.0,55.151746374595646
6303,129,0.0,57.32210556605411
6304,129,0.0,125.39347044459525
6305,129,13.055806470167553,131.772895737123
6306,129,39.44389965345392,136.31843683744935
6307,129,55.87213640613851,139.50143015905246
6308,129,54.89775966491346,138.63320231561826
6309,129,49.96787150283414,136.68075171926625
6310,129,46.070011780765114,135.145301615458
6311,129,37.01509333272339,131.56192129865403
6312,129,29.946314019807268,128.76544457708954
6313,129,25.135337584863464,126.86209047202394
6314,129,23.95629182012624,126.39668708297955
6315,129,23.451694236786413,126.19608966505422
6316,129,22.620544098862062,125.86799548928471
6317,129,23.440385015916842,126.19183667983819
6318,129,27.824401059240742,127.92967731147515
6319,129,52.42050190227017,137.6961372193737
6320,129,40.004915408111835,133.62038181270654
6321,129,26.674131588080098,128.12628161494834
6322,129,21.121963210724623,125.26995368886304
6323,129,17.466230009247596,123.82510328261964
6324,129,0.0,124.224240508451
6325,129,0.0,123.99126679038106
6326,129,0.0,123.33919169958173
6327,129,0.0,123.98523068939163
6328,129,14.059079403595575,129.66037992218565
6329,129,55.047503440870415,142.5156907335911
6330,129,77.49952748989321,149.0263329061081
6331,129,92.3753456091549,153.6127169054492
6332,129,92.10640685686191,153.33047845178365
6333,129,52.90918134359589,137.84237428035746
6334,129,49.86986015420126,136.64193513344583
6335,129,41.81651449717761,133.45555510691892
6336,129,33.23546669629935,130.06314310358567
6337,129,27.713751422937715,127.88039132948862
6338,129,25.665239834120847,127.07059686868044
6339,129,24.01191579634413,126.41622774990996
6340,129,23.11326516498831,126.0616260456621
6341,129,23.44102531272015,126.19134243493316
6342,129,27.710308863412138,127.88079366803895
6343,129,53.42862615054023,138.09411445458008
6344,129,37.740563531919975,132.74162054849702
6345,129,19.370627826146315,127.7656173639345
6346,129,5.129004935145154,125.29002749203116
6347,129,0.0,124.63625892125201
6348,129,0.0,124.16694348238208
6349,129,0.0,123.91246711399286
6350,129,0.0,123.3489330473904
6351,129,0.0,124.70100772370236
6352,129,15.10513276675249,129.99632606602637
6353,129,57.83072401804435,143.53279091502097
6354,129,78.87417609033132,149.39712221017683
6355,129,91.35638742380603,153.1849747514024
6356,129,93.91899390789666,154.04487612212765
6357,129,56.23562256568836,139.15908398476176
6358,129,51.77747336991248,137.3963257828449
6359,129,42.52123746872726,133.73505787938583
6360,129,33.83101244792583,130.29949816666294
6361,129,29.463024731962637,128.57215967140783
6362,129,26.967647545386402,127.58668877881654
6363,129,24.651863081956982,126.67066139536493
6364,129,23.908004399457838,126.37683686521997
6365,129,24.206323130382028,126.496077012174
6366,129,29.37736616047778,128.54060693199264
6367,129,53.35792863719557,138.06973464236086
6368,129,39.71824842321463,133.45984447029676
6369,129,23.616463286412564,129.19565621699377
6370,129,6.972626775269719,125.7323548602165
6371,129,0.0,123.65980977119841
6372,129,0.0,123.39056174605517
6373,129,0.0,122.78121860033126
6374,129,0.0,122.08131557744603
6375,129,0.0,123.1294079542436
6376,129,10.846586172762208,127.98022428855104
6377,129,48.664799007842525,139.7537217876903
6378,129,67.33610669973179,144.89177010360612
6379,129,80.04297680534359,148.71041134021272
6380,129,83.30967456174766,149.8532537778913
6381,129,50.397947087108705,136.85204548904545
6382,129,45.035275561057134,134.73002374503977
6383,129,38.766671757262316,132.2511464949231
6384,129,32.55579459012851,129.79470573061738
6385,129,28.557773904945712,128.21435216531506
6386,129,25.33296633234131,126.93906735539126
6387,129,23.853574258048468,126.35356134288419
6388,129,24.149487306137658,126.47145250034164
6389,129,24.956830134073687,126.7903404912194
6390,129,29.08451946853547,128.4246097314437
6391,129,52.62094041949148,137.7703671099023
6392,129,37.88962200464312,132.68213037980408
6393,129,21.321332247421974,128.24448909135995
6394,129,5.932703056698351,125.23535626504781
6395,129,0.0,123.59259068833381
6396,129,5.895127770191682,123.19883716028518
6397,129,14.754929733493691,122.75350028115514
6398,129,0.0,122.76633703472721
6399,129,0.0,124.1148066652673
6400,129,15.13869618503846,129.49194551900905
6401,129,57.33209258292795,143.0347246942516
6402,129,76.33564131124498,148.27263060741987
6403,129,93.52524903915968,154.01086575675907
6404,129,91.67980956867106,153.16080374057614
6405,129,55.41175958687427,138.8322537172875
6406,129,49.3893657219666,136.4526187746148
6407,129,41.728675549784846,133.42294965122636
6408,129,34.60377580608689,130.6039476513068
6409,129,31.23486865618427,129.27155863777463
6410,129,27.012527426122634,127.60241606968859
6411,129,25.77168553611392,127.11240284007455
6412,129,24.012609110199673,126.41736664464135
6413,129,23.83955376981765,126.3485633834581
6414,129,26.890634270297035,127.5575105406167
6415,129,51.57298628637641,137.3356565442587
6416,129,37.02116808728488,132.22050133847478
6417,129,21.354307433085374,127.96702408520532
6418,129,4.608806064129329,124.16425999266768
6419,129,15.272846222307932,122.95822112292468
6420,129,0.0,123.29251641404943
6421,129,0.0,123.74469993730717
6422,129,0.0,125.0116484087333
6423,129,3.6623363747789486,127.3351274440762
6424,129,22.95360179740045,132.45143220538517
6425,129,62.591195964676466,145.09309877543933
6426,129,83.94981224762556,151.28902460309035
6427,129,96.87852750197037,155.32380153395533
6428,129,92.2074087056868,153.37097741746254
6429,129,55.551168175709925,138.89002090499352
6430,129,47.98207624528635,135.89662219134235
6431,129,41.851610701050326,133.4735019982142
6432,129,34.75885072973576,130.66620358125527
6433,129,30.58455173820658,129.01696658810206
6434,129,27.992745411252198,127.99182104763696
6435,129,25.624784401984044,127.0561600315277
6436,129,25.37945111304039,126.95936580931141
6437,129,26.273112975570363,127.31178695143655
6438,129,27.624519941054157,127.84992469773596
6439,129,33.15002016784653,130.10825878169086
6440,129,26.889952551809106,129.27959930707613
6441,129,10.326800214576867,127.18709717964057
6442,129,0.0,125.39281620277673
6443,129,0.0,124.0558369168918
6444,129,0.0,57.610466603134974
6445,129,0.0,57.06743359998532
6446,129,0.0,57.60959549507913
6447,129,0.0,57.4549579328375
6448,129,0.0,125.65405854786042
6449,129,18.815945324493732,132.01003687508185
6450,129,43.78936922711728,136.59446357517086
6451,129,56.991060539378566,139.65494607832534
6452,129,53.97269312823098,138.2682507001547
6453,129,48.17852694262339,135.9722792458031
6454,129,44.24080184257336,134.41522783887683
6455,129,38.71545655752376,132.2300844415525
6456,129,33.82526302854499,130.29616941681354
6457,129,29.20540846354015,128.47048179481163
6458,129,26.493641084158803,127.39850625229779
6459,129,25.383645156092573,126.96021554791021
6460,129,25.55021860481387,127.02545624697947
6461,129,24.90238313100085,126.77055379835275
6462,129,26.75784777559988,127.50541522868369
6463,129,29.531639589383467,128.6428653781264
6464,129,22.64031990766059,127.3822658784737
6465,129,8.220020531557212,126.12483793378121
6466,129,0.0,123.53713466180247
6467,129,0.0,122.32612443284219
6468,129,0.0,57.60866627406503
6469,129,0.0,57.543169035661634
6470,129,0.0,57.55447795482126
6471,129,0.0,57.35541231233742
6472,129,0.0,124.94252617181608
6473,129,18.470929928258496,131.8460714868943
6474,129,47.74754865347307,138.34129611202536
6475,129,66.12318023399378,143.2596914342469
6476,129,64.95489908512653,142.60700740063848
6477,129,56.77067304447058,139.36876784825523
6478,129,49.32354180639403,136.43085938626024
6479,129,40.11878514781008,132.7846791155985
6480,129,32.74587383801664,129.871488780956
6481,129,29.936009368882427,128.75841585739084
6482,129,27.57674072014004,127.82753663451643
6483,129,25.697524931471975,127.08408389762432
6484,129,26.553567919424886,127.42241360952494
6485,129,27.1018687601971,127.63894262314653
6486,129,31.736728484772826,129.47535794946435
6487,129,60.829023600361545,140.98251726801914
6488,129,48.42273878109595,136.627816427943
6489,129,28.580973388878153,130.76140177025826
6490,129,12.710987354668875,127.35481339227262
6491,129,2.1748843565705664,125.86887065041827
6492,129,0.0,125.89252339789037
6493,129,0.0,125.55478950705029
6494,129,0.0,125.65075328801109
6495,129,2.1331309343006857,126.22252673774678
6496,129,22.97200582351998,131.99530465188087
6497,129,64.00287331879015,145.2043087164324
6498,129,88.00832799254928,152.66931443128252
6499,129,97.95390128663061,155.7057967947713
6500,129,91.14589563412807,152.950545090346
6501,129,54.92967081810566,138.6410665799657
6502,129,48.32829279841269,136.0308579007413
6503,129,40.53529055839596,132.9485514912737
6504,129,33.18618579522233,130.04358142077658
6505,129,29.563200123786686,128.61188260415926
6506,129,26.98384807467572,127.59187663401178
6507,129,25.81797356880832,127.13206366252183
6508,129,24.71027824023056,126.69371731129134
6509,129,24.939333415635026,126.78384545620978
6510,129,30.675018521941293,129.0528614119259
6511,129,59.428551309422815,140.42816970562433
6512,129,50.066339427019905,137.26947411067525
6513,129,32.05466486493888,132.06415637879482
6514,129,15.215103487475263,128.27038568305414
6515,129,4.737366186580748,126.98443996065359
6516,129,0.0,126.74428453680738
6517,129,0.0,125.24456287103867
6518,129,0.0,124.34178030340205
6519,129,1.6871700171820954,126.04889715377348
6520,129,25.654256338862552,132.96861732257784
6521,129,68.61014163103043,146.94612245545792
6522,129,97.0866213782504,156.1003782752614
6523,129,107.17395143229743,159.33425571162002
6524,129,100.35807101441115,156.59148709316514
6525,129,58.33795055304757,139.98672049775345
6526,129,52.95689827330478,137.86091501026223
6527,129,42.76557517376764,133.8337506759999
6528,129,36.46251996272725,131.33930360168725
6529,129,31.055423471651913,129.20206370815254
6530,129,27.68304349247023,127.8672963604415
6531,129,26.117978771711964,127.2489422932388
6532,129,24.86915182107191,126.75573167706736
6533,129,24.553923175611484,126.63114881678514
6534,129,29.629141018981457,128.63742700971994
6535,129,61.07131988860785,141.08053279136885
6536,129,50.89004904371139,137.57172791172985
6537,129,31.890286930381734,131.80946933358535
6538,129,15.645067983020553,128.18332632065398
6539,129,4.914374140394045,126.46956067712259
6540,129,0.8707083553087542,126.52416702814529
6541,129,0.0,125.45281286132918
6542,129,0.0,125.49374930718862
6543,129,4.371718623178921,126.67238256590133
6544,129,25.980222009634947,132.76884039419483
6545,129,67.65202501987868,146.3992906474609
6546,129,88.05595813391665,152.58117778074782
6547,129,96.4560727972343,155.09880658607332
6548,129,93.05420033335099,153.70460688042135
6549,129,57.57735654211548,139.68925132632884
6550,129,50.67066831252448,136.95803740264415
6551,129,43.639724184278776,134.17765559913832
6552,129,35.844669450057175,131.09414420616082
6553,129,29.490871868639214,128.5831559241701
6554,129,25.671185958113362,127.07349889134848
6555,129,24.812462062166095,126.73392439884087
6556,129,24.227334661527976,126.50287121547008
6557,129,25.479977653167335,126.99738617440953
6558,129,29.57318186358591,128.61782976179538
6559,129,55.95841372533596,139.05640078190484
6560,129,41.7558644643113,133.90501509428387
6561,129,21.692530193806544,127.71603773109253
6562,129,5.075532536045121,123.89050642599165
6563,129,0.0,123.05620342546831
6564,129,0.0,122.71309318958758
6565,129,0.0,121.85876264253706
6566,129,0.0,121.68882747163853
6567,129,0.0,122.54315051802247
6568,129,12.924273650895099,127.46407014752059
6569,129,52.48659306522182,140.31067596393652
6570,129,79.74090466375881,149.14390775729666
6571,129,96.77365883166374,155.21007257830982
6572,129,88.75600821486817,152.01028833388207
6573,129,51.82502783211653,137.41516807492687
6574,129,45.83991417880182,135.04852270413915
6575,129,38.679319292912396,132.21707083625208
6576,129,33.035555359007205,129.98456798327095
6577,129,28.320750112255897,128.12113879233232
6578,129,24.57595593810118,126.64031518608348
6579,129,24.08310656420732,126.44686260461226
6580,129,22.57408671041592,125.84909642046443
6581,129,23.964082984798022,126.39886886360377
6582,129,28.68765452530402,128.26920918454513
6583,129,57.19339136672118,139.53818762331198
6584,129,49.26090861896828,136.79730897430736
6585,129,29.980737540879986,130.7636948588467
6586,129,11.52421639205252,125.9926328753912
6587,129,0.5589040808284687,124.14516668835249
6588,129,0.0,124.62204875809951
6589,129,0.0,124.67205424316236
6590,129,0.0,125.11781788146651
6591,129,5.393907754121547,126.67289576961463
6592,129,21.464823447754164,130.72840495075766
6593,129,57.188497160617366,142.12999309970215
6594,129,84.19029249869882,150.898437770222
6595,129,94.92766249165243,154.46980195334527
6596,129,92.46216160930275,153.47046895367473
6597,129,53.679743967240235,138.14887068436792
6598,129,48.84742386056261,136.24248124367324
6599,129,42.46617680387766,133.71295102560828
6600,129,35.81483276409924,131.083156896052
6601,129,30.54647606650758,129.00131089653513
6602,129,27.009257041254628,127.60236028327304
6603,129,25.599433812534578,127.04611098426466
6604,129,25.53136417793166,127.01825512949772
6605,129,25.067664211222887,126.83497028507365
6606,129,26.280240647813685,127.31538496389922
6607,129,32.06312432631487,129.6237094850574
6608,129,29.754941487559122,129.72330526478675
6609,129,12.800222718376155,126.7083674631874
6610,129,0.0,124.43592478371038
6611,129,0.0,122.71819180365874
6612,129,0.0,57.598842958771705
6613,129,0.0,57.62921105525264
6614,129,0.0,57.628598986489095
6615,129,0.0,122.78326211958631
6616,129,0.0,124.99837836975554
6617,129,23.93985102178039,132.23682072755517
6618,129,51.09778262812266,138.48583890887912
6619,129,61.004794188026246,141.08411511531148
6620,129,53.53465147472799,138.0995378080058
6621,129,47.726453961868515,135.79383005401257
6622,129,44.64936600065171,134.57901975560353
6623,129,38.345057982439634,132.07705048923359
6624,129,34.985866449547174,130.74937725798742
6625,129,29.459053513624127,128.56502370838766
6626,129,26.741214110509244,127.4908614059135
6627,129,25.17188552228788,126.87060747318188
6628,129,24.702196795154965,126.68499258504748
6629,129,25.178274290990053,126.8731400300143
6630,129,26.57291905742494,127.42435722094298
6631,129,31.807849696358506,129.49335718561676
6632,129,29.38527417549956,129.40739654237902
6633,129,14.914425127560914,127.33909918950928
6634,129,19.072952060608046,124.46016667190635
6635,129,15.060656684781431,122.87438973444249
6636,129,14.338552509306359,122.58898943210697
6637,129,13.316523789802044,109.23456257275906
6638,129,12.408266401235627,108.87559111088866
6639,129,13.479218787239285,122.24934838149183
6640,129,18.392411664308717,124.19118146865175
6641,129,22.759473700187034,131.72692456711945
6642,129,54.14914373534106,139.85893212483086
6643,129,66.77406755435162,143.3633708268285
6644,129,61.19848972964676,141.10930235641183
6645,129,55.73355675888345,138.94941881519972
6646,129,47.57710153074645,135.72574928847487
6647,129,37.16325753565072,131.60989996563822
6648,129,29.994100382670954,128.7764579497564
6649,129,25.798166037807572,127.11810980020522
6650,129,23.184667780296365,126.08517366484867
6651,129,22.775933506883465,125.92362259681592
6652,129,23.129618908119934,126.06340965248897
6653,129,24.90738727579909,126.76602609825807
6654,129,30.06863431241904,128.80589654822268
6655,129,60.2759956292576,140.74470694192803
6656,129,52.72527291443559,137.7604822367868
6657,129,36.51823983792887,131.35500294156378
6658,129,23.789001978510615,126.32407738388233
6659,129,19.54947809665352,124.64850364291034
6660,129,20.728500433471222,125.11447743599649
6661,129,17.585460149994606,123.87226022256395
6662,129,19.27034785439599,124.53817997487552
6663,129,23.222362662924166,126.1001182603177
6664,129,27.342817939171198,132.7555431501733
6665,129,68.93026909579825,146.45593435861218
6666,129,88.105680093703,152.31725258948424
6667,129,94.31669976880225,154.21805199984993
6668,129,91.06665135284473,152.91892945284067
6669,129,51.81000739082785,137.40886298814596
6670,129,44.92887280809646,134.68709355056313
6671,129,36.25366749847708,131.25647597597663
6672,129,31.226583905831585,129.2697648124648
6673,129,27.291475492735543,127.7139208732348
6674,129,25.411370555201138,126.97122763145138
6675,129,23.940423407811448,126.39079155632768
6676,129,22.854045006217756,125.96007595874178
6677,129,22.822953192388425,125.94682439323226
6678,129,27.742627388719256,127.89541463083725
6679,129,57.00128098411972,139.45509133020602
6680,129,52.53168410997913,137.9829522517518
6681,129,31.58391187745082,131.27723982803252
6682,129,14.987889626042804,127.3385822336505
6683,129,2.83641444971961,125.19905507894333
6684,129,0.0,124.48719542578893
6685,129,0.0,123.50578514490095
6686,129,0.0,123.43349925344232
6687,129,0.0,124.3162711501283
6688,129,19.60177731483395,129.65431367267084
6689,129,59.97916238364769,142.8781042346714
6690,129,88.90846696163706,152.51022027564036
6691,129,100.72317379816982,156.7459389859367
6692,129,97.8018385655039,155.58169886065303
6693,129,55.40458467804016,138.82937953075898
6694,129,49.30297190925473,136.41731117776507
6695,129,39.95052332872684,132.72058946157827
6696,129,33.1635282960221,130.0356684884898
6697,129,28.347277611370465,128.13154991805925
6698,129,26.654699279763133,127.46071997633796
6699,129,26.013603895188268,127.208306291748
6700,129,25.071499918643305,126.83595548978927
6701,129,26.572965735954032,127.42879678258576
6702,129,31.7057650927511,129.4614680424781
6703,129,62.629497644873965,141.68177164523183
6704,129,56.51697944690195,139.56699280790156
6705,129,36.74489336788856,133.1982494508454
6706,129,19.526575437495236,128.9456445961766
6707,129,8.913908093357612,127.11533015253934
6708,129,5.233869820206413,127.20639541363441
6709,129,1.4406746956014318,126.31579214813382
6710,129,4.332983908473328,127.02594029793546
6711,129,11.231966090044622,128.42080273602502
6712,129,33.9877470419877,135.08661276647223
6713,129,75.35429066281735,148.81735322352145
6714,129,97.07085707546617,155.79565654575842
6715,129,100.6194741346864,156.7051412692844
6716,129,93.12183786639103,153.73314285014473
6717,129,54.62373473043303,138.51935495182627
6718,129,47.135934006089975,135.56125934110204
6719,129,38.343508973518574,132.084674359423
6720,129,32.11817320282826,129.62212926973194
6721,129,27.82736587241049,127.92704618281938
6722,129,25.10908235155332,126.85212421693764
6723,129,24.77101742647773,126.71850932733436
6724,129,23.947980127938877,126.39282415009929
6725,129,23.317486584308927,126.14270721059684
6726,129,30.021091811476758,128.7967597724141
6727,129,58.66202401447137,140.11534833657353
6728,129,52.170853219430015,137.80243372439958
6729,129,35.60921318493389,132.70654690509977
6730,129,15.888848346466263,127.4327337132926
6731,129,6.390853217506134,126.18452444560866
6732,129,3.3686052139388094,126.46990020449871
6733,129,0.0,124.90312486587568
6734,129,0.037704892302206305,125.4893000429688
6735,129,7.346943581701639,126.86646404457025
6736,129,31.998081287137957,134.25197537387578
6737,129,73.12908074773408,147.9117884854997
6738,129,98.85963729888097,156.38623610152848
6739,129,107.69601322101562,159.49654342391605
6740,129,97.72463761676458,155.55359581921198
6741,129,57.19154199199236,139.5373035745658
6742,129,52.15002129787131,137.54343061119144
6743,129,43.34831650394496,134.06112269219832
6744,129,35.523035073985696,130.96873795388248
6745,129,29.999049529347527,128.78645669342433
6746,129,26.773677981528536,127.5111373835559
6747,129,23.99205088930225,126.41249635733071
6748,129,23.004583029953388,126.02262829114552
6749,129,24.6614538200763,126.67535757284348
6750,129,31.05655352309774,129.2074765915732
6751,129,61.237135880465985,141.13230754722568
6752,129,56.037195986749786,139.29193691874872
6753,129,37.4130589965219,133.24636353038588
6754,129,19.829520067381846,128.62597260351694
6755,129,7.6625601252412645,126.15960568806445
6756,129,4.237692590608477,126.36724407689456
6757,129,2.424368739626478,126.34836803642452
6758,129,1.304076189421756,125.61127585411519
6759,129,8.185593262307814,126.95861527571844
6760,129,24.91046111553999,131.35743001198784
6761,129,65.01891667745193,144.65895279036303
6762,129,91.11024071603165,153.3182190771662
6763,129,97.72410215122726,155.55249741098442
6764,129,93.43933050503946,153.85648927702073
6765,129,55.20033108332603,138.74749883435615
6766,129,49.503943493633116,136.50301880604678
6767,129,42.9545255606793,133.90723238692198
6768,129,36.78220518041157,131.46644548649917
6769,129,32.350925488140035,129.71565299615
6770,129,29.21328931425866,128.47367023437627
6771,129,26.788745196676476,127.51579721884876
6772,129,26.62109507492126,127.44971767958022
6773,129,26.437755519539884,127.37630217667481
6774,129,29.598367664957266,128.62735922399222
6775,129,36.26609004752787,131.27126818515933
6776,129,38.0700233926183,132.5632734228861
6777,129,19.919460412146048,128.48783121731202
6778,129,0.0,125.86700905723436
6779,129,0.0,124.80926492960921
6780,129,0.0,124.62888007778564
6781,129,0.0,57.273632971302334
6782,129,0.0,124.0020114162212
6783,129,0.0,123.92162967530612
6784,129,0.0,126.41779050513743
6785,129,31.47401558237632,133.98189312369723
6786,129,57.7123022819807,140.46476181510016
6787,129,63.0670439363086,141.86019210180484
6788,129,55.21767556812936,138.75906967354092
6789,129,50.81554226621125,137.01613591254514
6790,129,44.841208145871214,134.65814652837943
6791,129,39.30870178680656,132.46788824733488
6792,129,33.77101859083753,130.2750016286753
6793,129,28.85031420523553,128.33059220588333
6794,129,26.03247345446338,127.21595106530759
6795,129,24.956355567510606,126.79024991882993
6796,129,23.576218392575363,126.24591362214905
6797,129,24.457070638615928,126.59290538619305
6798,129,25.93472938972853,127.17863423656114
6799,129,31.020462862392936,129.195361063135
6800,129,33.64857797733148,130.70723607857914
6801,129,20.611335016976476,128.61421806804546
6802,129,1.613050739175506,126.15004357444207
6803,129,0.0,124.73731905932212
6804,129,0.0,124.1478424703043
6805,129,0.0,123.41481659164317
6806,129,0.0,123.4663670136865
6807,129,0.0,124.02600040752003
6808,129,0.0,127.1962972977655
6809,129,38.23925532942173,136.59778878316035
6810,129,68.40887810697394,144.81711707914778
6811,129,72.6049207277519,145.63040597700456
6812,129,67.71048672597702,143.70189636283536
6813,129,62.48065896840228,141.6322094062369
6814,129,54.98109463343202,138.66414222350375
6815,129,43.2615908117665,134.02994328333435
6816,129,34.48657003452831,130.559708925403
6817,129,29.70428762985561,128.66863442703428
6818,129,28.276554573156123,128.10531125150072
6819,129,26.635829674102546,127.45720122464843
6820,129,26.86949570597714,127.5480143472422
6821,129,28.64859591170213,128.25098716662387
6822,129,34.797392319902336,130.6853514733214
6823,129,67.19611101713829,143.4853417230426
6824,129,62.526740232362044,141.81090611802748
6825,129,42.02536792889213,135.0752976292588
6826,129,26.701851255666117,131.39753130028498
6827,129,15.337579938782554,129.28038279186958
6828,129,11.995167619304889,129.5029916865314
6829,129,8.862382860210301,128.8600203620076
6830,129,9.415262320955726,128.7395791198578
6831,129,15.233675533221186,129.56046444044136
6832,129,36.81748414885412,135.8474402811261
6833,129,84.96439193855542,152.29424716486727
6834,129,106.58736498366599,159.35682808887407
6835,129,104.22303766790992,158.1232211399236
6836,129,98.08209036406551,155.69329338997716
6837,129,58.84323422039536,140.18871221239334
6838,129,51.92645442349506,137.45368342652128
6839,129,42.315759750285906,133.65378012648287
6840,129,34.68016376015376,130.63446508166084
6841,129,29.216530436700438,128.4747097877983
6842,129,26.483115983705023,127.39496338293219
6843,129,23.942265154252965,126.39114289757372
6844,129,23.669894014690357,126.28254367682167
6845,129,25.50228007383579,127.00595509968687
6846,129,30.680788225697334,129.0580219194516
6847,129,61.12975237313739,141.08637285907702
6848,129,55.594355544686486,139.0441605845749
6849,129,33.7486557959939,131.6942816585217
6850,129,14.072546224031909,126.3445100601415
6851,129,0.0,123.03991387235219
6852,129,0.0,122.56601244419596
6853,129,0.0,121.89359538758521
6854,129,0.0,122.15102513499136
6855,129,0.906202905712119,123.92544771341858
6856,129,21.871517424357418,129.87399198701314
6857,129,70.30374476018838,146.46008731301166
6858,129,102.60324208070038,157.6981678143853
6859,129,107.86147106872582,159.55886988623587
6860,129,93.86358815711098,154.0257943015008
6861,129,56.984378830102024,139.45758639337444
6862,129,49.82570172518869,136.6248339323327
6863,129,41.23082668434761,133.22522887173741
6864,129,32.76854235160858,129.87935315691126
6865,129,27.195103740821992,127.67562409932471
6866,129,24.502474723322905,126.61046497437664
6867,129,22.806570672528704,125.94136958603345
6868,129,22.21937924122597,125.70892429046145
6869,129,23.37787745289369,126.16642071264447
6870,129,28.234552045025033,128.0913102380913
6871,129,56.945120972536984,139.43271323125873
6872,129,53.4278058032806,138.21527970555775
6873,129,34.75102450146686,132.00322661425446
6874,129,15.536745278478998,126.738087249325
6875,129,4.171874187782145,124.47608261700546
6876,129,0.8938241319470343,124.69404287389675
6877,129,0.5651834268451721,125.185741220022
6878,129,2.0698108164366804,125.35414494659669
6879,129,10.092153180528687,127.2004327228714
6880,129,33.63133037330844,134.26147597456693
6881,129,83.3629349403836,151.48064994156442
6882,129,104.78149718623034,158.5992540819858
6883,129,104.71332922357057,158.31478570087575
6884,129,99.90638144689062,156.41311634844598
6885,129,55.497826609396455,138.86470593117198
6886,129,48.17400929835474,135.97072382149776
6887,129,40.673993275406026,133.00568103653882
6888,129,33.051055848554796,129.99097921358594
6889,129,28.41030661737209,128.15779196037315
6890,129,25.465739121468822,126.99270266209253
6891,129,23.07623161066179,126.04715980653009
6892,129,22.506430035933594,125.82177228394772
6893,129,22.741335555840354,125.9142144827316
6894,129,26.859365019627354,127.54539911413949
6895,129,52.774026661383296,137.78524310339137
6896,129,56.00019414233206,139.18098066726125
6897,129,42.48454427087014,134.9859751842699
6898,129,24.265094175020753,130.04529448153764
6899,129,13.515989259245137,128.18236412960078
6900,129,12.207713405691992,129.12903955015648
6901,129,9.376608095582503,128.74543621279676
6902,129,8.945580707428057,128.18329442342613
6903,129,13.68606617735942,128.5831527561374
6904,129,33.54481539094606,134.17634320905648
6905,129,77.08145965855662,148.997481413304
6906,129,99.10147311273221,156.2814435194356
6907,129,96.68000538310383,155.13785248469796
6908,129,87.69174820012915,151.58494492873587
6909,129,54.20614412607571,138.35716269837658
6910,129,50.74945752766422,136.99403960762587
6911,129,45.570669418777214,134.93896806721574
6912,129,38.049737640802775,131.97051832115616
6913,129,33.116522507729975,130.01733376236152
6914,129,28.560119199178484,128.21726233379562
6915,129,26.561575640741136,127.4269761090324
6916,129,26.075016659171077,127.23637321915533
6917,129,27.446664050029913,127.77598077514344
6918,129,32.89896797871624,129.93548576512538
6919,129,66.4469488715447,143.1894250049019
6920,129,69.4596804507413,144.46286149369155
6921,129,55.026429590992024,139.79519512439998
6922,129,41.022060169718024,136.3348866124119
6923,129,27.53386824072071,133.17705810158668
6924,129,21.76827069310627,132.41973756994847
6925,129,18.085823604436584,131.6816369778704
6926,129,20.134046259521885,132.1943059903476
6927,129,27.395904757379558,133.71860500084406
6928,129,46.828972753129285,139.310452789388
6929,129,95.7142837305324,156.29164810338955
6930,129,115.08473378518441,162.59513572628688
6931,129,107.83429545932913,159.55026023174923
6932,129,94.1725694747252,154.14811398524768
6933,129,57.02514584856467,139.47116073195585
6934,129,49.49237799518663,136.4953644385047
6935,129,44.19794467014899,134.40053977523226
6936,129,37.00839527742205,131.55653219829682
6937,129,31.770132253371884,129.4864248960327
6938,129,30.501032713513954,128.98404577764455
6939,129,29.38148446631209,128.5402525477824
6940,129,27.447194120913213,127.77807534072122
6941,129,27.338834659000565,127.73275648192936
6942,129,30.605607690818893,129.02710902296081
6943,129,36.60449922111312,131.39801718859619
6944,129,42.95660050262972,134.19807145981346
6945,129,30.01020347801434,131.49087474951008
6946,129,9.85915382119577,128.21339075024565
6947,129,0.0,127.0961092612503
6948,129,0.0,127.73341625301926
6949,129,0.0,126.64824764516369
6950,129,0.0,126.21037123434964
6951,129,0.0,127.07612590528919
6952,129,10.872409869201165,130.26381508672628
6953,129,48.66553566123485,139.64596536376087
6954,129,71.2356079476934,145.41395709530082
6955,129,69.31778324454827,144.33445395650682
6956,129,60.7084143489047,140.92831570336617
6957,129,54.238482216550004,138.3704225002018
6958,129,48.30521179041275,136.0265088258161
6959,129,41.96046777591805,133.51677514777947
6960,129,36.08136034865713,131.18939015403737
6961,129,30.446720650641364,128.96223863878785
6962,129,28.26732335983465,128.10086270790288
6963,129,26.63808560952982,127.45619476468991
6964,129,25.402204965969794,126.96889793581568
6965,129,24.074773423925812,126.44389897139513
6966,129,26.128015110511047,127.25596680441548
6967,129,30.791432566360005,129.10062842772533
6968,129,36.76910909533612,131.67261919887386
6969,129,26.634398384119486,129.99486510630808
6970,129,9.17022705371426,127.50415022184706
6971,129,0.0,126.14165464652439
6972,129,0.0,125.82971007770752
6973,129,0.0,124.11658454379585
6974,129,0.0,124.12806261637046
6975,129,0.0,124.36844439572758
6976,129,6.653452894558813,128.0922162013437
6977,129,43.26471864903341,137.37702401158822
6978,129,59.23017547736278,140.73676627304962
6979,129,60.70285475518721,140.9317776979833
6980,129,55.83506180094795,139.0096085237223
6981,129,51.131069630415766,137.14810252153825
6982,129,43.88973958259686,134.28267127652876
6983,129,36.034727544862726,131.17586728576248
6984,129,31.177273147594406,129.25355815515775
6985,129,27.117135823003068,127.64772680925174
6986,129,25.457820292381975,126.99304510185097
6987,129,24.159725188718674,126.47960649811115
6988,129,23.370184105637147,126.16562873920711
6989,129,24.682867415828007,126.68539121697869
6990,129,29.068784770361486,128.42189808717134
6991,129,57.6734177735075,139.7230025553829
6992,129,61.41257934920696,141.28163822596045
6993,129,47.44212783186109,136.78659209998546
6994,129,32.73398655280115,133.0544934425669
6995,129,21.951213894881096,130.96529940827676
6996,129,16.094038114911587,130.11836840867292
6997,129,12.602012538674078,129.34087065905902
6998,129,13.031570227948531,129.1900968881098
6999,129,19.833473562642514,130.442984926648
7000,129,45.10041978175201,138.35695584349233
7001,129,97.85737803280435,156.88796946853955
7002,129,113.52657914633619,161.92043057188107
7003,129,111.32868827156672,160.93148917549718
7004,129,104.75845811071014,158.33449503727505
7005,129,61.16542816003761,141.11094973707029
7006,129,52.33525104121303,137.6171753634976
7007,129,43.14291023352401,133.98330409699557
7008,129,35.62898552608522,131.01183136691228
7009,129,30.26718117747656,128.89226093262266
7010,129,28.33847433318537,128.12998735304907
7011,129,26.337973350981827,127.34011060460037
7012,129,25.21289397068804,126.89488050105894
7013,129,27.19725500846997,127.67818083302306
7014,129,32.2900572666573,129.69653764480117
7015,129,63.356567564241296,141.96842116150222
7016,129,63.976481426314955,142.2706401315132
7017,129,42.86113833306114,134.8385035078409
7018,129,21.154964263044487,128.400092327648
7019,129,7.678743077842863,125.37777032061909
7020,129,5.164080004268425,125.9957177867567
7021,129,2.153806785812366,125.45513775912632
7022,129,0.0,124.04541509729677
7023,129,4.444725862513376,124.32576635782995
7024,129,26.410414231039596,130.859475376859
7025,129,76.92587875229081,148.5637522521586
7026,129,107.61946640636178,159.53674380337938
7027,129,106.00388649825109,158.8246289931419
7028,129,99.48737722219889,156.24967027524877
7029,129,62.785740438616955,141.75469262593847
7030,129,54.36522063749845,138.4224555162122
7031,129,46.822125123952524,135.4404048686277
7032,129,37.8242285539188,131.8794034883172
7033,129,32.18845620767839,129.65197660695716
7034,129,29.80692967881701,128.7099612268857
7035,129,28.315237877980202,128.11925613353358
7036,129,27.491470011821484,127.79383538078143
7037,129,28.452555662371296,128.17445345095126
7038,129,33.852412756351335,130.31248719316352
7039,129,66.06230218120606,143.0377746788017
7040,129,68.39102687169844,144.03022481130367
7041,129,49.38331962872095,137.34356814397654
7042,129,26.85866612912794,130.44627308493048
7043,129,15.42014415141844,127.93437719275302
7044,129,12.51662198466741,128.2014057537134
7045,129,10.36906736270815,127.94970501149463
7046,129,10.74784493623742,127.68234450395924
7047,129,17.431441214563538,129.04415932505353
7048,129,42.952284415970674,137.10551345500227
7049,129,91.64973609020544,154.22681720005878
7050,129,110.33118734097147,160.62595111749468
7051,129,111.46783314919988,160.98373943013632
7052,129,99.6328423687854,156.30434039268513
7053,129,59.04385626328398,140.26966394772103
7054,129,52.20424774740047,137.56758483513968
7055,129,43.35226099779565,134.06769577176286
7056,129,35.18615906126815,130.83447806542858
7057,129,29.577990989275996,128.6185472301646
7058,129,27.3454086242289,127.73634399905853
7059,129,25.317488716160746,126.93371883128687
7060,129,24.213422411501526,126.4977429421424
7061,129,25.30577002874919,126.92982710581701
7062,129,29.80630365900673,128.71298372814252
7063,129,59.31270328951868,140.3695659383108
7064,129,63.38886197771365,142.04123487283715
7065,129,45.65442594747782,135.78337834476955
7066,129,27.474719857103974,130.46527455602322
7067,129,15.134773037589774,127.7679317299871
7068,129,14.099297552193192,128.7343707539565
7069,129,12.293983637813007,128.712531356415
7070,129,12.157888702698264,128.27958743376217
7071,129,17.93515470823672,129.18341084987483
7072,129,37.63851125124087,134.94650093958143
7073,129,89.57294482831765,153.42339353574675
7074,129,112.9132800581881,161.61664842332908
7075,129,107.30620000219277,159.34037170903426
7076,129,95.8754007561048,154.82278704898928
7077,129,57.55516609905889,139.6839513050209
7078,129,52.62670668992462,137.7419675754819
7079,129,44.07440289271317,134.3526573863646
7080,129,34.68505831720077,130.64311314421627
7081,129,29.43941107289445,128.56589616479445
7082,129,25.976990795219944,127.19858179249415
7083,129,23.596952075407092,126.25792133581434
7084,129,23.313361083389438,126.14643387996257
7085,129,24.5196655700786,126.62147579099819
7086,129,28.60441557777819,128.24316647848747
7087,129,57.29252987827597,139.57276563896164
7088,129,63.14202220780172,141.90998263089804
7089,129,58.7393814917519,140.81870422199992
7090,129,45.2306340298897,137.1971072035906
7091,129,31.20595961385702,133.58900667236614
7092,129,24.62621062835526,132.39561109264375
7093,129,18.761373835719212,130.77582353493057
7094,129,21.983433504315588,131.7616361716656
7095,129,26.82246571176008,132.3953780756978
7096,129,44.96829260735726,137.72366161437094
7097,129,88.43665610797,152.8901145806285
7098,129,108.90644980287047,160.0302987383548
7099,129,100.33630522988499,156.58777388389296
7100,129,91.01120538529482,152.9003968659982
7101,129,53.27821071186868,137.9992546597672
7102,129,49.566081745540444,136.52659687252458
7103,129,44.33653744513661,134.45781734361114
7104,129,36.59544807604046,131.39467830631722
7105,129,31.36710066419371,129.32864076565343
7106,129,28.65445622082219,128.25665859676081
7107,129,26.83380156662664,127.53631440889824
7108,129,27.281159747003137,127.71348223939327
7109,129,27.057474829378513,127.62565128885386
7110,129,27.725827177526423,127.89077757759243
7111,129,34.94873037799246,130.74703236251617
7112,129,40.415636178559765,133.02918994866954
7113,129,31.434106557822854,131.00908410419945
7114,129,13.21970622097842,127.68866700845957
7115,129,0.0,126.11775593253505
7116,129,0.0,125.3724341633475
7117,129,0.0,124.07718655810461
7118,129,0.0,124.05799692314764
7119,129,0.0,125.22585038117687
7120,129,11.6815676805909,128.6409350099435
7121,129,49.444958591034066,138.78265267065422
7122,129,68.76332625467123,144.2660062301148
7123,129,68.06133627542381,143.84131579347468
7124,129,62.821797701487185,141.76705750384295
7125,129,56.140882753881876,139.1232902996117
7126,129,50.056647634622514,136.71806847329458
7127,129,45.436285513840296,134.8980459901311
7128,129,39.24725590521897,132.43361855392408
7129,129,34.46553872985792,130.54371165844742
7130,129,57.575243760352414,139.67731442370822
7131,129,25.112563793339845,126.84712736907625
7132,129,25.513399295650352,127.00555920897385
7133,129,27.14983048487338,127.65233936234594
7134,129,30.290834970691733,128.91100644086924
7135,129,37.56891711176933,131.85013560193764
7136,129,29.891552273018394,130.31845341853474
7137,129,17.187994916862632,128.91551233104627
7138,129,4.088331443793733,127.68923677122265
7139,129,0.0,127.30371230927892
7140,129,0.0,127.06270875717085
7141,129,0.0,126.86665490055951
7142,129,1.4426526692024066,127.73604537140179
7143,129,19.311723756045794,130.90590338498254
7144,129,56.23568175344575,141.27266138371203
7145,129,81.09987873660948,149.10686655596393
7146,129,76.59320311127172,147.21119004635835
7147,129,68.43913460227289,143.9887021383923
7148,129,60.05917537519941,140.67554313162512
7149,129,55.069101503531186,138.70179119332198
7150,129,47.184213463796375,135.58449665529162
7151,129,36.73861069857015,131.45093803073507
7152,129,29.641290370965162,128.64527408595154
7153,129,25.54979401922813,127.02804925918743
7154,129,23.521651415250624,126.22625613302299
7155,129,23.37211718992884,126.16600408055476
7156,129,23.190651770780587,126.09547250579733
7157,129,27.048651156238076,127.62141930753288
7158,129,33.747060766441855,130.27344959026237
7159,129,58.4678829038076,140.06822209411692
7160,129,44.97194249088422,135.3549642929541
7161,129,30.035755500049774,131.1477934698002
7162,129,21.795130285517573,129.852072516407
7163,129,15.72893882707761,128.85722375229645
7164,129,15.082345378463064,129.12251249010578
7165,129,15.3128855696424,128.84883165427863
7166,129,34.50001499961279,130.55731662224218
7167,129,46.7314036556371,138.1833064990116
7168,129,91.03300812931721,153.81138109496823
7169,129,121.35020770884866,164.91976594879725
7170,129,118.06611033582121,163.59213917544474
7171,129,105.5851084523569,158.6603575843761
7172,129,93.95839132288103,154.06355476146473
7173,129,54.601798369034015,138.51148570181178
7174,129,46.18168895810156,135.18308788489563
7175,129,39.26948664727416,132.45041510653834
7176,129,32.6768905150096,129.84386490685503
7177,129,29.256950512758806,128.49220001729813
7178,129,27.141007813703393,127.6488447175719
7179,129,26.615228526941777,127.44104403344126
7180,129,25.930784307122746,127.17055317320494
7181,129,29.836255562553102,128.72463160243097
7182,129,36.44448009686176,131.3381498900827
7183,129,68.35939940164137,143.96488969942456
7184,129,51.10536583481237,137.70220974524668
7185,129,28.66235770531315,130.52776081538474
7186,129,18.22445445556108,128.44776888388523
7187,129,15.108940123849633,128.7679262502594
7188,129,14.493276858515724,129.1471430685334
7189,129,12.78088687661593,128.03085275686115
7190,129,17.557423607924914,128.51328935448606
7191,129,38.73464618238001,134.95898570136802
7192,129,83.77518090101839,150.87305649099008
7193,129,128.57161115490584,167.75954684586557
7194,129,121.54781256043636,164.96899974068302
7195,129,108.08867796059316,159.6480879723825
7196,129,97.0127989493595,155.27192907371776
7197,129,56.6251925470813,139.31509236711045
7198,129,48.45112249494192,136.0835367732665
7199,129,41.31606157356176,133.25928527156157
7200,129,34.43166517394203,130.53821495775807
7201,129,30.58351027232473,129.016889936234
7202,129,27.427854684688207,127.76877872859937
7203,129,25.39276839247528,126.9646713832809
7204,129,24.665606170213856,126.67860174849727
7205,129,28.51527801353145,128.2027617909508
7206,129,35.510898305823716,130.9703219649419
7207,129,64.31486372261156,142.36557568471596
7208,129,50.96916416423255,137.6204419373823
7209,129,33.199908197160084,132.15953295777743
7210,129,22.63704830497156,129.85569666385058
7211,129,19.080514768076927,129.76922679349556
7212,129,16.098707077692602,129.094769946291
7213,129,18.286736186321306,129.5357659010654
7214,129,26.603013872076442,131.59684289338824
7215,129,49.091212864050284,138.73935694059796
7216,129,94.24278857322732,154.82398329354584
7217,129,126.42101301691466,166.91151908100167
7218,129,118.7348044693122,163.8560645752406
7219,129,112.09555701801317,161.23134141365287
7220,129,103.59993611304922,157.87407034413792
7221,129,60.188100588991965,140.72769257530513
7222,129,50.442831367081304,136.87477735020624
7223,129,42.12693585254875,133.57983567457205
7224,129,34.871899866022225,130.71511164498216
7225,129,30.14658908452402,128.8451939291798
7226,129,29.29141535233308,128.50526624025935
7227,129,28.278673791819084,128.10708925559595
7228,129,27.585189129049088,127.8320701997813
7229,129,29.08383899727149,128.42823050239386
7230,129,34.82748119225761,130.70230358635663
7231,129,61.986995471082174,141.46129304923363
7232,129,51.07507590619137,137.60393057166044
7233,129,32.42229171809989,131.70343606210227
7234,129,19.666498372985217,128.58782663944396
7235,129,14.290126993165735,127.84566232789207
7236,129,12.495657597614654,127.67567399213891
7237,129,14.662309345495494,128.16718517929476
7238,129,26.263370431775122,131.49261266835956
7239,129,49.922691674291364,139.09550460444135
7240,129,92.70602520339827,154.27225639726046
7241,129,123.36401043647592,165.69465007474784
7242,129,117.57234342696101,163.39869435879262
7243,129,109.20246943361671,160.09185128213244
7244,129,100.30249477550953,156.57165152360335
7245,129,59.95973425519199,140.64105091219145
7246,129,52.210515485843224,137.5706774219505
7247,129,44.19780036589066,134.4026608421748
7248,129,37.14947057694422,131.61485011954696
7249,129,31.75884426660236,129.4852802648392
7250,129,28.856733608180853,128.33675482788038
7251,129,26.79908055071932,127.524274506204
7252,129,26.18240878919776,127.27919438745216
7253,129,29.660089913611166,128.6586577444212
7254,129,38.56579354147798,132.18088835977855
7255,129,72.0228192479326,145.40598418525215
7256,129,65.27254910403431,143.10764154294273
7257,129,46.616888058588295,137.0964462474405
7258,129,30.85374647917939,132.58414255191556
7259,129,24.277103341082938,131.2701325014563
7260,129,23.870389493291235,131.66970563579457
7261,129,24.0226834876716,131.4214200544387
7262,129,29.397355330092697,132.3698897564355
7263,129,47.22731189645139,137.7919850797018
7264,129,86.1519367267846,151.57940659803097
7265,129,113.85167792626707,161.9311752094293
7266,129,109.71248957930666,160.29128667716452
7267,129,104.91541090835845,158.39357584423942
7268,129,94.8013865599645,154.39817466699026
7269,129,55.79886865770257,138.99173804426877
7270,129,50.84067788767657,137.03076145596944
7271,129,43.69374364763676,134.201857053466
7272,129,37.35012149747828,131.69333323282328
7273,129,33.19842242495461,130.05149495241335
7274,129,29.9498771528524,128.767179703085
7275,129,28.482798048453102,128.18640792978258
7276,129,28.21223090817896,128.08197885003833
7277,129,29.74585348936271,128.68718350345284
7278,129,34.7472655092294,130.6659624793842
7279,129,40.84747482844228,133.13230078184492
7280,129,34.75310980833646,131.68778276830247
7281,129,21.030799033501857,129.34374302221147
7282,129,7.993665756520651,128.02573769885885
7283,129,0.2153069896963134,127.88080231109736
7284,129,0.0,127.95268772067294
7285,129,0.0,128.24470356675792
7286,129,8.04410953684553,129.1062300680282
7287,129,24.669554076764435,131.98492643314086
7288,129,56.46270183336925,140.81709501593798
7289,129,79.67113357643669,148.50110470745443
7290,129,76.55684350374065,147.205106007472
7291,129,67.47485031278573,143.605293525625
7292,129,63.017166026231685,141.841176536108
7293,129,55.384151846275266,138.82569835764394
7294,129,50.67169150279998,136.97239770862333
7295,129,42.097652573045046,133.5712446374436
7296,129,35.05168922495915,130.78346628664292
7297,129,30.9109963478493,129.1451772799132
7298,129,28.984032408416187,128.38336434184004
7299,129,26.645445181860676,127.45968504003142
7300,129,27.019724838366155,127.60782299868428
7301,129,28.040332191464625,128.01292443658193
7302,129,31.480152389162033,129.38032631643765
7303,129,37.085057387410416,131.62290871207838
7304,129,34.02222606687868,131.3346292554176
7305,129,23.16424590213351,129.99665150884374
7306,129,10.759752454496725,128.67190032975955
7307,129,3.6042814650274346,128.22508354384232
7308,129,2.5174299341934927,129.13596294093432
7309,129,6.720411221761756,129.8555313050386
7310,129,17.41002349124049,131.53794271656034
7311,129,30.278496288954724,133.32187078502693
7312,129,54.97367310071877,139.7342535179748
7313,129,82.1537049088884,149.41038159720222
7314,129,77.69003175655888,147.64067150239242
7315,129,72.68534159911452,145.66031075011088
7316,129,65.44163354775182,142.80178509746816
7317,129,60.061871656079276,140.6751973173366
7318,129,51.719594157230205,137.37709463655239
7319,129,41.94042060795418,133.50800552403592
7320,129,34.85898233165021,130.70825961214382
7321,129,30.701423079251146,129.06450011271244
7322,129,28.66425783916718,128.25895180055485
7323,129,26.852453959102572,127.54308580947219
7324,129,27.294917726762208,127.71834209433302
7325,129,28.364623084736582,128.1403459490398
7326,129,35.89441217799353,131.12128660396408
7327,129,68.47911229733197,144.0043220815621
7328,129,51.930778812580826,137.80711792280968
7329,129,34.57604110003735,132.29077372259104
7330,129,24.310019094005984,129.99051087880912
7331,129,16.96968882238629,128.40861224082246
7332,129,17.754225612674684,129.1259810023669
7333,129,20.406928419363684,129.73989953889281
7334,129,28.780245161419984,132.00409633205558
7335,129,44.44754939320627,136.5571342649083
7336,129,85.60043312736165,151.36011410046297
7337,129,134.13297941255183,169.94477680836914
7338,129,130.63450628892036,168.56048744245265
7339,129,117.91762181252396,163.53411605460087
7340,129,106.01604665223171,158.8291836070287
7341,129,61.788701223383505,141.35323106056526
7342,129,54.08258457864741,138.3073501363186
7343,129,44.17244855586487,134.38808537503627
7344,129,36.91040131573456,131.51613041247288
7345,129,32.516251413444884,129.7797633003987
7346,129,30.16130643081244,128.84904074843905
7347,129,28.73564963930419,128.28479704082972
7348,129,27.928038806596113,127.96676096230381
7349,129,30.059750277382257,128.81097213006575
7350,129,35.80312203186805,131.0824526916404
7351,129,71.2410892469396,145.09286324292808
7352,129,55.975621702958435,139.38450480014936
7353,129,35.96318955762177,132.73165120105605
7354,129,21.14230108735657,128.68214508866765
7355,129,14.677427801983532,127.59712748925392
7356,129,16.14086445550232,128.74712365400225
7357,129,17.35060579476345,128.84782962964448
7358,129,24.89556842669855,130.56729831663165
7359,129,42.68713508644349,135.85276919410316
7360,129,82.18844944855513,149.92667276803627
7361,129,134.87981237246356,170.24561587453624
7362,129,130.97667501975897,168.69648529248772
7363,129,117.76944671488583,163.4747251778045
7364,129,100.49409096267915,156.64819379420592
7365,129,59.392565499209745,140.4098680720001
7366,129,52.852761555664266,137.8255717673804
7367,129,43.96917946097035,134.31031637550518
7368,129,37.33497593784813,131.68581973234464
7369,129,31.312233863595136,129.30547069679483
7370,129,28.12134709454347,128.0447211507984
7371,129,26.7148301740605,127.48846877356387
7372,129,26.17147919551388,127.27370969915783
7373,129,28.752135094120522,128.2944228030036
7374,129,33.88341651819346,130.32611328069035
7375,129,69.90397693297771,144.56268702241377
7376,129,60.98446605409741,141.35859730523583
7377,129,45.43340036711508,136.36820940024361
7378,129,30.78638068033879,132.31861508052233
7379,129,21.724981066803213,129.9569275469974
7380,129,22.811492418262493,130.79939447866613
7381,129,26.091649552663842,131.66400434317313
7382,129,35.05806620811141,134.04735420821513
7383,129,52.76411161614248,139.52142765150126
7384,129,88.48755303790236,152.24121472310995
7385,129,129.35522157349854,168.0580455065935
7386,129,121.62560031061426,165.0015930249838
7387,129,111.64756415179433,161.0561383643068
7388,129,98.87408134016256,156.00620839433606
7389,129,59.9764973030463,140.64312837652412
7390,129,50.46222761043906,136.88245785892678
7391,129,40.81845446583388,133.06537000717606
7392,129,34.54717661126375,130.58768660591193
7393,129,30.240998218493377,128.88247229011662
7394,129,29.816109175449782,128.71299117653822
7395,129,28.37983331808589,128.14609216134878
7396,129,27.99670062747593,127.99466499910353
7397,129,29.574835368085672,128.61896364575975
7398,129,34.672171484252154,130.63875079118645
7399,129,69.22796219796528,144.29384630555796
7400,129,63.71938968403783,142.38985323741116
7401,129,43.83939562055702,135.65388967297895
7402,129,29.070997528848967,131.45563176612643
7403,129,20.769773949504504,129.56345506670925
7404,129,19.8005465292404,129.5838569581282
7405,129,21.243347900828315,129.8119107631823
7406,129,32.35387444191139,133.06643019743692
7407,129,51.08894262173118,138.97196962308408
7408,129,86.13500265981655,151.38807471710862
7409,129,128.051913809975,167.5432118293252
7410,129,121.31374637351401,164.87751943880482
7411,129,109.99589008905636,160.40421861829145
7412,129,96.50925002899592,155.07332904484315
7413,129,57.9785284047446,139.85507761014094
7414,129,53.886539440174055,138.23352230664253
7415,129,47.26323935402205,135.61418220896115
7416,129,37.79941277187673,131.87288922984817
7417,129,32.89588072335556,129.93426845419143
7418,129,29.049830858456836,128.41269889130442
7419,129,26.945998599849705,127.58064861057039
7420,129,26.79876837154577,127.52323169593313
7421,129,27.183281110063255,127.6742226580728
7422,129,34.88514091287122,130.7241837331481
7423,129,68.33256518574431,143.93766000162034
7424,129,67.80032818782414,143.9437726486969
7425,129,57.71174295347742,140.97095968780516
7426,129,45.30627818895328,137.55008877012713
7427,129,37.574177354631324,135.65520070100058
7428,129,37.93141671307619,136.21933594458616
7429,129,38.20378084364892,136.02801791036197
7430,129,43.97989873198845,137.25866099697944
7431,129,59.98062386767886,142.1337330003373
7432,129,92.84364325681652,153.93799540040277
7433,129,128.3880164892721,167.6714307047662
7434,129,124.06549827061177,165.96319904212592
7435,129,116.49138611343548,162.96838707634387
7436,129,105.90624994296226,158.78502548679953
7437,129,61.83177210230986,141.37796363872064
7438,129,56.09071559719692,139.10452297592747
7439,129,49.70889487572613,136.5797592406896
7440,129,42.77158464809357,133.83603023586375
7441,129,38.6022399422802,132.18741325621687
7442,129,34.84616651052397,130.7015833984236
7443,129,31.959479895981282,129.56162020179946
7444,129,30.926172660528465,129.15282427794904
7445,129,32.72937390667608,129.8652826582361
7446,129,34.050184353039235,130.38825348376943
7447,129,40.85847029659728,133.08390624017568
7448,129,43.456502653833745,134.74414861540228
7449,129,30.513758541720097,131.93835799019843
7450,129,16.77550209291771,129.8237167143023
7451,129,11.17659476430549,130.14393306574382
7452,129,11.89821759520681,131.5332741597956
7453,129,12.24506063244275,131.10357888563635
7454,129,22.122252455363316,132.79153337459823
7455,129,37.91749136987292,135.75827757914882
7456,129,60.434669868018396,141.8987325532288
7457,129,84.90377687870703,150.5117528454551
7458,129,81.15156830437118,149.02118045425726
7459,129,77.0322359774387,147.38485931408158
7460,129,70.1935897139944,144.6811393788856
7461,129,62.10368895415065,141.4846813485639
7462,129,55.64178543099129,138.93213369245865
7463,129,48.02739451764089,135.91716998964188
7464,129,42.23519605865961,133.6231048198243
7465,129,37.759848456251014,131.85431716944626
7466,129,33.41387248168076,130.13612035794725
7467,129,31.420675697451877,129.34777753367095
7468,129,30.388471384857695,128.94039592268422
7469,129,31.03013171219806,129.19457705033017
7470,129,32.55966493829948,129.7992670765722
7471,129,38.805168184572366,132.28031857548348
7472,129,41.44170053535698,133.91656097050608
7473,129,33.33677092023145,132.86835666948235
7474,129,23.659998541549534,132.06386250925382
7475,129,16.755920030484912,131.374959342672
7476,129,14.247777669101227,131.5980872874173
7477,129,15.655454143175065,131.33236914217957
7478,129,27.62536970204499,133.7781339472347
7479,129,43.03125819698086,136.93770885910655
7480,129,65.73997530159562,143.31886785937755
7481,129,89.45108143325078,152.28906493585276
7482,129,85.71852729128219,150.81516258290875
7483,129,73.77981064538832,146.09259663631906
7484,129,67.13191032134189,143.4717581304961
7485,129,61.58455356843557,141.27642840821213
7486,129,51.82793386356327,137.4178336490023
7487,129,42.48383188930311,133.72400055547553
7488,129,34.90742578443418,130.72803839038667
7489,129,30.3446274878081,128.9239369702252
7490,129,29.3682657420534,128.53780788456316
7491,129,28.613196128740103,128.239203629356
7492,129,28.212742232409116,128.0811379877572
7493,129,30.171768019021783,128.85441676392756
7494,129,38.75212400431645,132.25004275012955
7495,129,74.45460166234943,146.35961835071012
7496,129,71.08477166951756,145.21657580586475
7497,129,51.23787988312099,138.38321126087124
7498,129,36.75099665898592,134.15827044646605
7499,129,26.99183159236958,131.48189752313402
7500,129,28.83191708166864,132.56051204710744
7501,129,29.835857651214045,132.57102528081344
7502,129,35.746062574730374,133.99809038889111
7503,129,51.017120281056854,138.5652977647007
7504,129,93.68817475984689,154.25530457647338
7505,129,140.9481935589171,172.63674586554436
7506,129,134.4902991554022,170.08385230699187
7507,129,124.08000534926505,165.96878924595111
7508,129,114.16202362542242,162.04853277887727
7509,129,67.25978716897127,143.5150647322488
7510,129,57.374208397646605,139.60815956102505
7511,129,47.4329380158615,135.6763744433973
7512,129,37.3441943323678,131.68810118220074
7513,129,31.677918884523105,129.44711009418813
7514,129,29.19997791266961,128.4684901260009
7515,129,27.32167070826691,127.72595737036019
7516,129,26.41500893540808,127.3684100705403
7517,129,28.562338420145903,128.21765346554952
7518,129,35.09738859963312,130.80243415020502
7519,129,68.32083930535083,143.93397611937323
7520,129,60.07534816412732,140.8160186017803
7521,129,41.6353468611222,134.46658745842905
7522,129,27.644463294055246,130.5237313045855
7523,129,20.644744177844917,129.08620583029443
7524,129,21.95010517244723,130.1247480924958
7525,129,25.33798671847408,131.14165677747036
7526,129,37.047502565655975,134.6287238914829
7527,129,55.16043289170503,140.20578586326766
7528,129,98.8327056322746,156.21892685469246
7529,129,141.85102617909374,172.99395633664722
7530,129,135.70596628640942,170.56546819974332
7531,129,121.53595314445268,164.9643113761405
7532,129,108.0652497387718,159.64146861190176
7533,129,63.81173696392686,142.1576920715231
7534,129,57.02993008653323,139.47842770999833
7535,129,45.96905700918449,135.10266633381912
7536,129,39.415581573176,132.51024091611842
7537,129,33.438516391468795,130.14757678784642
7538,129,30.535983433403928,128.99966689391474
7539,129,29.59072672845061,128.62664007306486
7540,129,28.550014979293902,128.2153106272578
7541,129,30.670803350178787,129.05254593695204
7542,129,37.56799460043807,131.78250768975641
7543,129,75.97072071453532,146.9542524009281
7544,129,72.4868812693884,145.73972961567975
7545,129,52.35995804401909,138.63559861109755
7546,129,36.53486806708297,133.8846352422945
7547,129,28.889901401168324,131.9636550622537
7548,129,35.97547859348528,135.1422754669958
7549,129,39.22346779982948,136.04166466854406
7550,129,47.41212020000765,138.22811370699813
7551,129,67.80452748933801,144.91166365955053
7552,129,114.21388992159918,162.18697078553976
7553,129,156.034229315578,178.59924599860733
7554,129,147.26807938015506,175.13553897092407
7555,129,134.58652197842002,170.12177204834302
7556,129,125.74245823654293,166.624864871292
7557,129,75.61932478727363,146.8224606029043
7558,129,66.18087766070938,143.0957623936679
7559,129,54.61322694312918,138.52012255234249
7560,129,44.9879673740983,134.71497158420587
7561,129,37.48972553720548,131.74757858911178
7562,129,34.299043892941214,130.48652572251848
7563,129,30.97975313823391,129.17367942929454
7564,129,28.78870648431425,128.3079154603489
7565,129,30.523744455498274,128.9949955605811
7566,129,36.447561838912385,131.3397503325151
7567,129,68.93157558849248,144.17219408423108
7568,129,65.7418930985587,143.02004197831033
7569,129,54.289270809396854,139.29978031206755
7570,129,40.12545483297529,135.09742310082163
7571,129,33.865755526407,133.93084258891722
7572,129,36.44356446822846,135.34372656410034
7573,129,35.61986136046863,134.7187171769384
7574,129,42.467737662067215,136.38997072293668
7575,129,61.82910682229342,142.70246451266348
7576,129,93.41266332892171,154.0308803213364
7577,129,124.96806129396646,166.3234744861975
7578,129,115.68652197327982,162.65287113417406
7579,129,109.36303955512668,160.15328989559436
7580,129,106.47233641502108,159.01127378748154
7581,129,61.98746306050777,141.43937612938205
7582,129,55.248859461144164,138.7733448431379
7583,129,46.17574523811008,135.18586407930022
7584,129,38.876039777674734,132.299460733348
7585,129,34.83385917203058,130.70013267763318
7586,129,31.324226053585445,129.31303763704076
7587,129,30.263297567365413,128.89313526978702
7588,129,29.196090854282186,128.4705921584267
7589,129,29.8060599411403,128.71147906407649
7590,129,35.15647291946767,130.83205853603386
7591,129,69.62956642246985,144.45007281083153
7592,129,71.70457019236753,145.38009236911287
7593,129,59.255045936011435,141.13239650288855
7594,129,47.9897023899933,137.94540607940945
7595,129,42.143338414404624,136.69356680632717
7596,129,43.08335302943503,137.46819669418912
7597,129,45.05620774707329,138.0062364539888
7598,129,54.18752898899551,140.65427086270589
7599,129,71.189714704449,146.06649308860904
7600,129,104.46842726375652,158.33501316090852
7601,129,142.55514443891985,173.27056434519938
7602,129,139.22022168727554,171.95253460622737
7603,129,124.61623192902114,166.1801097350019
7604,129,112.08877288921087,161.23066014476674
7605,129,68.76927097008034,144.11767381366226
7606,129,58.364722387330794,140.0037711458006
7607,129,49.238117166498924,136.39131123564644
7608,129,41.57325688805993,133.36272266374644
7609,129,37.563430703026164,131.7773936854542
7610,129,33.85999585840006,130.31352117779653
7611,129,32.059770143861314,129.60181095331185
7612,129,30.483279017844527,128.9781973916731
7613,129,31.746031746031743,129.47801242685998
7614,129,35.58981650264655,130.99717861846227
7615,129,43.60115954808149,134.16405300572475
7616,129,50.284001085176016,137.06035358329015
7617,129,44.58200108663079,136.45643384221495
7618,129,35.07750354438051,135.56993188591676
7619,129,25.907882591891877,134.28612756209662
7620,129,23.546195748077086,134.39176734297496
7621,129,24.309441181628916,134.26543398737584
7622,129,32.262739658669,135.43396545121487
7623,129,47.56373411127259,138.51922897439303
7624,129,63.4150238212403,142.55857018541735
7625,129,81.8772269953301,149.30400328744642
7626,129,79.546256173205,148.37704557377214
7627,129,73.27042210453172,145.8970136330375
7628,129,67.29919539799434,143.5367631555879
7629,129,62.22709155158206,141.53426808468123
7630,129,56.19774441901104,139.1508761714077
7631,129,48.498025514911696,136.1041243695036
7632,129,41.909347928932554,133.49568065785533
7633,129,37.66206499352957,131.81683832861586
7634,129,32.04208327317584,129.59491549382776
7635,129,31.48281596185261,129.37327751333257
7636,129,30.70239746708712,129.0652022128135
7637,129,33.14384060554883,130.02917486704536
7638,129,35.077920255783475,130.7947621709025
7639,129,40.94523763289794,133.11375117754298
7640,129,43.929054605630334,134.62204071920246
7641,129,37.75252171483836,133.597180088814
7642,129,26.921579163597293,131.8654011761466
7643,129,21.187000073122892,131.43630707519185
7644,129,18.887454372600995,131.71129494564414
7645,129,19.25423523514469,131.21420738007333
7646,129,27.929975656787573,132.5745568272373
7647,129,41.95097907694905,135.48976571620452
7648,129,66.12977933887504,143.17696391216617
7649,129,85.74910476056913,150.83261251168415
7650,129,82.41315936090062,149.51201817992245
7651,129,77.57811954015148,147.5975683475906
7652,129,71.35065700091187,145.14035156424015
7653,129,63.4320749294158,142.01060575644635
7654,129,56.7202090106888,139.3554142610312
7655,129,43.07009214948264,133.95687915359198
7656,129,37.06719347100716,131.58147670319593
7657,129,32.74520382009973,129.87232891274962
7658,129,29.951770635453585,128.76866763025862
7659,129,29.348906953864184,128.52945844416286
7660,129,28.488940306787878,128.19017668990656
7661,129,32.631273108769,129.82637770836772
7662,129,39.6686122050839,132.61460550563467
7663,129,79.5469030353278,148.36794417085935
7664,129,81.78938592691112,149.34061550663907
7665,129,61.96485335221695,142.2045657246058
7666,129,43.72799402703654,136.2894310011958
7667,129,33.92414919562005,133.51387248080778
7668,129,37.64210579668266,135.3207423260728
7669,129,40.398966659511565,136.09075192942552
7670,129,49.57586700575305,138.91540719284876
7671,129,69.7383095999165,145.55313841311153
7672,129,117.71056539617557,163.58739200605376
7673,129,161.11968452568587,180.60962337938412
7674,129,151.8581305552619,176.94743655009296
7675,129,138.32202706896686,171.59694398400381
7676,129,130.48283493714163,168.49919853916973
7677,129,74.31741315962063,146.30684207855555
7678,129,62.25264155237757,141.54445305792157
7679,129,49.8906959468068,136.65439721389762
7680,129,40.23925442113146,132.8350860790428
7681,129,34.458260337584804,130.54736984098633
7682,129,31.85373987644295,129.51874610113614
7683,129,29.261132922253555,128.49427151192236
7684,129,28.62453865183665,128.2428559753944
7685,129,30.490197467680353,128.97999367377605
7686,129,38.80190263464792,132.26746390268832
7687,129,79.47848990387,148.33956839573054
7688,129,82.90252968187315,149.7332619688351
7689,129,67.72140334904458,144.3605219876086
7690,129,53.11258976218472,139.9886877354886
7691,129,44.334499738666736,137.7606234856387
7692,129,47.45554708403567,139.50237840360143
7693,129,50.99919004984173,140.64975096599258
7694,129,61.73404447863628,143.8486186602808
7695,129,82.28286291943714,150.5218894278757
7696,129,112.49959751090404,161.46931500660926
7697,129,146.94985345935686,175.00786620022507
7698,129,142.88972487243944,173.40373059419474
7699,129,132.16647463911704,169.16535739772553
7700,129,123.4881637040135,165.73589275084424
7701,129,73.75998627325578,146.0921817310486
7702,129,60.27823733812717,140.76443695452667
7703,129,51.0969358376595,137.13100763052347
7704,129,42.513633889994914,133.73636346080016
7705,129,38.037629157863364,131.9665487581723
7706,129,35.045055224198464,130.78362142915216
7707,129,31.60368723670215,129.4242689893954
7708,129,31.48930610714426,129.37789845577126
7709,129,33.28524221752683,130.08846009689015
7710,129,38.800398158499455,132.27108563102087
7711,129,77.51667101628829,147.56481262231833
7712,129,80.21368247233801,148.71807410056923
7713,129,64.31253840009904,142.97948263560386
7714,129,48.61492523863107,138.08939616676466
7715,129,38.52253858974049,135.12218523746472
7716,129,42.08177120498662,136.9002441055482
7717,129,45.122753142190575,137.7729635024012
7718,129,54.348908590478864,140.4579028062365
7719,129,77.19700206520812,148.23656373397645
7720,129,116.69952571180164,163.0725112630628
7721,129,154.78196625864888,178.1029683398795
7722,129,148.65830668359845,175.68223090854286
7723,129,136.35214416159212,170.81796985138467
7724,129,129.96122160952433,168.29166771107504
7725,129,75.77960467380883,146.889577735588
7726,129,66.60615571573425,143.26535422668766
7727,129,54.916698113146715,138.6422870502582
7728,129,44.00124377831286,134.325669347981
7729,129,37.37696138314199,131.7042756749606
7730,129,34.941310101902026,130.74102284427164
7731,129,33.59771740881688,130.21017608722013
7732,129,32.2783590933418,129.68793225253995
7733,129,34.591880966530844,130.60476015293966
7734,129,42.282558511042694,133.6457057897847
7735,129,85.54872193546932,150.73960575846053
7736,129,88.39190362271874,151.8935728647066
7737,129,73.58209296090126,146.56350948121442
7738,129,57.24046182226046,141.2900057786337
7739,129,47.45128221604915,138.6795606179213
7740,129,49.579431348505665,139.92818681315885
7741,129,49.7188989408577,139.72514973825818
7742,129,56.58999005107139,141.48236600895862
7743,129,76.29760022674202,148.06387155000803
7744,129,114.39233260672287,162.20775059994344
7745,129,147.24221803784053,175.12542476895902
7746,129,140.14258095941761,172.3191700216276
7747,129,128.26683635033947,167.62611190979828
7748,129,120.0976208589008,164.3985170903634
7749,129,74.72837274700137,146.47978633459886
7750,129,62.18203728626943,141.51553340228475
7751,129,52.15355250096353,137.55161303430276
7752,129,43.94018391187953,134.3027809688413
7753,129,39.25850214920822,132.4501612575013
7754,129,36.49486015597997,131.35805487604662
7755,129,34.436289202108476,130.54577709755677
7756,129,33.732429347427136,130.26549277757047
7757,129,34.34648776799218,130.50873734123542
7758,129,40.83518185090851,133.07769327809504
7759,129,82.16720607805692,149.40492845025489
7760,129,85.75043048297272,150.91489966717467
7761,129,68.56526486253269,144.60258025234828
7762,129,53.96658482479315,139.79536804864802
7763,129,49.371143956579985,138.96584644270496
7764,129,48.60026121570807,139.0617895326079
7765,129,49.13839125509801,139.0775780917329
7766,129,61.884636779589584,143.21943930971076
7767,129,79.2409594866363,148.89630286075163
7768,129,110.92470292853352,160.79956446273602
7769,129,139.9230672354524,172.23057809318695
7770,129,132.29369049080117,169.21569671249605
7771,129,125.29592559031333,166.451005117793
7772,129,114.16835442399744,162.05467154898943
7773,129,68.88766534573398,144.1668816656827
7774,129,62.799041480191484,141.76046820523845
7775,129,53.68607155003267,138.15457247875472
7776,129,45.3134779755296,134.844150979228
7777,129,39.567864539133524,132.57198847891596
7778,129,34.81542983665358,130.69501583803654
7779,129,32.75432450561227,129.87869390907582
7780,129,32.7966092616368,129.8965483584791
7781,129,33.92031945445566,130.34105453631176
7782,129,36.10216674334967,131.20303279634305
7783,129,45.42185886517321,134.8889258151959
7784,129,56.30393762701159,139.2456126548692
7785,129,52.90776426594063,139.01115885168286
7786,129,41.78213107069703,137.09172739985584
7787,129,34.14381689318388,136.27845725987413
7788,129,34.576026535361585,137.46128343591403
7789,129,36.48295184834812,137.8788541629362
7790,129,43.04983440113048,138.66736980678422
7791,129,56.31802055328755,141.22773163900285
7792,129,79.27319181406489,148.5409282566924
7793,129,94.85220893935795,154.42551952514222
7794,129,92.47664824057611,153.4848022388228
7795,129,86.31902452359019,151.0504172186787
7796,129,79.84365342003635,148.4920833788107
7797,129,70.69092552323933,144.87663669576978
7798,129,63.90000476464169,142.1957507084914
7799,129,53.09147808843988,137.9195098112192
7800,129,46.64325734734713,135.3667663203616
7801,129,39.42293710399661,132.51312814019238
7802,129,35.236105156706,130.85705206739297
7803,129,33.42153636530255,130.13972299899436
7804,129,33.059714517988056,129.99596469371954
7805,129,33.74350638189088,130.26605178152275
7806,129,36.27584239283548,131.26769513531897
7807,129,42.81819955496936,133.85344428649805
7808,129,49.74452089869761,136.67961185638717
7809,129,50.4063906056087,137.83840031519796
7810,129,40.667027592082384,136.1836016709678
7811,129,34.94700326380814,135.61662770497563
7812,129,33.69490053171614,136.30251024667228
7813,129,33.402536573694285,135.65846929954105
7814,129,42.76225513596737,137.43742806288873
7815,129,56.70568812216257,140.60194780169655
7816,129,79.0072625572593,148.17669721024885
7817,129,101.21712611978869,156.94628817364008
7818,129,101.93240022019526,157.2238699390781
7819,129,94.79641057613834,154.4009720179198
7820,129,86.48052859604367,151.11672383383961
7821,129,76.82650709888264,147.30484319849822
7822,129,63.95788843249717,142.2189954521223
7823,129,52.700308010407475,137.76273550470196
7824,129,42.40363281029575,133.68996563134976
7825,129,36.44882047767459,131.33527150941043
7826,129,32.91990641126185,129.9412947231394
7827,129,32.15880295224786,129.6395211567525
7828,129,31.14211087260068,129.23902217314873
7829,129,33.42195260443503,130.13929072884713
7830,129,40.72189636627519,133.03186054024945
7831,129,80.67186330556336,148.812394510953
7832,129,89.27821054845275,152.2380648847896
7833,129,77.73475764515548,148.11910413487558
7834,129,60.40082861526964,142.4024567643116
7835,129,49.56403381542418,139.15730041824904
7836,129,49.70403835345828,139.5468200382073
7837,129,55.8427197386339,141.69640484472126
7838,129,67.31530669944345,145.5054434127271
7839,129,86.66117472181591,151.94585606885906
7840,129,123.22453331890988,165.68690536911035
7841,129,161.97145006572094,180.94494113064795
7842,129,153.73904406993165,177.69177350584337
7843,129,137.70394172485615,171.35223394518005
7844,129,126.07017450097771,166.7561039450176
7845,129,70.96421685883458,144.98409798965113
7846,129,62.09275477622626,141.48411895565923
7847,129,49.920947867459525,136.66946339337616
7848,129,40.609699702599436,132.9826944271136
7849,129,35.694813946403855,131.0386523392234
7850,129,32.90880546964046,129.93771118463798
7851,129,31.62136016445185,129.42884223682142
7852,129,30.268604006434046,128.8947875760059
7853,129,32.38058261489062,129.72989969861038
7854,129,40.63842013808154,132.99654404959085
7855,129,80.26159822543815,148.6499613880902
7856,129,81.29032415232075,149.09648078405436
7857,129,69.90996742299156,144.98577674899715
7858,129,54.421463809508424,140.03545779048275
7859,129,46.30799026144434,137.99244876154572
7860,129,48.01012303193162,139.1598438639586
7861,129,50.735748414799204,140.02839919414367
7862,129,60.58847980362349,142.96292436898852
7863,129,79.45156324492274,149.107237503008
7864,129,111.42396269824454,160.98318915618515
7865,129,146.05492560665982,174.6547048818209
7866,129,143.65636707443,173.70654295918473
7867,129,134.47955306554547,170.08069007950763
7868,129,125.05021579796575,166.35338921846258
7869,129,79.07103870187966,148.1914153342171
7870,129,69.636423279485,144.46371315218028
7871,129,57.159962238773026,139.52763987319315
7872,129,45.94635221838641,135.0934191972882
7873,129,38.5998471343586,132.1896669635412
7874,129,35.24150683302963,130.86156747972237
7875,129,34.68247364101132,130.64060433738052
7876,129,33.454819286161595,130.15404544395287
7877,129,34.6180189191341,130.6146904263671
7878,129,41.01806786098944,133.14799943796467
7879,129,82.8595833118988,149.67677712449955
7880,129,94.78676045243813,154.42517404716767
7881,129,85.20056547591851,150.95757929709674
7882,129,66.91822084953105,144.86511107117616
7883,129,54.42519636285841,140.86926858417456
7884,129,55.056750430526826,141.47618915074133
7885,129,59.05853305028595,142.76199597402262
7886,129,73.45093004138873,147.5764707947697
7887,129,92.62140985903076,154.04678418139238
7888,129,122.852042817118,165.48320671858428
7889,129,156.4146429104274,178.7500244026216
7890,129,149.3538577016207,175.95768349489626
7891,129,138.42762915426496,171.6387607452056
7892,129,123.44882183572558,165.71812255393735
7893,129,73.21089159204594,145.8773318481675
7894,129,65.03742116134178,142.64340910330318
7895,129,52.56441062149775,137.70797821754093
7896,129,44.32997050635996,134.45050856728167
7897,129,38.39677503504789,132.1049935325421
7898,129,35.08132037442344,130.79444382130694
7899,129,33.29198042284699,130.08898940101543
7900,129,31.957074840596643,129.56044113766524
7901,129,34.35234984577262,130.50960437877168
7902,129,42.25687953711312,133.63580541064954
7903,129,80.92192477352607,148.91012184500218
7904,129,83.738955264109,150.08015340023738
7905,129,68.92581133377396,144.53649178397959
7906,129,48.97316961936321,137.53683116518732
7907,129,36.89359999715212,133.94993037984548
7908,129,36.9895964203973,134.39075945951078
7909,129,40.93035333096486,135.71673393297232
7910,129,50.88635929989269,138.78606111281
7911,129,74.75771380978665,147.17457043679067
7912,129,111.77246076228332,161.12152510338652
7913,129,145.9266423053509,174.6056479102811
7914,129,141.68768016307058,172.9313736520197
7915,129,133.69914350593777,169.77433805633498
7916,129,127.6210846821933,167.3724074145877
7917,129,77.44917225796924,147.55276466899787
7918,129,68.7396591682188,144.1079870125119
7919,129,57.650918347001934,139.72431059572745
7920,129,46.8168738055718,135.4391801932152
7921,129,42.02241227599921,133.5434868183237
7922,129,38.07769666333953,131.98325784598194
7923,129,35.108378105181885,130.81045471486
7924,129,33.88734944623996,130.32730975535557
7925,129,34.54660029364146,130.5882534803922
7926,129,40.760918114107575,133.04892506872523
7927,129,80.42564313834124,148.71589840326172
7928,129,88.287569952623,151.9141846262945
7929,129,75.4551399318089,147.14934760751927
7930,129,61.00560929514868,142.1225031804811
7931,129,52.62461468194544,139.6980208540545
7932,129,51.034563951519544,139.44643929779394
7933,129,50.82889818054918,139.20228922885522
7934,129,61.875321454849136,142.7683011113374
7935,129,83.55774911234141,150.32627794013328
7936,129,114.32072925597755,162.1155526601129
7937,129,145.1479518129072,174.2958613826819
7938,129,138.7835804610636,171.78061881127283
7939,129,127.19203818709562,167.2012239654782
7940,129,116.00187398330142,162.77890231048784
7941,129,70.72304909690229,144.8915118934866
7942,129,65.54609726004715,142.8459753936065
7943,129,57.07905524759929,139.4979731913079
7944,129,48.24484304214902,136.00372275750593
7945,129,42.73904696284572,133.82690622740472
7946,129,38.88027799335491,132.30202896757982
7947,129,38.438619628928535,132.1274763833341
7948,129,37.480184965815624,131.7482801387598
7949,129,37.913692145975844,131.92015366614012
7950,129,42.47465615198201,133.72242488486785
7951,129,52.50098451984347,137.68649449619548
7952,129,62.46519126373036,141.78530753716524
7953,129,57.53792217415843,140.47312060445438
7954,129,44.36341589247854,137.09030569608964
7955,129,31.87757970682227,134.15514380808352
7956,129,31.05745320450413,134.77795573150547
7957,129,30.834162922217654,134.42687805728363
7958,129,37.92301734253066,135.66733316363818
7959,129,52.391732801011734,139.05685767779525
7960,129,72.46891351127438,145.7015746222722
7961,129,82.8655393074695,149.6902199879319
7962,129,77.84604993167017,147.70475872428793
7963,129,73.84791691748627,146.12187095755934
7964,129,71.16603977615335,145.06358024637788
7965,129,61.42101565894875,141.21471190303987
7966,129,56.16547801556766,139.14251160032953
7967,129,48.110599879871664,135.9517459890797
7968,129,42.534501536117396,133.74521006989417
7969,129,37.82343031795507,131.88233022968123
7970,129,34.56895073971571,130.59552491983592
7971,129,31.817790734723754,129.5076097964283
7972,129,31.189113893723572,129.25859362372105
7973,129,31.463665035201302,129.3665612709202
7974,129,33.27218903160569,130.08154414556526
7975,129,40.12379159765565,132.79042704005292
7976,129,54.03945941857583,138.44182391417328
7977,129,55.74747137704953,139.77330954850504
7978,129,48.20739473587921,138.16719343441417
7979,129,40.122307070569285,136.46941306349964
7980,129,37.6894081583908,136.6476633085237
7981,129,42.633090970213196,138.15958851607195
7982,129,53.82723622333539,140.8816185689064
7983,129,65.9024178644653,143.67808844346115
7984,129,81.49779221029638,149.14597865030035
7985,129,99.09209491265545,156.10259695200563
7986,129,97.74869996904138,155.56991434009933
7987,129,88.47699888387322,151.9010919425453
7988,129,83.0000006274782,149.7428291177927
7989,129,76.8551762748334,147.31181983946698
7990,129,65.81308018540423,142.94817560200872
7991,129,51.21712026694623,137.17464587989576
7992,129,42.238871881235,133.62409211916292
7993,129,36.48340889255017,131.34815644133903
7994,129,32.9868759760751,129.96640881092756
7995,129,32.33754682046892,129.70938706801044
7996,129,31.27368440365205,129.2895029547593
7997,129,33.62005051460538,130.2170664578306
7998,129,41.283318377042534,133.2557607971932
7999,129,81.34517193977113,149.07740911180173
8000,129,91.23096115578616,152.9847531560143
8001,129,96.99630355683196,155.50520208457857
8002,129,89.51047960476221,153.4965983997785
8003,129,81.56884693939219,151.31817820391728
8004,129,81.73707003652085,151.70018308752947
8005,129,82.72209570314902,151.84250937601072
8006,129,89.26255778695986,153.8043647227892
8007,129,105.20177028903292,159.03439889122427
8008,129,130.72430615364976,168.60820931510477
8009,129,169.8192395010628,184.04587766107912
8010,129,161.94154413384985,180.93323567641684
8011,129,152.57748486970553,177.2313291179544
8012,129,134.80093632680794,170.20630798805968
8013,129,75.95258589529455,146.95270927273202
8014,129,64.89224720345547,142.58212210178655
8015,129,52.97594303977665,137.8724486536996
8016,129,43.117480957084304,133.97243107985568
8017,129,37.93893412371111,131.92649157603162
8018,129,35.379860177510935,130.91447521379015
8019,129,33.404485480458625,130.13337825594297
8020,129,32.79564128458324,129.8942971289649
8021,129,33.501035698946424,130.1732878954546
8022,129,41.771165847163665,133.44436232347485
8023,129,81.72068176339357,149.2259630135394
8024,129,86.83254901393798,151.28539916145056
8025,129,72.09584692771759,145.69119157456117
8026,129,55.0171240059687,139.88231048667407
8027,129,42.8018925840381,136.13610839864296
8028,129,43.11074077029373,136.732549100798
8029,129,45.589362830551224,137.52780260014026
8030,129,57.64565436190847,141.42707269736258
8031,129,80.54971074502505,149.30620564817374
8032,129,117.25755452551712,163.27278495199195
8033,129,151.86012588828177,176.94835276005674
8034,129,148.49872988898477,175.61992328564097
8035,129,134.39862839232524,170.04827490837957
8036,129,123.02287139620208,165.55223023821256
8037,129,77.2848660513917,147.48252474749924
8038,129,67.68514697346804,143.68988131843585
8039,129,55.35643486365139,138.8152609700069
8040,129,45.95202824278282,135.09687769367255
8041,129,39.59588655303273,132.58372917273383
8042,129,36.714280149035744,131.4430851913842
8043,129,35.423744230147165,130.93265032220953
8044,129,32.49127797054548,129.77251664989421
8045,129,35.20720084087894,130.8467293156179
8046,129,42.8199967835012,133.86129016753353
8047,129,84.12677286583927,150.17747891176808
8048,129,96.60051960358052,155.10886825768438
8049,129,85.64010429364217,151.01869418801937
8050,129,72.34492007424178,146.64537962457393
8051,129,58.31354640412913,141.96432708739476
8052,129,60.84570557144089,143.30320786664015
8053,129,64.22170086844778,144.35636504701287
8054,129,76.43877792933691,148.3970348587437
8055,129,96.22393388901206,155.26858718332036
8056,129,132.98727109746915,169.48926754967658
8057,129,168.99163104647,183.71976782498993
8058,129,154.8357223650835,178.12275650910425
8059,129,144.9112067752063,174.20015115429447
8060,129,134.57134092317455,170.11320249638416
8061,129,80.06745864050245,148.58147418774408
8062,129,69.55782630049157,144.4294586688136
8063,129,58.92786201509751,140.22064787771222
8064,129,48.749481085298775,136.19637081828958
8065,129,42.412157173271595,133.6907211034421
8066,129,40.63443181814848,132.9875677256939
8067,129,38.381154672077926,132.09779840668514
8068,129,36.78679451940744,131.46711782985665
8069,129,39.33547604887173,132.47479827620396
8070,129,47.20616022128935,135.58858579225347
8071,129,94.24452231084454,154.1737407945852
8072,129,100.99727186548736,156.8909418077077
8073,129,89.04310255756974,152.31638309062714
8074,129,68.44960946990244,144.85768472586898
8075,129,55.12209969415865,140.71280344872318
8076,129,55.472357952851105,141.25167203931522
8077,129,58.49330949316118,142.23153888500607
8078,129,69.28185480621329,145.7125596860214
8079,129,90.80216525505179,153.30276423021147
8080,129,129.04564296016375,167.9307275923904
8081,129,162.22000911672723,181.04199959716763
8082,129,161.64782717887354,180.81631703132817
8083,129,151.7683375768573,176.91180790345484
8084,129,145.74980850308015,174.53236957618955
8085,129,87.20026323983618,151.4008056966563
8086,129,78.34989744880794,147.90286505003783
8087,129,63.464770564434865,142.01970126024932
8088,129,53.92787983944806,138.24432897281844
8089,129,46.49516858072649,135.30616502763235
8090,129,42.58086958210291,133.75776808541445
8091,129,39.553185661451174,132.56100109761977
8092,129,38.99788961709271,132.34116224820954
8093,129,40.78301583928264,133.04744672353502
8094,129,48.902913307867394,136.2597388369837
8095,129,94.90746348278836,154.43703390445785
8096,129,101.1116113170918,156.92865113675566
8097,129,96.70556520787603,155.3175693534412
8098,129,83.31730802883807,150.5946955614637
8099,129,72.1513326501233,146.9919586513001
8100,129,72.27462938306698,147.41195411139773
8101,129,70.46388513504378,146.56029490361448
8102,129,77.21634919569851,148.50652071532744
8103,129,100.80379013158522,156.96644787142608
8104,129,131.48379629161224,168.89653325619898
8105,129,159.33992801058602,179.903178255426
8106,129,150.02057787783295,176.21953284681211
8107,129,138.71363089603832,171.75169148779165
8108,129,132.16011391940464,169.16250022423657
8109,129,81.30088724572678,149.0663025013915
8110,129,70.1500966033492,144.66335850634346
8111,129,61.457792425272174,141.2244762066161
8112,129,53.17439477993058,137.94772197975482
8113,129,45.74273993095502,135.01070373728632
8114,129,41.159354885295656,133.19918618486122
8115,129,39.09691556066531,132.384463713138
8116,129,40.24370452045243,132.83733236290624
8117,129,41.013696133146595,133.14168132509377
8118,129,42.05439578818486,133.5529730887002
8119,129,52.451473170373575,137.6624110748259
8120,129,63.31265447091397,142.1069421996411
8121,129,65.64437408219081,143.31137126125296
8122,129,55.096722163838955,140.56087214679434
8123,129,45.803491152508784,138.7354021823703
8124,129,43.89435363504452,138.91328845637133
8125,129,48.13437532744193,140.38986368298796
8126,129,56.20825559373132,142.20501894733727
8127,129,71.13765221435457,146.02482043618295
8128,129,87.42084752093353,151.52710064819092
8129,129,107.20946773763033,159.31200264550995
8130,129,101.41188538824329,157.01994787020743
8131,129,89.69206074482678,152.38671893250077
8132,129,80.97257105713513,148.93760874575588
8133,129,76.9743972883813,147.36017709520294
8134,129,67.68894047858088,143.69446689755873
8135,129,58.86366511544432,140.20095527549455
8136,129,51.55099016177545,137.308658383629
8137,129,45.75584239196454,135.01666847570135
8138,129,41.151265009432414,133.19586159983464
8139,129,38.94477156116039,132.32401122315795
8140,129,38.506105953567975,132.15004865731743
8141,129,38.95839127146274,132.32921712225638
8142,129,41.325970008767825,133.2655048607048
8143,129,48.01248186400814,135.91010678225558
8144,129,59.8736654691936,140.7399503918229
8145,129,62.604964064793265,142.2238677365702
8146,129,55.35929259039568,140.24811996683232
8147,129,47.279838035267545,138.42364930707515
8148,129,45.005380010635314,138.68935104713245
8149,129,49.51938416465455,140.11591559015307
8150,129,58.5232878492896,142.12824512194615
8151,129,69.8133353760398,144.90662037426748
8152,129,80.3650635723729,148.69742752915812
8153,129,94.88442072239607,154.43869979760922
8154,129,91.59846237729673,153.14068589061114
8155,129,83.57644383930774,149.96850697903318
8156,129,80.40096276705253,148.71575896927106
8157,129,77.40825512361423,147.5292307029786
8158,129,64.99462726848374,142.62761734945258
8159,129,52.42713765353715,137.65480370511756
8160,129,43.26770066349427,134.03033961110754
8161,129,37.14873960396958,131.61134752862594
8162,129,33.95664405705481,130.34882359677158
8163,129,32.6534712212724,129.8353201146967
8164,129,33.22407164483356,130.05991947126898
8165,129,35.65339002661504,131.0204418219314
8166,129,45.41662590241031,134.88697241847606
8167,129,91.27756215669599,153.00280289314526
8168,129,101.09442432916322,156.88237916297277
8169,129,94.14802636227395,154.32469870823425
8170,129,81.23459007616721,149.9247909669686
8171,129,71.68942844214182,147.06394479066304
8172,129,69.89944774541149,146.68379997281
8173,129,70.0597206913734,146.53284462804174
8174,129,74.39160371934535,147.69284570004535
8175,129,92.62876525134561,153.91374727770815
8176,129,121.20015515372278,164.8327096611195
8177,129,161.83685555639477,180.88980125547084
8178,129,159.979280235205,180.15601686529567
8179,129,146.51870241656925,174.83656083035638
8180,129,134.11858369749623,169.93504546349268
8181,129,82.30316671434204,149.46205604380748
8182,129,71.17835697743446,145.0670828119403
8183,129,58.32119998806712,139.98477947660604
8184,129,48.144635775972695,135.9591425539953
8185,129,40.29069337197274,132.85568623237265
8186,129,37.41182797356251,131.71729073688547
8187,129,34.993046448797884,130.76266939860898
8188,129,35.019724240546594,130.7739960582707
8189,129,36.53233361889036,131.37049098376758
8190,129,45.690213438482736,134.9922380807737
8191,129,89.72292428932454,152.38817728421338
8192,129,96.42208552362133,155.04627858310488
8193,129,83.04320746487335,149.93664065272267
8194,129,63.94808382482266,143.15678967582434
8195,129,50.25731658865528,138.79077395588354
8196,129,48.71297221910753,138.67216926214812
8197,129,52.686168706464976,140.08893437470695
8198,129,66.05204555204665,144.56038954610145
8199,129,87.42478202434896,151.8982439674775
8200,129,114.08178847108672,162.01720944585853
8201,129,145.48414134641965,174.42767458853626
8202,129,141.89490345838095,173.00942633408832
8203,129,130.33974495464167,168.4428432015063
8204,129,120.3009739315222,164.47561462845462
8205,129,71.47510443877943,145.18639595791353
8206,129,65.05231014646083,142.64797291080987
8207,129,54.19524564133679,138.35469570959148
8208,129,47.478404354822075,135.69924309223808
8209,129,42.23938028155641,133.6262941947326
8210,129,38.82505992564397,132.2760707447802
8211,129,37.068941402110426,131.5816417018151
8212,129,35.09170922510485,130.799202683743
8213,129,38.305859259903706,132.07008855404695
8214,129,47.420303073941824,135.6784655409666
8215,129,93.4290320369221,153.85245692097394
8216,129,106.03803121477955,158.83776635007723
8217,129,94.99405424558071,154.62763128524298
8218,129,76.67298117384152,148.13155667521136
8219,129,60.47836304222343,142.57259340131588
8220,129,61.286032935426704,143.25225275686464
8221,129,62.539159976394004,143.49340227165553
8222,129,72.52414757745832,146.69751617503312
8223,129,91.55290705480157,153.3478831144691
8224,129,125.17438840570682,166.40199654768404
8225,129,160.61094079357684,180.40552608066974
8226,129,152.55205364579183,177.21969602095416
8227,129,140.21138426577963,172.34428502047007
8228,129,130.66829688146038,168.57004296792135
8229,129,78.23956810807405,147.8563365271591
8230,129,70.88789911978604,144.95374500332747
8231,129,54.33767699459143,138.40852888219325
8232,129,45.3114024253727,134.83803289955696
8233,129,39.057095632950364,132.36481645544757
8234,129,36.50295564268484,131.35510905531544
8235,129,36.60180216719303,131.3937914816488
8236,129,36.35701848603064,131.29631095997462
8237,129,38.04428749723991,131.96223943797918
8238,129,44.50032753232003,134.51774519233084
8239,129,87.68859170771074,151.58212834872708
8240,129,95.65728697691453,154.7331109109913
8241,129,91.87309191535145,153.4234542373429
8242,129,72.99480334414693,146.4439637050384
8243,129,60.31494289167823,142.54271642248108
8244,129,58.705256648217066,142.33770668455452
8245,129,58.90992762234869,142.22938748267055
8246,129,68.13898901364732,145.1316866323387
8247,129,87.10852461136884,151.75541907455425
8248,129,113.57252498728478,161.815507860023
8249,129,143.77813830722738,173.75255917780387
8250,129,145.16759349177255,174.29995325211053
8251,129,138.37399080620068,171.614520113843
8252,129,127.49997773705284,167.31706769894154
8253,129,80.11825469714677,148.60076338890912
8254,129,68.1018877696177,143.8536058287281
8255,129,56.10169336679505,139.10693019001044
8256,129,46.01282207119874,135.11474983076306
8257,129,39.159370363514874,132.4052761081396
8258,129,34.35113736766615,130.50475330751084
8259,129,33.80382165436359,130.28881983537008
8260,129,34.583421745352105,130.59523224790476
8261,129,34.76279120077476,130.666705153877
8262,129,42.36619579905772,133.67332884331364
8263,129,86.09321828637279,150.95222865995888
8264,129,97.12585588913514,155.31366798361978
8265,129,97.87128542123848,155.71373436820863
8266,129,84.3920874598349,150.83294273518263
8267,129,76.33064268540022,148.4366160923395
8268,129,76.44704939501254,148.8829823886356
8269,129,73.25719238385038,147.51545014630523
8270,129,79.03512431869494,149.11200391799238
8271,129,100.72801246163282,156.88576110746436
8272,129,124.29152036451724,166.05464441415734
8273,129,153.61078062318776,177.63968375335145
8274,129,148.7522756537165,175.719117705635
8275,129,131.92473819891728,169.06746910536663
8276,129,123.81179801021591,165.86151591710632
8277,129,75.5387931148133,146.78879683337922
8278,129,68.88859259489865,144.16920260835963
8279,129,59.19722788615966,140.33351093190947
8280,129,51.312865526692896,137.21084966194113
8281,129,45.16803409950819,134.7826118728558
8282,129,40.90586510919268,133.0988739767074
8283,129,37.663648022436405,131.81632831978462
8284,129,35.69096945409839,131.03721207302354
8285,129,36.15078674834653,131.21858550239006
8286,129,39.54434050553872,132.5598709337508
8287,129,49.280941902447246,136.40882467771505
8288,129,61.513296530869326,141.247455002635
8289,129,64.58470968380377,142.62584272942684
8290,129,54.83077642489614,140.0196876673973
8291,129,49.894277647244465,139.86950000271844
8292,129,47.701357796208974,139.99737341274925
8293,129,51.09100520953171,141.22006621831886
8294,129,59.74273948920293,143.3597807287442
8295,129,75.57476696656732,147.61321988736083
8296,129,88.76017297148043,152.02938041405756
8297,129,103.08148961433096,157.67280356252914
8298,129,101.41748266598053,157.0145663641051
8299,129,93.1438514879122,153.74598621179265
8300,129,83.68517029791005,150.0061208387399
8301,129,77.86663191143535,147.7059903863603
8302,129,71.01053410696527,144.99628126517425
8303,129,62.32370784248983,141.56370837448182
8304,129,51.2958448000591,137.20535935505026
8305,129,44.920304482082535,134.683432723301
8306,129,38.71269320432338,132.22845319501207
8307,129,38.40834428637889,132.10817757324207
8308,129,34.60250620686772,130.6042145507354
8309,129,36.36540907218417,131.30155300466546
8310,129,39.70505867338178,132.62148848700477
8311,129,45.12919346175406,134.76698467365642
8312,129,57.3875265165078,139.6151007121529
8313,129,59.29128503809477,140.64201179619144
8314,129,53.83265792883431,139.17705303009123
8315,129,47.92215734724095,138.15080340812793
8316,129,46.11264231333573,138.68131624269608
8317,129,47.84009569572569,139.1079887383045
8318,129,55.35882175086788,140.63689891605156
8319,129,62.94573906820892,142.13265119624714
8320,129,77.15695706649986,147.43373920810149
8321,129,97.15628569318227,155.33420063904384
8322,129,96.46231164236416,155.05964096694092
8323,129,90.95842199735601,152.88622998836334
8324,129,84.80916340562158,150.45545937388167
8325,129,76.37153042520556,147.1219128288822
8326,129,66.96536931007262,143.40739035396933
8327,129,52.247036055500494,137.58513104319334
8328,129,43.630023007003935,134.17351516358582
8329,129,38.850897443208275,132.28463385941464
8330,129,36.26353223569431,131.26220122805978
8331,129,35.04104556598263,130.77981567359205
8332,129,34.87069352713913,130.71098749455172
8333,129,34.928033237068654,130.73497859609992
8334,129,42.507623428428104,133.73315662119126
8335,129,83.90479531744049,150.08922291596878
8336,129,95.01823075584159,154.48189176057278
8337,129,90.31163175679062,152.7489598757803
8338,129,77.20045409085242,148.1284561443487
8339,129,67.50465923138061,145.1862906270623
8340,129,64.8069059099356,144.4858007034633
8341,129,62.965270344935625,143.59477192792355
8342,129,71.14438063080912,146.32606145419717
8343,129,91.18032933904846,153.29719000073817
8344,129,129.12647878492163,167.9649719920129
8345,129,166.29055076043434,182.65110614036317
8346,129,161.36092331438215,180.70184030590252
8347,129,157.5958117267693,179.21397957065625
8348,129,143.21251215226138,173.5294377035773
8349,129,84.02522231528648,150.1459707302187
8350,129,72.76370149860017,145.69545668849773
8351,129,58.5573105807814,140.08005460413995
8352,129,48.64654452434677,136.15727853107285
8353,129,41.737383433085625,133.42717671649072
8354,129,38.99537677524642,132.34230511706747
8355,129,36.21905344205271,131.24614998640024
8356,129,35.350257484209095,130.90332660539673
8357,129,38.242916765245646,132.04583036252595
8358,129,47.41310351402528,135.67320927083736
8359,129,94.11699122754251,154.1242453282007
8360,129,104.24952061867418,158.1300202865379
8361,129,93.71512600298064,154.0766836239955
8362,129,74.81860394289316,147.26358065766308
8363,129,64.50156327452886,144.2126328490529
8364,129,65.91666063438447,145.30656449359333
8365,129,69.32191126275576,146.55778428294772
8366,129,79.99929884581127,150.01889732573304
8367,129,101.32519152353758,157.37105295019495
8368,129,126.26380783198665,166.83097182962115
8369,129,153.04347100368034,177.4154889186909
8370,129,145.10365350618255,174.27691847023783
8371,129,143.01733920667948,173.45222688531385
8372,129,138.12263365811077,171.51840681176748
8373,129,80.37052658310499,148.70013861782834
8374,129,70.04639193931035,144.6229955382357
8375,129,59.7617754574958,140.5543520380887
8376,129,47.443382070138775,135.68309142538166
8377,129,41.36069023585159,133.27675326636006
8378,129,38.92183691434647,132.31266101890495
8379,129,37.79347710750025,131.86515381872817
8380,129,36.1866780509485,131.23049333295666
8381,129,38.09110860521652,131.98355714618756
8382,129,46.57864161773231,135.34149613567476
8383,129,93.12320705411838,153.73034193672035
8384,129,102.94513055331483,157.6130006427592
8385,129,97.48223071064595,155.51618947810263
8386,129,79.05937756876035,148.89333035469704
8387,129,66.87857203466831,144.90741454960542
8388,129,67.11811989202754,145.40341404127142
8389,129,66.7714257690702,145.07112010270637
8390,129,72.85901926269825,146.7921397813625
8391,129,90.81178279211846,153.0408562129359
8392,129,117.03544963199717,163.1844040132791
8393,129,152.58494941317736,177.2349243569613
8394,129,140.4769033848048,172.44935230885392
8395,129,128.15889407858495,167.58235529995542
8396,129,118.51452461806814,163.7678066993447
8397,129,75.06866335228555,146.60565363394207
8398,129,63.29362878653125,141.9534041724001
8399,129,55.658789403016826,138.934352291442
8400,129,45.86840155408696,135.05802838276873
8401,129,39.788383956101896,132.65382902706497
8402,129,35.53850443418155,130.97472434382078
8403,129,32.743311307794784,129.86994401970088
8404,129,31.820519971807418,129.50483046967116
8405,129,34.94263284356704,130.73859017620035
8406,129,42.80185824837973,133.84914795292192
8407,129,85.89611757630595,150.8743118608027
8408,129,89.74011851900605,152.39426290434614
8409,129,89.91634285777342,152.63397238144591
8410,129,74.31917354107773,146.8196926605873
8411,129,62.44583103699771,143.20964173950082
8412,129,59.36407800794758,142.46519099827577
8413,129,58.399027778982386,141.95070899867682
8414,129,66.19482498358694,144.3412766585324
8415,129,86.73026712517385,151.61202895714055
8416,129,121.01934417663367,164.75816534932991
8417,129,148.60872617739435,175.66288151921586
8418,129,141.8568789136206,172.99327749445584
8419,129,130.76130384751426,168.60798339370123
8420,129,119.89922357794495,164.31425452651862
8421,129,75.31579520826969,146.7006305929097
8422,129,66.24015228756781,143.11583528478647
8423,129,55.44213825665567,138.84298050078607
8424,129,48.38045510184184,136.05141130877732
8425,129,42.12227266531861,133.5777703575776
8426,129,38.19351465477879,132.0244290581078
8427,129,37.05154001493707,131.57446832748258
8428,129,36.44411955364847,131.33265822582098
8429,129,36.88248012851826,131.50684391910832
8430,129,44.68725182081365,134.59211543746642
8431,129,84.8956532763981,150.4797754023336
8432,129,97.93346331298982,155.63581918349453
8433,129,94.63851665901305,154.5519999892492
8434,129,84.30034197359097,150.65764247281348
8435,129,77.24545833656788,148.64908568893443
8436,129,78.60239656248274,149.6262561965367
8437,129,80.98182475377999,150.51631530082443
8438,129,88.19790522979532,152.73616495980326
8439,129,103.42088748829197,157.97800561099695
8440,129,123.5367356872093,165.753748157132
8441,129,151.39167248492524,176.7632032875469
8442,129,146.68656620359152,174.90245147690604
8443,129,134.39077052792584,170.0420555308897
8444,129,123.8886731094558,165.8909296222785
8445,129,74.09053333033688,146.21688645470184
8446,129,67.5686977626324,143.64476563730116
8447,129,58.3042211988807,139.98599498863047
8448,129,47.54170036846402,135.72294263221087
8449,129,40.7772524230146,133.04868728950945
8450,129,37.455720001092246,131.7359170716594
8451,129,34.4398428067115,130.5435635708556
8452,129,33.654898042544026,130.23351251467815
8453,129,32.554530278298635,129.7984292525533
8454,129,36.76612555391481,131.4628189620535
8455,129,43.88794430188413,134.27758055593205
8456,129,58.25157156294293,139.95793042751654
8457,129,63.14878953627564,142.0090057821974
8458,129,58.09647008730006,141.0076887696585
8459,129,49.323192173228264,139.32937729226563
8460,129,46.36046803458522,139.23018533015795
8461,129,48.196788103153686,139.9630165911141
8462,129,55.50311993729866,141.7016994227823
8463,129,64.86805222674323,143.45517586890406
8464,129,78.70136767692206,148.0789971897046
8465,129,99.87382701181028,156.40446641410946
8466,129,93.8130747188026,154.0121600010192
8467,129,86.23874980551736,151.01966049591906
8468,129,82.42461148363863,149.51146734506742
8469,129,77.4946355000357,147.5605135582835
8470,129,67.08681420438472,143.44760792239404
8471,129,58.9687046430223,140.2396345211369
8472,129,53.96324669765011,138.25997932162954
8473,129,46.54643921692356,135.3241931139321
8474,129,42.10590500985127,133.56883389849642
8475,129,38.39498255416855,132.10216269063636
8476,129,38.31778025362409,132.07127597646652
8477,129,39.736263951369565,132.63114393449757
8478,129,43.74883719144833,134.2184132415544
8479,129,49.683871355241855,136.56525019342456
8480,129,62.856363906465745,141.77439465635152
8481,129,68.3539423188234,144.30356155197103
8482,129,65.5583022283165,143.5392780005803
8483,129,61.555321815968355,143.25919273003748
8484,129,59.50540981071391,143.7820073198265
8485,129,59.865582549284596,143.78394972709697
8486,129,69.60902385319199,146.30949734108046
8487,129,77.35096714884112,147.9220722352342
8488,129,90.73388983491274,152.79776680896808
8489,129,107.96770341157506,159.60547967509865
8490,129,105.17015714871648,158.49829339770875
8491,129,98.24782254665102,155.76224131949522
8492,129,90.29516232755061,152.62294509596975
8493,129,80.86331167175118,148.89670444364577
8494,129,72.70788482941835,145.6707961591218
8495,129,58.36560809523494,140.00086891924744
8496,129,48.353540003590616,136.03994420312108
8497,129,40.151140377654635,132.79830619558243
8498,129,37.2483634864682,131.65258700201332
8499,129,36.20452573052784,131.23887628573223
8500,129,34.752087104425556,130.66384981875294
8501,129,36.4398266923246,131.33320060666165
8502,129,43.79616179309038,134.24236031901356
8503,129,86.3659464696851,151.06104659484072
8504,129,98.00254776929651,155.66063065469018
8505,129,96.03451936340518,154.93080456008502
8506,129,82.28174873926478,150.02115951042495
8507,129,70.98600027663207,146.45204387957315
8508,129,64.09106335954468,144.12972626355452
8509,129,60.79728073477528,142.71074773886988
8510,129,68.73572066804834,145.39342038964577
8511,129,83.93760646255923,150.47389121189707
8512,129,108.61422059206951,159.85729348088208
8513,129,143.13681031363035,173.5003160547107
8514,129,136.8777495718886,171.02511461537398
8515,129,127.11241529891282,167.1667420963225
8516,129,116.03871868657717,162.79017429729222
8517,129,69.84467399242124,144.5435132967152
8518,129,59.425915919065886,140.4235594354022
8519,129,49.16586121489214,136.369955901487
8520,129,43.231145620810295,134.01798931319556
8521,129,37.637389766260156,131.80774042994832
8522,129,34.831609276106384,130.6972866402119
8523,129,31.446173528961307,129.359837705241
8524,129,32.36980854051994,129.72391120205916
8525,129,34.68029272280236,130.63671006165538
8526,129,41.465697539534816,133.32327375312207
8527,129,83.21099319070134,149.81461342147975
8528,129,93.14778060817642,153.74155927256234
8529,129,95.338198578615,154.69891471615225
8530,129,87.87723714761613,152.33444960334404
8531,129,77.19079248659337,149.1414210797854
8532,129,77.20025723321285,149.70542359830256
8533,129,76.98558371079149,149.56278766246834
8534,129,85.64868331688358,152.26402609494764
8535,129,100.83290748497724,157.20766742162976
8536,129,130.94999578547186,168.68506531368914
8537,129,159.86635738948422,180.1123978392594
8538,129,153.1399408401416,177.45334527048314
8539,129,141.19888101873502,172.73450697317125
8540,129,129.2275687202491,168.00390515813066
8541,129,77.05254275248174,147.3901831008752
8542,129,69.19855183217663,144.28907726704742
8543,129,58.26933583784406,139.96760663711572
8544,129,45.97129800904682,135.1022700387124
8545,129,39.351438266345134,132.4837951019403
8546,129,36.7505709689331,131.45606124324559
8547,129,35.10395965989915,130.80296479908267
8548,129,34.2275662454053,130.45754065419655
8549,129,35.143201965361236,130.82000368123826
8550,129,41.77774400506246,133.4434630178363
8551,129,81.53530640147373,149.15126504401914
8552,129,93.91425234821777,154.04366450725166
8553,129,100.13378203204121,156.53572970993466
8554,129,87.84202689566189,152.29849090570926
8555,129,77.99828573333214,149.2407712723696
8556,129,79.92663877700465,150.42374838491025
8557,129,79.30089234198891,150.007509228834
8558,129,83.04734662180356,150.82901220781014
8559,129,100.7080356581852,156.95903219816873
8560,129,129.9557349968221,168.28880184882127
8561,129,160.36780135755214,180.31023356793756
8562,129,152.8208346608318,177.3273237195935
8563,129,142.41001084018308,173.2138010248916
8564,129,124.76487312674553,166.23960479544155
8565,129,74.4141022812383,146.34831586354136
8566,129,68.61669220318772,144.0552196647745
8567,129,56.52985344629194,139.278106778304
8568,129,46.400287323243084,135.26930686255818
8569,129,39.15013497446338,132.40285596826405
8570,129,34.558833887212515,130.5882509561254
8571,129,33.755571701171334,130.27053640780235
8572,129,33.732338323639794,130.26273189662672
8573,129,33.944429905429296,130.34615645462426
8574,129,41.699859582747976,133.41516844191958
8575,129,83.56537871475771,149.95355150451715
8576,129,94.41119798079133,154.24070671392622
8577,129,96.35874299933397,155.07405369373905
8578,129,87.60452803063826,152.0337287868108
8579,129,76.55386529190544,148.75343030546446
8580,129,71.09761146302705,147.07876029392187
8581,129,72.8667072588743,147.66152369108312
8582,129,82.81677764251212,150.91709549221122
8583,129,100.80503417879515,157.18895845096222
8584,129,130.7604730128296,168.60637382178103
8585,129,159.85882381051968,180.1097507030615
8586,129,151.2962266002262,176.72439099091983
8587,129,136.4864049798667,170.8701771804485
8588,129,118.05451117860096,163.58503439123362
8589,129,72.70139308062035,145.66645723623472
8590,129,65.38039883154569,142.7723689953901
8591,129,54.744516390474345,138.56901751023565
8592,129,47.16146180299818,135.57125031232053
8593,129,41.966834444355136,133.5149015810668
8594,129,39.42234450545852,132.50945150303693
8595,129,38.557891872565484,132.16740260887536
8596,129,38.29079826245945,132.06124017471154
8597,129,39.66012126203365,132.6016897626127
8598,129,43.11185155016669,133.96747895667886
8599,129,48.52701796712504,136.1086732553846
8600,129,59.473910117680816,140.43691865962847
8601,129,68.0164740720909,144.01870070016244
8602,129,67.17204735168463,144.29890597380955
8603,129,63.19948012040412,143.99562382595022
8604,129,57.75153348635346,143.16895651122962
8605,129,59.57985505420681,143.73680016465013
8606,129,63.06558825657245,143.7671454943947
8607,129,74.20983690893749,146.67843267863816
8608,129,86.70578077623047,151.2036271454486
8609,129,100.35527428226727,156.59724671268987
8610,129,93.39860873695194,153.84581773720913
8611,129,88.24637525031508,151.80954693884462
8612,129,79.49617851547632,148.35237328587687
8613,129,68.6386943151535,144.0617894626102
8614,129,58.2466884038589,139.95285754425697
8615,129,49.5211339509828,136.50383541165456
8616,129,43.71518740444677,134.2092834808418
8617,129,38.57148034573454,132.1730905748466
8618,129,34.09038376581874,130.40225617995551
8619,129,33.85176964059715,130.30752782822498
8620,129,32.66735123695908,129.83883840382956
8621,129,34.313061137482435,130.48847264085518
8622,129,37.80327050186505,131.86946833825743
8623,129,44.14572400493542,134.37718486438072
8624,129,54.94042389632448,138.64532788464513
8625,129,64.47691712350276,142.61988984129073
8626,129,64.17056825867044,143.11265849460398
8627,129,60.643986455955805,142.9856321272712
8628,129,57.25408571330596,142.9724001863257
8629,129,55.287309054692734,142.04032938215403
8630,129,63.910796298791716,144.10115159035732
8631,129,77.52247650227073,147.98765573509723
8632,129,90.16231430875806,152.56960688152702
8633,129,109.2175924726343,160.09972485049047
8634,129,106.91021835311064,159.18582862798075
8635,129,100.17253250106032,156.52303395237053
8636,129,91.43378454137311,153.07036745187477
8637,129,81.33280285844009,149.07870760457038
8638,129,70.5373061976193,144.81036607506746
8639,129,59.36188516950539,140.39318269267497
8640,129,48.91770612910862,136.26549084089766
8641,129,41.97182239751618,133.51737165175643
8642,129,37.23485787444232,131.6461030060291
8643,129,35.95555907954898,131.14010338869323
8644,129,33.460653372219376,130.15292134819998
8645,129,34.30757851483404,130.4872730765624
8646,129,36.05380109709961,131.17911064634941
8647,129,42.58633582881253,133.76172921667197
8648,129,56.09214138541552,139.09976252507198
8649,129,67.6926427344579,143.73934730011044
8650,129,67.32704898671332,144.48190724424327
8651,129,65.92566900855897,145.15936904127668
8652,129,60.56915587088988,144.36303191899168
8653,129,58.49732916759258,143.37445482270772
8654,129,61.35881867867019,143.1365534353226
8655,129,71.428070289736,145.5762242009769
8656,129,83.83913569122055,150.06798517928362
8657,129,95.96177722125971,154.86159244392894
8658,129,94.22707487643359,154.17326904995394
8659,129,88.58519412620393,151.94344333024577
8660,129,78.62665550323264,148.00601145456596
8661,129,70.59350454365666,144.83087839249828
8662,129,63.00623017447267,141.8315868182867
8663,129,55.82813037527855,138.99475874664907
8664,129,46.69493279892157,135.3871633125221
8665,129,41.056347459830306,133.15860415827117
8666,129,36.29571218660408,131.2774786767535
8667,129,35.48371540378821,130.95672585499224
8668,129,34.619823610157155,130.6154833988504
8669,129,37.668725982815715,131.8204639491252
8670,129,41.433356188639344,133.30720993888696
8671,129,78.51837901583426,147.95896108511496
8672,129,94.66988576645133,154.34375902364866
8673,129,101.98443948607125,157.3807624261311
8674,129,83.66134349994961,150.59487364657616
8675,129,75.17744675676272,148.1553568169094
8676,129,76.4407727034137,149.06197063221808
8677,129,81.01898041046725,150.75035043439155
8678,129,90.83262879302208,154.16552983356732
8679,129,112.5237891130398,161.80164451782804
8680,129,141.0352912306077,172.67600038351222
8681,129,159.68105573638448,180.04226077907185
8682,129,145.52780152475341,174.44603497901306
8683,129,134.00658711600022,169.89414365698946
8684,129,130.8233678777892,168.63636336008267
8685,129,80.68593992172339,148.82895159826626
8686,129,69.59771717754899,144.44460208911147
8687,129,57.69838763501643,139.74359055542507
8688,129,49.91990131770293,136.663794505871
8689,129,42.508845505284555,133.73261175432344
8690,129,39.66771677703999,132.60742566028583
8691,129,37.504526086636,131.7547324987121
8692,129,36.68856143107191,131.42898120796542
8693,129,39.10342877379894,132.3836283837156
8694,129,45.53149726775298,134.93375481716595
8695,129,82.06807147124466,149.36598438005237
8696,129,100.88391661082815,156.7990283564168
8697,129,106.80593916011475,159.4080495762707
8698,129,94.8226852853559,155.15223383640722
8699,129,83.66735786953089,151.7925393928335
8700,129,90.3998733393087,155.00223546867224
8701,129,89.52131916882666,154.570843937408
8702,129,103.50959112546144,159.34979233070533
8703,129,123.54841441094855,166.19466002674955
8704,129,156.534625256486,178.80225357763862
8705,129,182.2437570347946,19.620348976617255
8706,129,167.52557793770708,183.13952860915566
8707,129,147.80259826675714,175.34558618810559
8708,129,133.45701435535273,169.67661820429205
8709,129,75.07108954117007,146.60509038317332
8710,129,70.35654979966881,144.73799687898673
8711,129,57.90943088236799,139.82255977186676
8712,129,47.12791767606788,135.55720042036197
8713,129,38.90125318044728,132.30328018145545
8714,129,35.670930931982475,131.02462056137875
8715,129,35.335270959290604,130.89251943214958
8716,129,34.23286594812954,130.45854063502887
8717,129,35.73840207851326,131.05411423183824
8718,129,39.86490859479098,132.6844543503543
8719,129,71.07874860173968,145.01856586980117
8720,129,86.76951669281782,151.2182583709492
8721,129,99.39690079549565,156.21995549115903
8722,129,95.73988909310113,155.45293760587538
8723,129,89.36676948171957,153.7896196160239
8724,129,91.9483149198143,155.23391113600115
8725,129,81.86471274900677,151.06821896910137
8726,129,85.42439077873263,151.80015203341296
8727,129,97.47652966913651,155.69544435714096
8728,129,124.9391948342656,166.30411962355006
8729,129,155.84829185934638,178.51972020668993
8730,129,152.4666069295713,177.18371499245623
8731,129,137.1280139168963,171.1260953756598
8732,129,123.24691191209598,165.63943159694773
8733,129,74.58524572022505,146.4152172525555
8734,129,68.38478446310783,143.95925346017535
8735,129,55.40601079969513,138.82877060097155
8736,129,43.61885386110256,134.16940368282434
8737,129,35.58457523084617,130.99307464146682
8738,129,33.136088434437234,130.0248038693102
8739,129,31.419216548347713,129.34621932938936
8740,129,30.24888347136831,128.8844490519045
8741,129,31.111512264812955,129.22345608175033
8742,129,35.499927960595606,130.96037317835834
8743,129,67.50960930346419,143.60520769733574
8744,129,81.09810858004815,148.97630866371048
8745,129,87.63062119584265,151.68855930693096
8746,129,75.69387875330922,147.37030896266845
8747,129,59.82798247539094,142.22634346711843
8748,129,58.853435257637614,142.30897035478503
8749,129,60.72249843696819,142.9102682902543
8750,129,70.52588707433897,146.08104243505343
8751,129,89.23734405211698,152.6218921374162
8752,129,120.69378968455396,164.62641871987248
8753,129,149.23588704714373,175.90785650749285
8754,129,142.8220761245575,173.37240271683768
8755,129,127.87689558075718,167.464068729028
8756,129,115.83012995982239,162.70438346675772
8757,129,72.57199901762415,145.6151389623214
8758,129,67.37306232184996,143.56175411140921
8759,129,57.268578434501165,139.56933286792108
